{"type":"FeatureCollection","features":[{"type":"Feature","properties":{"region":1},"geometry":{"type":"Polygon","coordinates":[[[51.3643565057933,35.800159622076855],[51.364994272723386,35.800157681699986],[51.365677001462686,35.800155600779505],[51.366359730131926,35.800153515982245],[51.36704351446786,35.800230315675975],[51.367741249153184,35.80033186317942],[51.3684549369765,35.80044237377145],[51.369079457060074,35.800566678981134],[51.36980703566824,35.800688408985614],[51.37052079243012,35.80081243134866],[51.37113126549246,35.80103820132418],[51.37171252422775,35.80137676102583],[51.37232369070257,35.801749035661246],[51.37280135751961,35.80212172242358],[51.373279134573075,35.80251694735232],[51.3738170451542,35.80290071260497],[51.374383057328835,35.80322803654488],[51.37483195464582,35.803657156042284],[51.37507339336678,35.80424696024811],[51.37506281151243,35.804790217832874],[51.374889408538664,35.80542640048663],[51.374715301958815,35.80591381819683],[51.374512030734316,35.806525299102745],[51.374383797699906,35.80720642057499],[51.37440333975546,35.80783072927689],[51.3747039531214,35.80835047362893],[51.37516783426228,35.80886970624899],[51.37563098683979,35.80923341042816],[51.37627138221485,35.809479346353235],[51.37667519765744,35.80987478928589],[51.37697557716054,35.81034043146355],[51.3772909053229,35.81089393338571],[51.3775325306335,35.81136877516557],[51.37758083412306,35.811925371033794],[51.377407158124036,35.81250295236574],[51.377143591834205,35.812945573877194],[51.376686148675866,35.813354993665854],[51.37599053695511,35.81358258184838],[51.37523421004227,35.81369990814969],[51.374537156037775,35.81376970964407],[51.37382615501229,35.81396352280419],[51.373218979686456,35.814168278692186],[51.37273123159087,35.81446507579744],[51.3727054652015,35.815019649724896],[51.37285787976255,35.81550604821081],[51.373129090512116,35.81609576247304],[51.37334090413461,35.81655943491009],[51.373582159947375,35.817104160559076],[51.37379456181646,35.81769180239622],[51.373932787517035,35.818248118714195],[51.37407020662979,35.8187796429136],[51.37411943739921,35.81939033356268],[51.374093424811264,35.81989081117281],[51.373874256341296,35.82036709706512],[51.37338689650311,35.820754056918396],[51.372899843170885,35.821059868483104],[51.372323113009344,35.82142456168448],[51.37186628858972,35.82183396084447],[51.3713941847532,35.82223213542203],[51.37092197101512,35.82260776810235],[51.370450120518626,35.82306228908582],[51.3700970655556,35.82347136063582],[51.369684973083686,35.82398204492289],[51.3693620298116,35.824469912652965],[51.369098955480354,35.82503648636804],[51.368806239012315,35.82562794509512],[51.36857264934062,35.826138075924696],[51.3682940799088,35.826648344518794],[51.368002033156536,35.82723754506895],[51.36802036986943,35.82776042497449],[51.36829174663073,35.82823519263459],[51.368799727588645,35.82869796148068],[51.36938091729127,35.82898017969605],[51.37003562742367,35.82914946633052],[51.37064477326667,35.82919266439555],[51.37135654970002,35.82913410980234],[51.37196511579252,35.82905333107233],[51.3722430835297,35.82856559643246],[51.372491562842555,35.82798779139244],[51.372754823419164,35.82746403665727],[51.37304810962756,35.82699879275801],[51.37356542180073,35.826645551726145],[51.37423225159407,35.82645187813704],[51.37498796635879,35.826325543807606],[51.375643837632765,35.8265962279436],[51.375988549400816,35.82705947811987],[51.37609625438495,35.82759334640189],[51.37615971789271,35.82813636955554],[51.37617873632007,35.82864572163779],[51.37618307581016,35.829270075495046],[51.37627624301836,35.82980173501016],[51.37630984767408,35.83032231129391],[51.376344582470836,35.83093529934562],[51.376274389347486,35.83145620148565],[51.37632248401003,35.831967715987936],[51.376459783332955,35.83246542601265],[51.37673133334124,35.83296271383648],[51.37698788714343,35.83350738285756],[51.37730277333058,35.833948182130634],[51.37773701144852,35.83445622531961],[51.378082408136954,35.83490819643284],[51.3784273421866,35.83540750263338],[51.37908061465058,35.835405437747006],[51.37947849553926,35.834962388173444],[51.379890850509696,35.834508021217985],[51.38031746336223,35.8339972567768],[51.38055196211624,35.83354345185316],[51.38075545912811,35.83297478930642],[51.38112292466409,35.83254310097248],[51.38150523140761,35.83203247310648],[51.381798645352696,35.8316010183907],[51.38224056268546,35.831112738526095],[51.3827425823312,35.83074823688695],[51.3832900219373,35.83047600323618],[51.38395582998473,35.830212404037155],[51.38456411825632,35.830075211600075],[51.385215561986186,35.82984771605125],[51.38571788818869,35.829550821982345],[51.386160317730756,35.829175227661224],[51.386587663574396,35.82868697868623],[51.38691073729332,35.82824414552154],[51.38721933120191,35.82781262842031],[51.38752701002661,35.82733603278729],[51.387686442767055,35.82682610547387],[51.38777183524711,35.826316417494695],[51.387722374232034,35.82568093982623],[51.38771823067422,35.82511519054862],[51.387758469751375,35.82456958394609],[51.387723606460334,35.82394758307169],[51.387704174881264,35.82336835887471],[51.38789307622245,35.82280198476018],[51.38823139621368,35.82237036854057],[51.388733785450356,35.822098255861796],[51.38940025260924,35.82184589443939],[51.3900658134855,35.82155070559237],[51.3905678479687,35.82120871128643],[51.39117541953946,35.82108275793853],[51.39197863536502,35.82120410580175],[51.39254429542279,35.82141864199413],[51.393227705692944,35.82151783344249],[51.3940152154559,35.82154004163],[51.39468318280489,35.82159419484829],[51.395338912729564,35.82183096157453],[51.39546114654981,35.822339970292944],[51.395747489362655,35.822873231485325],[51.396446643916356,35.823073784134515],[51.39686613183189,35.823525456861],[51.397373864185305,35.823911468552176],[51.39785195008079,35.824317862775814],[51.39840334325517,35.824577499202285],[51.39907203075173,35.82463162552101],[51.39975594160497,35.82468569734433],[51.40040814876973,35.82462716949837],[51.4011203253846,35.824523356765724],[51.40190636553443,35.82438548166423],[51.40272146385343,35.82424750379996],[51.40341818279925,35.824098648724814],[51.40404380045376,35.82439181989965],[51.40447735266402,35.82474198689648],[51.404911023490044,35.8251146922285],[51.4055664078552,35.825407754827395],[51.40602423069299,35.825088386224216],[51.40651186053056,35.824780184953866],[51.4071626201264,35.824439871226836],[51.407710151758195,35.82421035276515],[51.40836171199032,35.82402781215456],[51.40898496214058,35.8239918767752],[51.40974186918084,35.82397802170034],[51.410424868048366,35.823989209302816],[51.4111376081523,35.82399803698582],[51.41188027627061,35.824040568106525],[51.41254885070439,35.824072079494535],[51.41321749592049,35.82411711111461],[51.41397562321868,35.82420465664335],[51.414613884301794,35.82426105557816],[51.415268284256655,35.824360221831085],[51.41592292164091,35.82450446433935],[51.416607857639505,35.82475228346135],[51.417291691857855,35.824921211366174],[51.417946100424295,35.82502036296984],[51.41861511239091,35.82513298419938],[51.41934385844686,35.82528821935589],[51.41995360622697,35.82544612105352],[51.42052000279217,35.825649252360975],[51.42107207490704,35.826021483657705],[51.421521351282806,35.82645042466853],[51.42185086565662,35.826868515313585],[51.42221106879298,35.82733157754576],[51.42264526750018,35.82778536165929],[51.423124256603074,35.82820292157659],[51.42369194214667,35.82864270637686],[51.42428988178608,35.82917479659073],[51.424723608642225,35.82953615943602],[51.42518703403884,35.829886145196824],[51.42591817047574,35.830347879702884],[51.42648428772922,35.830618604441575],[51.427109555982994,35.8308214948754],[51.42780819032313,35.83089789460852],[51.42838577669691,35.83072677973706],[51.4289333500373,35.83050843488022],[51.429285523511076,35.82998649350797],[51.429623465563125,35.82952095281133],[51.42999146303082,35.82911165407451],[51.43052212912932,35.82871304025643],[51.43112889805387,35.82844037607418],[51.43182535396039,35.82824627683286],[51.4325665086895,35.82812864928665],[51.4333232773715,35.828083089681705],[51.43388889888401,35.828261366200415],[51.434396642262286,35.8286111560033],[51.4349345145318,35.82902845519031],[51.43541326641566,35.829389615945665],[51.435936061825764,35.82983175963466],[51.43640015640816,35.830294400956205],[51.43683525513601,35.83076841623554],[51.43729949680569,35.831255847747556],[51.43801286208779,35.83136594478721],[51.438529662939665,35.83096734650357],[51.438807228304945,35.83047946078933],[51.4388771359763,35.82998106465919],[51.4388284672267,35.82943802198593],[51.43867536233669,35.82890437755252],[51.43864135120641,35.82838382135305],[51.43869654059454,35.827851668572755],[51.43889991867312,35.82733925956115],[51.43941695075445,35.826987991068926],[51.439977184112486,35.82656668689836],[51.44043324595479,35.82607814195953],[51.44065151871911,35.82550932442387],[51.44070575110659,35.82493209343804],[51.440776271852435,35.82442242339751],[51.44099384583467,35.82385360767688],[51.44140610391439,35.823455381232165],[51.442027262747445,35.823171338919046],[51.44263463976649,35.82302258610992],[51.44345020442764,35.82285953621895],[51.44405795393985,35.822778395762654],[51.44479999572444,35.822708024255626],[51.44564583516437,35.82263951643941],[51.44629779954017,35.82254693016533],[51.447099404468176,35.82248759289633],[51.447812069430455,35.82248493325664],[51.4484500718314,35.82249381882082],[51.449104637398975,35.82261759449026],[51.44980360192523,35.822761486299406],[51.45050239017032,35.82287381827701],[51.451230600021226,35.82292743068979],[51.45186961824454,35.82299264500491],[51.45264231765442,35.82308214565157],[51.453429471811205,35.823158062484254],[51.45418698775181,35.8231326551101],[51.45488430677757,35.823107471353055],[51.45553761407789,35.823129785383536],[51.45614694957746,35.82320635985013],[51.4568751011416,35.82324866811318],[51.45760225024367,35.82323687909322],[51.45820984458052,35.82313087339541],[51.45885061505098,35.823378620202064],[51.45938838322635,35.82376199995976],[51.459955322519995,35.824043834093445],[51.46064019285701,35.82425759167561],[51.46133972798533,35.82449382919256],[51.46204035202444,35.82479767925556],[51.46260641935183,35.82504569371925],[51.463115615036465,35.825508057787054],[51.46346069633606,35.82594851382774],[51.46377724581626,35.8264792402793],[51.46406399327368,35.827001065075635],[51.464571035940644,35.82732818948416],[51.46519583241145,35.82743846836808],[51.46593896721448,35.82755053822103],[51.4666687941683,35.827752816318956],[51.46727870493689,35.82791949293497],[51.468007846633,35.82812176553489],[51.46882638724732,35.82834622443067],[51.469555257166185,35.82850115412155],[51.47046253528431,35.82863509326662],[51.47135328668436,35.82866540534434],[51.472095089576705,35.82854978570184],[51.47235790931749,35.82806188111232],[51.47232326370263,35.82747146284346],[51.472913426916115,35.82710849255038],[51.473459844766985,35.826720897807945],[51.47376789473107,35.82627789196356],[51.47412009069888,35.82581217050309],[51.47450080568785,35.82525617408229],[51.47494231853759,35.82480136683101],[51.47557918170149,35.82461626653101],[51.47598369838382,35.82503391044051],[51.47644725272397,35.825372427466455],[51.47704278326567,35.82556390601184],[51.47766697168545,35.825687646656384],[51.47833490399329,35.82560609320512],[51.47892638281193,35.8253535354498],[51.47935278424839,35.82492131270813],[51.47958662289003,35.82445604833389],[51.47971584331559,35.823968661779375],[51.48020304200177,35.823637623927624],[51.480795331417625,35.82352254933745],[51.48149313090406,35.823463398895136],[51.482146159965495,35.82343823481373],[51.48275435108313,35.823435787960584],[51.48342309470197,35.823491698623464],[51.48406227899387,35.82357928124889],[51.48468694818689,35.8236691731622],[51.4854153922498,35.823756387775944],[51.486128340180755,35.823798580270825],[51.48681112257255,35.82377327022177],[51.48755071274027,35.82353359290923],[51.48793339802937,35.82309024740018],[51.488136668169226,35.82261382069859],[51.48869820298112,35.82233879654707],[51.4894245601738,35.822200592815264],[51.490078906602115,35.82227906549219],[51.490572050545666,35.822696298006],[51.49115355121021,35.82296665495034],[51.491760971472196,35.822840194288105],[51.49237179669691,35.823040550273035],[51.4925696705625,35.82359648194355],[51.49270892970564,35.82418421041181],[51.49277333757878,35.82475196002732],[51.49277822666067,35.82531770011539],[51.492812589635285,35.82583823854474],[51.49286218967741,35.82636096831947],[51.49289690296733,35.82693785578879],[51.49296131463747,35.82750560501565],[51.49317462268447,35.828093028101144],[51.493387668222546,35.828637625378285],[51.49382268230435,35.82915651409083],[51.49443146781194,35.829131465307],[51.49508342543576,35.829038614524656],[51.49579480904655,35.82882154327357],[51.49644583379497,35.82857992345896],[51.497127115799024,35.82841931951938],[51.49776607169693,35.82846174947465],[51.49844685549477,35.82822224933465],[51.49894874432424,35.82792488520327],[51.499405722009946,35.827528529004155],[51.49989145923672,35.827084716695076],[51.50054231531913,35.826820535194464],[51.501284553804254,35.82678362455969],[51.50182233364568,35.82713300299451],[51.50225646869838,35.82750535333584],[51.50277839356201,35.82775336280547],[51.50341644080127,35.82776195620623],[51.504083599016596,35.8276689928512],[51.50472000066145,35.82741837367736],[51.5052069720161,35.82706469570044],[51.50585782430206,35.826802739519664],[51.5065396457467,35.82673224093127],[51.507385599014725,35.82668358440753],[51.508216804450235,35.826601174095615],[51.50895827270389,35.82655294924098],[51.509730040749034,35.82648205081375],[51.51035598940132,35.826763395505644],[51.51082027730653,35.82719193701196],[51.51132798528361,35.82748505025646],[51.51180608830148,35.82780082788866],[51.512284921017056,35.828229301535394],[51.51258628971459,35.82871488239115],[51.51281392767158,35.82924811217668],[51.51302680481855,35.829745340287815],[51.51324028106193,35.83033498024312],[51.51352644025869,35.83082062360876],[51.513843486906445,35.83137375449745],[51.51446810316506,35.83144095116235],[51.51507613336013,35.83140453090525],[51.515714536902145,35.831356706863765],[51.516336658293206,35.831252599045214],[51.516973488649825,35.83106953391562],[51.51758061986241,35.83089560967627],[51.518203500510936,35.830802759031045],[51.51882796863208,35.83084739348914],[51.51946798473752,35.831047484695524],[51.520121665768485,35.83111452607152],[51.52074491397703,35.83107801114987],[51.52138272003844,35.830939998843995],[51.52202034970724,35.83088087459878],[51.52264396541431,35.83090069871616],[51.523283249726276,35.83098807180121],[51.52396804834719,35.8311563873155],[51.52460794568549,35.83133616542594],[51.52524852296403,35.83151368311551],[51.52587177160507,35.83147714160219],[51.526524700043495,35.831429196467354],[51.52711660400399,35.831257545003794],[51.52742392279711,35.83074678569762],[51.527522581939515,35.83018059308335],[51.52768110731277,35.82966823341182],[51.52789861162364,35.829180408119775],[51.528220224015676,35.82863577345011],[51.52845257075643,35.82809153123983],[51.52865613738728,35.82759024177892],[51.52906798790876,35.82719397226555],[51.529360581227174,35.82676216343128],[51.52922224944048,35.82625111135969],[51.52880291930492,35.825833713146864],[51.52826351636216,35.825360491825094],[51.52777038474579,35.82497722524968],[51.52735028736296,35.82454630107263],[51.52700508546485,35.82413984054993],[51.52682203822772,35.823665046221386],[51.52711532297973,35.82323323956772],[51.527706252946636,35.82292409419075],[51.528297492638906,35.822662278999374],[51.52885858720315,35.822341989263926],[51.529467344864024,35.82190653141664],[51.52931173483707,35.821605179307504],[51.529084234234126,35.82110579017778],[51.528885903123424,35.82051836508105],[51.52885076809867,35.81991669602371],[51.528799361079614,35.81926100208623],[51.52874818250296,35.81853543233201],[51.528742724664205,35.8179223620982],[51.528736050900264,35.81723040633922],[51.528773445887545,35.81650669991005],[51.52879803697553,35.8159385774876],[51.5287918274376,35.81531649421064],[51.52869689887371,35.81467000766246],[51.52852764393384,35.8140824531164],[51.52824007512652,35.813493165310476],[51.52788038912333,35.81308677016399],[51.52726901589191,35.81280545185451],[51.52670229592352,35.81258028498638],[51.52607647713966,35.8123102941097],[51.525405546168805,35.8120179572866],[51.52479420461212,35.811738880158046],[51.524182852461244,35.81145754591003],[51.523601177927304,35.81116480885297],[51.52281174577931,35.81083916421215],[51.52215642820996,35.810603091702454],[51.521589738099635,35.81037790039559],[51.52090401691405,35.8100405219878],[51.520232239751934,35.80961291806161],[51.51960428784413,35.80911524564236],[51.51910866571996,35.80854036034786],[51.518791895863465,35.80802105026703],[51.51853453431975,35.807487958336445],[51.5182330646726,35.80697985066612],[51.51837765117156,35.805151635562375],[51.51822137686546,35.8032867974595],[51.518074788205574,35.8029091096523],[51.517783905965715,35.802505953408456],[51.51749378987044,35.80222020308887],[51.51715580393295,35.801960749523154],[51.51668928680262,35.8016366208657],[51.51628750497169,35.801416576226785],[51.51577346070813,35.801170921821935],[51.515131479562484,35.80095190573493],[51.5145376269239,35.8007457253404],[51.51389565252443,35.80052670258225],[51.51307694476187,35.8002171134503],[51.51232263271915,35.79995942595564],[51.511696683983736,35.799740322937396],[51.51123095576113,35.799533579534476],[51.51065522866649,35.79965344165433],[51.509535796017964,35.79989302163272],[51.50875205571193,35.800039849108245],[51.5080642268132,35.800160174195625],[51.50755196207527,35.800188433747294],[51.50663902775846,35.80016620167626],[51.5057421073381,35.800143895159465],[51.50494110267871,35.80009508713172],[51.50428413741307,35.80003262278515],[51.50367496586402,35.79993081748681],[51.502921263042296,35.79976438727205],[51.502471817368445,35.799596678287884],[51.501864049355234,35.79971663256143],[51.501352195705906,35.79981009181463],[51.50092040801417,35.79990321458596],[51.5004725238319,35.79998335739633],[51.49989685862488,35.80011621337121],[51.4993369595071,35.80020986426294],[51.49866529124886,35.800356159497944],[51.497913552666276,35.80050278336321],[51.49725789283747,35.800649004299586],[51.49666604090117,35.80075582078822],[51.49602630899409,35.80088892350079],[51.49532252021654,35.801022287335144],[51.49466677014808,35.801155448965176],[51.4940589780793,35.80127536393911],[51.4934191566409,35.801395407598264],[51.49293930946869,35.80148869942589],[51.49237947287372,35.80159536327379],[51.491819715351824,35.80171506976403],[51.49129198381597,35.80183464248694],[51.490700034347846,35.801928384476376],[51.49015628577527,35.80204801774268],[51.48929233735825,35.8021820006762],[51.488364650310274,35.80236841921273],[51.48804557083768,35.80256540144379],[51.48643713034545,35.800109582934034],[51.48604906244454,35.799498013877454],[51.4856935841987,35.79897763058976],[51.485337872026996,35.79841811039243],[51.48490138444271,35.79774150538054],[51.4845620139393,35.7972340990079],[51.48420639691927,35.79668762044322],[51.48385078480166,35.796141140739174],[51.483559703427716,35.79567267333079],[51.483220271189836,35.795152217591394],[51.48288092252539,35.79464480608643],[51.48260610192307,35.79421540752944],[51.48239596559737,35.79389011294345],[51.48216973978849,35.793551837044824],[51.48197577708426,35.79325256785392],[51.481765566966054,35.79291422679663],[51.4815555164322,35.792601975897256],[51.48132914016889,35.792237607728396],[51.481086754114344,35.79187330330976],[51.48084421273561,35.79148290779758],[51.4805853471017,35.791040394761815],[51.48039032442859,35.790696119768086],[51.480006422549955,35.79076027538153],[51.47821274116158,35.790704820223326],[51.47736813956286,35.79084385844783],[51.47700941551363,35.79083484893376],[51.47661270077602,35.790899044670574],[51.476087579785975,35.79091156636941],[51.47551147046635,35.790966033831204],[51.47498666007351,35.79103073190562],[51.47448740538736,35.7910848901276],[51.47386005606207,35.791139552349534],[51.473271382169564,35.791235804651734],[51.47258054110506,35.79138463903163],[51.47191537819616,35.791543804914006],[51.47122447009142,35.79168219529399],[51.47050812553766,35.79185199093327],[51.46976597408637,35.79199057392889],[51.469036691047805,35.79213953851635],[51.46831990790633,35.79223626746683],[51.46748820426026,35.792396058984714],[51.46670779693442,35.792566081667964],[51.46594031804362,35.792756922041804],[51.465223952270506,35.79292668632555],[51.46436716338139,35.79318048192954],[51.4636376767243,35.79329810515072],[51.462651931628756,35.79340627615662],[51.461665639119246,35.79342051283294],[51.46114019622081,35.7933807881247],[51.460409375004375,35.7932687942296],[51.45976774185234,35.79307296215885],[51.45911276048095,35.79278324935653],[51.458547090670585,35.79243057262951],[51.45805858349954,35.79212978099886],[51.45764699719486,35.79183913038453],[51.45710713923313,35.79151765776614],[51.4563749048048,35.79115516883528],[51.45571923455795,35.79074020207062],[51.45515365380526,35.79039794530871],[51.45440821227174,35.78996243892193],[51.45386843946087,35.78965138774271],[51.453238650409396,35.789278055307214],[51.45259623612148,35.78893607665847],[51.45210806892705,35.788687441726076],[51.45149145969655,35.78837666933506],[51.45100359489038,35.788180211227115],[51.45014368350726,35.787880782935574],[51.44941210280147,35.7876226137058],[51.44874421807266,35.78730158270877],[51.44801247097609,35.78701209602001],[51.44738366809365,35.7868057129481],[51.44662666421663,35.78657893099094],[51.446100630027985,35.78642434098531],[51.44548482043843,35.78624920911918],[51.444920248054245,35.78607388404068],[51.444304269009535,35.78586743721107],[51.44332907215057,35.78555795036979],[51.442725909649766,35.78535144803752],[51.441969280066246,35.78518725427745],[51.44117440159277,35.78505450595704],[51.44037946799369,35.784911316063116],[51.43982812798651,35.78480897394994],[51.43914882023715,35.78472797091358],[51.43855911525731,35.78463619993722],[51.437917833647724,35.78448199531476],[51.43721222615039,35.78427583919533],[51.43648037636544,35.78395497277771],[51.435966615620536,35.783695928447415],[51.43541374876001,35.7833117856976],[51.43477088832346,35.782865347512356],[51.434243478378626,35.78244979746358],[51.43396637124568,35.782087117523645],[51.433591968651584,35.78165794862288],[51.433263762468535,35.781294886949276],[51.432754382357615,35.78087656514429],[51.432231554541204,35.78049300824057],[51.43160487831983,35.78008728227228],[51.43101419189868,35.779789696216284],[51.43010265066727,35.779385943902255],[51.42880649958254,35.77891050454813],[51.42807529338683,35.77869394936482],[51.427857454121906,35.77867385356746],[51.427567700609856,35.779572427941005],[51.42726222137537,35.77992835831954],[51.42693213101945,35.78047223292931],[51.42657602916968,35.780943143458074],[51.42613088201404,35.781529171044134],[51.42581263675133,35.78189557954724],[51.425420209371936,35.78227100950813],[51.42494570281506,35.78265008372347],[51.4244739720643,35.783058778438324],[51.42414268252487,35.783383482563366],[51.42373470716716,35.78373976628053],[51.423314530129254,35.78421089336983],[51.42277990333086,35.78483897023312],[51.42232189816932,35.78542502882945],[51.42185107764681,35.786011130724546],[51.421508227303164,35.78657590801289],[51.421242114771026,35.787119541746755],[51.42089980716563,35.78778868044855],[51.42063307996863,35.788217513276685],[51.42022027889994,35.78882607633073],[51.41999736400975,35.789117281318504],[51.419218555769326,35.78969964369634],[51.4187168422268,35.790041757311364],[51.418133584493475,35.79033442936961],[51.417507513065736,35.79063926944912],[51.416919755899514,35.79092310005176],[51.41630566597352,35.79107134458347],[51.41540981901135,35.791230998855376],[51.41462909115327,35.791358938950225],[51.41393791907849,35.79146569186096],[51.41331079296057,35.79157222007534],[51.412654830040495,35.79167623513151],[51.41205331970068,35.791782668642234],[51.41138759779691,35.791858009923594],[51.41052978396019,35.791944441819346],[51.40976158201595,35.792020124905406],[51.408749780647376,35.792054887658736],[51.40773765753974,35.79202702392843],[51.406904763416314,35.7919776705925],[51.4060596462976,35.79204315450454],[51.40515281687756,35.79256804751745],[51.404706651654195,35.79299745115947],[51.40435884620847,35.79320413562233],[51.40387650295485,35.79349076616023],[51.403352566769016,35.79374300601419],[51.40262308689327,35.79388113233917],[51.402008208950924,35.79388319543639],[51.40152090400779,35.793780463150775],[51.4011745094894,35.79367725750935],[51.400314459572186,35.79332529059505],[51.39955726248208,35.79304603037853],[51.39890265353918,35.792787297137295],[51.39832522068575,35.792590923032854],[51.39767077585862,35.79236349203961],[51.39702935266717,35.79217776040727],[51.39634945147011,35.791981716021496],[51.39561826317952,35.791775400491304],[51.39514150320062,35.791627361101455],[51.39458267942307,35.79146345186979],[51.39387061146969,35.791254589659175],[51.39347319066625,35.791083573130024],[51.39279764297131,35.79080576587573],[51.39206848182266,35.79037734888764],[51.39176322967489,35.79013063461373],[51.39153718588927,35.789862120741255],[51.38965691539785,35.78978131637321],[51.38930341350557,35.79019044731795],[51.38908538315403,35.790723110270214],[51.388777436450425,35.79125606438502],[51.38854379835265,35.79170988524067],[51.388191534651156,35.79223396521174],[51.38777916893921,35.79263201190337],[51.38720253629104,35.79296071234041],[51.38640148799348,35.7929407562392],[51.38579250208534,35.7928750959901],[51.385094282638036,35.79280746525896],[51.38439629297839,35.79278716472072],[51.38362413349778,35.79273328677306],[51.382762740687866,35.79267743473735],[51.38193163037173,35.7925899233959],[51.381054969832405,35.792522837516],[51.38044604514415,35.79246842020272],[51.37968882792515,35.79235586430597],[51.378915608221746,35.79222306778104],[51.378306355002145,35.79209876517333],[51.37769615524877,35.791920365301586],[51.37693777485802,35.79170636354311],[51.376253031525486,35.79141323420986],[51.375672305511166,35.79117612625479],[51.37506157680471,35.79088275812923],[51.37452571914602,35.7906252177764],[51.373855782926825,35.790388379647815],[51.373186647990806,35.79017407576114],[51.372576579727045,35.790018189855665],[51.37198251616652,35.78988253762718],[51.37197224090018,35.79049567085739],[51.37202021768955,35.79099366678364],[51.37200945792603,35.79150311517334],[51.3718204103349,35.792046927354065],[51.37154166309102,35.7924895850649],[51.37115916406583,35.79293256337939],[51.37073266749663,35.793434281778666],[51.370335047728986,35.793899844667834],[51.36987835890152,35.79430698325303],[51.36940645906281,35.794716421012424],[51.36894876603586,35.79505819175596],[51.36843274602141,35.79550157216609],[51.3679164075705,35.795877329904776],[51.3673989978423,35.796171943001035],[51.36679247071252,35.79649162111201],[51.36617136130156,35.79680007047128],[51.365564192640164,35.79698224747135],[51.364882803030305,35.7971195664236],[51.36428984492326,35.79723407232334],[51.36366709060338,35.79733739547042],[51.36370060772164,35.797860232672555],[51.36366015399839,35.798392310451916],[51.36363496891768,35.79893561208416],[51.36372818022602,35.79950334895024],[51.363776472296436,35.80008023820806],[51.36378433787254,35.80028758656748],[51.3643565057933,35.800159622076855]]]}},{"type":"Feature","properties":{"region":2},"geometry":{"type":"Polygon","coordinates":[[[51.33039292664353,35.82938706574636],[51.33116671096314,35.82958779235742],[51.33189384898013,35.829554223335215],[51.332396373837064,35.829257551022344],[51.33273464509996,35.82873592919934],[51.33298252164986,35.82811087195594],[51.333335220871135,35.827566667878415],[51.333658587167996,35.82712397615469],[51.333995959725975,35.82655727237671],[51.33409579045631,35.82594389552197],[51.334076994291934,35.82542326499745],[51.334162633651545,35.82489107295693],[51.33442594696921,35.8243223203166],[51.334659892898436,35.823846064712924],[51.335058012311045,35.82341443035693],[51.33538120963699,35.822937923639365],[51.33561495544098,35.82241658585633],[51.33581918415103,35.821951681325565],[51.3360684322028,35.821497920339084],[51.33628787784826,35.82103297226675],[51.33650716823379,35.82053195955319],[51.33669642742046,35.81996566362864],[51.336914647773966,35.81937674551093],[51.337059993584695,35.81889848000422],[51.33717485663037,35.81841128391507],[51.33729026668067,35.81789027551949],[51.3374489761023,35.81730152377696],[51.33763854667826,35.81681186264655],[51.33788762477985,35.81632428741904],[51.338092468811666,35.81584810668463],[51.33829657059382,35.81536065745429],[51.33854451632583,35.814771652057125],[51.33879338084766,35.81423674052655],[51.33901245445923,35.81369289656582],[51.339186603877536,35.813160449562595],[51.33934641499076,35.812673123739856],[51.33940141178444,35.812104949053314],[51.33941180402486,35.811460263165486],[51.3394080433328,35.81090352501029],[51.33943423272216,35.81039403688863],[51.33942949146493,35.809769680085395],[51.339485476015795,35.80927137767398],[51.339541315494145,35.80873926493833],[51.339641515661164,35.80822731280351],[51.33981589008804,35.807751214935415],[51.34002055638924,35.8072412201517],[51.340193511342,35.80659607229362],[51.340323451038344,35.80608403499164],[51.34060179134261,35.805494938232044],[51.34093897584013,35.80491694360344],[51.341156969815394,35.80429195240753],[51.341346496994234,35.803804538682684],[51.34129870315157,35.80330653054526],[51.34154702557985,35.80281894896382],[51.342139661100575,35.80261214014146],[51.34277744917107,35.80261031750791],[51.34350541705207,35.80266683824176],[51.344114591114064,35.80276652262651],[51.34470968944772,35.80296993054493],[51.34535004812721,35.803240826468226],[51.34584178255306,35.80353468842671],[51.34634982363223,35.803918663061076],[51.34679788321392,35.804347890021184],[51.347231420609155,35.80477715734686],[51.347769764400205,35.80528501054999],[51.3482181946576,35.80579537662659],[51.34862279185817,35.80624726332877],[51.348967258333815,35.806710593963246],[51.349311738727664,35.80717617756813],[51.34959785730021,35.807741108360744],[51.349794441178936,35.80823867846733],[51.34991696561051,35.80872744830451],[51.35015862028484,35.80924742654353],[51.35053255824285,35.80964304497799],[51.35111369389315,35.809959163789685],[51.35167896626317,35.81012881351012],[51.35245097468679,35.81011527520998],[51.35296792841716,35.809841014455145],[51.353441154678414,35.80953532384289],[51.35389780375206,35.809080913452256],[51.3543100722859,35.80860409209154],[51.354736712678914,35.80809341609592],[51.35520906889936,35.80775165635651],[51.35580025676098,35.807375731355656],[51.35642108460009,35.80697717485251],[51.356907964430995,35.8066376192622],[51.35740964380837,35.80620560174422],[51.357881419471596,35.80573986075138],[51.358338377039,35.80536432397239],[51.358913957586886,35.804909538702546],[51.35944566650264,35.804545044033325],[51.36003645344501,35.804090207755],[51.36062643969165,35.80361283051752],[51.36111255444757,35.803113222917126],[51.36137581955842,35.80259174499325],[51.36147541108679,35.80197834432753],[51.361560946072515,35.80146867202749],[51.36194364171845,35.80104826447318],[51.36249105294034,35.800798665134224],[51.36312709409192,35.80056908123552],[51.36378433787254,35.80028758656748],[51.363776472296436,35.80008023820806],[51.36372818022602,35.79950334895024],[51.36363496891768,35.79893561208416],[51.36366015399839,35.798392310451916],[51.36370060772164,35.797860232672555],[51.36366709060338,35.79733739547042],[51.36428984492326,35.79723407232334],[51.364882803030305,35.7971195664236],[51.365564192640164,35.79698224747135],[51.36617136130156,35.79680007047128],[51.36679247071252,35.79649162111201],[51.3673989978423,35.796171943001035],[51.3679164075705,35.795877329904776],[51.36843274602141,35.79550157216609],[51.36894876603586,35.79505819175596],[51.36940645906281,35.794716421012424],[51.36987835890152,35.79430698325303],[51.370335047728986,35.793899844667834],[51.37073266749663,35.793434281778666],[51.37115916406583,35.79293256337939],[51.37154166309102,35.7924895850649],[51.3718204103349,35.792046927354065],[51.37200945792603,35.79150311517334],[51.37202021768955,35.79099366678364],[51.37197224090018,35.79049567085739],[51.37198251616652,35.78988253762718],[51.372576579727045,35.790018189855665],[51.373186647990806,35.79017407576114],[51.373855782926825,35.790388379647815],[51.37452571914602,35.7906252177764],[51.37506157680471,35.79088275812923],[51.375672305511166,35.79117612625479],[51.376253031525486,35.79141323420986],[51.37693777485802,35.79170636354311],[51.37769615524877,35.791920365301586],[51.378306355002145,35.79209876517333],[51.378915608221746,35.79222306778104],[51.37968882792515,35.79235586430597],[51.38044604514415,35.79246842020272],[51.381054969832405,35.792522837516],[51.38193163037173,35.7925899233959],[51.382762740687866,35.79267743473735],[51.38362413349778,35.79273328677306],[51.38439629297839,35.79278716472072],[51.385094282638036,35.79280746525896],[51.38579250208534,35.7928750959901],[51.38640148799348,35.7929407562392],[51.38720253629104,35.79296071234041],[51.38777916893921,35.79263201190337],[51.388191534651156,35.79223396521174],[51.38854379835265,35.79170988524067],[51.388777436450425,35.79125606438502],[51.38908538315403,35.790723110270214],[51.38930341350557,35.79019044731795],[51.38965691539785,35.78978131637321],[51.39153718588927,35.789862120741255],[51.39139066761978,35.78963642722105],[51.39124377960263,35.789335344084],[51.391163197413384,35.789077124818746],[51.391082457001325,35.78878659572803],[51.39104163727317,35.7885497868403],[51.39107959951582,35.78820502007053],[51.39109186546878,35.78801111839133],[51.39124762799772,35.78742902518717],[51.39148153243721,35.78660973453638],[51.391558351710515,35.78610328920084],[51.391635540938516,35.785672233247745],[51.39173847631235,35.78510108183495],[51.39190702233214,35.78443278497115],[51.392049448357845,35.78382919380959],[51.39220551437077,35.783311718620915],[51.39230844277947,35.78274056654107],[51.392424374873116,35.78212629135666],[51.39247597047842,35.781867640017445],[51.39244682820016,35.78131846009539],[51.39229724547139,35.78046811123243],[51.39205519977237,35.77962883449721],[51.391788792173855,35.77920967098467],[51.39144239767037,35.77865075654814],[51.391082685463225,35.778070344259085],[51.39065657804475,35.777425526464455],[51.39009720384332,35.77655496827699],[51.389857302549004,35.77614648409586],[51.38945801682636,35.77557696539912],[51.38909880664944,35.77509347621672],[51.38875276447927,35.774599173104505],[51.38808675776438,35.77353508850248],[51.38744704343631,35.77243860466016],[51.387193952419736,35.77203015742142],[51.38681941167772,35.77110513544487],[51.38665779143974,35.770480989367286],[51.38657154599079,35.769048840453685],[51.386774884733306,35.76737881465801],[51.387149640591446,35.765632843908826],[51.38736936816986,35.76461974167262],[51.38748478947151,35.76389776964323],[51.38758788516169,35.763358929613155],[51.38769097949465,35.76282008945519],[51.38779381035878,35.762227399314774],[51.38794902404019,35.76153760833285],[51.38797351168664,35.761139033870016],[51.38802348284735,35.76054651435806],[51.38799500967831,35.76012657086457],[51.38772601650068,35.759158127679285],[51.38725929851125,35.75828725361173],[51.386992465144495,35.75776037758643],[51.38665925504421,35.757169094011225],[51.38627246607393,35.756427199883355],[51.38617835560414,35.75609362822183],[51.38596386745319,35.75545887960257],[51.385748757165,35.75469489066917],[51.38563987461427,35.75403826131457],[51.38558467846131,35.753553781726],[51.38552974350272,35.753123152020045],[51.38547460079213,35.752649442290256],[51.385485417127285,35.75215398021826],[51.38549675428182,35.75176621803279],[51.38549451432525,35.75130310833094],[51.385519428313735,35.750990693585734],[51.38555692919855,35.75054899641701],[51.385568891043455,35.750290474068805],[51.38552748326332,35.74992442161995],[51.3854991837779,35.74953678667889],[51.38544373144007,35.74899845665044],[51.38533532816984,35.74843875632434],[51.38524008620295,35.74786824340919],[51.38511811002641,35.747233195185075],[51.384862512028946,35.746286240623654],[51.38471515802891,35.74586667664855],[51.384554542241524,35.745436384802474],[51.38451412882848,35.74527496177349],[51.38426114006373,35.744866505891395],[51.38382107062419,35.74401707103755],[51.383393444738054,35.74300604201036],[51.383164978694616,35.74226656015552],[51.3830311078025,35.74183325013201],[51.382922059151284,35.74113353660731],[51.382853730202385,35.74065986675322],[51.38289134494839,35.74023970962917],[51.38290274525704,35.73986271687015],[51.382897107890116,35.73868878487003],[51.382855150016034,35.73820426046028],[51.38284064709136,35.73793505210373],[51.38282252492235,35.736911942192144],[51.38283309795286,35.736362628856],[51.38284341234958,35.73575946534628],[51.38281404582774,35.735145658210655],[51.38279856145229,35.73467181920355],[51.38279592496332,35.7341225478148],[51.382780440949716,35.73364870872289],[51.382804688659014,35.73319628321121],[51.38282805727297,35.732560767146886],[51.382851994247275,35.732043721359595],[51.382796004356166,35.7313869180026],[51.382780210901124,35.73084845849067],[51.382751673928915,35.73040697137816],[51.38274877977181,35.729803849418815],[51.38275966291026,35.72931915566163],[51.38267849869203,35.72892091710851],[51.38266415333696,35.72868401841429],[51.382542796414924,35.72816743567321],[51.38240776795193,35.72755396449632],[51.38218126355774,35.7271454184244],[51.38138222137791,35.725780144743666],[51.38106249900973,35.725210339550955],[51.380836522345405,35.72490949117248],[51.380477800003746,35.72446905063683],[51.37945382173054,35.72300754453208],[51.378841562456344,35.722018619501014],[51.37836134109138,35.72101850463291],[51.378173834403945,35.720469814632324],[51.377946147567954,35.71980277843193],[51.377852524287356,35.71955535823029],[51.3777848568453,35.71921092423236],[51.37769016421035,35.71873733258163],[51.37763545027883,35.718339006559546],[51.377606793883224,35.71786520691779],[51.37756482915658,35.71736990865909],[51.37752296688307,35.71689615047235],[51.377426852372665,35.716120996545875],[51.37741038591112,35.71543175377335],[51.37738066251756,35.71473178238368],[51.37736511352464,35.71423640070838],[51.377348851824244,35.713590237991674],[51.3773320303176,35.712825604402425],[51.377302716101035,35.712211793272125],[51.37729986493372,35.71160866910266],[51.37727065331087,35.711016397988416],[51.37725322246919,35.71012252312213],[51.37725067730852,35.7095840192119],[51.377248284919034,35.709077825492116],[51.37727220142739,35.70855000853893],[51.3772839814093,35.70824840476038],[51.37725533125434,35.707774604205795],[51.3771992025228,35.707074714878],[51.37716856881282,35.70618088090909],[51.377151954760635,35.70545932667836],[51.37716195397478,35.704780769709146],[51.3771466123478,35.70432846751963],[51.377130355157654,35.703682303686655],[51.377207037991326,35.70314355019553],[51.37730951773525,35.702475472492736],[51.37733429756095,35.70213074652892],[51.37750771479008,35.70065032207492],[51.37697130162105,35.700652008203946],[51.37593957924224,35.70062158749],[51.37536182451064,35.700606567418376],[51.37447460096996,35.70059251062676],[51.37385558412934,35.70057761206926],[51.37327775134088,35.700545753709086],[51.37272070735182,35.70054748506154],[51.37201908766441,35.700516005049394],[51.37137944050672,35.70050115770532],[51.37111131245743,35.70051881569576],[51.37055419041672,35.70050370873491],[51.370058962315554,35.700488408349656],[51.36933679065363,35.700473804599014],[51.36902732191602,35.70047475664582],[51.36853209422921,35.70045944997557],[51.36771696616487,35.70041987914252],[51.366974179655536,35.70040869008559],[51.366099229935486,35.700370974068115],[51.36532337244957,35.700346412884244],[51.364632172570246,35.70033673516659],[51.36386079792932,35.70032690784693],[51.36319544023141,35.70029959311578],[51.36251223710741,35.700301658991506],[51.36193677514135,35.7002740656946],[51.36112765261304,35.70026183825345],[51.36039044637636,35.70024938940467],[51.359617216227974,35.70022237881703],[51.358619803288384,35.700198991269716],[51.35774720090482,35.70018397299954],[51.35690199053495,35.700142494352406],[51.35634457587154,35.70012948581982],[51.35582311937119,35.70011636808063],[51.35513978678065,35.70008906210584],[51.35424083685474,35.70009171938215],[51.353413672975954,35.700064828144505],[51.352658425566865,35.70003771987285],[51.352101012153064,35.70002469167999],[51.351435789535095,35.70002664191338],[51.35078848140482,35.70001387090365],[51.35003317092199,35.69997208114515],[51.34927798951508,35.69995961665849],[51.34861270319394,35.699946886278234],[51.347857522170095,35.69993441287688],[51.34697636102792,35.69989296873026],[51.34620326531366,35.69989520195005],[51.345609832258624,35.699867582420964],[51.344944610484575,35.699869496773466],[51.344207409534654,35.69985694877288],[51.34323635611605,35.69981573509457],[51.342445156056364,35.699788665568704],[51.34131241914039,35.699777228135986],[51.3394064003531,35.69972397453001],[51.339313451054394,35.69900564258442],[51.3391502089336,35.69866880449304],[51.338734831711996,35.69823002186096],[51.338140232987314,35.69792372985273],[51.33756349324521,35.69758805421998],[51.33671751539867,35.6973557881806],[51.33578226743668,35.69727041813765],[51.33511731281197,35.697330938207045],[51.33430487649922,35.697504568568135],[51.33350158340966,35.697892718455606],[51.332928104906024,35.69833426750688],[51.33269694973797,35.69895084742966],[51.332676530759045,35.699510575417804],[51.33271890197983,35.69990402482935],[51.332954647731505,35.700387322454525],[51.33324264992988,35.70067169173133],[51.33362244917579,35.701001405615216],[51.334037015138,35.701249560396356],[51.33459535700728,35.701482647618576],[51.335351290661805,35.70167118446243],[51.336107042571506,35.701815721462076],[51.335934038200435,35.70342937748237],[51.33581175869194,35.704280300973004],[51.33570690160965,35.70499918876968],[51.33554517314989,35.70612042787617],[51.3354797017984,35.706588135462454],[51.33518850799389,35.70898430230044],[51.335135510657615,35.709404276159546],[51.335029589383865,35.71026208844324],[51.334976552920594,35.710673129795694],[51.33476275268378,35.71192427111605],[51.33470045350889,35.71241238054806],[51.334609121802856,35.71307838264381],[51.33452785786962,35.71369690284544],[51.33447482605859,35.7141101768564],[51.33436805885689,35.71476924315171],[51.33427474726782,35.71537244394589],[51.33415428545151,35.71603154808673],[51.33412975558745,35.7167127159726],[51.334117841277234,35.717137040646584],[51.33410480445211,35.71729339486946],[51.334037094656715,35.71747223248982],[51.3340113010707,35.71785193349917],[51.33398517999389,35.71815347644998],[51.33395882498819,35.718399192218556],[51.333919292187616,35.71876776584341],[51.33387943186832,35.71905818141522],[51.33379989729984,35.71968367420344],[51.33376069024436,35.720130405712226],[51.33374816622415,35.72040957954592],[51.33361278628034,35.72077841962388],[51.33357315740057,35.72112466214843],[51.33349599397699,35.72157486513702],[51.333450276909986,35.72183237186181],[51.33342585697972,35.72191782628847],[51.333480874751544,35.722872736222115],[51.333283126569675,35.72380520174041],[51.33320730674418,35.72427314179068],[51.33303386412754,35.725754643136106],[51.33291730363208,35.72651988882519],[51.33266360544112,35.72790396227537],[51.33244988629611,35.72930419900401],[51.33229590492159,35.730671719682626],[51.332101251560914,35.731860328362174],[51.331965458467046,35.73280464978499],[51.3318684324544,35.73347219002822],[51.331772556363354,35.734416400519024],[51.3316948110151,35.73492113796386],[51.33163689071041,35.73539327066591],[51.33159838964536,35.735735150308685],[51.33158018834903,35.73615834834788],[51.33150196637907,35.73654916247662],[51.33146387029426,35.7369886903497],[51.331426450537755,35.73759096538789],[51.331348294129036,35.73799805405464],[51.33128982851684,35.738339988623245],[51.331271557461164,35.73874691172681],[51.3312129557323,35.739056296786586],[51.33117438359032,35.739381901388604],[51.33113581114483,35.73970750596232],[51.33107734343232,35.74004944034202],[51.33099904775628,35.74042397921102],[51.33096047412789,35.74074958367861],[51.33088237995809,35.74117294656976],[51.33076469679603,35.74167779308127],[51.330706631348015,35.742117375442],[51.330589148278406,35.742671045840176],[51.330491964465786,35.74330603459092],[51.330434436299086,35.74387581435743],[51.330317016320755,35.7444457590555],[51.330259351243996,35.744982989236746],[51.33016249932616,35.74569935100943],[51.33006551088771,35.74638316323038],[51.329988080744094,35.74696927217518],[51.32991112122527,35.747669303889815],[51.329833890905086,35.74830423670496],[51.32977622000474,35.74884146634205],[51.32973837854847,35.749346091618115],[51.329700132527925,35.7497530687011],[51.329681716539426,35.75012744146935],[51.32972272445031,35.75038772668599],[51.32974349795884,35.7505829680368],[51.32984446952056,35.75085936312848],[51.329925678644926,35.75118463712095],[51.330067054482676,35.75157484489473],[51.3302692055266,35.752176458365994],[51.33057193133043,35.752956817692024],[51.33077375184769,35.75347705674567],[51.33093544005728,35.75394858160415],[51.33115729932872,35.754485039462196],[51.33141990681495,35.75521668253985],[51.33166194271488,35.75580190813287],[51.3318842189753,35.756436012444524],[51.3321265334888,35.75708633561281],[51.332328510563386,35.75763912092002],[51.33263093770602,35.758338100824986],[51.33295401787317,35.75919977100255],[51.33309569523494,35.7596550731734],[51.33327710507632,35.760061440151354],[51.33343848096707,35.76045158770214],[51.33362009892204,35.76090677805125],[51.33382230084101,35.761508384346804],[51.33402423278642,35.76204489162668],[51.334206267574444,35.76259772882238],[51.33454921396159,35.763426788959],[51.3347916402085,35.764093380414],[51.334994269996876,35.76479263217557],[51.33525715276141,35.765573089164185],[51.33544023273231,35.76637004362154],[51.33554522229429,35.767590361739046],[51.33556642638506,35.76788324921436],[51.335469047396124,35.768469415385795],[51.33529213045461,35.769137178024785],[51.334938561709656,35.770537800849134],[51.334723405902395,35.77161253964583],[51.33458689603615,35.772394111776535],[51.33450838119613,35.7727198271371],[51.3344318485739,35.7735175063753],[51.33433609528943,35.774494261947865],[51.3342594910449,35.775275666245854],[51.334162572165305,35.775975753022905],[51.33406660795525,35.77690368418695],[51.33398931600248,35.77752234194936],[51.333831861481976,35.778076123710136],[51.333862391583594,35.77835420418913],[51.33402948344551,35.77936233089846],[51.33412981864167,35.77998578583056],[51.334246664734486,35.78066227835378],[51.33434700334096,35.78128573295189],[51.33461740828833,35.78362066421451],[51.334735603943145,35.78461565457513],[51.334837571135715,35.78562396092316],[51.33487215656767,35.7861016179496],[51.33498829194976,35.7866055888819],[51.335104261139755,35.78706974732444],[51.33525403744471,35.78782577152693],[51.335370793187664,35.788475720417196],[51.33548682336628,35.788953149090865],[51.33563593511241,35.78954992330764],[51.33573696836955,35.79033262492094],[51.335854124065,35.79107546839259],[51.33598672985525,35.79161920451582],[51.33611939355503,35.792176211197],[51.33623526548409,35.792613826514945],[51.33643263918645,35.793064483831344],[51.336629902813314,35.79348859925875],[51.3367616190788,35.79382000212291],[51.33686070205731,35.79413822563939],[51.33669460551361,35.794542290358],[51.33646016947807,35.79504334791092],[51.33631616401238,35.79566586991061],[51.33630542372083,35.79623392057385],[51.33629453081947,35.79676590682115],[51.3361798353894,35.79728691402148],[51.33578340903197,35.79792366732883],[51.335474792581024,35.79838886577533],[51.33495987278876,35.798978612926284],[51.33466693954674,35.799556467824985],[51.33475970847027,35.80006787767826],[51.33498611485648,35.800610470574036],[51.33515313989627,35.801178023612614],[51.335008591256745,35.80167657236746],[51.33461034199981,35.802051857012216],[51.3341083180623,35.80242517567419],[51.333621014698515,35.802845786237725],[51.33325400252894,35.803414827428014],[51.332932223038966,35.80404910914564],[51.332802663604745,35.8046625697925],[51.33273374824016,35.80538631012843],[51.332826417506936,35.80587518080731],[51.33290395377532,35.80638437983273],[51.333026456884355,35.80689345378905],[51.33306127224468,35.80760788950331],[51.33300661077074,35.808266222704894],[51.33281749397452,35.808866324197794],[51.33265891750965,35.80949113504476],[51.332618534345556,35.81009082307068],[51.33263662475171,35.8106114571429],[51.332715054600584,35.81116798832939],[51.332792737129864,35.81171099722197],[51.33285594898261,35.812267570478596],[51.33293408940408,35.81275422681239],[51.332967979020104,35.81341231334142],[51.33309184676577,35.8140791658369],[51.33327429704162,35.81469175814947],[51.33342577900709,35.815178209914734],[51.333577954701155,35.81566465951351],[51.333791611752396,35.81645748734543],[51.333825604943954,35.81713811333627],[51.3334429202755,35.817614781874994],[51.33303121935352,35.81810280004108],[51.33300532694253,35.81869343089442],[51.33294934295741,35.81920299983512],[51.33280474876103,35.81970154469387],[51.33257011178466,35.82017779893025],[51.33223214312024,35.82059798826883],[51.33192371108695,35.82113305087417],[51.33198691545979,35.821687369693215],[51.33209528364276,35.82228664403555],[51.33203948930764,35.82284354658268],[51.3317910472241,35.82333110754731],[51.33167568769989,35.823874650560974],[51.331649454400385,35.82438639015244],[51.331461264168176,35.825054106638454],[51.331168173654525,35.82562293509983],[51.33083036244168,35.82608820053578],[51.33046205450098,35.8265422789387],[51.330109246408824,35.82706393463118],[51.3298456031847,35.82756280337853],[51.32952254111946,35.82808437536877],[51.329141320450375,35.82876614297251],[51.32972357836299,35.829172522479695],[51.33039292664353,35.82938706574636]]]}},{"type":"Feature","properties":{"region":3},"geometry":{"type":"Polygon","coordinates":[[[51.39124377960263,35.789335344084],[51.39139066761978,35.78963642722105],[51.39153718588927,35.789862120741255],[51.39176322967489,35.79013063461373],[51.39206848182266,35.79037734888764],[51.39279764297131,35.79080576587573],[51.39347319066625,35.791083573130024],[51.39387061146969,35.791254589659175],[51.39458267942307,35.79146345186979],[51.39514150320062,35.791627361101455],[51.39561826317952,35.791775400491304],[51.39634945147011,35.791981716021496],[51.39702935266717,35.79217776040727],[51.39767077585862,35.79236349203961],[51.39832522068575,35.792590923032854],[51.39890265353918,35.792787297137295],[51.39955726248208,35.79304603037853],[51.400314459572186,35.79332529059505],[51.4011745094894,35.79367725750935],[51.40152090400779,35.793780463150775],[51.402008208950924,35.79388319543639],[51.40262308689327,35.79388113233917],[51.403352566769016,35.79374300601419],[51.40387650295485,35.79349076616023],[51.40435884620847,35.79320413562233],[51.404706651654195,35.79299745115947],[51.40515281687756,35.79256804751745],[51.4060596462976,35.79204315450454],[51.406904763416314,35.7919776705925],[51.40773765753974,35.79202702392843],[51.408749780647376,35.792054887658736],[51.40976158201595,35.792020124905406],[51.41052978396019,35.791944441819346],[51.41138759779691,35.791858009923594],[51.41205331970068,35.791782668642234],[51.412654830040495,35.79167623513151],[51.41331079296057,35.79157222007534],[51.41393791907849,35.79146569186096],[51.41462909115327,35.791358938950225],[51.41540981901135,35.791230998855376],[51.41630566597352,35.79107134458347],[51.416919755899514,35.79092310005176],[51.417507513065736,35.79063926944912],[51.418133584493475,35.79033442936961],[51.4187168422268,35.790041757311364],[51.419218555769326,35.78969964369634],[51.41999736400975,35.789117281318504],[51.42022027889994,35.78882607633073],[51.42063307996863,35.788217513276685],[51.42089980716563,35.78778868044855],[51.421242114771026,35.787119541746755],[51.421508227303164,35.78657590801289],[51.42185107764681,35.786011130724546],[51.42232189816932,35.78542502882945],[51.42277990333086,35.78483897023312],[51.423314530129254,35.78421089336983],[51.42373470716716,35.78373976628053],[51.42414268252487,35.783383482563366],[51.4244739720643,35.783058778438324],[51.42494570281506,35.78265008372347],[51.425420209371936,35.78227100950813],[51.42581263675133,35.78189557954724],[51.42613088201404,35.781529171044134],[51.42657602916968,35.780943143458074],[51.42693213101945,35.78047223292931],[51.42726222137537,35.77992835831954],[51.427567700609856,35.779572427941005],[51.427857454121906,35.77867385356746],[51.42807529338683,35.77869394936482],[51.42880649958254,35.77891050454813],[51.43010265066727,35.779385943902255],[51.43101419189868,35.779789696216284],[51.43160487831983,35.78008728227228],[51.432231554541204,35.78049300824057],[51.432754382357615,35.78087656514429],[51.433263762468535,35.781294886949276],[51.433591968651584,35.78165794862288],[51.43396637124568,35.782087117523645],[51.434243478378626,35.78244979746358],[51.43477088832346,35.782865347512356],[51.43541374876001,35.7833117856976],[51.435966615620536,35.783695928447415],[51.43648037636544,35.78395497277771],[51.43721222615039,35.78427583919533],[51.437917833647724,35.78448199531476],[51.43855911525731,35.78463619993722],[51.43914882023715,35.78472797091358],[51.43982812798651,35.78480897394994],[51.44037946799369,35.784911316063116],[51.44117440159277,35.78505450595704],[51.441969280066246,35.78518725427745],[51.442725909649766,35.78535144803752],[51.44332907215057,35.78555795036979],[51.444304269009535,35.78586743721107],[51.444920248054245,35.78607388404068],[51.44548482043843,35.78624920911918],[51.446100630027985,35.78642434098531],[51.44662666421663,35.78657893099094],[51.44738366809365,35.7868057129481],[51.44801247097609,35.78701209602001],[51.44874421807266,35.78730158270877],[51.44941210280147,35.7876226137058],[51.45014368350726,35.787880782935574],[51.45100359489038,35.788180211227115],[51.45149145969655,35.78837666933506],[51.45210806892705,35.788687441726076],[51.45259623612148,35.78893607665847],[51.453238650409396,35.789278055307214],[51.45386843946087,35.78965138774271],[51.45440821227174,35.78996243892193],[51.45515365380526,35.79039794530871],[51.45571923455795,35.79074020207062],[51.4563749048048,35.79115516883528],[51.45710713923313,35.79151765776614],[51.45764699719486,35.79183913038453],[51.45805858349954,35.79212978099886],[51.458547090670585,35.79243057262951],[51.45911276048095,35.79278324935653],[51.45976774185234,35.79307296215885],[51.460409375004375,35.7932687942296],[51.46114019622081,35.7933807881247],[51.461665639119246,35.79342051283294],[51.462651931628756,35.79340627615662],[51.4636376767243,35.79329810515072],[51.46436716338139,35.79318048192954],[51.465223952270506,35.79292668632555],[51.46594031804362,35.792756922041804],[51.46670779693442,35.792566081667964],[51.46748820426026,35.792396058984714],[51.46831990790633,35.79223626746683],[51.469036691047805,35.79213953851635],[51.46976597408637,35.79199057392889],[51.47050812553766,35.79185199093327],[51.47122447009142,35.79168219529399],[51.47191537819616,35.791543804914006],[51.47258054110506,35.79138463903163],[51.473271382169564,35.791235804651734],[51.47386005606207,35.791139552349534],[51.47448740538736,35.7910848901276],[51.47498666007351,35.79103073190562],[51.47551147046635,35.790966033831204],[51.476087579785975,35.79091156636941],[51.47661270077602,35.790899044670574],[51.47700941551363,35.79083484893376],[51.47736813956286,35.79084385844783],[51.47821274116158,35.790704820223326],[51.47782639508607,35.790361955828615],[51.47742724312506,35.79001914112679],[51.47701516041046,35.78965550351836],[51.47668031083184,35.78935417650124],[51.47638420310478,35.78910487711094],[51.47612658669509,35.78886586069516],[51.47585616284313,35.7886268945164],[51.475534193220604,35.78833594961924],[51.475302386513235,35.788128138538106],[51.475070581013945,35.787920326993685],[51.47476155037153,35.78765020170865],[51.47442677989938,35.787359304429074],[51.47415667692756,35.787172515510065],[51.47202065241788,35.78663221868171],[51.47177111453614,35.786430853783145],[51.47161150138746,35.78616475188561],[51.471326305617886,35.78566000641959],[51.47108670045905,35.78522866176601],[51.47081285365416,35.78473306798454],[51.47048213657901,35.78416411599566],[51.47013991937377,35.783558417801395],[51.46979754465529,35.78292512644649],[51.4694325461338,35.78228272498392],[51.469135928252335,35.78175042586119],[51.468975737716725,35.78138314910069],[51.46876974971738,35.780905680122004],[51.4684609887498,35.780226265358884],[51.46820920944549,35.77963860314168],[51.46794625486488,35.779069379078834],[51.46761439429582,35.77829807615602],[51.46732963003543,35.77785770176052],[51.46703401344216,35.77749094956679],[51.466658960886825,35.7770509249445],[51.46627267956994,35.77662014033186],[51.46593181810774,35.77623516598001],[51.46547739502324,35.775731062643565],[51.464897859636274,35.775061885806224],[51.46417080665082,35.77425531303614],[51.463250404006395,35.77319194985114],[51.461478187278836,35.771202901665355],[51.46109185591451,35.77075370478987],[51.460739652386856,35.7703503635599],[51.46043291452662,35.77000203237704],[51.46000123950018,35.769516215472564],[51.45962626338747,35.76907616776796],[51.459274180722105,35.768691216819434],[51.45891076291505,35.76829711055821],[51.45855842252461,35.76786617041483],[51.458183726562496,35.76747210498039],[51.45769507093935,35.76688532343591],[51.45704763714101,35.76616118068275],[51.45697876519935,35.76595909569333],[51.456735344247,35.764837914548636],[51.456444999663645,35.76340419246619],[51.45627335693303,35.762990952839566],[51.45596529901239,35.76240347679011],[51.45557809528588,35.76178870757428],[51.455236456099215,35.76124734507366],[51.45488379950208,35.760752011378884],[51.454644044236765,35.76026544647288],[51.454517135723314,35.75977845363115],[51.45432110756344,35.759043386675934],[51.4541712154053,35.75848289943152],[51.454021744460135,35.757995991300376],[51.45392932413779,35.75761923856676],[51.45377969927412,35.75710473777488],[51.45362981469221,35.75654424962092],[51.45352590480428,35.756130749420926],[51.453387830750295,35.755662192453],[51.45321491371717,35.755019012037],[51.45309967211885,35.75459635652363],[51.452588827302804,35.75405562448171],[51.45215739119816,35.753588172017665],[51.45155571876205,35.75294660375801],[51.450988218143245,35.75236008973672],[51.45046700207928,35.751975747067426],[51.449923068861054,35.75156389438441],[51.44999872933911,35.75097496229429],[51.450051666889934,35.750358522429366],[51.450127065777096,35.74972360296315],[51.45020158076311,35.74893232691951],[51.45027702917141,35.74830660466792],[51.45033053436478,35.7477913362902],[51.45037602319649,35.74741402248029],[51.45032559935086,35.747116208000165],[51.45022677167849,35.74687817583814],[51.44998149864937,35.74660095896585],[51.44971286630283,35.746303635318924],[51.449441433755574,35.745907640698796],[51.449293646396946,35.7456300572198],[51.44898410743744,35.74511986856016],[51.44870317793941,35.74463892032429],[51.448334282236964,35.74404429129271],[51.44803905804921,35.743548720670525],[51.447940305567656,35.74335045429353],[51.44786501423955,35.74293349551049],[51.44786322934809,35.74261563127589],[51.44732733255077,35.74265736386902],[51.44674269696333,35.742699275521815],[51.44615859548821,35.74277678787759],[51.44552129298307,35.74277915552435],[51.444731162798575,35.74282062999734],[51.44398965123162,35.74282869413572],[51.44330742537913,35.74285108318641],[51.44255198135814,35.74285387146888],[51.44182101645501,35.74287643182116],[51.441041422588206,35.7429190334019],[51.440383454460054,35.74292144978379],[51.4395550113829,35.74294435405312],[51.43884841382283,35.74296680709178],[51.437873427179305,35.74293063478741],[51.43719087166123,35.742893389543255],[51.43616638760345,35.74271831513057],[51.435654092963155,35.742620841364875],[51.43519010410183,35.7424437224659],[51.43453062399218,35.74216797509178],[51.43399288479085,35.74187191690296],[51.433234427414334,35.74131838301575],[51.43274597493633,35.74112147597606],[51.43218474197824,35.740984429932276],[51.43167257066993,35.74090680563623],[51.4309655590101,35.74084974601142],[51.43018522827853,35.74075321118589],[51.42945385039923,35.7406962300151],[51.42843005110461,35.74064028878158],[51.42767430687869,35.74058338377608],[51.426747877841095,35.740507214192256],[51.42596766137035,35.74043051852734],[51.425285132048394,35.7403932055345],[51.4246513402443,35.74035571620076],[51.42404191745101,35.74031813741277],[51.42357870584426,35.74028003950461],[51.42287170501496,35.74022293223108],[51.42285007520775,35.740739549406456],[51.422803865768294,35.741216519230484],[51.4227579717477,35.74175308875665],[51.42273602496219,35.742210106039146],[51.422689708781746,35.74266720913164],[51.422595179871706,35.7432238167388],[51.42259916154466,35.743788488796945],[51.422551494123944,35.74417758415655],[51.4224810166049,35.74467450600362],[51.42248427960105,35.7452903698152],[51.42239016729885,35.745926443336565],[51.42217409656449,35.74654307895957],[51.42203071355304,35.74707999074046],[51.422007815112764,35.747358208415555],[51.42198544224688,35.747735758909],[51.42181673908217,35.74809395697265],[51.42164824454772,35.74849188791901],[51.42147911821257,35.74877061922803],[51.421285829537375,35.74908916899837],[51.42106795825399,35.7493680708569],[51.4208990378295,35.749686534462164],[51.420681163582536,35.749965435612744],[51.42058535487159,35.750283642382705],[51.419904417785595,35.750564164481794],[51.419394495663035,35.75092355276223],[51.41898195177338,35.751262731922836],[51.41769305658134,35.75180363313526],[51.41669557104437,35.75214483950522],[51.41611105593075,35.75222633594372],[51.41518522626408,35.752289144280546],[51.414722259179584,35.752310612495215],[51.41399078554115,35.75225353806427],[51.41347835270296,35.752136103674296],[51.412649187507654,35.752039623867596],[51.411917409728076,35.75192293706677],[51.41106356918547,35.7517669302376],[51.41013692275545,35.75167076705468],[51.40925912433801,35.75159429702955],[51.40843047852672,35.75159712100243],[51.40757695276592,35.75150068911888],[51.406625941470196,35.751404581636095],[51.40591905562342,35.751387108599964],[51.40523664291882,35.75138941568061],[51.40414010950056,35.75143284857781],[51.40348196759753,35.75141519699979],[51.40255553445604,35.75135870852925],[51.401790218947944,35.75137051351924],[51.40065432761478,35.751325339395706],[51.39992307155711,35.75130791250751],[51.39877719577096,35.75123225934925],[51.39807031271568,35.75121474016982],[51.39727923555837,35.75112464517015],[51.39649965520307,35.75111645428037],[51.39546877375085,35.75105523628405],[51.39450390199052,35.750983022222194],[51.393631517916326,35.75091049695734],[51.393010327939194,35.75086945311739],[51.39238924460856,35.750849946036276],[51.39129214943525,35.75075659831929],[51.390578370367145,35.75069430358107],[51.38997034304714,35.75064243101179],[51.389322627156126,35.75057991402579],[51.388635223040154,35.75050675197946],[51.38796129447492,35.75048739322421],[51.387485497211756,35.75045662066395],[51.38690389799091,35.75040464720692],[51.38642810158834,35.75037387045835],[51.38587292801542,35.750321806877956],[51.385568891043455,35.750290474068805],[51.38555692919855,35.75054899641701],[51.385519428313735,35.750990693585734],[51.38549451432525,35.75130310833094],[51.38549675428182,35.75176621803279],[51.385485417127285,35.75215398021826],[51.38547460079213,35.752649442290256],[51.38552974350272,35.753123152020045],[51.38558467846131,35.753553781726],[51.38563987461427,35.75403826131457],[51.385748757165,35.75469489066917],[51.38596386745319,35.75545887960257],[51.38617835560414,35.75609362822183],[51.38627246607393,35.756427199883355],[51.38665925504421,35.757169094011225],[51.386992465144495,35.75776037758643],[51.38725929851125,35.75828725361173],[51.38772601650068,35.759158127679285],[51.38799500967831,35.76012657086457],[51.38802348284735,35.76054651435806],[51.38797351168664,35.761139033870016],[51.38794902404019,35.76153760833285],[51.38779381035878,35.762227399314774],[51.38769097949465,35.76282008945519],[51.38758788516169,35.763358929613155],[51.38748478947151,35.76389776964323],[51.38736936816986,35.76461974167262],[51.387149640591446,35.765632843908826],[51.386774884733306,35.76737881465801],[51.38657154599079,35.769048840453685],[51.38665779143974,35.770480989367286],[51.38681941167772,35.77110513544487],[51.387193952419736,35.77203015742142],[51.38744704343631,35.77243860466016],[51.38808675776438,35.77353508850248],[51.38875276447927,35.774599173104505],[51.38909880664944,35.77509347621672],[51.38945801682636,35.77557696539912],[51.389857302549004,35.77614648409586],[51.39009720384332,35.77655496827699],[51.39065657804475,35.777425526464455],[51.391082685463225,35.778070344259085],[51.39144239767037,35.77865075654814],[51.391788792173855,35.77920967098467],[51.39205519977237,35.77962883449721],[51.39229724547139,35.78046811123243],[51.39244682820016,35.78131846009539],[51.39247597047842,35.781867640017445],[51.392424374873116,35.78212629135666],[51.39230844277947,35.78274056654107],[51.39220551437077,35.783311718620915],[51.392049448357845,35.78382919380959],[51.39190702233214,35.78443278497115],[51.39173847631235,35.78510108183495],[51.391635540938516,35.785672233247745],[51.391558351710515,35.78610328920084],[51.39148153243721,35.78660973453638],[51.39124762799772,35.78742902518717],[51.39109186546878,35.78801111839133],[51.39107959951582,35.78820502007053],[51.39104163727317,35.7885497868403],[51.391082457001325,35.78878659572803],[51.391163197413384,35.789077124818746],[51.39124377960263,35.789335344084]]]}},{"type":"Feature","properties":{"region":4},"geometry":{"type":"Polygon","coordinates":[[[51.47821274116158,35.790704820223326],[51.480006422549955,35.79076027538153],[51.48039032442859,35.790696119768086],[51.4805853471017,35.791040394761815],[51.48084421273561,35.79148290779758],[51.481086754114344,35.79187330330976],[51.48132914016889,35.792237607728396],[51.4815555164322,35.792601975897256],[51.481765566966054,35.79291422679663],[51.48197577708426,35.79325256785392],[51.48216973978849,35.793551837044824],[51.48239596559737,35.79389011294345],[51.48260610192307,35.79421540752944],[51.48288092252539,35.79464480608643],[51.483220271189836,35.795152217591394],[51.483559703427716,35.79567267333079],[51.48385078480166,35.796141140739174],[51.48420639691927,35.79668762044322],[51.4845620139393,35.7972340990079],[51.48490138444271,35.79774150538054],[51.485337872026996,35.79841811039243],[51.4856935841987,35.79897763058976],[51.48604906244454,35.799498013877454],[51.48643713034545,35.800109582934034],[51.48804557083768,35.80256540144379],[51.488364650310274,35.80236841921273],[51.48929233735825,35.8021820006762],[51.49015628577527,35.80204801774268],[51.490700034347846,35.801928384476376],[51.49129198381597,35.80183464248694],[51.491819715351824,35.80171506976403],[51.49237947287372,35.80159536327379],[51.49293930946869,35.80148869942589],[51.4934191566409,35.801395407598264],[51.4940589780793,35.80127536393911],[51.49466677014808,35.801155448965176],[51.49532252021654,35.801022287335144],[51.49602630899409,35.80088892350079],[51.49666604090117,35.80075582078822],[51.49725789283747,35.800649004299586],[51.497913552666276,35.80050278336321],[51.49866529124886,35.800356159497944],[51.4993369595071,35.80020986426294],[51.49989685862488,35.80011621337121],[51.5004725238319,35.79998335739633],[51.50092040801417,35.79990321458596],[51.501352195705906,35.79981009181463],[51.501864049355234,35.79971663256143],[51.502471817368445,35.799596678287884],[51.502921263042296,35.79976438727205],[51.50367496586402,35.79993081748681],[51.50428413741307,35.80003262278515],[51.50494110267871,35.80009508713172],[51.5057421073381,35.800143895159465],[51.50663902775846,35.80016620167626],[51.50755196207527,35.800188433747294],[51.5080642268132,35.800160174195625],[51.50875205571193,35.800039849108245],[51.509535796017964,35.79989302163272],[51.51065522866649,35.79965344165433],[51.51123095576113,35.799533579534476],[51.511696683983736,35.799740322937396],[51.51232263271915,35.79995942595564],[51.51307694476187,35.8002171134503],[51.51389565252443,35.80052670258225],[51.5145376269239,35.8007457253404],[51.515131479562484,35.80095190573493],[51.51577346070813,35.801170921821935],[51.51628750497169,35.801416576226785],[51.51668928680262,35.8016366208657],[51.51715580393295,35.801960749523154],[51.51749378987044,35.80222020308887],[51.517783905965715,35.802505953408456],[51.518074788205574,35.8029091096523],[51.51822137686546,35.8032867974595],[51.51837765117156,35.805151635562375],[51.5182330646726,35.80697985066612],[51.51853453431975,35.807487958336445],[51.518791895863465,35.80802105026703],[51.51910866571996,35.80854036034786],[51.51960428784413,35.80911524564236],[51.520232239751934,35.80961291806161],[51.52090401691405,35.8100405219878],[51.521589738099635,35.81037790039559],[51.52215642820996,35.810603091702454],[51.52281174577931,35.81083916421215],[51.523601177927304,35.81116480885297],[51.524182852461244,35.81145754591003],[51.52479420461212,35.811738880158046],[51.525405546168805,35.8120179572866],[51.52607647713966,35.8123102941097],[51.52670229592352,35.81258028498638],[51.52726901589191,35.81280545185451],[51.52788038912333,35.81308677016399],[51.52824007512652,35.813493165310476],[51.52852764393384,35.8140824531164],[51.52869689887371,35.81467000766246],[51.5287918274376,35.81531649421064],[51.52879803697553,35.8159385774876],[51.528773445887545,35.81650669991005],[51.528736050900264,35.81723040633922],[51.528742724664205,35.8179223620982],[51.52874818250296,35.81853543233201],[51.528799361079614,35.81926100208623],[51.52885076809867,35.81991669602371],[51.528885903123424,35.82051836508105],[51.529084234234126,35.82110579017778],[51.52931173483707,35.821605179307504],[51.529467344864024,35.82190653141664],[51.530005826862975,35.821205406456414],[51.530537378675376,35.82091904974263],[51.53102436030359,35.82059006159058],[51.531660980691896,35.82039339558957],[51.53223841294513,35.820244323331906],[51.53290517076785,35.82010612159313],[51.53372098217061,35.82001233346717],[51.534328536786,35.81991946769695],[51.534995742803524,35.8198488730372],[51.535693693606945,35.81982321781084],[51.53652463592275,35.81981950396637],[51.537400565196585,35.81981783685759],[51.53826187348447,35.81980270484694],[51.53900318165113,35.81974302552003],[51.53973088051945,35.819717213181086],[51.54035402938592,35.819680597348736],[51.54109625648063,35.819654711300025],[51.54171687077421,35.81934761730138],[51.5421571192751,35.81887002982175],[51.54247903870915,35.81839072187743],[51.542652527767494,35.817857988087866],[51.54261792051103,35.81734873572475],[51.54302955647635,35.81693889504287],[51.54371041104299,35.816744219116465],[51.54439280217254,35.816673503572254],[51.54504567421876,35.816636728612515],[51.54572627382419,35.81640597809824],[51.54622746125748,35.81604305352251],[51.54672924804893,35.81576803097893],[51.547230411391254,35.815402848306874],[51.54768746348769,35.81506265918433],[51.54824873644395,35.814787358701],[51.548858106680306,35.81486571702101],[51.54949721126608,35.814941682027],[51.550151926871955,35.81507392258197],[51.55098430539694,35.81518505749715],[51.55166714493683,35.815181919306674],[51.55245344641644,35.81513322039159],[51.55310567495284,35.81500624381725],[51.55383060797383,35.81478876722585],[51.55452750105712,35.81471792727829],[51.555212050109304,35.81486127244722],[51.5557930000313,35.81502988795016],[51.5563733393322,35.81520977356673],[51.55701424944007,35.81544347164135],[51.55780480870734,35.8158049497136],[51.558475259517685,35.81610612318769],[51.559131815151034,35.81639834156776],[51.55984694457634,35.816656472690184],[51.56054669917936,35.81689213116963],[51.56124629890841,35.81710524607584],[51.562020860975316,35.8173518160117],[51.56286936038701,35.81758450992069],[51.56351008479391,35.81778661770357],[51.56417995026898,35.817999855101135],[51.56482068125462,35.81820195582345],[51.56563994433692,35.81850464229103],[51.56632542735728,35.818771890458116],[51.567040038733765,35.818951090292884],[51.567707366033844,35.818902853795876],[51.568447594769,35.81869648690795],[51.569070317486165,35.818603373839025],[51.56965106500977,35.81873585867988],[51.57027541795546,35.81887038744407],[51.57094480882623,35.819013714686356],[51.57171670257767,35.81897848234206],[51.572157621781265,35.818523322707],[51.57243414457592,35.81801034151692],[51.57263710059202,35.817466154582505],[51.57276525341756,35.81691105433027],[51.57287833003196,35.816376312057436],[51.57293151781513,35.81578775920778],[51.57285236003323,35.81526745885729],[51.57249059742103,35.81470117288443],[51.57221899247042,35.81426068085469],[51.57262911871234,35.813760585738095],[51.57322196845745,35.8136563237562],[51.57342523317553,35.81315721409079],[51.573123620992696,35.81268080309148],[51.57254066392092,35.812331959350566],[51.57243200810148,35.811845609468115],[51.57254485327074,35.811279311902005],[51.57252400269762,35.81068885801554],[51.572415268317066,35.81019123824625],[51.572246782727355,35.80965783899567],[51.57203343102423,35.809138177498355],[51.5718506821098,35.808640909925664],[51.57181587712811,35.80812941290194],[51.57195871057886,35.80759678294776],[51.572175847315236,35.80700744791805],[51.57251183827185,35.80649643616837],[51.57289293474383,35.806005494299],[51.573005768947674,35.805439195857936],[51.572852767691955,35.80494178742777],[51.57227169460323,35.804750714291536],[51.571619096177905,35.804810175653984],[51.57126756456672,35.80527617858045],[51.5711245687409,35.805786268465674],[51.57062341444588,35.80612901033809],[51.57012991352895,35.80580226902401],[51.57011019420309,35.8052704133222],[51.56995626138442,35.80473694116525],[51.569876362549714,35.80420537117467],[51.569856645455616,35.803673515271285],[51.569851680774484,35.80317314558781],[51.56981682695283,35.80265263159243],[51.56969258074797,35.80211000175646],[51.56953889892927,35.801610337922185],[51.56904604177442,35.80127231859298],[51.56847962683626,35.801094681484294],[51.56782681407509,35.80112031281872],[51.56729551330796,35.80140457902973],[51.56656956640139,35.80155452066339],[51.5661065617061,35.80122987240972],[51.566503548154785,35.80083129036632],[51.566855329234535,35.800399110192664],[51.5669383596801,35.79981943341009],[51.56693145449691,35.79914100434995],[51.566585426420836,35.79863097489469],[51.56606341848214,35.79837197158898],[51.56558496131229,35.79801132954157],[51.56525388798758,35.79755983029775],[51.5653075214226,35.79702762736808],[51.56512482707587,35.796528093985536],[51.56455749576875,35.796215200766206],[51.56396174144417,35.79599034548358],[51.563276686137215,35.79575463631636],[51.562636140017425,35.79555252494369],[51.56193666286176,35.79533039987687],[51.56128167805755,35.795139618998384],[51.560656913591885,35.79501631417536],[51.559944189476006,35.79497456159378],[51.559321322946566,35.79502254709596],[51.55877575983231,35.795342906823805],[51.55817031775822,35.79570636916409],[51.55742885423491,35.79570981594223],[51.55691986106301,35.79532674057913],[51.55639688216297,35.79492118758179],[51.55578531441813,35.794606203766925],[51.55526344597728,35.794358422625436],[51.55466696101545,35.794122254275685],[51.554116222435795,35.79389939587459],[51.55350521966503,35.79366328875409],[51.55289375107625,35.793359559764276],[51.55222435711589,35.79318006585545],[51.551452249952796,35.793149806249566],[51.55084376056656,35.793175141433096],[51.55023627382675,35.79324554953887],[51.54950997872308,35.79333903902445],[51.5488576878825,35.793432185646715],[51.5481612076988,35.7935368007648],[51.547478940346785,35.79359626640468],[51.546870291262536,35.793599041922384],[51.54624696292073,35.79357934088333],[51.54562377381729,35.79357992225098],[51.54495602860913,35.79363930754621],[51.5442151987079,35.793732831092164],[51.543649028993514,35.79347393008875],[51.54309615785962,35.79313607512413],[51.54247005428051,35.79280981883637],[51.541858648865706,35.79250828721802],[51.54135120782206,35.79223783989202],[51.54078344802627,35.79184369052846],[51.54045244840477,35.791378597290716],[51.54015090208388,35.79087054389968],[51.53992336291986,35.79036215671024],[51.53966599561491,35.789840378995954],[51.53939419947084,35.78933218972887],[51.53909165580614,35.78877680324141],[51.53878982323884,35.78822366676429],[51.53848721187892,35.78765700875601],[51.5382307219872,35.78716001809258],[51.53797239550186,35.78659541404694],[51.537730192107254,35.786062293605895],[51.53751705346709,35.785531296462075],[51.537304822101476,35.785031851302676],[51.53707701422158,35.78447837859943],[51.53681932041563,35.78390249874947],[51.536546476795856,35.78333570215658],[51.53630468753933,35.78286118154558],[51.53601732866229,35.78229444849417],[51.53568618479935,35.78179778526156],[51.53544455688182,35.781345802400395],[51.53521706037164,35.780835151039334],[51.53497436821366,35.78032682097187],[51.534702861855735,35.77985242930067],[51.5344159033307,35.779342041188386],[51.534218245287335,35.77884477905862],[51.53410987085438,35.778358389400054],[51.53434241316404,35.77787048212028],[51.53495086794906,35.77785650119454],[51.53566297345258,35.77783078439646],[51.536344964198925,35.77774884704406],[51.53708580779013,35.77767791263954],[51.53775258246642,35.77759603541005],[51.53846437992301,35.77752522267169],[51.5391467462198,35.777499618689916],[51.53982873030904,35.77741766163126],[51.540613365156744,35.77727888741674],[51.54139830589574,35.77708375578662],[51.54204916790299,35.7769004948858],[51.54265567873062,35.77670390679658],[51.54338106290595,35.77649776134448],[51.544150776051715,35.77630268072746],[51.54483134410241,35.77611701606793],[51.54539367891937,35.775934138957325],[51.545955165231966,35.775728722713005],[51.54656158003286,35.775520845215695],[51.54719781849324,35.77532635291505],[51.547937621849485,35.77510884410456],[51.548514463471875,35.77492588619835],[51.549431488834884,35.77463768298558],[51.550334001991764,35.774351793376105],[51.55119146907776,35.77405257966842],[51.551765949982254,35.77363068912034],[51.55607695383473,35.76989613976499],[51.556816603455644,35.76966730697865],[51.55766020073004,35.769471797319575],[51.55846017357635,35.76936664624529],[51.55925997030902,35.76923669626234],[51.56014938684566,35.769167181787616],[51.56075745197934,35.76910799163352],[51.56142436729142,35.76905979334868],[51.56213622482798,35.76901138090141],[51.56284824057997,35.768985503875726],[51.56351515345035,35.76893729401644],[51.56443512908846,35.768887890737304],[51.56522104595196,35.76885038195291],[51.56599183056211,35.768824209574625],[51.5666002247592,35.768812323129694],[51.567475253828654,35.76876310876237],[51.56821630521746,35.76873706269687],[51.56885425278761,35.76870023054574],[51.56969946707916,35.76863987111292],[51.57036629178,35.76858035352301],[51.571048326823295,35.76852075987984],[51.57173027997658,35.76844989258017],[51.57238164733268,35.76835662690293],[51.573121477707296,35.768161503726986],[51.57372719503723,35.76787460159352],[51.5746430064532,35.7674419540106],[51.57514489920874,35.764265866213286],[51.57565988590092,35.76386668711135],[51.57624912952408,35.76341079842489],[51.576823319149575,35.76297751956198],[51.57733804436207,35.7625445239512],[51.57788200291502,35.762043764269954],[51.57833750409997,35.76164486001638],[51.578823011711115,35.76118945840095],[51.579307740573284,35.76072278838232],[51.579895921055886,35.760221806150675],[51.58044025791572,35.759777383988435],[51.58097015255076,35.759344299442155],[51.58141143338659,35.758990533099194],[51.58189749939931,35.75861626171998],[51.582338442966254,35.758217412826376],[51.58283858967972,35.75778446432194],[51.58332302722324,35.757283968885304],[51.583837185627736,35.75678332695468],[51.58439558202852,35.7562824674884],[51.58493951994345,35.7557906920225],[51.58545408876851,35.75534864617679],[51.585924391697205,35.75490456012069],[51.58635025174011,35.754528310468096],[51.58682095939923,35.7541405699115],[51.587306953995366,35.753764022930774],[51.587821895300195,35.75337606206584],[51.5883078805252,35.75299951108215],[51.58880831164969,35.75261387112847],[51.58930888779114,35.75224851474091],[51.58976538402907,35.75190591320168],[51.59038365939035,35.751472352931614],[51.590884655197925,35.75116559297188],[51.59151779245597,35.75068687292267],[51.592165689640396,35.75024188735431],[51.592858679111515,35.749819216063884],[51.59358188840213,35.74946401261666],[51.59435012359705,35.749122106206045],[51.59492682029522,35.74895921329902],[51.595607051129356,35.74877551774042],[51.59627284673374,35.74860316023262],[51.596938723732556,35.7484420688467],[51.597648652179934,35.748255960084435],[51.59849183565719,35.74804889666104],[51.5992467046946,35.747864808521385],[51.59995663941053,35.74768094017787],[51.600681761142624,35.74749473764109],[51.6013920289119,35.74735593998922],[51.60199852335461,35.747206388256465],[51.60267975420884,35.74706772858831],[51.60350890711983,35.74692832170646],[51.604352829044934,35.746822645392506],[51.60501901611624,35.74670658861876],[51.60577402799805,35.746544999287934],[51.606410384871786,35.746415561066044],[51.60703292679767,35.74637860496809],[51.60784808096679,35.746309114236546],[51.60849946760779,35.74615704850085],[51.60916581484723,35.74606350839052],[51.60989048408888,35.74591331739558],[51.61058629156139,35.74578580920108],[51.611267322082135,35.745624561614164],[51.61197703543413,35.74541808321179],[51.61258401369184,35.745336096948954],[51.61328093588236,35.745264918505065],[51.613947529815796,35.745205161288524],[51.61446375778642,35.744918511892294],[51.61508463704163,35.74475755051751],[51.61578033879202,35.74461874268515],[51.616416054061716,35.744410363545626],[51.617007116104716,35.74423827512641],[51.61741958829325,35.7441234531442],[51.61744858271384,35.74385056527771],[51.61751721807797,35.74334079938055],[51.617363373834145,35.742843447561334],[51.617224807549015,35.742355033132526],[51.616997271110435,35.74189187008679],[51.61674053333953,35.74140631612794],[51.616424188087905,35.740988688772546],[51.615974513542824,35.74049059901419],[51.6155690143789,35.74007342656636],[51.61517959011644,35.739678710773674],[51.61481902516747,35.739261305515825],[51.614443168787965,35.73874254548243],[51.61411066960536,35.73819876803913],[51.61388385445859,35.7377355949553],[51.61343334983402,35.73721495908379],[51.61298321456133,35.73674165446776],[51.612385525938436,35.73631418145489],[51.61175829742954,35.73590939632267],[51.611100821530606,35.73543488642665],[51.61066643223922,35.73502911408121],[51.61015637187398,35.73448848194771],[51.60969139633036,35.73396790509963],[51.609241301556416,35.73349458583037],[51.60886645416721,35.73309977492384],[51.6083578823254,35.73266055935671],[51.60778977781913,35.732208118602315],[51.60726644185464,35.73182532415438],[51.60665439299959,35.731409164838546],[51.60605694909725,35.73100419888069],[51.60551877442018,35.73057639063301],[51.60502498901146,35.73016864273025],[51.60451679819154,35.729774489537775],[51.604023295648666,35.729402800747444],[51.60344125412812,35.72902028453968],[51.60281429809901,35.728637990906726],[51.6021132330944,35.728233525032856],[51.601426840429,35.72784926797112],[51.60068198483104,35.72750136411375],[51.59999579154689,35.727141892312304],[51.599340264890714,35.7268160742451],[51.598654167934185,35.72646786445772],[51.59789474052309,35.72610874553555],[51.59732836007062,35.72587263452054],[51.59658370884137,35.72554724448363],[51.5958390636218,35.72522184976242],[51.59516870235462,35.724941163296656],[51.59452824524826,35.72468511958546],[51.593978030092366,35.72448272337966],[51.59335301775121,35.7242581536779],[51.59271314058668,35.7240787350682],[51.592059021805944,35.72393544804824],[51.59119741053911,35.72376838442489],[51.590602042582425,35.72353238416807],[51.590521262109846,35.72288812281544],[51.59057562507749,35.722389710229436],[51.590791860506485,35.72182062587321],[51.59057973890367,35.721357334473964],[51.58983980142801,35.7214736730888],[51.58915581233076,35.72130572221859],[51.588456750107284,35.721061203526595],[51.58776112000769,35.72118858253812],[51.58724484715712,35.7214615941113],[51.586664118513006,35.72123902688161],[51.58612727060751,35.72096890759717],[51.585355174136254,35.720846446033704],[51.58475062670425,35.72114467170817],[51.5841735656712,35.72132780399411],[51.58349153177558,35.72133111934207],[51.5828685962626,35.721289062985036],[51.58221560259055,35.72119981400464],[51.58162445059286,35.721441607767744],[51.58118327712618,35.72178185130035],[51.580441319705436,35.7217178177486],[51.57968389919731,35.721617789403474],[51.57919175917176,35.72131586656214],[51.579053464517045,35.72082740386031],[51.57858935814839,35.72038784606333],[51.57804310035926,35.72062715195276],[51.57784128839096,35.721196144517435],[51.577638440229265,35.72171780657198],[51.577064059575974,35.72208347024395],[51.57653381807037,35.72243764903441],[51.57601741694705,35.72269934293976],[51.575470891985425,35.72290482765402],[51.57488007313672,35.72310150570822],[51.57415485018926,35.723251488370245],[51.57351751054878,35.723322155171694],[51.572672373939064,35.72332618803343],[51.5718425045115,35.72333915847943],[51.57108659172191,35.72335402560356],[51.57028608314922,35.72341418081959],[51.56948634470679,35.723485597330026],[51.568745503542054,35.72357927015964],[51.568019783281585,35.72366159664986],[51.567175973674864,35.72375574679251],[51.566434647466195,35.72378178609136],[51.565708763124334,35.7238415588943],[51.56492368724386,35.72393541658011],[51.56416816504942,35.72400658978011],[51.56341295951122,35.72412283783562],[51.56280539701054,35.72420457852699],[51.56198996442643,35.72420839719014],[51.5611879189472,35.724052109917835],[51.56047377621237,35.72381651516659],[51.55981875099582,35.72353555949283],[51.559118812957045,35.723254809328445],[51.558494079007,35.723054851326694],[51.55786941112769,35.72286390597465],[51.55724507649409,35.72272029097529],[51.55663593103566,35.72257434826662],[51.55596720225908,35.72240613775822],[51.55520958432138,35.72227439938786],[51.55436429963471,35.722255763736584],[51.553430247474225,35.72229162859235],[51.55279327464316,35.722317102866846],[51.55212605189837,35.7223652534099],[51.551356331654894,35.72248149256239],[51.55060127619927,35.72262020012447],[51.5497426406206,35.722770647444776],[51.548884172161095,35.72294588250255],[51.54804050046584,35.72306243845781],[51.547062301701345,35.723111979726156],[51.54619427094123,35.723175952533616],[51.54472984598506,35.72307790257819],[51.54334196293363,35.722906197328506],[51.54232896519733,35.722766037967034],[51.542303169810225,35.72308888574438],[51.542292890034666,35.72346585813378],[51.54225764184607,35.723947644896015],[51.54222303316427,35.724523660197306],[51.542175797440066,35.72513114293539],[51.542114441485765,35.72555022643195],[51.54196782433177,35.72665025515499],[51.541894834102344,35.7272473836606],[51.54183418576562,35.72777116527103],[51.54173593908289,35.72843122848387],[51.541626128925834,35.72927980651684],[51.54134683159892,35.72975222299582],[51.54106639559668,35.7300571214613],[51.54082377034004,35.73025714742849],[51.540158249364424,35.73058471789222],[51.539556714713115,35.730880586711336],[51.538697934345834,35.731114785981305],[51.53800544542572,35.73125400276783],[51.5370946586841,35.73139419223563],[51.53631143381871,35.73140816326341],[51.53587519436376,35.73146246173999],[51.53514396391888,35.73157042451086],[51.53441259125253,35.73165744316559],[51.53369405790572,35.73174440031182],[51.53289854694279,35.73184216499637],[51.5320901929666,35.731939981341995],[51.531204930180934,35.73205907285738],[51.530486250330924,35.7321250712037],[51.52972932403512,35.73223311463548],[51.52897232624957,35.73233068346917],[51.52835637061436,35.73239621650014],[51.52767634688729,35.73248296828331],[51.526945095422974,35.73259088138174],[51.52620079372364,35.73266743676146],[51.52554644749343,35.7327540639843],[51.525033214835325,35.732819130343046],[51.52432750132776,35.732905975557394],[51.52366017241852,35.732971708910895],[51.523082936594214,35.73306845657012],[51.52245419739616,35.733144485271815],[51.52183829819091,35.733220454885064],[51.52118380568099,35.73328611872607],[51.52051660736179,35.73337277441584],[51.5195799453222,35.733492003325395],[51.51891274343834,35.73357865014717],[51.51811712698509,35.73366584750926],[51.517321712324105,35.73378444922971],[51.51662882271276,35.73387119408303],[51.51603852703003,35.73393655370285],[51.515409773858934,35.7340125456943],[51.51470424124532,35.734130744237866],[51.51404973495197,35.73419636937203],[51.513305607005236,35.73430425480885],[51.51243299537716,35.73440221395528],[51.51165027172,35.734499783733476],[51.51089336308493,35.73461817889959],[51.5101361844487,35.734694689804286],[51.50931499724498,35.73480287800298],[51.50859640652033,35.734889685681566],[51.507954930058716,35.73498663298716],[51.50737746009112,35.73505189589358],[51.50665893135833,35.735149161915864],[51.50576068496943,35.73525765107079],[51.50508054459142,35.735333805618424],[51.50449036036868,35.735420048503045],[51.50391275201868,35.735464355048975],[51.50311742930083,35.73560380292349],[51.502244790127214,35.73570168837356],[51.50124392919183,35.73583151343326],[51.500422651905964,35.735929171218366],[51.49992221886443,35.73599407722805],[51.499409008781136,35.73606950447923],[51.49872885502312,35.736145623214775],[51.497873861771396,35.736263446815215],[51.4972404519718,35.73635073064605],[51.49625235099001,35.73646999120839],[51.49557225563438,35.73655656204421],[51.49491777748743,35.73663255326088],[51.494199153678615,35.736719275181116],[51.49357042128832,35.7368056232514],[51.49285179436897,35.73689233714541],[51.49223583638456,35.73696815563329],[51.4915941933893,35.73704407615818],[51.490901245883094,35.73713067324973],[51.490246886958346,35.73722757893508],[51.489336008407065,35.73737787786512],[51.48868164546518,35.73747477506434],[51.48791189501345,35.73760354827544],[51.487219002360256,35.73770059413036],[51.48655204743043,35.73783941154911],[51.48588470759139,35.73791540581334],[51.4852689257455,35.738022598471524],[51.48464036371889,35.738140309752204],[51.483832010226386,35.738258742573805],[51.483113612608854,35.738387278126275],[51.48251060209072,35.73848393511257],[51.48194617983032,35.73859090432392],[51.48118918635016,35.73870911318729],[51.480393853071924,35.73885888125513],[51.479739466627045,35.73895572997318],[51.4789825291334,35.739084394917406],[51.478276958258085,35.739212850442385],[51.477648313494406,35.739320055399794],[51.47699404497982,35.73943782907802],[51.47622419347881,35.73955605783689],[51.47551855142657,35.73967402731621],[51.474543528729996,35.739845408840196],[51.47363252736166,35.73998511934336],[51.47268318153886,35.74015638448596],[51.47168221407628,35.74028596432933],[51.47096365429604,35.74039348771639],[51.47047607226341,35.74046869113452],[51.46974466662814,35.74057625760179],[51.469295486667605,35.74063036559296],[51.46869244176746,35.74072695354035],[51.468166327811744,35.74080229806841],[51.46737045764932,35.74086822085507],[51.466831437607254,35.740933139632766],[51.466215238767404,35.74097741546661],[51.4654449892081,35.7410327558274],[51.46484175337599,35.7410979147096],[51.463891887658505,35.741185351175304],[51.463327055592345,35.74122941367832],[51.46262101459266,35.74128448808403],[51.46176110322217,35.74138203114977],[51.46126048179963,35.74142583689724],[51.460567280181316,35.741480849913906],[51.459745711070426,35.74154682091408],[51.45907831317092,35.74162266686322],[51.45841079362438,35.7416775692242],[51.457769018644896,35.74174283986853],[51.45707581165451,35.74179783280262],[51.45638272347672,35.741873761648506],[51.45566376899037,35.74191837418188],[51.45490646450657,35.74199453832455],[51.45422615558418,35.74205993613884],[51.453584206270925,35.74211781544568],[51.45298603315515,35.742169153731474],[51.45227500284498,35.74223482787361],[51.45152403061812,35.74227571177586],[51.45060739234605,35.74238020561142],[51.44974021665936,35.74246429739152],[51.44889771486789,35.74252808090873],[51.44786322934809,35.74261563127589],[51.44786501423955,35.74293349551049],[51.447940305567656,35.74335045429353],[51.44803905804921,35.743548720670525],[51.448334282236964,35.74404429129271],[51.44870317793941,35.74463892032429],[51.44898410743744,35.74511986856016],[51.449293646396946,35.7456300572198],[51.449441433755574,35.745907640698796],[51.44971286630283,35.746303635318924],[51.44998149864937,35.74660095896585],[51.45022677167849,35.74687817583814],[51.45032559935086,35.747116208000165],[51.45037602319649,35.74741402248029],[51.45033053436478,35.7477913362902],[51.45027702917141,35.74830660466792],[51.45020158076311,35.74893232691951],[51.450127065777096,35.74972360296315],[51.450051666889934,35.750358522429366],[51.44999872933911,35.75097496229429],[51.449923068861054,35.75156389438441],[51.45046700207928,35.751975747067426],[51.450988218143245,35.75236008973672],[51.45155571876205,35.75294660375801],[51.45215739119816,35.753588172017665],[51.452588827302804,35.75405562448171],[51.45309967211885,35.75459635652363],[51.45321491371717,35.755019012037],[51.453387830750295,35.755662192453],[51.45352590480428,35.756130749420926],[51.45362981469221,35.75654424962092],[51.45377969927412,35.75710473777488],[51.45392932413779,35.75761923856676],[51.454021744460135,35.757995991300376],[51.4541712154053,35.75848289943152],[51.45432110756344,35.759043386675934],[51.454517135723314,35.75977845363115],[51.454644044236765,35.76026544647288],[51.45488379950208,35.760752011378884],[51.455236456099215,35.76124734507366],[51.45557809528588,35.76178870757428],[51.45596529901239,35.76240347679011],[51.45627335693303,35.762990952839566],[51.456444999663645,35.76340419246619],[51.456735344247,35.764837914548636],[51.45697876519935,35.76595909569333],[51.45704763714101,35.76616118068275],[51.45769507093935,35.76688532343591],[51.458183726562496,35.76747210498039],[51.45855842252461,35.76786617041483],[51.45891076291505,35.76829711055821],[51.459274180722105,35.768691216819434],[51.45962626338747,35.76907616776796],[51.46000123950018,35.769516215472564],[51.46043291452662,35.77000203237704],[51.460739652386856,35.7703503635599],[51.46109185591451,35.77075370478987],[51.461478187278836,35.771202901665355],[51.463250404006395,35.77319194985114],[51.46417080665082,35.77425531303614],[51.464897859636274,35.775061885806224],[51.46547739502324,35.775731062643565],[51.46593181810774,35.77623516598001],[51.46627267956994,35.77662014033186],[51.466658960886825,35.7770509249445],[51.46703401344216,35.77749094956679],[51.46732963003543,35.77785770176052],[51.46761439429582,35.77829807615602],[51.46794625486488,35.779069379078834],[51.46820920944549,35.77963860314168],[51.4684609887498,35.780226265358884],[51.46876974971738,35.780905680122004],[51.468975737716725,35.78138314910069],[51.469135928252335,35.78175042586119],[51.4694325461338,35.78228272498392],[51.46979754465529,35.78292512644649],[51.47013991937377,35.783558417801395],[51.47048213657901,35.78416411599566],[51.47081285365416,35.78473306798454],[51.47108670045905,35.78522866176601],[51.471326305617886,35.78566000641959],[51.47161150138746,35.78616475188561],[51.47177111453614,35.786430853783145],[51.47202065241788,35.78663221868171],[51.47415667692756,35.787172515510065],[51.47442677989938,35.787359304429074],[51.47476155037153,35.78765020170865],[51.475070581013945,35.787920326993685],[51.475302386513235,35.788128138538106],[51.475534193220604,35.78833594961924],[51.47585616284313,35.7886268945164],[51.47612658669509,35.78886586069516],[51.47638420310478,35.78910487711094],[51.47668031083184,35.78935417650124],[51.47701516041046,35.78965550351836],[51.47742724312506,35.79001914112679],[51.47782639508607,35.790361955828615],[51.47821274116158,35.790704820223326]]]}},{"type":"Feature","properties":{"region":5},"geometry":{"type":"Polygon","coordinates":[[[51.25047785890157,35.78672014807786],[51.250377176180386,35.78725231651822],[51.25002376666703,35.78769485058881],[51.24946084584056,35.78793495512709],[51.24879374742268,35.7880377760316],[51.248111918086806,35.78818570493478],[51.24746111439454,35.788525160787366],[51.24701842753102,35.78895660020806],[51.24663514657626,35.789365375014],[51.24622219107646,35.789796750198526],[51.24579387552435,35.79018307433122],[51.24536586684789,35.79055812600465],[51.24487840707437,35.79094456806613],[51.24442082231739,35.791376028279586],[51.24396378608549,35.79187510732551],[51.24352164941371,35.7923854245752],[51.24310869598123,35.79282805919151],[51.24263628883246,35.7932820831891],[51.242208248718256,35.79365712355259],[51.24173590013637,35.79413368441414],[51.24130867636186,35.79466650382564],[51.240970157622286,35.79514279171554],[51.2407209994505,35.795663980038],[51.24053150124925,35.7962436533636],[51.240594186501625,35.7968431061349],[51.241012208094936,35.79726151934218],[51.241592788426026,35.79756690026731],[51.24224711110481,35.79778196692825],[51.24293052476284,35.797895538499624],[51.24358453574181,35.79800691197004],[51.24395813660892,35.79848175657653],[51.24418382503524,35.79899296671201],[51.244453606294506,35.79944548091444],[51.244931219735385,35.799886299060944],[51.245467078260106,35.800146671514575],[51.24594411134733,35.800508594876426],[51.24606605085382,35.80101776036749],[51.24598016573132,35.80154087731447],[51.24570082509521,35.802028326608344],[51.24561485985024,35.802526648794384],[51.245854950769974,35.802990490739575],[51.24615498630615,35.80348801967921],[51.24626165015355,35.80397692965327],[51.246057362736224,35.80457692774796],[51.24613465514106,35.80507491433522],[51.24647880608337,35.80551825429568],[51.246808290762694,35.80602699097475],[51.246900749999604,35.80661736176794],[51.24648770021012,35.807046482938],[51.24625345692793,35.80758117528306],[51.24628672322697,35.80815814387898],[51.246660247992935,35.80858789830824],[51.247107589556634,35.808949877630354],[51.24751080700506,35.80935928157875],[51.24778060733381,35.80980051714139],[51.24812544377208,35.81034302876205],[51.248587746546725,35.810727511916824],[51.24912473537707,35.81110056756864],[51.24971994047552,35.81139460759984],[51.25034468538045,35.81162096139413],[51.25102903808478,35.81188099765394],[51.251579835855246,35.812130040566366],[51.2521165021653,35.81250308339915],[51.25223849983563,35.81301224137903],[51.25198887131824,35.813488371490685],[51.251427765337816,35.81392007484967],[51.25107445827115,35.814430231497255],[51.25101820982565,35.815020910103144],[51.251273769458145,35.81554105887844],[51.251678090883196,35.81606314835739],[51.2520969039613,35.81657168161104],[51.25248506482038,35.81701265660711],[51.2528143844165,35.81744248438769],[51.253084356610714,35.81791977172925],[51.2532958021689,35.81848509012359],[51.25327004673823,35.81908697504777],[51.25309461821951,35.81961930110288],[51.252696871597934,35.82008447511787],[51.25240279864505,35.82051561848747],[51.25218325804952,35.821104387275426],[51.252261101722155,35.82164970224271],[51.25270900868281,35.82215817149383],[51.25337921712784,35.82250838539798],[51.254137204037185,35.82261046421263],[51.25489514942926,35.82269901406045],[51.25550463015328,35.822880292021885],[51.255996922213896,35.823197060296664],[51.25632643201548,35.82367195840822],[51.25629988964391,35.824237780397276],[51.25600611912824,35.824761347438056],[51.255697988177744,35.82533904146075],[51.25556761181667,35.82589381473463],[51.25557075222113,35.82643928658057],[51.25558947152901,35.82709517322535],[51.255593267851545,35.82762937334511],[51.25558201509791,35.82821770258728],[51.255555582264876,35.8288195884454],[51.255544256535444,35.8293853773003],[51.255548306812614,35.829998468152375],[51.25555191199319,35.83068819731761],[51.255555744680656,35.83123366725018],[51.25555898707349,35.83181069497458],[51.25556234569468,35.83242378705542],[51.25556631655045,35.833012083314586],[51.25560030568839,35.83368146086862],[51.255751314848396,35.83415674079905],[51.25600678560771,35.8346205268533],[51.25641057988339,35.83515386983226],[51.256755293873184,35.83560619273939],[51.25689181728368,35.836092772343804],[51.25686524614878,35.836649577191835],[51.25678291251765,35.83772493069864],[51.25658116178018,35.841250679774916],[51.25633227320176,35.84176062577244],[51.255680366740734,35.84198967840249],[51.25502735857723,35.842092503735195],[51.25438953861238,35.842184023041085],[51.25499788846149,35.84218272805199],[51.25562215641187,35.84218139597652],[51.25631978617928,35.84217990352311],[51.25695855148553,35.842167263260215],[51.257700372475604,35.842134111356906],[51.258323837713,35.84209895641403],[51.25899232514649,35.8420749709843],[51.25973395246401,35.84198320197638],[51.260297185715174,35.841731779928615],[51.26081540012281,35.841471437219575],[51.260975709614435,35.840972945378304],[51.2617247306378,35.837252146113684],[51.26191360838955,35.8366070776612],[51.262028278661596,35.83591483652319],[51.2619954549159,35.83540549542079],[51.26199235166422,35.83488481900376],[51.26198787923044,35.834159027880176],[51.26199915223277,35.833590985032714],[51.26199608631232,35.83308157858002],[51.262036668956675,35.832378229005876],[51.26206270424089,35.83188002893623],[51.26213437391988,35.8313704586678],[51.262263827583396,35.830757075792896],[51.26237959601118,35.83019105759968],[51.26253906963185,35.82965875400711],[51.26268480600186,35.829158036901454],[51.26282981872752,35.82864830500124],[51.26303366681109,35.82793557977298],[51.26320687059053,35.827164316405025],[51.26332288149944,35.82667493391743],[51.263379315671266,35.82616539600983],[51.263435057193156,35.825655859558516],[51.26346036362243,35.824941272072046],[51.263457289048986,35.824431864960836],[51.2634227895983,35.823627247201166],[51.26338985032641,35.82308409503563],[51.263357053599,35.82258376934321],[51.26326453557857,35.822018207674994],[51.2631576680474,35.821506774507796],[51.26300576063918,35.820975153768885],[51.262839511852924,35.820499915413606],[51.26264343878707,35.820002201778415],[51.262417348466094,35.81942340794431],[51.262176047313275,35.81884690098682],[51.26196551984432,35.818369504167215],[51.26170991857857,35.8178606488476],[51.26145435770368,35.817363063079426],[51.26112358851328,35.81671687372635],[51.260883367169484,35.816253063875195],[51.26062792023559,35.815787032608704],[51.26035791768693,35.815312016229214],[51.260117668151636,35.814836934545255],[51.25978806206042,35.81432823559276],[51.25947298160272,35.81381725014979],[51.25912805300862,35.813274771775305],[51.25879841565645,35.812752545728294],[51.258438894445874,35.812187556324844],[51.25807962740878,35.81169920289756],[51.25777990555495,35.811224244420295],[51.25746507685772,35.81078312838563],[51.25710527483913,35.810125719345635],[51.25671511932992,35.809493168795996],[51.25644526347136,35.809049699426524],[51.25617538154233,35.80859721326777],[51.25590543005801,35.808122186108186],[51.25564997318388,35.80763585708897],[51.255319364216234,35.807012190709955],[51.25497419683149,35.80637728410398],[51.25465878859689,35.805744567171075],[51.25435783318785,35.80508702405558],[51.25407210160925,35.804429447791826],[51.25384634155036,35.803920511037525],[51.25355971080125,35.80319531374902],[51.253258738247155,35.80252649733972],[51.252913757565615,35.801938918988284],[51.25258392140058,35.80132651303942],[51.2522390511234,35.800770489128205],[51.25186535459883,35.80028440048431],[51.25147648035663,35.79980961278702],[51.250983667372275,35.79927643636546],[51.25051974247136,35.79868910010654],[51.25010113333872,35.79821211597806],[51.24992037737744,35.797703077200765],[51.24988761272497,35.797182458971726],[51.2499434213667,35.79667292604806],[51.25008917791993,35.796172221385405],[51.250398391667794,35.795741050408964],[51.25096039519884,35.79541303545478],[51.25155209372056,35.795071431134076],[51.2521737870149,35.79481090670997],[51.25276587024253,35.794593268649706],[51.2533884990849,35.79441162791145],[51.25396620208952,35.79424134954462],[51.25457363744513,35.794068751123696],[51.25530022639388,35.79395450103994],[51.25598290919437,35.79395304324113],[51.256606188007545,35.793976503520355],[51.25737809695742,35.79397484651724],[51.257971261094994,35.79388340762362],[51.25863700023293,35.79356414942558],[51.25910939111949,35.79313260335039],[51.2593735126175,35.7926789662152],[51.259666967407675,35.792101291769356],[51.259827076274476,35.79156898714152],[51.25995641132053,35.790933062476775],[51.25996854110754,35.79041234904996],[51.260113236785905,35.78982147188677],[51.26037730480536,35.78935656216099],[51.26085003875109,35.78903996518822],[51.26141304395575,35.7888336181029],[51.26212421074122,35.788674279322684],[51.26283614082392,35.78853747523542],[51.26362145555369,35.78842304596484],[51.264407759535324,35.7883987716745],[51.26503164369685,35.78840866270354],[51.26565479870113,35.78840728182693],[51.26633751656555,35.78843055988372],[51.26706541012336,35.788519100972984],[51.267882836658266,35.7886998537286],[51.26849188832127,35.78882246282246],[51.26911624164528,35.78896982906248],[51.26982931741104,35.78917334358579],[51.27058807532776,35.78938576687773],[51.271302080931214,35.78965689222808],[51.271881720710574,35.78987196704362],[51.272565638955605,35.7900394665732],[51.27322002090508,35.79026563504996],[51.273934043235656,35.79053674465788],[51.27458939725385,35.79084179537443],[51.27514047327722,35.79119216322799],[51.27566289555048,35.791655297254906],[51.27619981736983,35.7921093793027],[51.27675191476399,35.792549899506845],[51.27718493397369,35.792956881979734],[51.277648100864134,35.79347874974939],[51.27803725685212,35.79399853347324],[51.27833715197472,35.794507253101614],[51.2785783843247,35.79505217326867],[51.27880447402359,35.795617414632865],[51.2790744791354,35.79608112077469],[51.279523111349825,35.79659174458795],[51.280060040766415,35.79703228456919],[51.28068600688042,35.797416262134966],[51.281221498900194,35.79764266520052],[51.281831538453226,35.79782380940093],[51.2824847097532,35.79787862181915],[51.283167023077205,35.79776430784112],[51.28396749518125,35.797615899097295],[51.28472397785327,35.797546481456024],[51.28549591952993,35.797544643784235],[51.28611914479311,35.79754315652835],[51.286816382325256,35.79754148882188],[51.287426189090795,35.79765498359781],[51.28756283288766,35.79814153089173],[51.287595762162304,35.79863959734067],[51.2876586070374,35.79918492697826],[51.287632620249425,35.79984091843263],[51.287636751031854,35.80040892947964],[51.28764001885901,35.80092960747121],[51.28771743324532,35.80148617212745],[51.287810018104764,35.80202917591935],[51.28793324529452,35.80262845718435],[51.28787703270538,35.80315153201246],[51.28767192030559,35.803627629476345],[51.287378137835226,35.80407012861629],[51.28707027290726,35.80463663351114],[51.286865233295735,35.8051352698223],[51.28681011059923,35.80577104381316],[51.28694799388359,35.80640635540379],[51.287173890386015,35.80689268851077],[51.2875191444141,35.80748016683518],[51.2879679767571,35.80801329791142],[51.288459817470546,35.80838628623457],[51.28901062475867,35.80861261708954],[51.28954378242307,35.80836112986899],[51.289956803742186,35.8079859585551],[51.29047297185287,35.80744148203436],[51.29087039347154,35.80696491319003],[51.2912677690437,35.80647707287259],[51.29160617331497,35.805944293833505],[51.29191383705841,35.80533044296365],[51.29216238541806,35.80482042175146],[51.292411373580336,35.804242777427596],[51.29258589739288,35.80373293596959],[51.29273020871309,35.80309694126711],[51.292785415367696,35.80249722898822],[51.292825629615194,35.80177132645432],[51.29285214725174,35.80127086238504],[51.29287756587918,35.80065995246214],[51.292963496553156,35.80013905652221],[51.29354102199595,35.79993252386931],[51.29431166849957,35.79976157888272],[51.29495055503657,35.79987496393216],[51.29530977555285,35.8003046025533],[51.29529800095093,35.800859128079225],[51.295568853248554,35.80133406468462],[51.2960465475324,35.8018107436183],[51.29640582474561,35.802251648903095],[51.296749887485575,35.80269259076821],[51.29706481622227,35.80311106337127],[51.29714225640534,35.803656351291046],[51.29699805512351,35.80431263732309],[51.296793820776365,35.8048248127501],[51.29654465236411,35.80534611524947],[51.29631061573626,35.80584483927239],[51.29629949731163,35.8063880925054],[51.29652566932119,35.80693301248761],[51.2967515835184,35.80740805713452],[51.29709674160956,35.80795042701663],[51.29763290778312,35.808325521803496],[51.29799209654588,35.80873261128862],[51.298233413514104,35.80925269560004],[51.29862166548347,35.80965971075125],[51.299231751129405,35.80981822541364],[51.29997320075998,35.8097712897542],[51.30067136403611,35.80980334984085],[51.30108954985037,35.810255362736086],[51.301685416275184,35.810492792286325],[51.30211369670319,35.81014008147514],[51.30239219949887,35.809697585484486],[51.30265574210593,35.8091424242722],[51.30281559715876,35.808610065096936],[51.30310878585214,35.808030033330546],[51.303356754534015,35.80738474795412],[51.303456884316724,35.80679393379041],[51.303467824933556,35.80621686977378],[51.30343452636902,35.805648933970886],[51.303386276122936,35.80515091148038],[51.30335298724227,35.80458522957606],[51.30331973326914,35.8040285637158],[51.30328644538715,35.80346288168278],[51.30325332999192,35.8029422801376],[51.303279090790255,35.80244181593242],[51.303334651400284,35.80177447653811],[51.30352288629904,35.8010707361437],[51.3038151440608,35.80043660715717],[51.304122477136204,35.79976637432403],[51.304429848240645,35.79910741079991],[51.30463420048205,35.79864255683232],[51.30495674605147,35.79797453706433],[51.30519087883078,35.79752087651896],[51.30552797554208,35.796861834250684],[51.30586529216274,35.79626139576182],[51.30626243603887,35.795750965423565],[51.3066748701093,35.79526078107061],[51.30717689137677,35.794865035794345],[51.307724337635314,35.79459089055952],[51.30843533006225,35.79439746777248],[51.3090583104307,35.79433951099246],[51.30968146543226,35.794326631578635],[51.31039393418881,35.79433605809741],[51.311002837010726,35.79439308437373],[51.31171579241549,35.79452647465412],[51.31247489687176,35.79478596724897],[51.31302581038447,35.7950459991477],[51.31342915157003,35.79541911722751],[51.31378876223909,35.79592759154269],[51.31407340762686,35.796368639736045],[51.314448431216505,35.79692440664087],[51.31474825663762,35.7973541430499],[51.315106835492124,35.7977724539078],[51.31556991070085,35.79820175871681],[51.31612177360259,35.798518124953446],[51.31677643673309,35.79876659536848],[51.31728334680644,35.79908307506967],[51.317862862134135,35.79921903602246],[51.318604983503135,35.799194524347044],[51.31934591476844,35.79904603852885],[51.32002707465632,35.798827832271556],[51.32076786341716,35.798645527329874],[51.32140622177192,35.79862127612572],[51.32208884919996,35.79859690253775],[51.32281547113729,35.798504785060835],[51.32346859195299,35.79853908842701],[51.323989997763974,35.79884197636904],[51.32446826173577,35.799250919178675],[51.32488620364245,35.7996239588369],[51.32524586011307,35.800121127930865],[51.32542797760162,35.80067512944515],[51.32558063922927,35.80129908617332],[51.325688109406194,35.80186681428004],[51.325766426319184,35.80240982697305],[51.325799642146734,35.802919151492425],[51.32592204828047,35.80341696313627],[51.32613296382273,35.803905517531724],[51.32646313322052,35.80445911400298],[51.3267492750559,35.805071434804184],[51.32696120705759,35.805636622406006],[51.32700975307347,35.80617069897099],[51.32695420241792,35.80679296738918],[51.32686979051385,35.80746264943061],[51.32683001017111,35.8080510639489],[51.32674430195906,35.80857423633847],[51.326644333423026,35.80916281482282],[51.32660506930361,35.80987745423078],[51.32668280157581,35.810443007611816],[51.32673144156236,35.8109996240513],[51.32685428340847,35.81159886484728],[51.32693272032068,35.81216667001808],[51.327025445744624,35.812675830932605],[51.327132747339846,35.813196222148306],[51.32722548456911,35.8137076368266],[51.32734814877863,35.81426179644394],[51.32742593726824,35.81483861897092],[51.32750452094777,35.815440233688996],[51.32755358805478,35.816098280069724],[51.32755721078236,35.816641494450366],[51.327575868937274,35.817139586822044],[51.327580750585696,35.81782029423687],[51.32762995934152,35.81851215056171],[51.3277086320616,35.819134050897205],[51.327786298017024,35.81967931646066],[51.32784961190913,35.820267447984016],[51.327854031276296,35.82083545424442],[51.32791711409388,35.82136723522877],[51.327921074719825,35.82199159365124],[51.327925625031874,35.82259115595088],[51.327929343974375,35.82315690986478],[51.32788869586982,35.82370249881637],[51.32786252201738,35.82423452385258],[51.327837281614734,35.824825151309334],[51.32784137222559,35.825481065570585],[51.32784579211854,35.82604907133715],[51.32792466051523,35.82671605096936],[51.32815161903671,35.82738487890695],[51.32952254111946,35.82808437536877],[51.3298456031847,35.82756280337853],[51.330109246408824,35.82706393463118],[51.33046205450098,35.8265422789387],[51.33083036244168,35.82608820053578],[51.331168173654525,35.82562293509983],[51.331461264168176,35.825054106638454],[51.331649454400385,35.82438639015244],[51.33167568769989,35.823874650560974],[51.3317910472241,35.82333110754731],[51.33203948930764,35.82284354658268],[51.33209528364276,35.82228664403555],[51.33198691545979,35.821687369693215],[51.33192371108695,35.82113305087417],[51.33223214312024,35.82059798826883],[51.33257011178466,35.82017779893025],[51.33280474876103,35.81970154469387],[51.33294934295741,35.81920299983512],[51.33300532694253,35.81869343089442],[51.33303121935352,35.81810280004108],[51.3334429202755,35.817614781874994],[51.333825604943954,35.81713811333627],[51.333791611752396,35.81645748734543],[51.333577954701155,35.81566465951351],[51.33342577900709,35.815178209914734],[51.33327429704162,35.81469175814947],[51.33309184676577,35.8140791658369],[51.332967979020104,35.81341231334142],[51.33293408940408,35.81275422681239],[51.33285594898261,35.812267570478596],[51.332792737129864,35.81171099722197],[51.332715054600584,35.81116798832939],[51.33263662475171,35.8106114571429],[51.332618534345556,35.81009082307068],[51.33265891750965,35.80949113504476],[51.33281749397452,35.808866324197794],[51.33300661077074,35.808266222704894],[51.33306127224468,35.80760788950331],[51.333026456884355,35.80689345378905],[51.33290395377532,35.80638437983273],[51.332826417506936,35.80587518080731],[51.33273374824016,35.80538631012843],[51.332802663604745,35.8046625697925],[51.332932223038966,35.80404910914564],[51.33325400252894,35.803414827428014],[51.333621014698515,35.802845786237725],[51.3341083180623,35.80242517567419],[51.33461034199981,35.802051857012216],[51.335008591256745,35.80167657236746],[51.33515313989627,35.801178023612614],[51.33498611485648,35.800610470574036],[51.33475970847027,35.80006787767826],[51.33466693954674,35.799556467824985],[51.33495987278876,35.798978612926284],[51.335474792581024,35.79838886577533],[51.33578340903197,35.79792366732883],[51.3361798353894,35.79728691402148],[51.33629453081947,35.79676590682115],[51.33630542372083,35.79623392057385],[51.33631616401238,35.79566586991061],[51.33646016947807,35.79504334791092],[51.33669460551361,35.794542290358],[51.33686070205731,35.79413822563939],[51.3367616190788,35.79382000212291],[51.336629902813314,35.79348859925875],[51.33643263918645,35.793064483831344],[51.33623526548409,35.792613826514945],[51.33611939355503,35.792176211197],[51.33598672985525,35.79161920451582],[51.335854124065,35.79107546839259],[51.33573696836955,35.79033262492094],[51.33563593511241,35.78954992330764],[51.33548682336628,35.788953149090865],[51.335370793187664,35.788475720417196],[51.33525403744471,35.78782577152693],[51.335104261139755,35.78706974732444],[51.33498829194976,35.7866055888819],[51.33487215656767,35.7861016179496],[51.334837571135715,35.78562396092316],[51.334735603943145,35.78461565457513],[51.33461740828833,35.78362066421451],[51.33434700334096,35.78128573295189],[51.334246664734486,35.78066227835378],[51.33412981864167,35.77998578583056],[51.33402948344551,35.77936233089846],[51.333862391583594,35.77835420418913],[51.333831861481976,35.778076123710136],[51.33398931600248,35.77752234194936],[51.33406660795525,35.77690368418695],[51.334162572165305,35.775975753022905],[51.3342594910449,35.775275666245854],[51.33433609528943,35.774494261947865],[51.3344318485739,35.7735175063753],[51.33450838119613,35.7727198271371],[51.33458689603615,35.772394111776535],[51.334723405902395,35.77161253964583],[51.334938561709656,35.770537800849134],[51.33529213045461,35.769137178024785],[51.335469047396124,35.768469415385795],[51.33556642638506,35.76788324921436],[51.33554522229429,35.767590361739046],[51.33544023273231,35.76637004362154],[51.33525715276141,35.765573089164185],[51.334994269996876,35.76479263217557],[51.3347916402085,35.764093380414],[51.33454921396159,35.763426788959],[51.334206267574444,35.76259772882238],[51.33402423278642,35.76204489162668],[51.33382230084101,35.761508384346804],[51.33362009892204,35.76090677805125],[51.33343848096707,35.76045158770214],[51.33327710507632,35.760061440151354],[51.33309569523494,35.7596550731734],[51.33295401787317,35.75919977100255],[51.33263093770602,35.758338100824986],[51.332328510563386,35.75763912092002],[51.3321265334888,35.75708633561281],[51.3318842189753,35.756436012444524],[51.33166194271488,35.75580190813287],[51.33141990681495,35.75521668253985],[51.33115729932872,35.754485039462196],[51.33093544005728,35.75394858160415],[51.33077375184769,35.75347705674567],[51.33057193133043,35.752956817692024],[51.3302692055266,35.752176458365994],[51.330067054482676,35.75157484489473],[51.329925678644926,35.75118463712095],[51.32984446952056,35.75085936312848],[51.32974349795884,35.7505829680368],[51.32972272445031,35.75038772668599],[51.329681716539426,35.75012744146935],[51.329700132527925,35.7497530687011],[51.32973837854847,35.749346091618115],[51.32977622000474,35.74884146634205],[51.329833890905086,35.74830423670496],[51.32991112122527,35.747669303889815],[51.329988080744094,35.74696927217518],[51.33006551088771,35.74638316323038],[51.33016249932616,35.74569935100943],[51.330259351243996,35.744982989236746],[51.330317016320755,35.7444457590555],[51.330434436299086,35.74387581435743],[51.330491964465786,35.74330603459092],[51.330589148278406,35.742671045840176],[51.330706631348015,35.742117375442],[51.33076469679603,35.74167779308127],[51.33088237995809,35.74117294656976],[51.33096047412789,35.74074958367861],[51.33099904775628,35.74042397921102],[51.33107734343232,35.74004944034202],[51.33113581114483,35.73970750596232],[51.33117438359032,35.739381901388604],[51.3312129557323,35.739056296786586],[51.331271557461164,35.73874691172681],[51.33128982851684,35.738339988623245],[51.331348294129036,35.73799805405464],[51.331426450537755,35.73759096538789],[51.33146387029426,35.7369886903497],[51.33150196637907,35.73654916247662],[51.33158018834903,35.73615834834788],[51.33159838964536,35.735735150308685],[51.33163689071041,35.73539327066591],[51.3316948110151,35.73492113796386],[51.331772556363354,35.734416400519024],[51.3318684324544,35.73347219002822],[51.331965458467046,35.73280464978499],[51.332101251560914,35.731860328362174],[51.33229590492159,35.730671719682626],[51.33244988629611,35.72930419900401],[51.33266360544112,35.72790396227537],[51.33291730363208,35.72651988882519],[51.33303386412754,35.725754643136106],[51.33320730674418,35.72427314179068],[51.333283126569675,35.72380520174041],[51.333480874751544,35.722872736222115],[51.33342585697972,35.72191782628847],[51.333450276909986,35.72183237186181],[51.33349599397699,35.72157486513702],[51.33357315740057,35.72112466214843],[51.33361278628034,35.72077841962388],[51.33374816622415,35.72040957954592],[51.33376069024436,35.720130405712226],[51.33379989729984,35.71968367420344],[51.33387943186832,35.71905818141522],[51.333919292187616,35.71876776584341],[51.33395882498819,35.718399192218556],[51.33398517999389,35.71815347644998],[51.3340113010707,35.71785193349917],[51.334037094656715,35.71747223248982],[51.33410480445211,35.71729339486946],[51.334117841277234,35.717137040646584],[51.33412975558745,35.7167127159726],[51.33415428545151,35.71603154808673],[51.33427474726782,35.71537244394589],[51.33436805885689,35.71476924315171],[51.33447482605859,35.7141101768564],[51.33452785786962,35.71369690284544],[51.334609121802856,35.71307838264381],[51.33470045350889,35.71241238054806],[51.33476275268378,35.71192427111605],[51.334976552920594,35.710673129795694],[51.335029589383865,35.71026208844324],[51.335135510657615,35.709404276159546],[51.33518850799389,35.70898430230044],[51.3354797017984,35.706588135462454],[51.33554517314989,35.70612042787617],[51.33570690160965,35.70499918876968],[51.33581175869194,35.704280300973004],[51.335934038200435,35.70342937748237],[51.336107042571506,35.701815721462076],[51.335351290661805,35.70167118446243],[51.33459535700728,35.701482647618576],[51.334037015138,35.701249560396356],[51.33362244917579,35.701001405615216],[51.33324264992988,35.70067169173133],[51.332954647731505,35.700387322454525],[51.33271890197983,35.69990402482935],[51.332676530759045,35.699510575417804],[51.33146508688328,35.69947206348554],[51.33104422204973,35.69947322559979],[51.33058222784686,35.699457753487344],[51.32985334397949,35.699443013739476],[51.329073135382494,35.69942841037824],[51.32835444808628,35.699396887478834],[51.32757427449868,35.69939064735554],[51.32695830651859,35.69937558168387],[51.32602408995002,35.69935300516225],[51.32528487442072,35.69932151971919],[51.32459708649279,35.699315009742854],[51.32359098233893,35.69928423578198],[51.32255415164045,35.699270282141505],[51.32167122841085,35.69923916083837],[51.320716451007186,35.699208225194205],[51.31951531500162,35.699177938455264],[51.31841686289252,35.69915574024235],[51.3170054978733,35.69912498157417],[51.31597396794529,35.699100909568166],[51.31477156619452,35.6990612009944],[51.31387814618111,35.6990742597911],[51.31297139752791,35.699039117935804],[51.311946418279895,35.69900963555872],[51.31076372829907,35.69896983567099],[51.310027874034894,35.698955663751036],[51.30946280798232,35.698935688030446],[51.30892479246766,35.69892172102654],[51.30827235523299,35.69892339975419],[51.30748932794599,35.69889880036338],[51.30664105740596,35.69887436270553],[51.30580914924732,35.69886318207825],[51.30481403041087,35.698825801160694],[51.30394945040717,35.69880138598031],[51.30295433309299,35.69876398967972],[51.301910384624186,35.698753317553155],[51.299924386522676,35.69869905670726],[51.299790035341,35.69875083671417],[51.29838535452631,35.69865488141906],[51.29793157447885,35.69873832016667],[51.29338261358092,35.699546158223704],[51.29111573146423,35.699957348948985],[51.29056286906989,35.70005077843045],[51.29011157988092,35.70013475081345],[51.28976014912776,35.70019482327963],[51.289394529293794,35.700259006635385],[51.28910092108588,35.70030945091165],[51.28867437422003,35.7003873433311],[51.28828380061852,35.70046146897653],[51.2878212168317,35.70054545993203],[51.287257089741935,35.70064811012932],[51.286414000346774,35.70078221647674],[51.28540673997733,35.70098404755113],[51.28436872560488,35.70117069098638],[51.28358191888304,35.70130029282273],[51.28258847424473,35.701481957818295],[51.28148056832585,35.70167065191022],[51.28040611157334,35.70187591178885],[51.27957423241098,35.70202401746119],[51.27977325976254,35.702710355429026],[51.279930206699774,35.7032502092091],[51.28005656999021,35.70367669582232],[51.280194843683226,35.704108004225475],[51.280327309217974,35.7045781243488],[51.28049567449796,35.7051112075805],[51.28067625857191,35.70573640793841],[51.28092295379039,35.70656029444005],[51.281019289010956,35.70689955393538],[51.281121554195295,35.707233949638066],[51.281199778690706,35.70749565479143],[51.281272245593,35.70781072106663],[51.28133859567458,35.708077303750464],[51.28139291666464,35.70830511631426],[51.281453287001206,35.708562013370766],[51.281525533311786,35.708814032708794],[51.28164583065674,35.7092017331656],[51.28171800962879,35.7094343533674],[51.282071488964,35.710180389382664],[51.28240631094174,35.7106936784695],[51.28289043705162,35.71138605641279],[51.28327292814319,35.71192347939045],[51.2836619058651,35.71261122906759],[51.2837714479843,35.71331418853491],[51.28376017597429,35.713488807437486],[51.283731633315945,35.71382351007182],[51.28369764412573,35.714298869285145],[51.28364633179241,35.71491976292528],[51.28362414908766,35.71537084518516],[51.28358996890209,35.7157928570989],[51.28357283555421,35.715991738689056],[51.28356206301689,35.71630699998348],[51.28352750268295,35.71662231752611],[51.28348706411437,35.716957048068714],[51.28344665970399,35.71730147806073],[51.283394774716726,35.717762329894164],[51.2833315121644,35.71836870196474],[51.283308793904055,35.718884850559036],[51.2832918365437,35.71929315728153],[51.28328948764468,35.71973902282436],[51.283185980530185,35.720221213146495],[51.282976991374575,35.72090733660527],[51.282806380747324,35.72132473050755],[51.282508170238266,35.72181058697303],[51.28218515846294,35.7222363580994],[51.28181791889632,35.72267025139205],[51.28140144876971,35.72308822101058],[51.281029262829975,35.723516109170845],[51.280643688695605,35.72398312042066],[51.28016603816929,35.72448542905326],[51.27981682234319,35.72480700717635],[51.27927176191393,35.72536961250257],[51.27883715480559,35.72588183929997],[51.27824905466356,35.72644454004847],[51.27768525299773,35.72692699103331],[51.277072237055606,35.72739952931974],[51.27669832266441,35.72769609584163],[51.276404328987375,35.72799748880586],[51.27628200475083,35.72817318768497],[51.276189619962935,35.72834206852435],[51.27602270854312,35.728732613009925],[51.2759615541941,35.72882296819935],[51.275876194702924,35.72902364106583],[51.27560686665692,35.729350034791636],[51.27517785931683,35.729716889923225],[51.27450351196177,35.73023967487188],[51.27384744125615,35.73071730708541],[51.27295149737251,35.7311553870451],[51.27189557024192,35.73154871626027],[51.27141059701229,35.73173525621591],[51.270980807473855,35.73188157418479],[51.27063087544546,35.732012674570726],[51.2704773552216,35.73205812835028],[51.27023205573123,35.73222908660902],[51.26959998828687,35.732546260458584],[51.26907256720205,35.73290830319746],[51.26833073805517,35.7334913477989],[51.2673986746513,35.73417505058427],[51.26630102426383,35.73497939995798],[51.26543026470692,35.7356228558966],[51.26517894643604,35.73583892426922],[51.26491543233621,35.736085090502534],[51.26440665810728,35.73652224999447],[51.2639836251289,35.73686399226302],[51.2636280101578,35.73714544186626],[51.263168384520604,35.737577476014366],[51.2628191755479,35.737939099579606],[51.26247024424571,35.738385923850046],[51.262127357529764,35.738802662445444],[51.26185820420516,35.73920921510051],[51.261448790561225,35.73996189450483],[51.26100333788457,35.74097526979031],[51.26069220458829,35.741707684673116],[51.260484888558466,35.74222937320419],[51.26028412722794,35.742876344573034],[51.26018744984789,35.74339278016325],[51.26010347630306,35.74403448550401],[51.26006225851492,35.744590895649864],[51.260009120764195,35.745262605237194],[51.260017527741304,35.74595422874121],[51.260037559796295,35.74644033919521],[51.260112761129356,35.746876210867256],[51.2602255073503,35.74751247671306],[51.26030708836899,35.74801850084892],[51.26038252223091,35.74852453824693],[51.26054439345271,35.749140649242236],[51.260768062207205,35.74985185140894],[51.260948252777894,35.75042782669098],[51.261097309394025,35.75088358409709],[51.26119729545064,35.7513745315331],[51.261297052401666,35.75179531286354],[51.2613474085301,35.75215104728829],[51.261441380937164,35.752682102657616],[51.26152272810158,35.75311294766398],[51.261616538095666,35.75359388426275],[51.261716662686695,35.75412492584546],[51.26175541721476,35.754691184642965],[51.26177554479333,35.755202353309436],[51.26180717874835,35.75547292614573],[51.2617957715744,35.755743593040286],[51.26177910581801,35.75628491335251],[51.26177519918384,35.75696653856953],[51.261654248980605,35.757583264921735],[51.2615874512666,35.757839017031756],[51.26139810228664,35.758225345648576],[51.261244883564004,35.75845898522434],[51.26105736997438,35.75861759900479],[51.26072420042051,35.75875181011926],[51.26005756709542,35.75893123994215],[51.25946976767683,35.75910555140984],[51.25890008213995,35.759255101330886],[51.25850011998274,35.759369675030314],[51.257493687881876,35.75951521623083],[51.25716684586331,35.75973345025378],[51.25686464786141,35.760070284220234],[51.256708423353246,35.76053040219962],[51.256728838037375,35.76121756095442],[51.25685242013898,35.76191933011653],[51.256921028282925,35.76250256337393],[51.25692245618585,35.76299825928641],[51.25663007665682,35.76366834409824],[51.25635184157645,35.764223440453094],[51.25613208319782,35.764688248403246],[51.25487935012255,35.76861299593733],[51.25482388038406,35.76921269530883],[51.25423231483143,35.76953177586086],[51.25363947078533,35.769668276949716],[51.25426462693168,35.7699058820195],[51.25487362295593,35.77006237189167],[51.25511371216495,35.77053972233097],[51.255686486708015,35.774483112215584],[51.2561210156453,35.775207991811996],[51.25653942279611,35.775648892408505],[51.256335102258205,35.776192559012905],[51.25565435720951,35.776534377779114],[51.25515186829497,35.77682847766477],[51.25475446096613,35.777329725621684],[51.25469825700099,35.77791815533327],[51.25482014466017,35.778404773313106],[51.255208788959735,35.77883447131634],[51.255108371633014,35.77943651966476],[51.25450155368709,35.77976690394821],[51.25386528233464,35.779971120198645],[51.2533620018426,35.78024267356222],[51.25320184334261,35.780765954487165],[51.25280454048511,35.781310022665274],[51.25276331905252,35.78183079766905],[51.252334970471786,35.78218333463405],[51.251757315347625,35.78234233493829],[51.251563838647584,35.78239458501333],[51.25130601479397,35.783749816538815],[51.25141274722479,35.78425900993061],[51.251608875202116,35.78482436682179],[51.25146408968205,35.78540396424284],[51.25093175507925,35.785686838591786],[51.25056328229781,35.78617448709378],[51.25047785890157,35.78672014807786]]]}},{"type":"Feature","properties":{"region":6},"geometry":{"type":"Polygon","coordinates":[[[51.426025382981436,35.701753748375715],[51.42547726187305,35.70173781187443],[51.4246440725259,35.70170500118933],[51.423854725836485,35.70167202994785],[51.42324093732501,35.70167419546916],[51.422627054134445,35.701658477814924],[51.42137746170263,35.70164499010386],[51.420566195720156,35.701612074225054],[51.419711182304404,35.70159718621642],[51.41907547302762,35.70159940713202],[51.418286222943145,35.701584279404],[51.41767224764976,35.70155065641034],[51.417036445211295,35.70153498649601],[51.416225275014405,35.70151992139869],[51.414997606145384,35.70150629142223],[51.41414268721292,35.70150924390719],[51.41326547706191,35.70144074551843],[51.411796770981475,35.70144579284837],[51.41076301330628,35.70139045513596],[51.41028065994313,35.70137422434115],[51.409557359465076,35.701394574713035],[51.40903107274008,35.70136060840705],[51.408351522528946,35.701362922055964],[51.40771563163045,35.701329322802884],[51.406816780778286,35.701314492064654],[51.40600570495384,35.70131723814974],[51.40528222217007,35.701301802663814],[51.40460249096473,35.701268334969384],[51.40379132497813,35.70125318604121],[51.40293631733211,35.70123817882337],[51.402563570929246,35.701221549108205],[51.40166472186347,35.701206679880976],[51.400919409476245,35.701209171606145],[51.400129986317296,35.7011581645798],[51.399362753296494,35.70116071973562],[51.39837613230492,35.701128237546634],[51.39668795334088,35.70108018751917],[51.39372827445142,35.70101841108186],[51.39090029995781,35.70099189378872],[51.389672466496705,35.70094224518198],[51.3874582806067,35.70091365268344],[51.38292005066613,35.70080305480231],[51.37750771479008,35.70065032207492],[51.37733429756095,35.70213074652892],[51.37730951773525,35.702475472492736],[51.377207037991326,35.70314355019553],[51.377130355157654,35.703682303686655],[51.3771466123478,35.70432846751963],[51.37716195397478,35.704780769709146],[51.377151954760635,35.70545932667836],[51.37716856881282,35.70618088090909],[51.3771992025228,35.707074714878],[51.37725533125434,35.707774604205795],[51.3772839814093,35.70824840476038],[51.37727220142739,35.70855000853893],[51.377248284919034,35.709077825492116],[51.37725067730852,35.7095840192119],[51.37725322246919,35.71012252312213],[51.37727065331087,35.711016397988416],[51.37729986493372,35.71160866910266],[51.377302716101035,35.712211793272125],[51.3773320303176,35.712825604402425],[51.377348851824244,35.713590237991674],[51.37736511352464,35.71423640070838],[51.37738066251756,35.71473178238368],[51.37741038591112,35.71543175377335],[51.377426852372665,35.716120996545875],[51.37752296688307,35.71689615047235],[51.37756482915658,35.71736990865909],[51.377606793883224,35.71786520691779],[51.37763545027883,35.718339006559546],[51.37769016421035,35.71873733258163],[51.3777848568453,35.71921092423236],[51.377852524287356,35.71955535823029],[51.377946147567954,35.71980277843193],[51.378173834403945,35.720469814632324],[51.37836134109138,35.72101850463291],[51.378841562456344,35.722018619501014],[51.37945382173054,35.72300754453208],[51.380477800003746,35.72446905063683],[51.380836522345405,35.72490949117248],[51.38106249900973,35.725210339550955],[51.38138222137791,35.725780144743666],[51.38218126355774,35.7271454184244],[51.38240776795193,35.72755396449632],[51.382542796414924,35.72816743567321],[51.38266415333696,35.72868401841429],[51.38267849869203,35.72892091710851],[51.38275966291026,35.72931915566163],[51.38274877977181,35.729803849418815],[51.382751673928915,35.73040697137816],[51.382780210901124,35.73084845849067],[51.382796004356166,35.7313869180026],[51.382851994247275,35.732043721359595],[51.38282805727297,35.732560767146886],[51.382804688659014,35.73319628321121],[51.382780440949716,35.73364870872289],[51.38279592496332,35.7341225478148],[51.38279856145229,35.73467181920355],[51.38281404582774,35.735145658210655],[51.38284341234958,35.73575946534628],[51.38283309795286,35.736362628856],[51.38282252492235,35.736911942192144],[51.38284064709136,35.73793505210373],[51.382855150016034,35.73820426046028],[51.382897107890116,35.73868878487003],[51.38290274525704,35.73986271687015],[51.38289134494839,35.74023970962917],[51.382853730202385,35.74065986675322],[51.382922059151284,35.74113353660731],[51.3830311078025,35.74183325013201],[51.383164978694616,35.74226656015552],[51.383393444738054,35.74300604201036],[51.38382107062419,35.74401707103755],[51.38426114006373,35.744866505891395],[51.38451412882848,35.74527496177349],[51.384554542241524,35.745436384802474],[51.38471515802891,35.74586667664855],[51.384862512028946,35.746286240623654],[51.38511811002641,35.747233195185075],[51.38524008620295,35.74786824340919],[51.38533532816984,35.74843875632434],[51.38544373144007,35.74899845665044],[51.3854991837779,35.74953678667889],[51.38552748326332,35.74992442161995],[51.385568891043455,35.750290474068805],[51.38587292801542,35.750321806877956],[51.38642810158834,35.75037387045835],[51.38690389799091,35.75040464720692],[51.387485497211756,35.75045662066395],[51.38796129447492,35.75048739322421],[51.388635223040154,35.75050675197946],[51.389322627156126,35.75057991402579],[51.38997034304714,35.75064243101179],[51.390578370367145,35.75069430358107],[51.39129214943525,35.75075659831929],[51.39238924460856,35.750849946036276],[51.393010327939194,35.75086945311739],[51.393631517916326,35.75091049695734],[51.39450390199052,35.750983022222194],[51.39546877375085,35.75105523628405],[51.39649965520307,35.75111645428037],[51.39727923555837,35.75112464517015],[51.39807031271568,35.75121474016982],[51.39877719577096,35.75123225934925],[51.39992307155711,35.75130791250751],[51.40065432761478,35.751325339395706],[51.401790218947944,35.75137051351924],[51.40255553445604,35.75135870852925],[51.40348196759753,35.75141519699979],[51.40414010950056,35.75143284857781],[51.40523664291882,35.75138941568061],[51.40591905562342,35.751387108599964],[51.406625941470196,35.751404581636095],[51.40757695276592,35.75150068911888],[51.40843047852672,35.75159712100243],[51.40925912433801,35.75159429702955],[51.41013692275545,35.75167076705468],[51.41106356918547,35.7517669302376],[51.411917409728076,35.75192293706677],[51.412649187507654,35.752039623867596],[51.41347835270296,35.752136103674296],[51.41399078554115,35.75225353806427],[51.414722259179584,35.752310612495215],[51.41518522626408,35.752289144280546],[51.41611105593075,35.75222633594372],[51.41669557104437,35.75214483950522],[51.41769305658134,35.75180363313526],[51.41898195177338,35.751262731922836],[51.419394495663035,35.75092355276223],[51.419904417785595,35.750564164481794],[51.42058535487159,35.750283642382705],[51.420681163582536,35.749965435612744],[51.4208990378295,35.749686534462164],[51.42106795825399,35.7493680708569],[51.421285829537375,35.74908916899837],[51.42147911821257,35.74877061922803],[51.42164824454772,35.74849188791901],[51.42181673908217,35.74809395697265],[51.42198544224688,35.747735758909],[51.422007815112764,35.747358208415555],[51.42203071355304,35.74707999074046],[51.42217409656449,35.74654307895957],[51.42239016729885,35.745926443336565],[51.42248427960105,35.7452903698152],[51.4224810166049,35.74467450600362],[51.422551494123944,35.74417758415655],[51.42259916154466,35.743788488796945],[51.422595179871706,35.7432238167388],[51.422689708781746,35.74266720913164],[51.42273602496219,35.742210106039146],[51.4227579717477,35.74175308875665],[51.422803865768294,35.741216519230484],[51.42285007520775,35.740739549406456],[51.42287170501496,35.74022293223108],[51.422868755642185,35.73966666770436],[51.42281801804612,35.739289374197234],[51.42276738625214,35.73893194723567],[51.4226184410983,35.73841593078967],[51.42246991880893,35.73797938049354],[51.42239439578745,35.73752270607172],[51.4222942958286,35.737026384114685],[51.42221803864831,35.73643064327413],[51.42209315359348,35.73585494035332],[51.4219692162157,35.73545803670486],[51.42186880640768,35.73490211436004],[51.421646459832445,35.7343267534006],[51.42147347919454,35.73387042048882],[51.421251348213744,35.73333479189399],[51.42105295727648,35.732679877618345],[51.4209525575146,35.73212395418521],[51.42094983201653,35.731607422015834],[51.42102093742461,35.731229699744894],[51.42111630289103,35.73083202528891],[51.421381281213996,35.7302549523447],[51.4218889624523,35.72949822283408],[51.422203606974115,35.729099776356776],[51.42259113267876,35.72866133843032],[51.42293013521723,35.728262804246945],[51.42329339365473,35.72784431654234],[51.423705588339175,35.72746538896947],[51.42411735674463,35.72700699346871],[51.424456556064506,35.726648188236545],[51.4248186358086,35.726011162976185],[51.42525231933943,35.72509574477833],[51.42537043198635,35.72439998088923],[51.42556311596785,35.723982090591804],[51.42580335864714,35.723345494099796],[51.42594656935586,35.72278870953354],[51.426211911072095,35.72229109216471],[51.42655044409309,35.721813081106525],[51.426889610653554,35.721454268933286],[51.4272287741791,35.721095455803734],[51.427519103304654,35.72071694863977],[51.42778421551311,35.72017959446164],[51.42809676983329,35.71940366617117],[51.42861804881717,35.71919573976489],[51.428527657819515,35.71869541346345],[51.42835014156743,35.718302679957745],[51.428105508206436,35.71765986098327],[51.42748575647939,35.71657136972902],[51.42726440018447,35.71617879057624],[51.42688756406759,35.71541127701822],[51.426691659016804,35.7146469511678],[51.426510155230616,35.714171986920164],[51.42644009057141,35.71373211584678],[51.42643665236018,35.71308843577737],[51.42643426477763,35.712641435688425],[51.42643159074759,35.71214079554913],[51.42640642009002,35.711532953204795],[51.426403555363706,35.71099655295299],[51.426400404252185,35.71040651262045],[51.42637590286899,35.70992383017765],[51.426350733505934,35.709315987590195],[51.42636797834579,35.70843978895991],[51.42643050041159,35.70783163474292],[51.42651379809565,35.7070088423039],[51.426576700097286,35.706472207971515],[51.426574121293214,35.705989447351016],[51.42663721320501,35.7054885729548],[51.426677809265094,35.704880496248094],[51.42671878690232,35.70434393958405],[51.42678159007211,35.70378942490131],[51.426821706530596,35.70309194782983],[51.426883265727334,35.70230499255303],[51.42685857330272,35.70178654949124],[51.426025382981436,35.701753748375715]]]}},{"type":"Feature","properties":{"region":7},"geometry":{"type":"Polygon","coordinates":[[[51.45060739234605,35.74238020561142],[51.45152403061812,35.74227571177586],[51.45227500284498,35.74223482787361],[51.45298603315515,35.742169153731474],[51.453584206270925,35.74211781544568],[51.45422615558418,35.74205993613884],[51.45490646450657,35.74199453832455],[51.45566376899037,35.74191837418188],[51.45638272347672,35.741873761648506],[51.45707581165451,35.74179783280262],[51.457769018644896,35.74174283986853],[51.45841079362438,35.7416775692242],[51.45907831317092,35.74162266686322],[51.459745711070426,35.74154682091408],[51.460567280181316,35.741480849913906],[51.46126048179963,35.74142583689724],[51.46176110322217,35.74138203114977],[51.46262101459266,35.74128448808403],[51.463327055592345,35.74122941367832],[51.463891887658505,35.741185351175304],[51.46484175337599,35.7410979147096],[51.4654449892081,35.7410327558274],[51.466215238767404,35.74097741546661],[51.466831437607254,35.740933139632766],[51.46737045764932,35.74086822085507],[51.468166327811744,35.74080229806841],[51.46793282813387,35.74040534200881],[51.46771278706033,35.74011303477003],[51.46751867782615,35.73986250680572],[51.46725937682328,35.7394447094998],[51.467000568860286,35.739110671096995],[51.46672849207214,35.73870339246179],[51.466222635615274,35.7379733002965],[51.465862966978435,35.7374814484348],[51.46562821352913,35.73712823227693],[51.46526906866114,35.736724908292324],[51.46490963264436,35.73627099473032],[51.46453483586745,35.73584243429446],[51.46428487546187,35.73553986383423],[51.463800766369715,35.7349852498001],[51.46336356682623,35.734493689677066],[51.46300429850668,35.734065064339994],[51.462644814061086,35.733598496503404],[51.46223872572901,35.73311945961522],[51.46187946965534,35.732690830730434],[51.46152014429715,35.73224955358634],[51.461129654033094,35.731783100233606],[51.46077019086515,35.73131652646122],[51.460395731506466,35.730938540968374],[51.460068465278994,35.7306742001152],[51.45947743987185,35.73039822087665],[51.4589640464355,35.730134589310474],[51.45856017804717,35.730034953561066],[51.45903694564382,35.72932487596756],[51.459344688160236,35.72889368654301],[51.45960596807673,35.72847532163978],[51.45995979883914,35.72796806961842],[51.46023651015529,35.72753699675412],[51.4605438744997,35.72704256853275],[51.460882547876565,35.72659860897838],[51.46126694428075,35.726015351126534],[51.461543641883985,35.72558427521936],[51.461862170424055,35.72513569857558],[51.46215870198042,35.724658646924944],[51.46248169996266,35.72418944826153],[51.462789257718626,35.72373295565941],[51.463096518491035,35.72322587368886],[51.4634811030473,35.72268055011217],[51.463865388421155,35.72208463671817],[51.46424988876094,35.72152666351628],[51.46457278838055,35.721044812037135],[51.464911266956456,35.72057554676775],[51.4651724172637,35.720144522475486],[51.465449368724464,35.71976402606504],[51.465725948671434,35.71932029327806],[51.466048535292884,35.71878784920555],[51.46630900890998,35.71824299807414],[51.46663143953867,35.71768525810781],[51.46703081637042,35.71702603844127],[51.46735382936536,35.716569473703494],[51.46769271739853,35.71617608343059],[51.46798559628685,35.715871403615914],[51.46829331357806,35.71545283824694],[51.468570456786594,35.71511027604531],[51.4689712162547,35.71469134575296],[51.46954114589328,35.71403145124029],[51.469972687226274,35.71357445486268],[51.47049704638017,35.713079150899496],[51.470882128868496,35.712634980721155],[51.47132938651613,35.71221586012525],[51.47171460966554,35.711796981591],[51.47226966198973,35.71125095946644],[51.47268574042093,35.71080666152977],[51.47317920025232,35.71033676231769],[51.47358006179902,35.709943111018276],[51.47427390043455,35.709270057609196],[51.473295313031024,35.70899567507557],[51.472736091122755,35.70883346124529],[51.47209918769754,35.708646255355426],[51.47150895697019,35.70848415771259],[51.47086332460125,35.70829551161539],[51.470166558683815,35.70809967491415],[51.469504575821034,35.707903698155036],[51.46870320030907,35.70766098406184],[51.46823853014933,35.707502052224015],[51.46761139163694,35.70731538468697],[51.466844972767404,35.70710088874674],[51.466229268086494,35.70688580277802],[51.46520753432517,35.70662500957458],[51.46429019922571,35.70637325959446],[51.463930376359684,35.70629900578637],[51.46358198250799,35.70619634002898],[51.46290843818003,35.70600037144658],[51.46229302597413,35.70583254201626],[51.461596411250206,35.70565556604644],[51.46081837656563,35.70543162062331],[51.4602493444533,35.705263602682],[51.45964553618779,35.705095715171744],[51.45897206486921,35.704909179761046],[51.45836815337074,35.7047223750359],[51.457643678583274,35.7044852030784],[51.45702777446913,35.70431983755306],[51.456378209874615,35.7041275763287],[51.45574125943835,35.703915431536274],[51.455060571247046,35.70372132947664],[51.45442403434893,35.70358069750252],[51.453721329161816,35.70336879081272],[51.45306277457492,35.70321035446193],[51.45222854838392,35.70299893522894],[51.45142563365336,35.7027947362849],[51.45009875660998,35.702399006127514],[51.44927087398433,35.70220098046727],[51.44864859293789,35.70223711847442],[51.44801504457912,35.70219223511728],[51.447313469565394,35.70217697059168],[51.44639278384576,35.70218039717666],[51.445603624533916,35.7021833286446],[51.445165003349345,35.702149195020915],[51.44437574474146,35.70213423844424],[51.443520723125914,35.70211951964288],[51.44273136589727,35.70208667228278],[51.44213949682199,35.70208885335976],[51.441459745720756,35.70205559397039],[51.4409994032116,35.702057285750506],[51.44058300143738,35.7020766948938],[51.44010063915468,35.70206058367582],[51.43946473115532,35.70202715229296],[51.43832473732698,35.702013439341336],[51.43760124405552,35.701998198209125],[51.43694351420655,35.701982713403254],[51.43622002138738,35.70196746396461],[51.43538692349554,35.70195260770847],[51.4345756496283,35.70191978631987],[51.43354526294242,35.7019056312888],[51.432690148081974,35.70187295549679],[51.43196665679505,35.70185768047833],[51.43122124469591,35.70184247984887],[51.430248331083654,35.701851398722894],[51.42949240300028,35.701831564674755],[51.42685857330272,35.70178654949124],[51.426883265727334,35.70230499255303],[51.426821706530596,35.70309194782983],[51.42678159007211,35.70378942490131],[51.42671878690232,35.70434393958405],[51.426677809265094,35.704880496248094],[51.42663721320501,35.7054885729548],[51.426574121293214,35.705989447351016],[51.426576700097286,35.706472207971515],[51.42651379809565,35.7070088423039],[51.42643050041159,35.70783163474292],[51.42636797834579,35.70843978895991],[51.426350733505934,35.709315987590195],[51.42637590286899,35.70992383017765],[51.426400404252185,35.71040651262045],[51.426403555363706,35.71099655295299],[51.42640642009002,35.711532953204795],[51.42643159074759,35.71214079554913],[51.42643426477763,35.712641435688425],[51.42643665236018,35.71308843577737],[51.42644009057141,35.71373211584678],[51.426510155230616,35.714171986920164],[51.426691659016804,35.7146469511678],[51.42688756406759,35.71541127701822],[51.42726440018447,35.71617879057624],[51.42748575647939,35.71657136972902],[51.428105508206436,35.71765986098327],[51.42835014156743,35.718302679957745],[51.428527657819515,35.71869541346345],[51.42861804881717,35.71919573976489],[51.42809676983329,35.71940366617117],[51.42778421551311,35.72017959446164],[51.427519103304654,35.72071694863977],[51.4272287741791,35.721095455803734],[51.426889610653554,35.721454268933286],[51.42655044409309,35.721813081106525],[51.426211911072095,35.72229109216471],[51.42594656935586,35.72278870953354],[51.42580335864714,35.723345494099796],[51.42556311596785,35.723982090591804],[51.42537043198635,35.72439998088923],[51.42525231933943,35.72509574477833],[51.4248186358086,35.726011162976185],[51.424456556064506,35.726648188236545],[51.42411735674463,35.72700699346871],[51.423705588339175,35.72746538896947],[51.42329339365473,35.72784431654234],[51.42293013521723,35.728262804246945],[51.42259113267876,35.72866133843032],[51.422203606974115,35.729099776356776],[51.4218889624523,35.72949822283408],[51.421381281213996,35.7302549523447],[51.42111630289103,35.73083202528891],[51.42102093742461,35.731229699744894],[51.42094983201653,35.731607422015834],[51.4209525575146,35.73212395418521],[51.42105295727648,35.732679877618345],[51.421251348213744,35.73333479189399],[51.42147347919454,35.73387042048882],[51.421646459832445,35.7343267534006],[51.42186880640768,35.73490211436004],[51.4219692162157,35.73545803670486],[51.42209315359348,35.73585494035332],[51.42221803864831,35.73643064327413],[51.4222942958286,35.737026384114685],[51.42239439578745,35.73752270607172],[51.42246991880893,35.73797938049354],[51.4226184410983,35.73841593078967],[51.42276738625214,35.73893194723567],[51.42281801804612,35.739289374197234],[51.422868755642185,35.73966666770436],[51.42287170501496,35.74022293223108],[51.42357870584426,35.74028003950461],[51.42404191745101,35.74031813741277],[51.4246513402443,35.74035571620076],[51.425285132048394,35.7403932055345],[51.42596766137035,35.74043051852734],[51.426747877841095,35.740507214192256],[51.42767430687869,35.74058338377608],[51.42843005110461,35.74064028878158],[51.42945385039923,35.7406962300151],[51.43018522827853,35.74075321118589],[51.4309655590101,35.74084974601142],[51.43167257066993,35.74090680563623],[51.43218474197824,35.740984429932276],[51.43274597493633,35.74112147597606],[51.433234427414334,35.74131838301575],[51.43399288479085,35.74187191690296],[51.43453062399218,35.74216797509178],[51.43519010410183,35.7424437224659],[51.435654092963155,35.742620841364875],[51.43616638760345,35.74271831513057],[51.43719087166123,35.742893389543255],[51.437873427179305,35.74293063478741],[51.43884841382283,35.74296680709178],[51.4395550113829,35.74294435405312],[51.440383454460054,35.74292144978379],[51.441041422588206,35.7429190334019],[51.44182101645501,35.74287643182116],[51.44255198135814,35.74285387146888],[51.44330742537913,35.74285108318641],[51.44398965123162,35.74282869413572],[51.444731162798575,35.74282062999734],[51.44552129298307,35.74277915552435],[51.44615859548821,35.74277678787759],[51.44674269696333,35.742699275521815],[51.44732733255077,35.74265736386902],[51.44786322934809,35.74261563127589],[51.44889771486789,35.74252808090873],[51.44974021665936,35.74246429739152],[51.45060739234605,35.74238020561142]]]}},{"type":"Feature","properties":{"region":8},"geometry":{"type":"Polygon","coordinates":[[[51.46869244176746,35.74072695354035],[51.469295486667605,35.74063036559296],[51.46974466662814,35.74057625760179],[51.47047607226341,35.74046869113452],[51.47096365429604,35.74039348771639],[51.47168221407628,35.74028596432933],[51.47268318153886,35.74015638448596],[51.47363252736166,35.73998511934336],[51.474543528729996,35.739845408840196],[51.47551855142657,35.73967402731621],[51.47622419347881,35.73955605783689],[51.47699404497982,35.73943782907802],[51.477648313494406,35.739320055399794],[51.478276958258085,35.739212850442385],[51.4789825291334,35.739084394917406],[51.479739466627045,35.73895572997318],[51.480393853071924,35.73885888125513],[51.48118918635016,35.73870911318729],[51.48194617983032,35.73859090432392],[51.48251060209072,35.73848393511257],[51.483113612608854,35.738387278126275],[51.483832010226386,35.738258742573805],[51.48464036371889,35.738140309752204],[51.4852689257455,35.738022598471524],[51.48588470759139,35.73791540581334],[51.48655204743043,35.73783941154911],[51.487219002360256,35.73770059413036],[51.48791189501345,35.73760354827544],[51.48868164546518,35.73747477506434],[51.489336008407065,35.73737787786512],[51.490246886958346,35.73722757893508],[51.490901245883094,35.73713067324973],[51.4915941933893,35.73704407615818],[51.49223583638456,35.73696815563329],[51.49285179436897,35.73689233714541],[51.49357042128832,35.7368056232514],[51.494199153678615,35.736719275181116],[51.49491777748743,35.73663255326088],[51.49557225563438,35.73655656204421],[51.49625235099001,35.73646999120839],[51.4972404519718,35.73635073064605],[51.497873861771396,35.736263446815215],[51.49872885502312,35.736145623214775],[51.499409008781136,35.73606950447923],[51.49992221886443,35.73599407722805],[51.500422651905964,35.735929171218366],[51.50124392919183,35.73583151343326],[51.502244790127214,35.73570168837356],[51.50311742930083,35.73560380292349],[51.50391275201868,35.735464355048975],[51.50449036036868,35.735420048503045],[51.50508054459142,35.735333805618424],[51.50576068496943,35.73525765107079],[51.50665893135833,35.735149161915864],[51.50737746009112,35.73505189589358],[51.507954930058716,35.73498663298716],[51.50859640652033,35.734889685681566],[51.50931499724498,35.73480287800298],[51.5101361844487,35.734694689804286],[51.51089336308493,35.73461817889959],[51.51165027172,35.734499783733476],[51.51243299537716,35.73440221395528],[51.513305607005236,35.73430425480885],[51.51404973495197,35.73419636937203],[51.51470424124532,35.734130744237866],[51.515409773858934,35.7340125456943],[51.51603852703003,35.73393655370285],[51.51662882271276,35.73387119408303],[51.517321712324105,35.73378444922971],[51.51811712698509,35.73366584750926],[51.51891274343834,35.73357865014717],[51.5195799453222,35.733492003325395],[51.52051660736179,35.73337277441584],[51.52118380568099,35.73328611872607],[51.52183829819091,35.733220454885064],[51.52245419739616,35.733144485271815],[51.523082936594214,35.73306845657012],[51.52366017241852,35.732971708910895],[51.52432750132776,35.732905975557394],[51.525033214835325,35.732819130343046],[51.52554644749343,35.7327540639843],[51.52620079372364,35.73266743676146],[51.526945095422974,35.73259088138174],[51.52767634688729,35.73248296828331],[51.52835637061436,35.73239621650014],[51.52897232624957,35.73233068346917],[51.52972932403512,35.73223311463548],[51.530486250330924,35.7321250712037],[51.531204930180934,35.73205907285738],[51.5320901929666,35.731939981341995],[51.53289854694279,35.73184216499637],[51.53369405790572,35.73174440031182],[51.53441259125253,35.73165744316559],[51.53514396391888,35.73157042451086],[51.53587519436376,35.73146246173999],[51.53631143381871,35.73140816326341],[51.5370946586841,35.73139419223563],[51.53800544542572,35.73125400276783],[51.538697934345834,35.731114785981305],[51.539556714713115,35.730880586711336],[51.540158249364424,35.73058471789222],[51.54082377034004,35.73025714742849],[51.54106639559668,35.7300571214613],[51.54134683159892,35.72975222299582],[51.541626128925834,35.72927980651684],[51.54173593908289,35.72843122848387],[51.54183418576562,35.72777116527103],[51.541894834102344,35.7272473836606],[51.54196782433177,35.72665025515499],[51.542114441485765,35.72555022643195],[51.542175797440066,35.72513114293539],[51.54222303316427,35.724523660197306],[51.54225764184607,35.723947644896015],[51.542292890034666,35.72346585813378],[51.542303169810225,35.72308888574438],[51.54232896519733,35.722766037967034],[51.5417346019613,35.72265601786024],[51.54109599895621,35.72254394009789],[51.540293409644825,35.722401040049895],[51.53969972758998,35.72228875273909],[51.53908994044334,35.72214497798194],[51.53843668146164,35.7220104112773],[51.53767886703158,35.72184475238782],[51.53708450158862,35.721732455189965],[51.536431642900766,35.72165648128503],[51.53558551006097,35.72161292281022],[51.53484403987679,35.721616227500384],[51.534073848008376,35.7216647365332],[51.53331869359283,35.72179206590464],[51.5324738680019,35.72184089614556],[51.5318213877818,35.72182124700191],[51.531183344441715,35.72179026016497],[51.530574476550804,35.72167799491872],[51.52998021162651,35.721579186487794],[51.52919655087706,35.721785507887525],[51.52942374652811,35.72228265344768],[51.529591904632355,35.722838664435265],[51.52975975106916,35.72334734127696],[51.5299430270789,35.72388976061137],[51.530125180562415,35.72436681688396],[51.52951804682743,35.72441457687764],[51.52886394434299,35.72425742139967],[51.52829419717144,35.72460085954469],[51.5275958381637,35.724540693084265],[51.5266336470094,35.72445638519303],[51.52568705081984,35.72438464871139],[51.524833514763394,35.7243124980631],[51.5240421851606,35.7242653646603],[51.523529700031276,35.72416642106935],[51.52289313844675,35.72406801566438],[51.521976907779326,35.72389493860831],[51.52126263670879,35.72377156755729],[51.520656522882724,35.72358448637367],[51.51987955932538,35.72336019977464],[51.519242268182765,35.723147951623694],[51.518465230605,35.72291100876883],[51.51782819278071,35.72273669417214],[51.51715989307547,35.72252456864811],[51.516320748255694,35.72227523194975],[51.51541948962279,35.72201350860704],[51.51465790188423,35.72176382731319],[51.513911990887806,35.72153936887442],[51.513259301833706,35.72133980214905],[51.512544498133664,35.721127849615975],[51.5118606353572,35.72090311352028],[51.51120803746066,35.720716182620066],[51.51064865867666,35.72055414656981],[51.509980395808526,35.72034198078704],[51.50929662746277,35.720129877038445],[51.50858192536791,35.719930547813185],[51.50785147656772,35.71969333870193],[51.50724550460894,35.71951883639416],[51.5066549638497,35.719331618499936],[51.50594011502916,35.7191069793028],[51.50530305402417,35.71891995074199],[51.50465040730994,35.71872033688432],[51.50390447228508,35.71848316875987],[51.5031276837419,35.71827142009443],[51.50244379168583,35.71803398288054],[51.50168251982035,35.7178221599086],[51.50087448840568,35.717572584909945],[51.49997325284048,35.717298097746365],[51.49970897593883,35.71719801852962],[51.4990558826695,35.71692249151047],[51.498480651320996,35.71669722738088],[51.4978430745984,35.71642162930743],[51.497112925179444,35.71622229564227],[51.49658462210809,35.716060065197254],[51.49583881379879,35.71583549367743],[51.495217388463445,35.71566099428132],[51.49458030103131,35.7154612613248],[51.493834582005746,35.71524932437476],[51.4931353909828,35.715037191702685],[51.49237401569211,35.714800015100835],[51.49170592614929,35.71460039396686],[51.49105327004905,35.71438805856025],[51.49029198461506,35.714163515774224],[51.489608397624764,35.713963946212594],[51.489002352988145,35.713764056980175],[51.488303110129614,35.71353924885889],[51.48752617817914,35.71328945724619],[51.48671815862581,35.71302713917242],[51.48587905214871,35.7127522940044],[51.485382040002456,35.712627829792616],[51.484698554842424,35.71244087921766],[51.483890706189094,35.71220383623927],[51.48320738108597,35.71204217138637],[51.482508398434646,35.711855270681035],[51.481855788614894,35.71164288493097],[51.4811565839398,35.71141803490527],[51.48048847387842,35.71120570380957],[51.4796959292582,35.710930628958906],[51.478763749257176,35.710643458260854],[51.47811131047538,35.710456346294556],[51.47762968021845,35.710306493778766],[51.477070365027004,35.710131653116484],[51.47651097679607,35.7099441626838],[51.47592072778576,35.70978208685463],[51.475299166026666,35.70956954227955],[51.474724429157654,35.70940739914837],[51.47427390043455,35.709270057609196],[51.47358006179902,35.709943111018276],[51.47317920025232,35.71033676231769],[51.47268574042093,35.71080666152977],[51.47226966198973,35.71125095946644],[51.47171460966554,35.711796981591],[51.47132938651613,35.71221586012525],[51.470882128868496,35.712634980721155],[51.47049704638017,35.713079150899496],[51.469972687226274,35.71357445486268],[51.46954114589328,35.71403145124029],[51.4689712162547,35.71469134575296],[51.468570456786594,35.71511027604531],[51.46829331357806,35.71545283824694],[51.46798559628685,35.715871403615914],[51.46769271739853,35.71617608343059],[51.46735382936536,35.716569473703494],[51.46703081637042,35.71702603844127],[51.46663143953867,35.71768525810781],[51.46630900890998,35.71824299807414],[51.466048535292884,35.71878784920555],[51.465725948671434,35.71932029327806],[51.465449368724464,35.71976402606504],[51.4651724172637,35.720144522475486],[51.464911266956456,35.72057554676775],[51.46457278838055,35.721044812037135],[51.46424988876094,35.72152666351628],[51.463865388421155,35.72208463671817],[51.4634811030473,35.72268055011217],[51.463096518491035,35.72322587368886],[51.462789257718626,35.72373295565941],[51.46248169996266,35.72418944826153],[51.46215870198042,35.724658646924944],[51.461862170424055,35.72513569857558],[51.461543641883985,35.72558427521936],[51.46126694428075,35.726015351126534],[51.460882547876565,35.72659860897838],[51.4605438744997,35.72704256853275],[51.46023651015529,35.72753699675412],[51.45995979883914,35.72796806961842],[51.45960596807673,35.72847532163978],[51.459344688160236,35.72889368654301],[51.45903694564382,35.72932487596756],[51.45856017804717,35.730034953561066],[51.4589640464355,35.730134589310474],[51.45947743987185,35.73039822087665],[51.460068465278994,35.7306742001152],[51.460395731506466,35.730938540968374],[51.46077019086515,35.73131652646122],[51.461129654033094,35.731783100233606],[51.46152014429715,35.73224955358634],[51.46187946965534,35.732690830730434],[51.46223872572901,35.73311945961522],[51.462644814061086,35.733598496503404],[51.46300429850668,35.734065064339994],[51.46336356682623,35.734493689677066],[51.463800766369715,35.7349852498001],[51.46428487546187,35.73553986383423],[51.46453483586745,35.73584243429446],[51.46490963264436,35.73627099473032],[51.46526906866114,35.736724908292324],[51.46562821352913,35.73712823227693],[51.465862966978435,35.7374814484348],[51.466222635615274,35.7379733002965],[51.46672849207214,35.73870339246179],[51.467000568860286,35.739110671096995],[51.46725937682328,35.7394447094998],[51.46751867782615,35.73986250680572],[51.46771278706033,35.74011303477003],[51.46793282813387,35.74040534200881],[51.468166327811744,35.74080229806841],[51.46869244176746,35.74072695354035]]]}},{"type":"Feature","properties":{"region":9},"geometry":{"type":"Polygon","coordinates":[[[51.33511731281197,35.697330938207045],[51.33578226743668,35.69727041813765],[51.33671751539867,35.6973557881806],[51.33756349324521,35.69758805421998],[51.338140232987314,35.69792372985273],[51.338734831711996,35.69823002186096],[51.3391502089336,35.69866880449304],[51.339313451054394,35.69900564258442],[51.3394064003531,35.69972397453001],[51.34131241914039,35.699777228135986],[51.342445156056364,35.699788665568704],[51.34323635611605,35.69981573509457],[51.344207409534654,35.69985694877288],[51.344944610484575,35.699869496773466],[51.345609832258624,35.699867582420964],[51.34620326531366,35.69989520195005],[51.34697636102792,35.69989296873026],[51.347857522170095,35.69993441287688],[51.34861270319394,35.699946886278234],[51.34927798951508,35.69995961665849],[51.35003317092199,35.69997208114515],[51.35078848140482,35.70001387090365],[51.351435789535095,35.70002664191338],[51.352101012153064,35.70002469167999],[51.352658425566865,35.70003771987285],[51.353413672975954,35.700064828144505],[51.35424083685474,35.70009171938215],[51.35513978678065,35.70008906210584],[51.35582311937119,35.70011636808063],[51.35634457587154,35.70012948581982],[51.35690199053495,35.700142494352406],[51.35774720090482,35.70018397299954],[51.358619803288384,35.700198991269716],[51.35870215264755,35.69946522296785],[51.35874309135931,35.699045945022704],[51.35878399042036,35.69861793474582],[51.358855866944204,35.6979365919242],[51.358896293867346,35.69740379402478],[51.35894801431396,35.69700194844726],[51.35898954347299,35.69657995762924],[51.359070821918,35.69574411376866],[51.35912171575446,35.69515888980768],[51.359183667269654,35.69465222440099],[51.359293780325544,35.694170561180805],[51.35923310448324,35.69372099387728],[51.359138357081775,35.693520325794886],[51.35909091901625,35.693405638224014],[51.35893618711598,35.692908506473394],[51.35874678220658,35.69252630768435],[51.358337525489155,35.69246054652262],[51.35508709013824,35.69221184195865],[51.35382869491535,35.687923516750544],[51.35392682204703,35.68719956629102],[51.35393936299992,35.68696177475155],[51.35387922697444,35.686748108664304],[51.35380199700763,35.686493103881396],[51.35369937068777,35.686231275713446],[51.35358795373493,35.68589359340582],[51.3534936621559,35.68560414776847],[51.353365214230884,35.685238922670166],[51.352844304358754,35.683749047672336],[51.35297048423085,35.68360209032248],[51.353022681150485,35.68345535048562],[51.35304298061471,35.68326559083892],[51.35311440916532,35.68268765813665],[51.353155007209125,35.68230813875981],[51.35318553174386,35.68204074443173],[51.35329732625115,35.68103155635355],[51.35336924692963,35.68056571731465],[51.35344021312805,35.67988431278686],[51.35348073202163,35.67948754790588],[51.353521441301424,35.679133896076266],[51.353593831037,35.67856935441577],[51.35354456808814,35.67856662928356],[51.353627939052004,35.6779153280549],[51.35369922595973,35.67734576147506],[51.353751182744354,35.676956913002634],[51.353841748352586,35.676195679021106],[51.35388791552284,35.67601488165861],[51.35374703816435,35.6760207715343],[51.35245449529118,35.67362575951637],[51.35219779883346,35.673134746796116],[51.3519746779295,35.67274670566196],[51.35190089943386,35.672752396580144],[51.35127882823064,35.671659301343944],[51.35110019717293,35.67136210051372],[51.351001154546964,35.6711886361696],[51.35084631190124,35.67089787987627],[51.35133526815305,35.670720454465766],[51.35107194449897,35.67040489539617],[51.350374641677334,35.67004020119667],[51.34951712140431,35.66964080351355],[51.34896809295736,35.66939121485934],[51.34859177852378,35.66921647805029],[51.348067447413214,35.66898188469692],[51.34748755824913,35.66871228383248],[51.34679048252973,35.66839278155047],[51.346327835111616,35.66818312094702],[51.345840520987245,35.66796348217872],[51.34522366488512,35.66768392938406],[51.34497091946505,35.66757207199869],[51.34417295990876,35.667196108590296],[51.34381572802795,35.66704195119908],[51.3435300602336,35.66694578089582],[51.34325615358291,35.66682047979528],[51.3429704040003,35.66670491073584],[51.3424232597839,35.66660948467841],[51.34167373370801,35.66643704179879],[51.34088880299548,35.666322887773674],[51.33958141419817,35.66632659391633],[51.338524398182194,35.66651385768988],[51.33736028562452,35.666672316789885],[51.336718882212494,35.666771106298945],[51.3360538286659,35.66689905510619],[51.33536492064218,35.667007669244335],[51.3347354381051,35.667116113713895],[51.33389213651896,35.66725424644357],[51.33315576122456,35.667382377661255],[51.33243126907976,35.66751047146336],[51.33171861988411,35.66762882934579],[51.331065356244416,35.66773732037406],[51.33015084824623,35.667904719823206],[51.32931937586941,35.668033089178195],[51.32859487153837,35.66816115994804],[51.3280485302901,35.66825964297395],[51.327323982093915,35.668378007392754],[51.326623203107346,35.66849630276236],[51.32599369670938,35.668604701630954],[51.32537603481447,35.66870336626594],[51.32477033595665,35.66882139301813],[51.324022006174545,35.66893980194261],[51.32254918977343,35.66919593942134],[51.32113575404064,35.66944220116508],[51.32037552706988,35.669560619282336],[51.31963906956664,35.669678969287645],[51.31887887677933,35.66980707670098],[51.31835628387058,35.66990545266731],[51.3173941416123,35.67006318284231],[51.316408300417365,35.67024036549137],[51.315600553067476,35.6703685776139],[51.314721563500854,35.67051636887189],[51.31389011475594,35.670664029354846],[51.313022966752534,35.670802078411654],[51.31206087870207,35.67097916351809],[51.31120564792538,35.67112686732947],[51.31040976918727,35.67125501386746],[51.309578304624445,35.67140264463692],[51.30875864814602,35.671530841620154],[51.30792650766732,35.671655389135005],[51.30775643046819,35.671709207976974],[51.30728154253161,35.67185590767826],[51.307045123152335,35.672195972028625],[51.306942329619034,35.67251144702464],[51.306913592092485,35.67276611480839],[51.3068849009689,35.67303290599185],[51.306930732758666,35.67336012419628],[51.306961613643594,35.673663133551266],[51.30699282095326,35.674051006782186],[51.30705425775029,35.67457216147019],[51.30708700414582,35.675360107206934],[51.304026493289065,35.67545276717249],[51.30356597393432,35.67547818046477],[51.30310540826242,35.675491468581214],[51.30267451337215,35.67549255654521],[51.30227342712279,35.67551781492433],[51.30203569191729,35.67551841372867],[51.30161970107829,35.67553158392412],[51.30111455935201,35.675544976497655],[51.300505408221234,35.67555862755017],[51.2997477177287,35.675584770315716],[51.298945405908235,35.67559889599146],[51.29824710307936,35.67561275776507],[51.29748945639833,35.675651009746524],[51.296731763911254,35.67567713354113],[51.295810627470324,35.67570365574888],[51.294978596582425,35.67571782828146],[51.294220902531805,35.67574393628174],[51.2934780664623,35.67577000316214],[51.29273522987692,35.67579606546172],[51.29187356892532,35.67583453592094],[51.29111587262112,35.67586062439051],[51.29029878572721,35.67589897538786],[51.2894964686483,35.67591303812121],[51.28835244850645,35.67594004103984],[51.287163764652924,35.675942892962574],[51.2862872406118,35.67598135903653],[51.28552949750085,35.67599528893109],[51.28466778736474,35.6760215844118],[51.28398442261624,35.676059575094165],[51.28324157985261,35.67608557884638],[51.28249869367897,35.67609945458061],[51.28162216545299,35.67613788670974],[51.28076040967631,35.67615203079923],[51.27976501111857,35.676190727640986],[51.27885876322221,35.67622920898431],[51.277807710868814,35.676248791706215],[51.27690911063123,35.676302033051506],[51.276093998540304,35.6763209668281],[51.27519533747982,35.67635714118927],[51.274380224345855,35.67637606336775],[51.27369058036796,35.67641174806077],[51.272917328284635,35.67644761912393],[51.27199770422591,35.67646676299464],[51.27116174513099,35.67650276500973],[51.27036753127328,35.67652161276316],[51.2682149801635,35.67662877313655],[51.263202101477354,35.67731261508821],[51.26374899405848,35.678351727866314],[51.26442058224077,35.679168856664866],[51.265197434871595,35.68020745508619],[51.26603713078431,35.68128001749776],[51.26708634001151,35.68248854185169],[51.2679887391403,35.68354389611908],[51.26866089655472,35.68450425536788],[51.2688462764494,35.68492678686152],[51.269082058411605,35.68541742218311],[51.2692842582085,35.68586720207826],[51.26943610534485,35.68626252096778],[51.269671802677344,35.68672586830345],[51.269924595713235,35.68729832422294],[51.27012675885843,35.687734459179175],[51.270328970441476,35.688184237094994],[51.27062365240837,35.68877706209415],[51.27084287148529,35.68930866131731],[51.27112430038339,35.68988583774121],[51.271577929953814,35.69066368353823],[51.27197700939067,35.69131029749891],[51.27234766788773,35.691933848957845],[51.27286055012003,35.69269582954142],[51.27340187038904,35.6934808686289],[51.27394312189366,35.69424277966242],[51.27462684790864,35.69521249269587],[51.27542422987629,35.69625131753146],[51.27613618129196,35.6971747054673],[51.27662038181101,35.69782110709626],[51.27727549856376,35.698698367850696],[51.27787400797211,35.69959888172514],[51.27852915308557,35.7004761352697],[51.27912736626033,35.70128414078983],[51.27957423241098,35.70202401746119],[51.28040611157334,35.70187591178885],[51.28148056832585,35.70167065191022],[51.28258847424473,35.701481957818295],[51.28358191888304,35.70130029282273],[51.28436872560488,35.70117069098638],[51.28540673997733,35.70098404755113],[51.286414000346774,35.70078221647674],[51.287257089741935,35.70064811012932],[51.2878212168317,35.70054545993203],[51.28828380061852,35.70046146897653],[51.28867437422003,35.7003873433311],[51.28910092108588,35.70030945091165],[51.289394529293794,35.700259006635385],[51.28976014912776,35.70019482327963],[51.29011157988092,35.70013475081345],[51.29056286906989,35.70005077843045],[51.29111573146423,35.699957348948985],[51.29338261358092,35.699546158223704],[51.29793157447885,35.69873832016667],[51.29838535452631,35.69865488141906],[51.299790035341,35.69875083671417],[51.299924386522676,35.69869905670726],[51.301910384624186,35.698753317553155],[51.30295433309299,35.69876398967972],[51.30394945040717,35.69880138598031],[51.30481403041087,35.698825801160694],[51.30580914924732,35.69886318207825],[51.30664105740596,35.69887436270553],[51.30748932794599,35.69889880036338],[51.30827235523299,35.69892339975419],[51.30892479246766,35.69892172102654],[51.30946280798232,35.698935688030446],[51.310027874034894,35.698955663751036],[51.31076372829907,35.69896983567099],[51.311946418279895,35.69900963555872],[51.31297139752791,35.699039117935804],[51.31387814618111,35.6990742597911],[51.31477156619452,35.6990612009944],[51.31597396794529,35.699100909568166],[51.3170054978733,35.69912498157417],[51.31841686289252,35.69915574024235],[51.31951531500162,35.699177938455264],[51.320716451007186,35.699208225194205],[51.32167122841085,35.69923916083837],[51.32255415164045,35.699270282141505],[51.32359098233893,35.69928423578198],[51.32459708649279,35.699315009742854],[51.32528487442072,35.69932151971919],[51.32602408995002,35.69935300516225],[51.32695830651859,35.69937558168387],[51.32757427449868,35.69939064735554],[51.32835444808628,35.699396887478834],[51.329073135382494,35.69942841037824],[51.32985334397949,35.699443013739476],[51.33058222784686,35.699457753487344],[51.33104422204973,35.69947322559979],[51.33146508688328,35.69947206348554],[51.332676530759045,35.699510575417804],[51.33269694973797,35.69895084742966],[51.332928104906024,35.69833426750688],[51.33350158340966,35.697892718455606],[51.33430487649922,35.697504568568135],[51.33511731281197,35.697330938207045]]]}},{"type":"Feature","properties":{"region":10},"geometry":{"type":"Polygon","coordinates":[[[51.375050238805066,35.6686882932954],[51.37298216581076,35.66796987690992],[51.37137127532057,35.66746551018354],[51.370241734991176,35.667214318645506],[51.368136620095314,35.66701476631053],[51.367342638757954,35.6670463228978],[51.366691452553894,35.66708471928038],[51.36604023235462,35.66711583113276],[51.3653536537608,35.66721985821773],[51.364595725123024,35.6673313792243],[51.36391803228356,35.667428090028956],[51.36322249236946,35.66752485102401],[51.36254502733625,35.667672521216204],[51.3618853063604,35.667798290767955],[51.36110079635547,35.6679535566082],[51.36020937407224,35.66814554377235],[51.35936262692558,35.66835195283588],[51.35848910690207,35.66855843590871],[51.357490825298264,35.6688016898441],[51.356643771668324,35.668942550692016],[51.35590372477837,35.669068526131944],[51.35548502935496,35.66922267022502],[51.35500393656939,35.66939155964836],[51.35469423044371,35.669505047325394],[51.35422135488449,35.66968221838437],[51.35362468497318,35.66989000591754],[51.35301002832187,35.67011788266997],[51.352032660579205,35.67046738994411],[51.35133526815305,35.670720454465766],[51.35084631190124,35.67089787987627],[51.351001154546964,35.6711886361696],[51.35110019717293,35.67136210051372],[51.35127882823064,35.671659301343944],[51.35190089943386,35.672752396580144],[51.3519746779295,35.67274670566196],[51.35219779883346,35.673134746796116],[51.35245449529118,35.67362575951637],[51.35374703816435,35.6760207715343],[51.35388791552284,35.67601488165861],[51.353841748352586,35.676195679021106],[51.353751182744354,35.676956913002634],[51.35369922595973,35.67734576147506],[51.353627939052004,35.6779153280549],[51.35354456808814,35.67856662928356],[51.353593831037,35.67856935441577],[51.353521441301424,35.679133896076266],[51.35348073202163,35.67948754790588],[51.35344021312805,35.67988431278686],[51.35336924692963,35.68056571731465],[51.35329732625115,35.68103155635355],[51.35318553174386,35.68204074443173],[51.353155007209125,35.68230813875981],[51.35311440916532,35.68268765813665],[51.35304298061471,35.68326559083892],[51.353022681150485,35.68345535048562],[51.35297048423085,35.68360209032248],[51.352844304358754,35.683749047672336],[51.353365214230884,35.685238922670166],[51.3534936621559,35.68560414776847],[51.35358795373493,35.68589359340582],[51.35369937068777,35.686231275713446],[51.35380199700763,35.686493103881396],[51.35387922697444,35.686748108664304],[51.35393936299992,35.68696177475155],[51.35392682204703,35.68719956629102],[51.35382869491535,35.687923516750544],[51.35508709013824,35.69221184195865],[51.358337525489155,35.69246054652262],[51.35874678220658,35.69252630768435],[51.35893618711598,35.692908506473394],[51.35909091901625,35.693405638224014],[51.359138357081775,35.693520325794886],[51.35923310448324,35.69372099387728],[51.359293780325544,35.694170561180805],[51.359183667269654,35.69465222440099],[51.35912171575446,35.69515888980768],[51.359070821918,35.69574411376866],[51.35898954347299,35.69657995762924],[51.35894801431396,35.69700194844726],[51.358896293867346,35.69740379402478],[51.358855866944204,35.6979365919242],[51.35878399042036,35.69861793474582],[51.35874309135931,35.699045945022704],[51.35870215264755,35.69946522296785],[51.358619803288384,35.700198991269716],[51.359617216227974,35.70022237881703],[51.36039044637636,35.70024938940467],[51.36112765261304,35.70026183825345],[51.36193677514135,35.7002740656946],[51.36251223710741,35.700301658991506],[51.36319544023141,35.70029959311578],[51.36386079792932,35.70032690784693],[51.364632172570246,35.70033673516659],[51.36532337244957,35.700346412884244],[51.366099229935486,35.700370974068115],[51.366974179655536,35.70040869008559],[51.36771696616487,35.70041987914252],[51.36853209422921,35.70045944997557],[51.36902732191602,35.70047475664582],[51.36933679065363,35.700473804599014],[51.370058962315554,35.700488408349656],[51.37055419041672,35.70050370873491],[51.37111131245743,35.70051881569576],[51.37137944050672,35.70050115770532],[51.37201908766441,35.700516005049394],[51.37272070735182,35.70054748506154],[51.37327775134088,35.700545753709086],[51.37385558412934,35.70057761206926],[51.37447460096996,35.70059251062676],[51.37536182451064,35.700606567418376],[51.37593957924224,35.70062158749],[51.37697130162105,35.700652008203946],[51.37750771479008,35.70065032207492],[51.377585783487504,35.69970767913406],[51.3776435380046,35.69883241403495],[51.37772335474253,35.698259992886115],[51.377782778702525,35.69773812141874],[51.37788314417038,35.69714880685053],[51.377963833746406,35.69676149651372],[51.37821543545333,35.6944816366893],[51.378455736168846,35.692532567847415],[51.37866189618019,35.690903477801136],[51.378764697383545,35.690030774789186],[51.378864876020536,35.68860557322587],[51.37900345479487,35.68776183606172],[51.37914285877455,35.687092571850066],[51.37924634043471,35.68636526229635],[51.379385463883494,35.68563783992687],[51.37941779311292,35.68493983423961],[51.379520993415035,35.684154366459786],[51.379553320984506,35.68345636057511],[51.37965624183785,35.682612734729325],[51.37975985163027,35.68191450314881],[51.38020738883643,35.6759570465019],[51.3807491576069,35.67078783353432],[51.37820085106621,35.669853856641986],[51.375050238805066,35.6686882932954]]]}},{"type":"Feature","properties":{"region":11},"geometry":{"type":"Polygon","coordinates":[[[51.389672466496705,35.70094224518198],[51.39090029995781,35.70099189378872],[51.39372827445142,35.70101841108186],[51.39668795334088,35.70108018751917],[51.39837613230492,35.701128237546634],[51.399362753296494,35.70116071973562],[51.400129986317296,35.7011581645798],[51.400919409476245,35.701209171606145],[51.40166472186347,35.701206679880976],[51.402563570929246,35.701221549108205],[51.40293631733211,35.70123817882337],[51.40379132497813,35.70125318604121],[51.40460249096473,35.701268334969384],[51.40528222217007,35.701301802663814],[51.40600570495384,35.70131723814974],[51.406816780778286,35.701314492064654],[51.40771563163045,35.701329322802884],[51.408351522528946,35.701362922055964],[51.40903107274008,35.70136060840705],[51.409557359465076,35.701394574713035],[51.41028065994313,35.70137422434115],[51.41076301330628,35.70139045513596],[51.411796770981475,35.70144579284837],[51.41326547706191,35.70144074551843],[51.41326371914631,35.70110102421958],[51.41323772762153,35.70031437659954],[51.412786838850614,35.697902074757934],[51.41243990912669,35.69645319820651],[51.412225181657625,35.69525770531683],[51.411352363226236,35.690966383085],[51.40932904033991,35.67971185943351],[51.40588953856209,35.66206208113726],[51.40521609737412,35.658573829691036],[51.40341680421065,35.658641292890366],[51.40269143389893,35.6587113502233],[51.40193614437372,35.65873642141766],[51.40129887271414,35.65874982308731],[51.40048418829083,35.658772829540666],[51.39978822377906,35.65878641893401],[51.399091512259155,35.65878873630894],[51.398469430501635,35.6588020725265],[51.39777352133244,35.658826920573865],[51.397092335967606,35.6588967978351],[51.396322877221124,35.65898950356592],[51.395612053393805,35.65907074075209],[51.39497580214742,35.65915172849179],[51.39433885908321,35.65923271514451],[51.39240715707868,35.658957467012556],[51.39030989225885,35.6581646178155],[51.38857109780678,35.65780676397624],[51.38745727062769,35.65773766443223],[51.38589823133089,35.65770633546394],[51.38451717408148,35.657638067205],[51.38277998185294,35.65760726820524],[51.38195206510322,35.66232054534647],[51.38093978241273,35.6689688597798],[51.3807491576069,35.67078783353432],[51.38020738883643,35.6759570465019],[51.37975985163027,35.68191450314881],[51.37965624183785,35.682612734729325],[51.379553320984506,35.68345636057511],[51.379520993415035,35.684154366459786],[51.37941779311292,35.68493983423961],[51.379385463883494,35.68563783992687],[51.37924634043471,35.68636526229635],[51.37914285877455,35.687092571850066],[51.37900345479487,35.68776183606172],[51.378864876020536,35.68860557322587],[51.378764697383545,35.690030774789186],[51.37866189618019,35.690903477801136],[51.378455736168846,35.692532567847415],[51.37821543545333,35.6944816366893],[51.377963833746406,35.69676149651372],[51.37788314417038,35.69714880685053],[51.377782778702525,35.69773812141874],[51.37772335474253,35.698259992886115],[51.3776435380046,35.69883241403495],[51.377585783487504,35.69970767913406],[51.37750771479008,35.70065032207492],[51.38292005066613,35.70080305480231],[51.3874582806067,35.70091365268344],[51.389672466496705,35.70094224518198]]]}},{"type":"Feature","properties":{"region":12},"geometry":{"type":"Polygon","coordinates":[[[51.430248331083654,35.701851398722894],[51.43122124469591,35.70184247984887],[51.43196665679505,35.70185768047833],[51.432690148081974,35.70187295549679],[51.43354526294242,35.7019056312888],[51.4345756496283,35.70191978631987],[51.43538692349554,35.70195260770847],[51.43622002138738,35.70196746396461],[51.43694351420655,35.701982713403254],[51.43760124405552,35.701998198209125],[51.43832473732698,35.702013439341336],[51.43946473115532,35.70202715229296],[51.43897716133604,35.701063396189184],[51.43804756459157,35.69943967768121],[51.43445456919712,35.69310310074564],[51.434109244336035,35.69258051003112],[51.432915735070836,35.68563520742751],[51.437915408611964,35.68404555734058],[51.44176322388103,35.68319331926265],[51.44804804503043,35.68184297328651],[51.44749503328883,35.67377993272264],[51.44688577790989,35.66560608131339],[51.44654759419864,35.66101391187844],[51.44526502435507,35.6608622636758],[51.444557805312606,35.66077690289901],[51.443814652372524,35.660691670733925],[51.443119577169476,35.660635583369384],[51.44249621131496,35.66054990110562],[51.44160932146263,35.660465184721744],[51.44080633615963,35.66038992950057],[51.440075115174096,35.66029485485455],[51.43934394956154,35.660209551140866],[51.43834920759884,35.66011542956328],[51.43760617393064,35.66004970976046],[51.43681512124325,35.65996460883428],[51.4360241234607,35.65988927808974],[51.43535285726815,35.659803732658375],[51.43477415974556,35.65980404069767],[51.43402469364134,35.6598401215805],[51.43332965628281,35.65985931624044],[51.43228711456908,35.65989088152788],[51.43183528094098,35.659894822888674],[51.43169015718213,35.65991456413895],[51.43115573730229,35.65987826280058],[51.430511243443625,35.659832305279316],[51.42983602651134,35.65978576057316],[51.429130746742,35.65972707875212],[51.42844059802581,35.659692820298766],[51.42769025774057,35.659622050019465],[51.4270151093925,35.65958772997628],[51.426339961583025,35.65955340614362],[51.42555975672208,35.65950721005754],[51.42486954619873,35.659460690604],[51.4241644024329,35.65942646066895],[51.4233240747494,35.65935598091611],[51.42272392472395,35.65932137244135],[51.42207877852204,35.659286919106655],[51.42119352180683,35.65922882309528],[51.42033819972635,35.6591583750695],[51.41898785271087,35.65907740813331],[51.41777249784653,35.658995956562364],[51.416527275145796,35.65893907779281],[51.415641962275274,35.65886870038894],[51.41495182592215,35.65883436453588],[51.414141572875124,35.65877595748479],[51.41342125047863,35.65870499469919],[51.41276111393846,35.658670543011276],[51.412040667521886,35.65857509088966],[51.41136534495009,35.658503961398374],[51.410494788518236,35.65838453257719],[51.409699353610705,35.65828932270934],[51.40885886184736,35.65818202022737],[51.40830415960541,35.65823287035444],[51.40716488007634,35.65835914573879],[51.40617552238168,35.65847266264769],[51.40521609737412,35.658573829691036],[51.40588953856209,35.66206208113726],[51.40932904033991,35.67971185943351],[51.411352363226236,35.690966383085],[51.412225181657625,35.69525770531683],[51.41243990912669,35.69645319820651],[51.412786838850614,35.697902074757934],[51.41323772762153,35.70031437659954],[51.41326371914631,35.70110102421958],[51.41326547706191,35.70144074551843],[51.41414268721292,35.70150924390719],[51.414997606145384,35.70150629142223],[51.416225275014405,35.70151992139869],[51.417036445211295,35.70153498649601],[51.41767224764976,35.70155065641034],[51.418286222943145,35.701584279404],[51.41907547302762,35.70159940713202],[51.419711182304404,35.70159718621642],[51.420566195720156,35.701612074225054],[51.42137746170263,35.70164499010386],[51.422627054134445,35.701658477814924],[51.42324093732501,35.70167419546916],[51.423854725836485,35.70167202994785],[51.4246440725259,35.70170500118933],[51.42547726187305,35.70173781187443],[51.426025382981436,35.701753748375715],[51.42685857330272,35.70178654949124],[51.42949240300028,35.701831564674755],[51.430248331083654,35.701851398722894]]]}},{"type":"Feature","properties":{"region":13},"geometry":{"type":"Polygon","coordinates":[[[51.475299166026666,35.70956954227955],[51.47592072778576,35.70978208685463],[51.47651097679607,35.7099441626838],[51.477070365027004,35.710131653116484],[51.47762968021845,35.710306493778766],[51.47811131047538,35.710456346294556],[51.478763749257176,35.710643458260854],[51.4796959292582,35.710930628958906],[51.48048847387842,35.71120570380957],[51.4811565839398,35.71141803490527],[51.481855788614894,35.71164288493097],[51.482508398434646,35.711855270681035],[51.48320738108597,35.71204217138637],[51.483890706189094,35.71220383623927],[51.484698554842424,35.71244087921766],[51.485382040002456,35.712627829792616],[51.48587905214871,35.7127522940044],[51.48671815862581,35.71302713917242],[51.48752617817914,35.71328945724619],[51.488303110129614,35.71353924885889],[51.489002352988145,35.713764056980175],[51.489608397624764,35.713963946212594],[51.49029198461506,35.714163515774224],[51.49105327004905,35.71438805856025],[51.49170592614929,35.71460039396686],[51.49237401569211,35.714800015100835],[51.4931353909828,35.715037191702685],[51.493834582005746,35.71524932437476],[51.49458030103131,35.7154612613248],[51.495217388463445,35.71566099428132],[51.49583881379879,35.71583549367743],[51.49658462210809,35.716060065197254],[51.497112925179444,35.71622229564227],[51.4978430745984,35.71642162930743],[51.498480651320996,35.71669722738088],[51.4990558826695,35.71692249151047],[51.49970897593883,35.71719801852962],[51.49997325284048,35.717298097746365],[51.50087448840568,35.717572584909945],[51.50168251982035,35.7178221599086],[51.50244379168583,35.71803398288054],[51.5031276837419,35.71827142009443],[51.50390447228508,35.71848316875987],[51.50465040730994,35.71872033688432],[51.50530305402417,35.71891995074199],[51.50594011502916,35.7191069793028],[51.5066549638497,35.719331618499936],[51.50724550460894,35.71951883639416],[51.50785147656772,35.71969333870193],[51.50858192536791,35.719930547813185],[51.50929662746277,35.720129877038445],[51.509980395808526,35.72034198078704],[51.51064865867666,35.72055414656981],[51.51120803746066,35.720716182620066],[51.5118606353572,35.72090311352028],[51.512544498133664,35.721127849615975],[51.513259301833706,35.72133980214905],[51.513911990887806,35.72153936887442],[51.51465790188423,35.72176382731319],[51.51541948962279,35.72201350860704],[51.516320748255694,35.72227523194975],[51.51715989307547,35.72252456864811],[51.51782819278071,35.72273669417214],[51.518465230605,35.72291100876883],[51.519242268182765,35.723147951623694],[51.51987955932538,35.72336019977464],[51.520656522882724,35.72358448637367],[51.52126263670879,35.72377156755729],[51.521976907779326,35.72389493860831],[51.52289313844675,35.72406801566438],[51.523529700031276,35.72416642106935],[51.5240421851606,35.7242653646603],[51.524833514763394,35.7243124980631],[51.52568705081984,35.72438464871139],[51.5266336470094,35.72445638519303],[51.5275958381637,35.724540693084265],[51.52829419717144,35.72460085954469],[51.52886394434299,35.72425742139967],[51.52951804682743,35.72441457687764],[51.530125180562415,35.72436681688396],[51.5299430270789,35.72388976061137],[51.52975975106916,35.72334734127696],[51.529591904632355,35.722838664435265],[51.52942374652811,35.72228265344768],[51.52919655087706,35.721785507887525],[51.5291122873564,35.721479327169725],[51.528671531630785,35.72118598667115],[51.528489110837334,35.72066610192756],[51.52804115363531,35.72032770955262],[51.527416577745335,35.72013660521333],[51.52677659437706,35.719914008363645],[51.526077566874186,35.71964433150563],[51.52540764049068,35.719385793533576],[51.52472305918708,35.71910477523514],[51.52411227198761,35.71880089034801],[51.52345620505487,35.718440848189616],[51.522919142939884,35.71810282486233],[51.52241135572819,35.71769704990942],[51.521917848754256,35.7172551457169],[51.5214244355345,35.71682676340918],[51.520946449743775,35.71643212303084],[51.52052796630033,35.716048493115004],[51.520092405491205,35.71548235661451],[51.52005799461584,35.71497308751789],[51.520305351212464,35.71444005726163],[51.520716505959534,35.71401901947985],[51.52127724203596,35.713755115490734],[51.52186912757491,35.71360603074105],[51.52249199004593,35.71365065771916],[51.52316034124454,35.71378299175827],[51.523725360961016,35.71396310806708],[51.52445096844681,35.71386977895423],[51.525056158665826,35.713538041385554],[51.525557306438245,35.71325183738925],[51.52596820467162,35.71279697190186],[51.52651254002255,35.71235504443911],[51.52683420748057,35.711887042757134],[51.527171161094216,35.71143249747448],[51.52771570390862,35.71102437457271],[51.5281125905136,35.71064845547596],[51.52825653934363,35.71016094471378],[51.52839985516928,35.70968245278686],[51.52855778791927,35.70911598784366],[51.52873022766187,35.70854945878502],[51.52885895419092,35.70805976011355],[51.52900281938812,35.70756097833529],[51.52920563331755,35.707095747589506],[51.52967604606133,35.706663147592494],[51.52947875218914,35.70618840987889],[51.529280400546035,35.70555363784169],[51.52896345917533,35.7049554527864],[51.52857401528341,35.704571722137494],[51.52818526600754,35.704187987133906],[51.52776627095775,35.70382692440102],[51.5272283081265,35.703340154757726],[51.52667598480597,35.70297967332886],[51.526080735710536,35.70270954000756],[51.525426150672914,35.70245093363347],[51.52485940755318,35.702101777170185],[51.52450032085098,35.701706630023544],[51.524124682840245,35.70121012096697],[51.52370852231976,35.697902964579995],[51.52416356583788,35.69744791189738],[51.52454513090178,35.697060800448476],[51.52399399732013,35.69676792298112],[51.52338532978102,35.69665561919372],[51.52276177568993,35.69659071256075],[51.522138383258834,35.69644465549744],[51.52188189777097,35.69599270222507],[51.521713719419836,35.69541639100652],[51.52127995165565,35.69182528604977],[51.52114041681949,35.6911902434211],[51.52116450585164,35.6906469076989],[51.52142718441185,35.69014536386072],[51.521659407838875,35.689634935394565],[51.52157980755291,35.68908077934739],[51.521425990364015,35.688479609849104],[51.52122805661844,35.68789215595025],[51.52097100203706,35.68734778545179],[51.520654930144595,35.6868622760455],[51.5203238435113,35.68629793822811],[51.51997784431732,35.685776491374426],[51.5196314980824,35.685200947195035],[51.51937551991555,35.68471292016015],[51.519132715076616,35.684125656339226],[51.51932049723319,35.68357935873946],[51.51974534614838,35.68305683020563],[51.52027543698073,35.68268035926197],[51.52034463265902,35.68195650158586],[51.51256475810057,35.688671024438214],[51.512301652966194,35.68911394518368],[51.51236622378748,35.68970423689949],[51.51244547209993,35.69021331928781],[51.51209394396736,35.69065661668564],[51.51145938444802,35.691022225987204],[51.51112311628593,35.69147672591032],[51.51083112575403,35.69194230693911],[51.50531792210969,35.692051282190796],[51.503953766539425,35.691966850596025],[51.503241153851896,35.691902216203886],[51.50256046316215,35.69197043434275],[51.50034229195714,35.69329546235819],[51.49806207186401,35.693428989928684],[51.4963268189494,35.69316326249519],[51.49121495847763,35.69278731702387],[51.484460241544625,35.69231855204365],[51.48086972247421,35.69203526077318],[51.46538291510431,35.690955007641875],[51.458719724553724,35.690484442193245],[51.44864879337369,35.689733253418765],[51.44836902267095,35.68564834746823],[51.44804804503043,35.68184297328651],[51.44176322388103,35.68319331926265],[51.437915408611964,35.68404555734058],[51.432915735070836,35.68563520742751],[51.434109244336035,35.69258051003112],[51.43445456919712,35.69310310074564],[51.43804756459157,35.69943967768121],[51.43897716133604,35.701063396189184],[51.43946473115532,35.70202715229296],[51.44010063915468,35.70206058367582],[51.44058300143738,35.7020766948938],[51.4409994032116,35.702057285750506],[51.441459745720756,35.70205559397039],[51.44213949682199,35.70208885335976],[51.44273136589727,35.70208667228278],[51.443520723125914,35.70211951964288],[51.44437574474146,35.70213423844424],[51.445165003349345,35.702149195020915],[51.445603624533916,35.7021833286446],[51.44639278384576,35.70218039717666],[51.447313469565394,35.70217697059168],[51.44801504457912,35.70219223511728],[51.44864859293789,35.70223711847442],[51.44927087398433,35.70220098046727],[51.45009875660998,35.702399006127514],[51.45142563365336,35.7027947362849],[51.45222854838392,35.70299893522894],[51.45306277457492,35.70321035446193],[51.453721329161816,35.70336879081272],[51.45442403434893,35.70358069750252],[51.455060571247046,35.70372132947664],[51.45574125943835,35.703915431536274],[51.456378209874615,35.7041275763287],[51.45702777446913,35.70431983755306],[51.457643678583274,35.7044852030784],[51.45836815337074,35.7047223750359],[51.45897206486921,35.704909179761046],[51.45964553618779,35.705095715171744],[51.4602493444533,35.705263602682],[51.46081837656563,35.70543162062331],[51.461596411250206,35.70565556604644],[51.46229302597413,35.70583254201626],[51.46290843818003,35.70600037144658],[51.46358198250799,35.70619634002898],[51.463930376359684,35.70629900578637],[51.46429019922571,35.70637325959446],[51.46520753432517,35.70662500957458],[51.466229268086494,35.70688580277802],[51.466844972767404,35.70710088874674],[51.46761139163694,35.70731538468697],[51.46823853014933,35.707502052224015],[51.46870320030907,35.70766098406184],[51.469504575821034,35.707903698155036],[51.470166558683815,35.70809967491415],[51.47086332460125,35.70829551161539],[51.47150895697019,35.70848415771259],[51.47209918769754,35.708646255355426],[51.472736091122755,35.70883346124529],[51.473295313031024,35.70899567507557],[51.47427390043455,35.709270057609196],[51.474724429157654,35.70940739914837],[51.475299166026666,35.70956954227955]]]}},{"type":"Feature","properties":{"region":14},"geometry":{"type":"Polygon","coordinates":[[[51.458719724553724,35.690484442193245],[51.46538291510431,35.690955007641875],[51.48086972247421,35.69203526077318],[51.484460241544625,35.69231855204365],[51.49121495847763,35.69278731702387],[51.4963268189494,35.69316326249519],[51.49806207186401,35.693428989928684],[51.50034229195714,35.69329546235819],[51.50256046316215,35.69197043434275],[51.503241153851896,35.691902216203886],[51.503953766539425,35.691966850596025],[51.50531792210969,35.692051282190796],[51.51083112575403,35.69194230693911],[51.51112311628593,35.69147672591032],[51.51145938444802,35.691022225987204],[51.51209394396736,35.69065661668564],[51.51244547209993,35.69021331928781],[51.51236622378748,35.68970423689949],[51.512301652966194,35.68911394518368],[51.51256475810057,35.688671024438214],[51.52034463265902,35.68195650158586],[51.52036561167342,35.68125313932482],[51.52088177081918,35.680966889010804],[51.52040444394334,35.68063986265848],[51.519748854653955,35.68030233535683],[51.5192419839688,35.67999797289348],[51.51869092914649,35.67969605311456],[51.518050695320426,35.67938099091382],[51.517441074313254,35.67909960456631],[51.51674130788869,35.67876225096433],[51.51608574923512,35.67842470335192],[51.51547508845983,35.678086959492454],[51.51483464783447,35.677735815655225],[51.51426805395773,35.677375335968605],[51.51367133320842,35.67694736006621],[51.513252257640204,35.67654116312569],[51.51335182083275,35.676020045770365],[51.51364381215905,35.67556572808341],[51.513816795226504,35.675078107528584],[51.51379726203152,35.67451016334482],[51.513776908242946,35.673921935905454],[51.513711578217254,35.673320376250835],[51.51363259631725,35.672743669731126],[51.51349380821356,35.67221004623084],[51.51336986796091,35.671622261165844],[51.513185801243296,35.67091977467804],[51.51306251588976,35.67043341995628],[51.51298240311094,35.66978684104755],[51.51291912872528,35.66928895943741],[51.51294238722518,35.668608127822296],[51.51296550087997,35.667904755937],[51.51300298585951,35.667181035877036],[51.513012681090736,35.666646777217494],[51.51306713184525,35.666092040673085],[51.51309194631164,35.66554644694293],[51.513204730287114,35.66493510907817],[51.51352630354275,35.66446939424101],[51.51420757178741,35.66442139903093],[51.51484388194397,35.664362322203495],[51.515569342535,35.66431412993146],[51.51633975956342,35.6642770105222],[51.51706543685353,35.66426261953814],[51.51779189187629,35.66426174532043],[51.51856183577475,35.66425842496267],[51.51927301114857,35.66424408326058],[51.520073264865836,35.66422935184167],[51.520828046794335,35.66412464895426],[51.521612739890294,35.664053622721845],[51.52227858684686,35.66397183759941],[51.52295925576133,35.66383363226081],[51.523459881401344,35.663513626954376],[51.52352890637035,35.66298136302202],[51.52352291230883,35.66238180341912],[51.523547286119346,35.66177985736697],[51.52358683860749,35.66128153289569],[51.523552138268386,35.66072717985088],[51.52347360050091,35.660227115699904],[51.5233783864254,35.65960540361573],[51.523284218072675,35.65903778482558],[51.52316059610618,35.658506359466855],[51.52294828536007,35.657927984161105],[51.52268990605414,35.6572731699544],[51.522357636414185,35.656616422230236],[51.52211647014759,35.656164399376166],[51.52187499800764,35.65566504154924],[51.52164796968329,35.655156604148566],[51.52145063360259,35.65464803742932],[51.52125313860557,35.654114676087],[51.52111533229517,35.65362839133929],[51.52100548444177,35.652981945108536],[51.520866551250805,35.65242804228375],[51.520609469271214,35.651861126607635],[51.52030909767205,35.65143189700572],[51.51993463496057,35.650969175884924],[51.519515592211185,35.650551728002114],[51.519111815949735,35.65014548310566],[51.51873743921837,35.649694028174636],[51.51842122556241,35.649161174001435],[51.518164332024796,35.648619046835336],[51.51789322075953,35.648119807994455],[51.51709925875347,35.647430955147705],[51.5154962001429,35.64684753741651],[51.51499040824982,35.64656794479143],[51.514438895592015,35.64626375075551],[51.513888149806625,35.64597082132744],[51.51332291018636,35.64567795125754],[51.51278674242099,35.645396224911266],[51.51208714689393,35.64503629948302],[51.51156631976085,35.64477704316925],[51.511015738419886,35.64450664064808],[51.510377599093516,35.644362836486884],[51.509711829937324,35.64443328467368],[51.50897200176556,35.64458293600211],[51.50812880565708,35.64465412672894],[51.50732867257151,35.64465750707271],[51.506632079872105,35.644658191568],[51.50602094954108,35.644705746665835],[51.505141233249844,35.64479027872761],[51.504547419416916,35.64484666066936],[51.50394260185665,35.64490308582855],[51.5033817948733,35.64495932361639],[51.50290906647883,35.6450241714863],[51.502293187103724,35.64507165341699],[51.50221137876111,35.64430858955587],[51.501155730216155,35.64441179007534],[51.500473893711614,35.644468518970584],[51.49937434139299,35.64458984921013],[51.499797662312076,35.6454233451878],[51.4999548999891,35.64593462204303],[51.50013425806224,35.646463769069314],[51.500280272372315,35.64693916713707],[51.50047069426854,35.6474772487386],[51.50066173656896,35.648114121035604],[51.50090807987907,35.6487956686462],[51.501076728446826,35.649369764798],[51.50131201944833,35.65004237625995],[51.501491677274394,35.65061642576234],[51.50172731327216,35.65134292221414],[51.501929097362684,35.651934840999836],[51.50213116617179,35.652571664351136],[51.502366701172924,35.65328019723061],[51.5025856252674,35.6539259609124],[51.503482503727156,35.65669957771537],[51.50424227049849,35.65894325302264],[51.50480783628852,35.66070403956893],[51.503948750644156,35.66091048728579],[51.50328046078022,35.66105371708849],[51.50249755066068,35.661213025791554],[51.501657474970216,35.66140377449057],[51.50087475341946,35.66159427826312],[51.49990093108338,35.66180117539113],[51.49892720092115,35.66202366746925],[51.498067988410114,35.66221447063111],[51.497323198435986,35.662357984521385],[51.496406813073385,35.66258021887699],[51.49579566104409,35.66269196473028],[51.495108414645266,35.66286643386781],[51.49419182440698,35.663057445844956],[51.493389948624746,35.663247979828164],[51.49224220174934,35.660054031262014],[51.49076236893222,35.655923728317234],[51.490587289627804,35.656086105469065],[51.490293789162784,35.65632325206073],[51.48987486133437,35.65655603625427],[51.489512922057465,35.65675509846178],[51.488336261704696,35.65689460497953],[51.487731559973255,35.65698687347018],[51.48713775203323,35.65706113229647],[51.48608218765414,35.65720910702071],[51.485334421174755,35.657301942184816],[51.48480658173786,35.657366941805755],[51.48413584450716,35.6574594586976],[51.48335516791513,35.657570376656444],[51.48257443494688,35.65767230855319],[51.48169476612172,35.65779259455383],[51.480881014724794,35.657894647856295],[51.48001229160279,35.65800589653657],[51.479187692404295,35.65813492545063],[51.478362983111545,35.65824598669462],[51.47754922261921,35.65834801754364],[51.47685651235674,35.658449562507776],[51.47613062565157,35.658524291270055],[51.47534987368508,35.65862617645502],[51.47461308561581,35.6587189016804],[51.47395343588574,35.65882928059199],[51.47322764907095,35.65892195395038],[51.472424932667636,35.65903288794247],[51.47162216104815,35.659134835570484],[51.47076436293867,35.65923699348532],[51.47003867405166,35.65934760973303],[51.46913695720101,35.65946789036279],[51.46842216364361,35.65956049186043],[51.467982334289026,35.659625074629034],[51.46728949536846,35.6597086026498],[51.466871569348974,35.65975513369364],[51.466420680296295,35.65981077250689],[51.466035663495,35.65983921040559],[51.46539758427358,35.659877608926216],[51.46468158281924,35.65976362445221],[51.463832014145815,35.659389695557095],[51.463345301654435,35.658960474239464],[51.46312645223913,35.65917686786267],[51.462237080270604,35.659530561494144],[51.46178665558559,35.65966701233227],[51.46165495891701,35.65973038717008],[51.460720571568615,35.659913599048814],[51.460028290156664,35.66009587681921],[51.45930329979308,35.66033216311395],[51.45865523770055,35.66055018888542],[51.457898406027724,35.66099315679762],[51.457295330764524,35.661381647309256],[51.45679114303204,35.66174281509749],[51.45632555417126,35.662044959149505],[51.455837115380334,35.66234818201632],[51.45525587733455,35.66270963572008],[51.454707497175896,35.66304401853124],[51.45409358940887,35.663468458938105],[51.453556204722055,35.66380279493409],[51.45305399003722,35.66415139120442],[51.45229534188364,35.6646517852896],[51.45180176161111,35.664950023556194],[51.451490891525886,35.665063420148],[51.45093317263421,35.66510596841808],[51.45046023037162,35.665161630353396],[51.45002040568116,35.665235128834865],[51.44955841724977,35.66528176495712],[51.44904155078094,35.66535554818227],[51.44863458983735,35.665401975038634],[51.44757884103076,35.665549613387824],[51.44688577790989,35.66560608131339],[51.44749503328883,35.67377993272264],[51.44804804503043,35.68184297328651],[51.44836902267095,35.68564834746823],[51.44864879337369,35.689733253418765],[51.458719724553724,35.690484442193245]]]}},{"type":"Feature","properties":{"region":15},"geometry":{"type":"MultiPolygon","coordinates":[[[[51.46127626721337,35.58645049300014],[51.46126003640669,35.58590731307969],[51.46119814291119,35.58594136225852],[51.46127626721337,35.58645049300014]]],[[[51.43228711456908,35.65989088152788],[51.43332965628281,35.65985931624044],[51.43402469364134,35.6598401215805],[51.43477415974556,35.65980404069767],[51.43535285726815,35.659803732658375],[51.4360241234607,35.65988927808974],[51.43681512124325,35.65996460883428],[51.43760617393064,35.66004970976046],[51.43834920759884,35.66011542956328],[51.43934394956154,35.660209551140866],[51.440075115174096,35.66029485485455],[51.44080633615963,35.66038992950057],[51.44160932146263,35.660465184721744],[51.44249621131496,35.66054990110562],[51.443119577169476,35.660635583369384],[51.443814652372524,35.660691670733925],[51.444557805312606,35.66077690289901],[51.44526502435507,35.6608622636758],[51.44654759419864,35.66101391187844],[51.44688577790989,35.66560608131339],[51.44757884103076,35.665549613387824],[51.44863458983735,35.665401975038634],[51.44904155078094,35.66535554818227],[51.44955841724977,35.66528176495712],[51.45002040568116,35.665235128834865],[51.45046023037162,35.665161630353396],[51.45093317263421,35.66510596841808],[51.451490891525886,35.665063420148],[51.45180176161111,35.664950023556194],[51.45229534188364,35.6646517852896],[51.45305399003722,35.66415139120442],[51.453556204722055,35.66380279493409],[51.45409358940887,35.663468458938105],[51.454707497175896,35.66304401853124],[51.45525587733455,35.66270963572008],[51.455837115380334,35.66234818201632],[51.45632555417126,35.662044959149505],[51.45679114303204,35.66174281509749],[51.457295330764524,35.661381647309256],[51.457898406027724,35.66099315679762],[51.45865523770055,35.66055018888542],[51.45930329979308,35.66033216311395],[51.460028290156664,35.66009587681921],[51.460720571568615,35.659913599048814],[51.46165495891701,35.65973038717008],[51.46178665558559,35.65966701233227],[51.462237080270604,35.659530561494144],[51.46312645223913,35.65917686786267],[51.463345301654435,35.658960474239464],[51.463832014145815,35.659389695557095],[51.46468158281924,35.65976362445221],[51.46539758427358,35.659877608926216],[51.466035663495,35.65983921040559],[51.466420680296295,35.65981077250689],[51.466871569348974,35.65975513369364],[51.46728949536846,35.6597086026498],[51.467982334289026,35.659625074629034],[51.46842216364361,35.65956049186043],[51.46913695720101,35.65946789036279],[51.47003867405166,35.65934760973303],[51.47076436293867,35.65923699348532],[51.47162216104815,35.659134835570484],[51.472424932667636,35.65903288794247],[51.47322764907095,35.65892195395038],[51.47395343588574,35.65882928059199],[51.47461308561581,35.6587189016804],[51.47534987368508,35.65862617645502],[51.47613062565157,35.658524291270055],[51.47685651235674,35.658449562507776],[51.47754922261921,35.65834801754364],[51.478362983111545,35.65824598669462],[51.479187692404295,35.65813492545063],[51.48001229160279,35.65800589653657],[51.480881014724794,35.657894647856295],[51.48169476612172,35.65779259455383],[51.48257443494688,35.65767230855319],[51.48335516791513,35.657570376656444],[51.48413584450716,35.6574594586976],[51.48480658173786,35.657366941805755],[51.485334421174755,35.657301942184816],[51.48608218765414,35.65720910702071],[51.48713775203323,35.65706113229647],[51.487731559973255,35.65698687347018],[51.488336261704696,35.65689460497953],[51.489512922057465,35.65675509846178],[51.48987486133437,35.65655603625427],[51.490293789162784,35.65632325206073],[51.490587289627804,35.656086105469065],[51.49076236893222,35.655923728317234],[51.49224220174934,35.660054031262014],[51.493389948624746,35.663247979828164],[51.49419182440698,35.663057445844956],[51.495108414645266,35.66286643386781],[51.49579566104409,35.66269196473028],[51.496406813073385,35.66258021887699],[51.497323198435986,35.662357984521385],[51.498067988410114,35.66221447063111],[51.49892720092115,35.66202366746925],[51.49990093108338,35.66180117539113],[51.50087475341946,35.66159427826312],[51.501657474970216,35.66140377449057],[51.50249755066068,35.661213025791554],[51.50328046078022,35.66105371708849],[51.503948750644156,35.66091048728579],[51.50480783628852,35.66070403956893],[51.50424227049849,35.65894325302264],[51.503482503727156,35.65669957771537],[51.5025856252674,35.6539259609124],[51.502366701172924,35.65328019723061],[51.50213116617179,35.652571664351136],[51.501929097362684,35.651934840999836],[51.50172731327216,35.65134292221414],[51.501491677274394,35.65061642576234],[51.50131201944833,35.65004237625995],[51.501076728446826,35.649369764798],[51.50090807987907,35.6487956686462],[51.50066173656896,35.648114121035604],[51.50047069426854,35.6474772487386],[51.500280272372315,35.64693916713707],[51.50013425806224,35.646463769069314],[51.4999548999891,35.64593462204303],[51.499797662312076,35.6454233451878],[51.49937434139299,35.64458984921013],[51.500473893711614,35.644468518970584],[51.501155730216155,35.64441179007534],[51.50221137876111,35.64430858955587],[51.502293187103724,35.64507165341699],[51.50290906647883,35.6450241714863],[51.5033817948733,35.64495932361639],[51.50394260185665,35.64490308582855],[51.504547419416916,35.64484666066936],[51.505141233249844,35.64479027872761],[51.50602094954108,35.644705746665835],[51.506632079872105,35.644658191568],[51.50732867257151,35.64465750707271],[51.50812880565708,35.64465412672894],[51.50897200176556,35.64458293600211],[51.509711829937324,35.64443328467368],[51.510377599093516,35.644362836486884],[51.511015738419886,35.64450664064808],[51.51156631976085,35.64477704316925],[51.51208714689393,35.64503629948302],[51.51278674242099,35.645396224911266],[51.51332291018636,35.64567795125754],[51.513888149806625,35.64597082132744],[51.514438895592015,35.64626375075551],[51.51499040824982,35.64656794479143],[51.5154962001429,35.64684753741651],[51.51709925875347,35.647430955147705],[51.51682912594937,35.64681025544439],[51.51641036093072,35.64632291837542],[51.516005858806814,35.645905395305114],[51.51564692541161,35.64548767532554],[51.51542011111038,35.64500176502295],[51.515222753147015,35.64447966253907],[51.51508485559353,35.64397082939481],[51.515034672757885,35.64336018614755],[51.515088173408316,35.642769385309464],[51.51527561435576,35.64218026432042],[51.515536141350296,35.64157730497812],[51.51576917378082,35.64110069209216],[51.51601571959525,35.640578938897924],[51.51629227325013,35.64000070399655],[51.51652266589015,35.63933024907004],[51.516651157837295,35.6388090017376],[51.51677941545922,35.63825168977343],[51.516921964073006,35.63766275888425],[51.51699063412433,35.6370718914784],[51.51704391305662,35.63644953289818],[51.51706885389172,35.635928730299376],[51.51706238888107,35.635248022184044],[51.517027150635926,35.634601249153505],[51.51690310065084,35.633990923486245],[51.516734534200666,35.63343488724334],[51.516581025096755,35.632858499152036],[51.51631005074215,35.63237052507061],[51.516024671484985,35.63189613673121],[51.51578249116171,35.6313764804252],[51.51556983500534,35.630831901906774],[51.51556488618683,35.63027741588172],[51.515826803856164,35.62978940776319],[51.516133293045314,35.62925612578021],[51.51620188988484,35.62865398784874],[51.5166113871182,35.624935224693175],[51.51671039647159,35.62444791430298],[51.516439450361474,35.62395993960083],[51.51600650997574,35.62361015960978],[51.51557299329435,35.6231702166089],[51.515463541798816,35.61935224398644],[51.515367485595704,35.61858175399983],[51.51536267042999,35.61804755315677],[51.51525293561887,35.617403351108564],[51.51518975047942,35.61691448229228],[51.51551112329536,35.61644876015598],[51.51608675889234,35.61624342152139],[51.51685493445243,35.616037252554655],[51.51744504148772,35.61582959112832],[51.518093927109945,35.61553376364347],[51.51866917022953,35.61526980778877],[51.51924358803376,35.61498556585706],[51.519759108888344,35.61466551022271],[51.52037784845596,35.61429992367411],[51.52105488921893,35.61387998289498],[51.521540721581964,35.61356004829816],[51.52221751507391,35.613104036454295],[51.522834659282395,35.6126031982002],[51.523437966279836,35.61220385153664],[51.52417589453894,35.61191887415378],[51.52485519373538,35.61174459912588],[51.5255939253681,35.611583585091374],[51.526362943398645,35.61141116345133],[51.5270270665658,35.61123919673705],[51.52761757916323,35.61099767229319],[51.52822145896577,35.610690717325106],[51.528707317612366,35.61038202424768],[51.52929692040455,35.61010893817986],[51.529917686384145,35.6099574333223],[51.53052426783325,35.60995701258878],[51.53132405227743,35.60995348112246],[51.53192987097382,35.60983809756842],[51.53247572884346,35.60963055840573],[51.53305059710282,35.60932370775596],[51.5335944835095,35.608924573739],[51.53403403112657,35.60840192517321],[51.534400338989826,35.60796976453123],[51.53492857749653,35.60750307098842],[51.535444438891076,35.607250569818746],[51.53615268206601,35.60697692190482],[51.53689072772416,35.60672342368319],[51.537672870373235,35.60646070738138],[51.53839604349466,35.60625460257569],[51.53904635756834,35.60609164798396],[51.53969614579348,35.60595348735834],[51.54031672278564,35.60578164298008],[51.54096612612434,35.6055871247282],[51.54154276426501,35.60544928321707],[51.54223769913992,35.60535598760372],[51.542738190454436,35.60508098357206],[51.543089179557406,35.60463759517592],[51.54354297938907,35.604092306540124],[51.544071676183044,35.60360302986891],[51.544659935284194,35.60324872718849],[51.545323874476544,35.60296395561724],[51.54603080324011,35.6026091080678],[51.5464867974252,35.60228920847523],[51.54706131317901,35.601946227042],[51.54767923185884,35.60159402881045],[51.54837157128556,35.60122796347866],[51.54909380513652,35.60089556920824],[51.54977119442582,35.60046419515862],[51.550402713169056,35.599985691108365],[51.550960762222445,35.59946018421087],[51.55153277380293,35.59895940580621],[51.552180527262124,35.59853717051669],[51.55287275756046,35.59816206343593],[51.553418403432495,35.597943160038156],[51.55397839531123,35.59770390117581],[51.55465696246382,35.59745056831374],[51.55523220410991,35.5972225038175],[51.55577777460889,35.596994573697934],[51.556486075926685,35.5967523636608],[51.55664422390971,35.5962760162383],[51.55618104682298,35.59584762547481],[51.55580711072263,35.595452632047774],[51.55538817659901,35.59503530418729],[51.55489602074128,35.594604788045174],[51.554328605926166,35.594165600311385],[51.55367365494475,35.593738083365785],[51.55319687477151,35.59343371914947],[51.55270492001783,35.593129422749584],[51.55203426520209,35.59262307526055],[51.55160126470777,35.59226215106071],[51.55125686347875,35.59184221250089],[51.550941379878935,35.591413124034126],[51.550550920587334,35.59081532003177],[51.550264399273985,35.59028240826613],[51.549934362252884,35.58984211305526],[51.549471489605736,35.58944750592168],[51.54895052113589,35.589132055837204],[51.54835589351703,35.58883948036705],[51.547731223235104,35.5885921208699],[51.54710756934655,35.588392089720074],[51.54652897535116,35.588223408076686],[51.545935359850404,35.58807733288983],[51.54526794531537,35.587933843455815],[51.54464451667799,35.587765355965495],[51.54393140978898,35.58749583599699],[51.54335169628673,35.58726177496796],[51.54265270426627,35.58693583092063],[51.54199825448982,35.58656459991447],[51.54144650849406,35.58617937837059],[51.540836069278924,35.58578540174962],[51.540210762717884,35.58543657092758],[51.53954168999711,35.585144285863265],[51.5390786680674,35.58471582720559],[51.53928173652341,35.58423929994126],[51.539796829314106,35.58389661895675],[51.53983624888142,35.5833982839353],[51.53935798354142,35.58295862405634],[51.538924789263596,35.582552571937725],[51.538550833549685,35.58213272833965],[51.53811681669324,35.58160270085612],[51.5377726223645,35.58119624625473],[51.53738336731721,35.580756180292994],[51.53700897567847,35.58026871034341],[51.53660417692548,35.579772358380914],[51.53621501049739,35.57934355864574],[51.53570690010903,35.578766516041675],[51.53525774489802,35.57823654522846],[51.53477869453743,35.57767063979153],[51.534284640755594,35.5771295942445],[51.53389594949866,35.5766647188181],[51.53347715233519,35.576236041407135],[51.53289716116951,35.57594332347604],[51.53250117893787,35.5763530714841],[51.532224748646996,35.57679610096039],[51.531947924270284,35.577284213774234],[51.53168673469637,35.57784213429906],[51.531453901033494,35.578307510346576],[51.53119254071666,35.57884063525849],[51.5309164675133,35.57934001283689],[51.530698800873054,35.57980532040163],[51.53039344677929,35.58036343281441],[51.53005682863977,35.580784181409975],[51.52960261998826,35.581261799647244],[51.529147493235854,35.58170560853076],[51.528604434884556,35.582206154935385],[51.52804740237539,35.58278565411014],[51.527534140999826,35.58330860594925],[51.52676774969914,35.58362979452335],[51.52617339008234,35.583359648751596],[51.525518723672334,35.58304468131177],[51.524954256425794,35.5828082105223],[51.52434480626879,35.58254939206442],[51.523824347766066,35.58229018295564],[51.52328865765685,35.582022021396966],[51.52270949756476,35.58175179224265],[51.522130164730065,35.581560454946285],[51.52139184739988,35.58174398674353],[51.520890809479255,35.58203017579594],[51.52039044319281,35.58231410574893],[51.51984546796184,35.58263429223161],[51.519271369519124,35.582932060874356],[51.51872600682694,35.58319363706569],[51.51816609575196,35.58344625702528],[51.5175173952203,35.583730814038184],[51.51682491751645,35.58407416259516],[51.5160734694277,35.58447411302327],[51.5153221440985,35.58489434524823],[51.51457158746088,35.585328094172404],[51.51377596542741,35.58572821928069],[51.512965158478295,35.586128403911374],[51.51219925659327,35.58653966241075],[51.51147726857091,35.58691466351134],[51.51080012980507,35.58729172391932],[51.51010759246624,35.58763503417481],[51.50939985755785,35.5879761507188],[51.50875146066385,35.58831926621281],[51.50797095724131,35.58871928908012],[51.507278751676445,35.58911893446862],[51.50661633263312,35.5895387374001],[51.505953920869274,35.589960790769496],[51.505306466967326,35.59034896598601],[51.5046732820573,35.590703266184015],[51.503936128270865,35.5910918104514],[51.50328842920816,35.59144391008953],[51.50263983682478,35.59176445243711],[51.501991154616874,35.59207146701048],[51.50132806369361,35.59239206282948],[51.500679455762864,35.59271259470277],[51.500016340215005,35.59303092930454],[51.49941201738014,35.593373811311906],[51.49877864230639,35.59370554024945],[51.49808633378277,35.59410287918127],[51.497542018916825,35.59444550323382],[51.49693767481825,35.594788372924995],[51.49624506891157,35.59514062031263],[51.49556737107865,35.5954499741956],[51.49484509960806,35.59580458991409],[51.49404843210906,35.596179793996725],[51.49314903724593,35.59656893884174],[51.49219036648964,35.59696959018706],[51.49143853613464,35.59734684760051],[51.49081950301056,35.59766495146421],[51.49006475224922,35.59767930059865],[51.489470684422066,35.59745405536249],[51.48890637059562,35.59724221085422],[51.48835653510892,35.597028050769744],[51.48770286646738,35.59675795661231],[51.487063828087344,35.596510340719526],[51.48639492066241,35.59622903058699],[51.48572581313279,35.59591390585748],[51.484982614022535,35.595553994031214],[51.48426908905975,35.59519395806225],[51.48345125373337,35.59481179616433],[51.48269303193364,35.59447447159124],[51.48189059299245,35.59412604886723],[51.481043789111425,35.59374173246236],[51.48007758191473,35.593348870406935],[51.47915609449553,35.59293328121444],[51.478205017167184,35.59252907316207],[51.477253868872964,35.592111333143386],[51.476362344040545,35.59174068572768],[51.475485938599405,35.59135870130564],[51.47455047609437,35.591022025828146],[51.47367359672298,35.59067384169874],[51.47273800352805,35.59031235731361],[51.47177283256947,35.58996450635521],[51.4707926244626,35.58963924764137],[51.46976827102423,35.589314153391534],[51.469204315914716,35.58914504270485],[51.46819569199717,35.588912292356554],[51.467305984096825,35.58872189961528],[51.46643096455517,35.58856525503788],[51.46560073862493,35.58839941417834],[51.46480016804201,35.58823119883046],[51.46416178854716,35.58807362271017],[51.46358324890724,35.587884254865266],[51.462443745859474,35.587920200589195],[51.46261108345602,35.58846505295478],[51.462645066282676,35.58897435238529],[51.46261991353804,35.58951769104559],[51.46252209891465,35.59014245735187],[51.46229003821085,35.590697862202894],[51.46196885899336,35.59123332199233],[51.46150053942851,35.59185725626219],[51.460929449785205,35.5926078131375],[51.46037338564869,35.59333351445929],[51.45978651501886,35.593982691102575],[51.45922916039204,35.59460695685742],[51.45876074851255,35.595221864179926],[51.45839568036752,35.59581158039731],[51.45810436775859,35.59638974387792],[51.4579019400491,35.59694728107551],[51.45774346146729,35.59746858474991],[51.45761566108558,35.5980461242274],[51.4574720023556,35.5986259779819],[51.4573135177913,35.59914728099132],[51.45708081749393,35.599601242588605],[51.45684849986825,35.60012282562478],[51.45685311622679,35.60069084433413],[51.457007401639835,35.60136874556957],[51.45713082833588,35.60195885352457],[51.45722470222164,35.60256936069854],[51.45733454220474,35.60331730776285],[51.45740003004532,35.604031611736175],[51.45743597656461,35.60476856910878],[51.45747153794112,35.605437904539315],[51.45753581144586,35.60605979429242],[51.45759951986294,35.606582505267234],[51.45764891830751,35.607136828175925],[51.45765314234974,35.60763497027869],[51.45765763672922,35.60818044760293],[51.457661925299874,35.60868985991815],[51.45838692158339,35.60864201519773],[51.45897834817343,35.6085270529399],[51.45976122143939,35.60834373241953],[51.46046978894201,35.60807954356623],[51.46111895531169,35.60780656199722],[51.461813554877565,35.607634837298974],[51.46243656647171,35.60773387708517],[51.46311978359777,35.607981452878114],[51.46378735417934,35.608147937234186],[51.46440917273868,35.608159061162674],[51.46478994241972,35.60765717741186],[51.465440500288864,35.60750814320017],[51.466004904544896,35.607733621507656],[51.46652527967477,35.60798180911664],[51.46706034617436,35.60826374899728],[51.46761012436368,35.60846448136],[51.46829068497353,35.608371667760316],[51.469029173415606,35.60815464837873],[51.46970870944366,35.608005478079754],[51.47047841274623,35.60793484487292],[51.471204188646894,35.60802216649392],[51.471797820492945,35.60816860923502],[51.47256995406841,35.60839324122235],[51.473296559379506,35.6085030880223],[51.47394770744838,35.60845544043877],[51.47459756415191,35.60830635960828],[51.475262532795696,35.60814594499804],[51.47600098646238,35.607926628985815],[51.47672509242847,35.607732160533416],[51.477365061653614,35.6081263438441],[51.47769655786108,35.6087494146692],[51.477997696401225,35.60937260521125],[51.47828495756495,35.609982325494684],[51.478526220673906,35.610515588520556],[51.478738557542556,35.61105798262837],[51.479011268235766,35.61177144776891],[51.479208295050725,35.612291360863885],[51.47939118297853,35.61286993670153],[51.479588687062005,35.61346874082806],[51.479786897735984,35.61406979584481],[51.48001367757085,35.61460085914928],[51.48024047394621,35.615134176006926],[51.480097693794086,35.61572306751088],[51.47933004421406,35.61603268916343],[51.47879944143658,35.61628275525774],[51.47820969966693,35.61656911996754],[51.477560521970844,35.61684219332021],[51.47697014857437,35.61713982499655],[51.47643986606832,35.61744623203132],[51.47592395190584,35.617732292909594],[51.4752761956969,35.61813157814022],[51.47465735231828,35.618519475197346],[51.4741285421517,35.618961112448275],[51.47371823510016,35.61948568220617],[51.473392217260994,35.62282980091322],[51.472346385306444,35.62350112971118],[51.471608176748866,35.62378804543123],[51.47086888983818,35.62389237860606],[51.47023279891111,35.62393995099561],[51.46949248830988,35.62398792718769],[51.468796973290765,35.62402445360445],[51.468041200196296,35.62402514504897],[51.467405040621806,35.624061432272576],[51.46669414269077,35.62406419484262],[51.46592421584021,35.6241235346277],[51.46508037167876,35.624171885043154],[51.464281258405165,35.624197515736476],[51.4634669472561,35.62422094563652],[51.46272636917359,35.62422379924916],[51.46207489102482,35.624237576289424],[51.46140816342757,35.62424013784021],[51.460726941665285,35.6242427512661],[51.45997186901179,35.62424564351099],[51.45918716956449,35.62425766063615],[51.45853132082689,35.624400066833886],[51.457754261850944,35.62461076125691],[51.45679760256447,35.62482213346283],[51.45602025661266,35.62498393964617],[51.45524290747608,35.625145740832494],[51.4545846626481,35.62519711067584],[51.45380633935599,35.625187832712726],[51.4530728463477,35.625166161173965],[51.45239928836559,35.62515647910133],[51.45159096383938,35.62513508021446],[51.45105217276409,35.62513710365457],[51.45037861514497,35.625127410280506],[51.44964505479634,35.62509349857341],[51.44889680250467,35.62510851545491],[51.44799868063855,35.62508742785292],[51.44739995569795,35.62507743882683],[51.44662163388765,35.62506811443041],[51.445873177020665,35.62504645465482],[51.44509485558067,35.6250371203908],[51.444301567854055,35.62502783643231],[51.443568078242464,35.625006106992835],[51.44283479163363,35.62502103098075],[51.44213116776452,35.624986963181584],[51.44153257869386,35.625001383585456],[51.44076915706913,35.62497974707438],[51.44009560138981,35.624969996188284],[51.43943701224389,35.62496018680599],[51.43884043366212,35.62496249211055],[51.43816027430999,35.62494933304385],[51.437924852045995,35.62657070190991],[51.43779102563967,35.62749234481676],[51.43654052807931,35.63707701072718],[51.43466964326756,35.65112119335615],[51.43432761695174,35.65186109975714],[51.43183528094098,35.659894822888674],[51.43228711456908,35.65989088152788]]]]}},{"type":"Feature","properties":{"region":16},"geometry":{"type":"Polygon","coordinates":[[[51.40617552238168,35.65847266264769],[51.40716488007634,35.65835914573879],[51.40830415960541,35.65823287035444],[51.40885886184736,35.65818202022737],[51.409699353610705,35.65828932270934],[51.410494788518236,35.65838453257719],[51.41136534495009,35.658503961398374],[51.412040667521886,35.65857509088966],[51.41276111393846,35.658670543011276],[51.41342125047863,35.65870499469919],[51.414141572875124,35.65877595748479],[51.41495182592215,35.65883436453588],[51.415641962275274,35.65886870038894],[51.416527275145796,35.65893907779281],[51.41777249784653,35.658995956562364],[51.41898785271087,35.65907740813331],[51.42033819972635,35.6591583750695],[51.42119352180683,35.65922882309528],[51.42207877852204,35.659286919106655],[51.42272392472395,35.65932137244135],[51.4233240747494,35.65935598091611],[51.4241644024329,35.65942646066895],[51.42486954619873,35.659460690604],[51.42555975672208,35.65950721005754],[51.426339961583025,35.65955340614362],[51.4270151093925,35.65958772997628],[51.42769025774057,35.659622050019465],[51.42844059802581,35.659692820298766],[51.429130746742,35.65972707875212],[51.42983602651134,35.65978576057316],[51.430511243443625,35.659832305279316],[51.43115573730229,35.65987826280058],[51.43169015718213,35.65991456413895],[51.43183528094098,35.659894822888674],[51.43432761695174,35.65186109975714],[51.43466964326756,35.65112119335615],[51.43654052807931,35.63707701072718],[51.43779102563967,35.62749234481676],[51.437924852045995,35.62657070190991],[51.43766764185298,35.626774924138324],[51.43716788259017,35.62682477164599],[51.436682109142104,35.62674248843728],[51.43641680321694,35.626635388609756],[51.43588606279312,35.6263971735036],[51.43526689133931,35.62612325516443],[51.43281907601484,35.62491938200538],[51.43212607177034,35.62458567789051],[51.43134425497733,35.62414422484699],[51.43100485310323,35.62392931520742],[51.43057702363223,35.62367870023752],[51.43013423301433,35.6233801089453],[51.429603210581234,35.62308183147374],[51.429175261315834,35.62280719771565],[51.4286441177122,35.6224849022213],[51.42796547247983,35.62207908015464],[51.4273458486349,35.621709065596576],[51.42626895321408,35.621076514799576],[51.42452536977144,35.61950975807269],[51.42405283293045,35.61913920657554],[51.423462215607486,35.61868501967881],[51.4229898787018,35.61835048451959],[51.422607548768035,35.61835182973623],[51.42231420832177,35.618496946206044],[51.42227211844846,35.61888132125913],[51.4224204321061,35.61924930596353],[51.42167831425796,35.61868558551914],[51.42123407226689,35.61830598277882],[51.420716023505676,35.61790657569523],[51.42003823260893,35.61749769427781],[51.41949599434293,35.617168580270906],[51.418953917864116,35.616869554883664],[51.41849814824056,35.61663040979662],[51.41785791146149,35.616351782356276],[51.417414797817365,35.61618280299856],[51.4162092452515,35.61585597637811],[51.41519988112736,35.61545824602441],[51.41478165724313,35.61534935425841],[51.41424085508105,35.615291036447395],[51.41367538236165,35.61521274002511],[51.41329453074162,35.61520401999219],[51.412938143527604,35.615175153570526],[51.412594195380514,35.615176335056304],[51.4122380149599,35.615187588083785],[51.4115380407024,35.61523010967501],[51.41082557604802,35.61523254767317],[51.4104079756959,35.61524400526894],[51.40991533761789,35.61499492289365],[51.40947235042849,35.61484597489442],[51.409413647965245,35.61537779455616],[51.40923302721227,35.6160905794722],[51.408502379957916,35.61734688528707],[51.40647114186401,35.618918540529954],[51.40522310108727,35.619905750412464],[51.40486872361391,35.620278075532845],[51.404698816259085,35.62068990059126],[51.404664090448655,35.62111130071542],[51.40387124415982,35.62223739011314],[51.40348085417681,35.62278035144478],[51.403188083488445,35.623192586793365],[51.40290744359309,35.623574689087974],[51.40259019748426,35.62400706612039],[51.40216328696376,35.62462035927707],[51.401626404839156,35.62535438510981],[51.40126050544191,35.625887226643385],[51.40087013043456,35.62644020979373],[51.40047959958452,35.62696310053596],[51.40007702847617,35.6275361827921],[51.39896666951268,35.629074548269124],[51.398588449583606,35.62960742238554],[51.39824738252174,35.63020035535363],[51.39786880365554,35.63066301456775],[51.39752693000965,35.63109545949892],[51.397002249012814,35.631829423831036],[51.3966361406211,35.63233216002187],[51.39633111301514,35.632764479816466],[51.39590405895218,35.63336772014065],[51.39550122514667,35.6339006654338],[51.39523289741728,35.63430276993399],[51.39496446803583,35.634684813087546],[51.39473255068628,35.63499652192442],[51.394390839505014,35.63546907934747],[51.39406141138563,35.63594159548135],[51.393560945770744,35.63661528181103],[51.393207278531904,35.63715808866991],[51.39301211068248,35.63744961274482],[51.39258535136104,35.63812305372064],[51.39138687532445,35.639290506064675],[51.39110494708977,35.639431851776614],[51.391107152794575,35.63988321824947],[51.391247895737344,35.6402918049731],[51.391442497904904,35.64082404250304],[51.39172865527133,35.641335618839975],[51.392023402691564,35.64182520015057],[51.39227553722874,35.642341575686935],[51.392489197768825,35.64284240368671],[51.392779893041826,35.64338999741542],[51.39303234534512,35.64396906090033],[51.39299763893709,35.64472146325407],[51.39265602634629,35.645537559992],[51.39229405327418,35.64611863199996],[51.391969786254286,35.64655852572665],[51.39191333445518,35.64679380011778],[51.39137830885786,35.64732841584309],[51.390881985212914,35.64792559391066],[51.39042336901944,35.64838159325403],[51.38995275345442,35.648860352798664],[51.3895095367956,35.64929798324712],[51.38900893308122,35.64971836035107],[51.38845413402081,35.650143318301815],[51.38795678324525,35.650536742772374],[51.38763148748916,35.650772883247065],[51.38713420461731,35.65118197675363],[51.386483298236804,35.65159156269871],[51.38600360556991,35.651853756990256],[51.38546814366602,35.65212769620357],[51.384981733347324,35.652365927944246],[51.38437646645098,35.6527267567726],[51.383840448653395,35.65307326994944],[51.38329441636046,35.653425456007916],[51.38274972126766,35.65387605735977],[51.3823633180553,35.654300808192716],[51.38205364193442,35.654737985731174],[51.381796535482565,35.65533664942395],[51.38153120428372,35.65607410779773],[51.38164747161327,35.65629315554801],[51.38277998185294,35.65760726820524],[51.38451717408148,35.657638067205],[51.38589823133089,35.65770633546394],[51.38745727062769,35.65773766443223],[51.38857109780678,35.65780676397624],[51.39030989225885,35.6581646178155],[51.39240715707868,35.658957467012556],[51.39433885908321,35.65923271514451],[51.39497580214742,35.65915172849179],[51.395612053393805,35.65907074075209],[51.396322877221124,35.65898950356592],[51.397092335967606,35.6588967978351],[51.39777352133244,35.658826920573865],[51.398469430501635,35.6588020725265],[51.399091512259155,35.65878873630894],[51.39978822377906,35.65878641893401],[51.40048418829083,35.658772829540666],[51.40129887271414,35.65874982308731],[51.40193614437372,35.65873642141766],[51.40269143389893,35.6587113502233],[51.40341680421065,35.658641292890366],[51.40521609737412,35.658573829691036],[51.40617552238168,35.65847266264769]]]}},{"type":"Feature","properties":{"region":17},"geometry":{"type":"Polygon","coordinates":[[[51.37843997043679,35.654379965185605],[51.378009861634055,35.65434221060732],[51.377277044578435,35.65430060369314],[51.376939563416116,35.654228130710045],[51.376520571680246,35.65412744806202],[51.376073172208734,35.653949680340396],[51.37551102891221,35.65372346030883],[51.37497644897255,35.653512018990526],[51.37455565942204,35.653355814802524],[51.37445404251017,35.653172848628024],[51.37422805652945,35.6530509034343],[51.37394528831505,35.65283714737009],[51.373531032081345,35.65262379973275],[51.3731162774337,35.65230313368905],[51.37272016729227,35.65195174588286],[51.37241826604867,35.651661389465495],[51.372022019530384,35.65127933729045],[51.37173840844899,35.650881603906825],[51.37132260246154,35.65033096646358],[51.37081316868748,35.649841941584874],[51.37011526812897,35.64921551451828],[51.36936074547663,35.64852793258068],[51.36860623576664,35.64784034576005],[51.36805926840479,35.64735142414685],[51.36764435153309,35.64698474563162],[51.36702198333995,35.64643472509434],[51.36617310906303,35.64564009240216],[51.365664016808424,35.64521236909858],[51.36506038836895,35.6446469498758],[51.364570090620894,35.644219164702804],[51.36396654711839,35.6436690708468],[51.363249902169315,35.643027328612334],[51.36287273254324,35.64269118156756],[51.362363537732705,35.64223278181271],[51.36181657734916,35.641728499902726],[51.36130739468827,35.641270095538225],[51.360949161299246,35.64096454785121],[51.360383644217514,35.6405063088171],[51.35979935228965,35.640048123331496],[51.35932809845688,35.63966625303888],[51.35853629235233,35.639178573447076],[51.357933800849935,35.63891606351598],[51.357399292772655,35.638680855178514],[51.356862614294506,35.63844971986972],[51.356389429977646,35.63824895441978],[51.35596238700974,35.63806215526343],[51.35541578079569,35.63782855509794],[51.355108317441356,35.63769090314929],[51.35463512110518,35.637485429146054],[51.354245595702,35.63731496881241],[51.35396287166282,35.63720061219713],[51.353678255788445,35.6373095887266],[51.35354048528929,35.637413430673845],[51.35335992309594,35.6376090805119],[51.3533436789004,35.63798059628739],[51.35335367113041,35.63825318432605],[51.35331077463732,35.63849005726894],[51.353232534175255,35.638683989311176],[51.35312823208863,35.638815519845856],[51.3530103822543,35.639034090918656],[51.35292244900045,35.63930106828385],[51.35277542902449,35.63964096069337],[51.35255484332451,35.64013867552183],[51.352393235387694,35.640539228173445],[51.352158166445555,35.641121849794025],[51.351966903762815,35.641534612372325],[51.3517467876623,35.64214143643754],[51.35148216461147,35.642760513923896],[51.35123217702606,35.643331053653306],[51.350938266569784,35.64404720412912],[51.35071771072313,35.64455703878349],[51.350482458714765,35.64510328662355],[51.35021797555373,35.64575873139464],[51.350026798120844,35.64619573752994],[51.34982103070117,35.64669340370623],[51.34957107224715,35.64727606316853],[51.34926249125907,35.64804074615986],[51.34901252462532,35.64862340437947],[51.348762554392714,35.649206062044534],[51.348424779286255,35.65009206314816],[51.34796901010533,35.6511723822735],[51.34766008291221,35.65186432037979],[51.347395607489865,35.65253188188223],[51.34708677544485,35.65324806523391],[51.3467633989834,35.65403703108656],[51.34652819781477,35.65460751746284],[51.346263336598035,35.65519021244776],[51.346025346483664,35.655804350594366],[51.34581340983562,35.656260806966074],[51.34561356433701,35.6567657223385],[51.34537814812576,35.65729013737586],[51.34524905740488,35.65766876354171],[51.345060712316325,35.65808635525624],[51.344884249470276,35.65850391251421],[51.34471958541422,35.658902037928236],[51.34442544590394,35.65959149983109],[51.344190222552,35.660164405978804],[51.34404907024611,35.6605042699428],[51.34391967611371,35.66081500352703],[51.343790239277176,35.66111603824514],[51.34362564790563,35.66153355948316],[51.34348436581695,35.66184432658756],[51.34341389103015,35.66203850493624],[51.343331531163294,35.66223271723439],[51.34322552629073,35.662456093588126],[51.34314337371878,35.66269879932295],[51.34303740933759,35.66293187421465],[51.342908049044944,35.66325230534435],[51.342696116864204,35.663718454587624],[51.342555243040856,35.664126207661646],[51.3429704040003,35.66670491073584],[51.34325615358291,35.66682047979528],[51.3435300602336,35.66694578089582],[51.34381572802795,35.66704195119908],[51.34417295990876,35.667196108590296],[51.34497091946505,35.66757207199869],[51.34522366488512,35.66768392938406],[51.345840520987245,35.66796348217872],[51.346327835111616,35.66818312094702],[51.34679048252973,35.66839278155047],[51.34748755824913,35.66871228383248],[51.348067447413214,35.66898188469692],[51.34859177852378,35.66921647805029],[51.34896809295736,35.66939121485934],[51.34951712140431,35.66964080351355],[51.350374641677334,35.67004020119667],[51.35107194449897,35.67040489539617],[51.35133526815305,35.670720454465766],[51.352032660579205,35.67046738994411],[51.35301002832187,35.67011788266997],[51.35362468497318,35.66989000591754],[51.35422135488449,35.66968221838437],[51.35469423044371,35.669505047325394],[51.35500393656939,35.66939155964836],[51.35548502935496,35.66922267022502],[51.35590372477837,35.669068526131944],[51.356643771668324,35.668942550692016],[51.357490825298264,35.6688016898441],[51.35848910690207,35.66855843590871],[51.35936262692558,35.66835195283588],[51.36020937407224,35.66814554377235],[51.36110079635547,35.6679535566082],[51.3618853063604,35.667798290767955],[51.36254502733625,35.667672521216204],[51.36322249236946,35.66752485102401],[51.36391803228356,35.667428090028956],[51.364595725123024,35.6673313792243],[51.3653536537608,35.66721985821773],[51.36604023235462,35.66711583113276],[51.366691452553894,35.66708471928038],[51.367342638757954,35.6670463228978],[51.368136620095314,35.66701476631053],[51.370241734991176,35.667214318645506],[51.37137127532057,35.66746551018354],[51.37298216581076,35.66796987690992],[51.375050238805066,35.6686882932954],[51.37820085106621,35.669853856641986],[51.3807491576069,35.67078783353432],[51.38093978241273,35.6689688597798],[51.38195206510322,35.66232054534647],[51.38277998185294,35.65760726820524],[51.38164747161327,35.65629315554801],[51.38153120428372,35.65607410779773],[51.381066514707705,35.655276277679896],[51.37972013284987,35.65482603560421],[51.378725263020435,35.65447869087205],[51.37843997043679,35.654379965185605]]]}},{"type":"Feature","properties":{"region":18},"geometry":{"type":"Polygon","coordinates":[[[51.27199770422591,35.67646676299464],[51.272917328284635,35.67644761912393],[51.27369058036796,35.67641174806077],[51.274380224345855,35.67637606336775],[51.27519533747982,35.67635714118927],[51.276093998540304,35.6763209668281],[51.27690911063123,35.676302033051506],[51.277807710868814,35.676248791706215],[51.27885876322221,35.67622920898431],[51.27976501111857,35.676190727640986],[51.28076040967631,35.67615203079923],[51.28162216545299,35.67613788670974],[51.28249869367897,35.67609945458061],[51.28324157985261,35.67608557884638],[51.28398442261624,35.676059575094165],[51.28466778736474,35.6760215844118],[51.28552949750085,35.67599528893109],[51.2862872406118,35.67598135903653],[51.287163764652924,35.675942892962574],[51.28835244850645,35.67594004103984],[51.2894964686483,35.67591303812121],[51.29029878572721,35.67589897538786],[51.29111587262112,35.67586062439051],[51.29187356892532,35.67583453592094],[51.29273522987692,35.67579606546172],[51.2934780664623,35.67577000316214],[51.294220902531805,35.67574393628174],[51.294978596582425,35.67571782828146],[51.295810627470324,35.67570365574888],[51.296731763911254,35.67567713354113],[51.29748945639833,35.675651009746524],[51.29824710307936,35.67561275776507],[51.298945405908235,35.67559889599146],[51.2997477177287,35.675584770315716],[51.300505408221234,35.67555862755017],[51.30111455935201,35.675544976497655],[51.30161970107829,35.67553158392412],[51.30203569191729,35.67551841372867],[51.30227342712279,35.67551781492433],[51.30267451337215,35.67549255654521],[51.30310540826242,35.675491468581214],[51.30356597393432,35.67547818046477],[51.304026493289065,35.67545276717249],[51.30708700414582,35.675360107206934],[51.30705425775029,35.67457216147019],[51.30699282095326,35.674051006782186],[51.306961613643594,35.673663133551266],[51.306930732758666,35.67336012419628],[51.3068849009689,35.67303290599185],[51.306913592092485,35.67276611480839],[51.306942329619034,35.67251144702464],[51.307045123152335,35.672195972028625],[51.30728154253161,35.67185590767826],[51.30775643046819,35.671709207976974],[51.30792650766732,35.671655389135005],[51.30875864814602,35.671530841620154],[51.309578304624445,35.67140264463692],[51.31040976918727,35.67125501386746],[51.31120564792538,35.67112686732947],[51.31206087870207,35.67097916351809],[51.313022966752534,35.670802078411654],[51.31389011475594,35.670664029354846],[51.314721563500854,35.67051636887189],[51.315600553067476,35.6703685776139],[51.316408300417365,35.67024036549137],[51.3173941416123,35.67006318284231],[51.31835628387058,35.66990545266731],[51.31887887677933,35.66980707670098],[51.31963906956664,35.669678969287645],[51.32037552706988,35.669560619282336],[51.32113575404064,35.66944220116508],[51.32254918977343,35.66919593942134],[51.324022006174545,35.66893980194261],[51.32477033595665,35.66882139301813],[51.32537603481447,35.66870336626594],[51.32599369670938,35.668604701630954],[51.326623203107346,35.66849630276236],[51.327323982093915,35.668378007392754],[51.3280485302901,35.66825964297395],[51.32859487153837,35.66816115994804],[51.32931937586941,35.668033089178195],[51.33015084824623,35.667904719823206],[51.331065356244416,35.66773732037406],[51.33171861988411,35.66762882934579],[51.33243126907976,35.66751047146336],[51.33315576122456,35.667382377661255],[51.33389213651896,35.66725424644357],[51.3347354381051,35.667116113713895],[51.33536492064218,35.667007669244335],[51.3360538286659,35.66689905510619],[51.336718882212494,35.666771106298945],[51.33736028562452,35.666672316789885],[51.338524398182194,35.66651385768988],[51.33958141419817,35.66632659391633],[51.34088880299548,35.666322887773674],[51.34167373370801,35.66643704179879],[51.3424232597839,35.66660948467841],[51.3429704040003,35.66670491073584],[51.342555243040856,35.664126207661646],[51.342696116864204,35.663718454587624],[51.342908049044944,35.66325230534435],[51.34303740933759,35.66293187421465],[51.34314337371878,35.66269879932295],[51.34322552629073,35.662456093588126],[51.343331531163294,35.66223271723439],[51.34341389103015,35.66203850493624],[51.34348436581695,35.66184432658756],[51.34362564790563,35.66153355948316],[51.343790239277176,35.66111603824514],[51.34391967611371,35.66081500352703],[51.34404907024611,35.6605042699428],[51.344190222552,35.660164405978804],[51.34442544590394,35.65959149983109],[51.34471958541422,35.658902037928236],[51.344884249470276,35.65850391251421],[51.345060712316325,35.65808635525624],[51.34524905740488,35.65766876354171],[51.34537814812576,35.65729013737586],[51.34561356433701,35.6567657223385],[51.34581340983562,35.656260806966074],[51.346025346483664,35.655804350594366],[51.346263336598035,35.65519021244776],[51.34652819781477,35.65460751746284],[51.3467633989834,35.65403703108656],[51.34708677544485,35.65324806523391],[51.347395607489865,35.65253188188223],[51.34766008291221,35.65186432037979],[51.34796901010533,35.6511723822735],[51.348424779286255,35.65009206314816],[51.348762554392714,35.649206062044534],[51.34901252462532,35.64862340437947],[51.34926249125907,35.64804074615986],[51.34957107224715,35.64727606316853],[51.34982103070117,35.64669340370623],[51.350026798120844,35.64619573752994],[51.35021797555373,35.64575873139464],[51.350482458714765,35.64510328662355],[51.35071771072313,35.64455703878349],[51.350938266569784,35.64404720412912],[51.35123217702606,35.643331053653306],[51.35148216461147,35.642760513923896],[51.3517467876623,35.64214143643754],[51.351966903762815,35.641534612372325],[51.352158166445555,35.641121849794025],[51.352393235387694,35.640539228173445],[51.35255484332451,35.64013867552183],[51.35277542902449,35.63964096069337],[51.35292244900045,35.63930106828385],[51.3530103822543,35.639034090918656],[51.35312823208863,35.638815519845856],[51.353232534175255,35.638683989311176],[51.35331077463732,35.63849005726894],[51.35335367113041,35.63825318432605],[51.3533436789004,35.63798059628739],[51.35335992309594,35.6376090805119],[51.353292775452516,35.63740240562603],[51.35315354138947,35.637174785313306],[51.35302916309617,35.63705055739715],[51.35274581991601,35.63679515030551],[51.3521760307868,35.63636796291495],[51.35167454725596,35.63613456701582],[51.35104051069399,35.635842282272186],[51.35042583926302,35.63553728937533],[51.34979219147249,35.635244150771484],[51.349248991829654,35.63497532794827],[51.348689209483865,35.634704774045545],[51.34819773056991,35.63446744458042],[51.34762965265434,35.634204622726905],[51.34712913329193,35.63395629554344],[51.346664739470356,35.63373724728911],[51.34617325652952,35.633496236339475],[51.34573592766091,35.63329179910365],[51.345276040814454,35.63307273247319],[51.34482741272649,35.63284694465932],[51.34453252348723,35.63268356853446],[51.34291062383832,35.63191361208976],[51.342341961356894,35.631626658519195],[51.34170809142088,35.63131710549014],[51.34113946980479,35.631037740187736],[51.34062682554454,35.63079618395753],[51.340179427080635,35.63058481715035],[51.33972272904066,35.630373474979585],[51.33933121108402,35.63017713510649],[51.338594818691426,35.629814696444974],[51.33783052747051,35.62945233174104],[51.33688912575742,35.628999329811386],[51.33381412961827,35.627494653363165],[51.33135906849904,35.625754877418665],[51.330884580144904,35.625420305802926],[51.33038924905658,35.625018613607054],[51.33001775399215,35.62471734308856],[51.32956384655505,35.62438270961282],[51.329110011953,35.62406486821126],[51.32853214626955,35.623596218387334],[51.328078251351975,35.6232615791849],[51.327624222731984,35.62289335057558],[51.32712892353108,35.622491644635645],[51.32661319771516,35.62212358022533],[51.326242072448906,35.62190626694257],[51.32578847002776,35.62163879425975],[51.325417212671475,35.62138789072136],[51.32498411610951,35.62110356537112],[51.324324226896614,35.62068549907114],[51.32316955593072,35.61998326342034],[51.32248904968837,35.61954844840438],[51.31991348727981,35.618413344470056],[51.31505322965368,35.616830763004906],[51.31327951205119,35.615575851169744],[51.31234986940463,35.61452024841402],[51.31162728855718,35.61381677604192],[51.31080149738642,35.613012802131216],[51.31018216486633,35.61240981785868],[51.30981067380598,35.61207489593723],[51.309294574960326,35.61157240488791],[51.30881987337967,35.61113698133275],[51.308283221038536,35.6106345387089],[51.30780846592051,35.61018231714916],[51.30735441059368,35.60976362880998],[51.30696231376109,35.60941195658426],[51.30650820290991,35.60897647105675],[51.30605422537961,35.60857457157032],[51.305620817496745,35.60817261797591],[51.30518747796716,35.607787456682026],[51.304712884949076,35.60736881035999],[51.3043001827392,35.60700038749657],[51.30380490685196,35.60654820179205],[51.303351020201085,35.60616308573892],[51.30297952298229,35.60581134820753],[51.3025048262537,35.60535910509984],[51.30188580504272,35.604806458579674],[51.30139061949201,35.604371056576625],[51.30079211447412,35.60380155872263],[51.299654225804225,35.602916946691046],[51.29870395938286,35.60236176966005],[51.297791978578154,35.60189941428474],[51.29680734682563,35.60135706896924],[51.29597053465483,35.6008675038525],[51.29515244947178,35.60018757801779],[51.29437257294855,35.599333103072844],[51.293417894735406,35.59846319119296],[51.29273577906307,35.59778291618707],[51.29228772644421,35.597387530969385],[51.29176160402219,35.59688132026031],[51.29127455354209,35.59643844872374],[51.29086529244424,35.59602710489415],[51.290397611684966,35.59556832371589],[51.289871627894,35.59509382237858],[51.28934565031548,35.59461931867887],[51.288858340874455,35.59409714234176],[51.28833237580722,35.593622634082244],[51.28788402603323,35.593132078294175],[51.287357845442024,35.592594129831376],[51.28685108816046,35.59205613259968],[51.28636392390439,35.59156566372251],[51.28587693541117,35.5911227696905],[51.28542867111553,35.590648063391576],[51.28501958233552,35.59026841696501],[51.28466902645787,35.589967925835005],[51.284299170094,35.58969919757133],[51.28387135033504,35.58950990072936],[51.28332917069179,35.58992351812627],[51.28298091985333,35.59027323970333],[51.28321542397567,35.59070088236035],[51.283022833729326,35.591145391275866],[51.282791017086176,35.591478978595326],[51.282326204028315,35.591813113638885],[51.28158894567727,35.591973436214595],[51.280879624817274,35.59234309030152],[51.280422621200124,35.59266199101168],[51.279832014445695,35.592854970247316],[51.2792561765668,35.59312906089363],[51.27887414697231,35.59358302903582],[51.27875928033316,35.594081458401014],[51.27852497187486,35.59455762353207],[51.27809877411881,35.59501169161009],[51.27750897256201,35.59544359522012],[51.27699352493336,35.59583024179464],[51.276522191372884,35.59620551388846],[51.27606521845461,35.59654468504281],[51.27563887988675,35.59696493272575],[51.275715810331484,35.59746517248749],[51.27597090500238,35.59800783107793],[51.27631489490318,35.59851647254492],[51.27662838154044,35.598982354861135],[51.27697241879196,35.59950226487763],[51.27719770235752,35.59999990690243],[51.27739367780355,35.60060130602983],[51.27753003397206,35.60112169408475],[51.27762216064682,35.60162189711107],[51.27774402967471,35.60214231833708],[51.277836424886914,35.6027191607716],[51.27792886840979,35.603309527719766],[51.27796273088671,35.603920317348816],[51.27799598998253,35.604555903681],[51.27801432026784,35.605065293513995],[51.27807701749899,35.60563318776152],[51.278125295009694,35.60622140245887],[51.27821774485686,35.6068117688141],[51.27829500684774,35.60739991613139],[51.27837281110906,35.6079452337259],[51.2784056362339,35.608454589585065],[51.27841023131182,35.60918040674385],[51.27834017185956,35.60987033100542],[51.27831442626973,35.61040461790363],[51.27828806081295,35.61095919329296],[51.2783365079721,35.6115947435573],[51.278370455877834,35.61222807324334],[51.27840387892826,35.61290874063452],[51.278452045909155,35.613463142903626],[51.278456720441675,35.614211500488],[51.27848959599995,35.6147343803995],[51.278419140543186,35.615311598938995],[51.2781562534732,35.6159230753804],[51.27772998806817,35.61639066568287],[51.27699105413571,35.616651597448445],[51.27677266062779,35.61716153263197],[51.27677623991192,35.617797186363504],[51.276661872293445,35.61845339909517],[51.276309424479344,35.61891855989322],[51.275026301042146,35.61969241660337],[51.274219579760654,35.623343681816934],[51.27392811701973,35.62409271486203],[51.27427128473416,35.62453373808138],[51.273680622040345,35.62478303977376],[51.27443668422902,35.624862461114745],[51.27511808062984,35.62490598304351],[51.27578549619839,35.62509830502304],[51.27584799214785,35.62560759194999],[51.276881084776974,35.629743770752825],[51.27698772911015,35.63024168420675],[51.27694844916659,35.63105776472081],[51.27668631520426,35.63170530060064],[51.276556156988036,35.632192489551294],[51.2766186246599,35.63269050494695],[51.27681439627887,35.63321075393145],[51.27708442988098,35.6338457909014],[51.27722164947717,35.63439998603283],[51.277433132058455,35.63506896906273],[51.27761470018018,35.635670397452266],[51.2778107597717,35.63626953783404],[51.277947957288106,35.636814715493216],[51.27798075357915,35.63731279850954],[51.27791011904236,35.63784493279906],[51.27772071548713,35.638368325541876],[51.27745647171622,35.6388107430009],[51.27694105924677,35.63928755159783],[51.27639575331256,35.63970581992208],[51.27601357331655,35.64018457159104],[51.27575023781898,35.64069460647513],[51.275620254011045,35.64123814612406],[51.275594792538676,35.64186259352879],[51.2756429977203,35.64242826473017],[51.27576511985567,35.64300729063127],[51.27599067550592,35.64355001265917],[51.27630561265431,35.64418494690804],[51.276041342126454,35.644627360956285],[51.27562920909791,35.645036302572954],[51.27545503253213,35.645579943201504],[51.27556304852207,35.64627170687962],[51.275611411809464,35.646882459503175],[51.27551102715897,35.64740338939604],[51.27526217150223,35.64791564351242],[51.274851056993036,35.6484260148602],[51.274439014608085,35.648868763628435],[51.27399631849649,35.649232687180046],[51.2736139556484,35.649675365287145],[51.27344002552303,35.650297895868746],[51.27344391725876,35.65082985656711],[51.27346158705385,35.651352769375244],[51.27359943760729,35.65208954830558],[51.27387007718378,35.652688523306075],[51.27425879699058,35.65328948180455],[51.2744697172453,35.65378715703545],[51.27426582410429,35.65433086320922],[51.27395735772867,35.6547846436209],[51.273575362064555,35.65534227985199],[51.2736973660163,35.65588524116637],[51.27410005129073,35.656326126423856],[51.27468077854293,35.656735045207455],[51.274699411982496,35.657334594689665],[51.27464327814351,35.65787796269724],[51.27457396107994,35.65860394334148],[51.27451906606403,35.659307349802305],[51.27447835340775,35.659918305407025],[51.274482609227725,35.660553953183054],[51.2745453662203,35.66113311438345],[51.27466738580361,35.66167607412387],[51.27458251763224,35.66229840115718],[51.27434907334487,35.66288951057861],[51.27399688259458,35.66348990725748],[51.27357172747356,35.66416034651914],[51.27311586466459,35.664738435930644],[51.272674227736964,35.66523759762998],[51.272337022200574,35.665783856732034],[51.27208961768859,35.66654179677392],[51.27198915568028,35.667053705900344],[51.271918456504366,35.66758583433889],[51.27180375069543,35.6681744149871],[51.2716740112581,35.66881036566533],[51.271514183178006,35.66933142509729],[51.271339888711886,35.66986378751672],[51.27116602065179,35.670522378335825],[51.27125818261336,35.67102032619978],[51.27135046831314,35.67155433927958],[51.271339192805705,35.672097603018585],[51.271135194392954,35.67263003212215],[51.270811370231655,35.67306129700988],[51.27026539160231,35.67335781591749],[51.26986758564437,35.67376670395589],[51.26975189899737,35.67427639081513],[51.269755730399794,35.67479707920319],[51.27036753127328,35.67652161276316],[51.27116174513099,35.67650276500973],[51.27199770422591,35.67646676299464]]]}},{"type":"Feature","properties":{"region":19},"geometry":{"type":"Polygon","coordinates":[[[51.35302916309617,35.63705055739715],[51.35315354138947,35.637174785313306],[51.353292775452516,35.63740240562603],[51.35335992309594,35.6376090805119],[51.35354048528929,35.637413430673845],[51.353678255788445,35.6373095887266],[51.35396287166282,35.63720061219713],[51.354245595702,35.63731496881241],[51.35463512110518,35.637485429146054],[51.355108317441356,35.63769090314929],[51.35541578079569,35.63782855509794],[51.35596238700974,35.63806215526343],[51.356389429977646,35.63824895441978],[51.356862614294506,35.63844971986972],[51.357399292772655,35.638680855178514],[51.357933800849935,35.63891606351598],[51.35853629235233,35.639178573447076],[51.35932809845688,35.63966625303888],[51.35979935228965,35.640048123331496],[51.360383644217514,35.6405063088171],[51.360949161299246,35.64096454785121],[51.36130739468827,35.641270095538225],[51.36181657734916,35.641728499902726],[51.362363537732705,35.64223278181271],[51.36287273254324,35.64269118156756],[51.363249902169315,35.643027328612334],[51.36396654711839,35.6436690708468],[51.364570090620894,35.644219164702804],[51.36506038836895,35.6446469498758],[51.365664016808424,35.64521236909858],[51.36617310906303,35.64564009240216],[51.36702198333995,35.64643472509434],[51.36764435153309,35.64698474563162],[51.36805926840479,35.64735142414685],[51.36860623576664,35.64784034576005],[51.36936074547663,35.64852793258068],[51.37011526812897,35.64921551451828],[51.37081316868748,35.649841941584874],[51.37132260246154,35.65033096646358],[51.37173840844899,35.650881603906825],[51.372022019530384,35.65127933729045],[51.37241826604867,35.651661389465495],[51.37272016729227,35.65195174588286],[51.3731162774337,35.65230313368905],[51.373531032081345,35.65262379973275],[51.37394528831505,35.65283714737009],[51.37422805652945,35.6530509034343],[51.37445404251017,35.653172848628024],[51.37455565942204,35.653355814802524],[51.37497644897255,35.653512018990526],[51.37551102891221,35.65372346030883],[51.376073172208734,35.653949680340396],[51.376520571680246,35.65412744806202],[51.376939563416116,35.654228130710045],[51.377277044578435,35.65430060369314],[51.378009861634055,35.65434221060732],[51.37843997043679,35.654379965185605],[51.378725263020435,35.65447869087205],[51.37972013284987,35.65482603560421],[51.381066514707705,35.655276277679896],[51.38153120428372,35.65607410779773],[51.381796535482565,35.65533664942395],[51.38205364193442,35.654737985731174],[51.3823633180553,35.654300808192716],[51.38274972126766,35.65387605735977],[51.38329441636046,35.653425456007916],[51.383840448653395,35.65307326994944],[51.38437646645098,35.6527267567726],[51.384981733347324,35.652365927944246],[51.38546814366602,35.65212769620357],[51.38600360556991,35.651853756990256],[51.386483298236804,35.65159156269871],[51.38713420461731,35.65118197675363],[51.38763148748916,35.650772883247065],[51.38795678324525,35.650536742772374],[51.38845413402081,35.650143318301815],[51.38900893308122,35.64971836035107],[51.3895095367956,35.64929798324712],[51.38995275345442,35.648860352798664],[51.39042336901944,35.64838159325403],[51.390881985212914,35.64792559391066],[51.39137830885786,35.64732841584309],[51.39191333445518,35.64679380011778],[51.391969786254286,35.64655852572665],[51.39229405327418,35.64611863199996],[51.39265602634629,35.645537559992],[51.39299763893709,35.64472146325407],[51.39303234534512,35.64396906090033],[51.392779893041826,35.64338999741542],[51.392489197768825,35.64284240368671],[51.39227553722874,35.642341575686935],[51.392023402691564,35.64182520015057],[51.39172865527133,35.641335618839975],[51.391442497904904,35.64082404250304],[51.391247895737344,35.6402918049731],[51.391107152794575,35.63988321824947],[51.39110494708977,35.639431851776614],[51.39138687532445,35.639290506064675],[51.39258535136104,35.63812305372064],[51.39301211068248,35.63744961274482],[51.393207278531904,35.63715808866991],[51.393560945770744,35.63661528181103],[51.39406141138563,35.63594159548135],[51.394390839505014,35.63546907934747],[51.39473255068628,35.63499652192442],[51.39496446803583,35.634684813087546],[51.39523289741728,35.63430276993399],[51.39550122514667,35.6339006654338],[51.39590405895218,35.63336772014065],[51.39633111301514,35.632764479816466],[51.3966361406211,35.63233216002187],[51.397002249012814,35.631829423831036],[51.39752693000965,35.63109545949892],[51.39786880365554,35.63066301456775],[51.39824738252174,35.63020035535363],[51.398588449583606,35.62960742238554],[51.39896666951268,35.629074548269124],[51.40007702847617,35.6275361827921],[51.40047959958452,35.62696310053596],[51.40087013043456,35.62644020979373],[51.40126050544191,35.625887226643385],[51.401626404839156,35.62535438510981],[51.40216328696376,35.62462035927707],[51.40259019748426,35.62400706612039],[51.40290744359309,35.623574689087974],[51.403188083488445,35.623192586793365],[51.40348085417681,35.62278035144478],[51.40387124415982,35.62223739011314],[51.404664090448655,35.62111130071542],[51.404698816259085,35.62068990059126],[51.40486872361391,35.620278075532845],[51.40522310108727,35.619905750412464],[51.40647114186401,35.618918540529954],[51.408502379957916,35.61734688528707],[51.40923302721227,35.6160905794722],[51.409413647965245,35.61537779455616],[51.40947235042849,35.61484597489442],[51.408820182074074,35.61462752321486],[51.40802061220811,35.6144095685999],[51.40736957328624,35.614411777541896],[51.406620315157944,35.614424345944094],[51.405920140969236,35.61442671331957],[51.405097230533286,35.614449551604174],[51.40428655272598,35.61446231254928],[51.40351262487735,35.614454883505694],[51.402738797968084,35.61446751027776],[51.402050957174275,35.61447984439246],[51.40108053907564,35.614483087606565],[51.40036993074664,35.61448347932976],[51.39942481122703,35.61450568253386],[51.39857295088723,35.614508511370786],[51.39759277517384,35.61452128767647],[51.397020978281645,35.61452317845592],[51.39653063079689,35.614477153669526],[51.395981748894755,35.61439320455337],[51.395362805314505,35.61429995468108],[51.39463874572308,35.61418798929886],[51.39380971157039,35.61408589249292],[51.3931887747036,35.614043942185276],[51.39242402344155,35.61397893922298],[51.39167696762889,35.613935638606314],[51.3905377888781,35.6138859855444],[51.390528461706424,35.611972628940634],[51.39057274500172,35.60923590268445],[51.39052309325473,35.6069425198936],[51.3905887059089,35.60461734314871],[51.390543957059236,35.60332933277349],[51.39061691707649,35.60251221617358],[51.38975697716538,35.60103084284165],[51.388283045561444,35.60187189246137],[51.387675728859705,35.60185131220596],[51.38706835800779,35.6018194584722],[51.38644660612831,35.60181018910967],[51.38578005807578,35.60181233096013],[51.3851430611591,35.60178957910533],[51.38453654389685,35.601791521645545],[51.38392933656825,35.60179346333798],[51.383307639004634,35.60179544819637],[51.3827005391982,35.60181992453959],[51.38207889507291,35.60183317348207],[51.38144200614238,35.601832942903116],[51.38055396462503,35.60183575879223],[51.379813584928705,35.601838101458206],[51.37919188672075,35.6018400650856],[51.37858462540341,35.60183070942315],[51.37774073357993,35.60183111134304],[51.37695614007754,35.60182230485146],[51.37628937950242,35.60177931248995],[51.37566666391986,35.601711383420266],[51.37505908733382,35.60163438739451],[51.37440782533903,35.60165895981131],[51.37380136087718,35.60167211874813],[51.37313486546727,35.6016854610827],[51.37251315748329,35.60168513616048],[51.37186184187399,35.60169842438924],[51.37113595288211,35.60170066888446],[51.37036654117418,35.60169177258284],[51.36975933360506,35.60169364287164],[51.36900445373753,35.601693709626836],[51.36833764627928,35.601639402794575],[51.367641376182036,35.60163026482798],[51.366989853508926,35.601598444959166],[51.366130577171525,35.60155373015626],[51.36531641940064,35.60156747915998],[51.36456201220429,35.60167120617151],[51.36386794094557,35.601842369341085],[51.3632467524969,35.6019569551677],[51.3625361936969,35.60199291331552],[51.361855355642675,35.60204004835942],[51.36110063460802,35.60207613105636],[51.3603463183409,35.60220237262546],[51.359726216742466,35.60240710186963],[51.359225310344144,35.60272643169076],[51.35876856130796,35.60304562755774],[51.35829661803457,35.60336261288565],[51.35782562280313,35.60373820065296],[51.35737020601447,35.60420390501639],[51.356914934584424,35.60470341900013],[51.35650346898477,35.6051239070603],[51.356017073789594,35.60545445101663],[51.35551628367661,35.60580757679968],[51.3549561849696,35.60616989223798],[51.35448510780191,35.60653419651103],[51.35395473147018,35.60690994427626],[51.35340961034503,35.60722938010634],[51.35283376480283,35.607467755438485],[51.35219807499587,35.607593597558854],[51.35156144578836,35.60766308610489],[51.35086606145484,35.607710201740815],[51.350065984336574,35.607644912576866],[51.349458425580146,35.60757680402524],[51.34870187689263,35.60736486139695],[51.348034731488156,35.60724056564021],[51.34756381208914,35.607649924823136],[51.34792283552877,35.60816958692155],[51.34820798690948,35.60868044559668],[51.348418653098754,35.60920053610678],[51.348571214654434,35.60984702546292],[51.34866407807762,35.61041253960823],[51.348832071420986,35.6111153366413],[51.348983991815416,35.6116130553488],[51.34912079088015,35.61212434247752],[51.34924451702264,35.61280247209109],[51.34927854064974,35.61348311650713],[51.349313058377994,35.614118677064376],[51.34940612891009,35.61472927193626],[51.34949896479048,35.61528576856369],[51.34950276516513,35.615840270075914],[51.3494327210271,35.61639498640642],[51.34931861508283,35.61697462608266],[51.34913089773768,35.617608578379425],[51.349061006815695,35.618199359740515],[51.349069744432846,35.619412048196565],[51.34906765966253,35.623207982283475],[51.349012110548436,35.62376490969844],[51.34873504430109,35.624331496963876],[51.34838205464127,35.6247405159348],[51.348015208161144,35.62513830344789],[51.34752837644908,35.629537485607244],[51.3471621884245,35.63009305613803],[51.34679506091209,35.63059227546357],[51.34628050516952,35.63115954220019],[51.34575081353564,35.63158033311135],[51.3452060276217,35.63202370617798],[51.34453252348723,35.63268356853446],[51.34482741272649,35.63284694465932],[51.345276040814454,35.63307273247319],[51.34573592766091,35.63329179910365],[51.34617325652952,35.633496236339475],[51.346664739470356,35.63373724728911],[51.34712913329193,35.63395629554344],[51.34762965265434,35.634204622726905],[51.34819773056991,35.63446744458042],[51.348689209483865,35.634704774045545],[51.349248991829654,35.63497532794827],[51.34979219147249,35.635244150771484],[51.35042583926302,35.63553728937533],[51.35104051069399,35.635842282272186],[51.35167454725596,35.63613456701582],[51.3521760307868,35.63636796291495],[51.35274581991601,35.63679515030551],[51.35302916309617,35.63705055739715]]]}},{"type":"Feature","properties":{"region":20},"geometry":{"type":"Polygon","coordinates":[[[51.40351262487735,35.614454883505694],[51.40428655272598,35.61446231254928],[51.405097230533286,35.614449551604174],[51.405920140969236,35.61442671331957],[51.406620315157944,35.614424345944094],[51.40736957328624,35.614411777541896],[51.40802061220811,35.6144095685999],[51.408820182074074,35.61462752321486],[51.40947235042849,35.61484597489442],[51.40991533761789,35.61499492289365],[51.4104079756959,35.61524400526894],[51.41082557604802,35.61523254767317],[51.4115380407024,35.61523010967501],[51.4122380149599,35.615187588083785],[51.412594195380514,35.615176335056304],[51.412938143527604,35.615175153570526],[51.41329453074162,35.61520401999219],[51.41367538236165,35.61521274002511],[51.41424085508105,35.615291036447395],[51.41478165724313,35.61534935425841],[51.41519988112736,35.61545824602441],[51.4162092452515,35.61585597637811],[51.417414797817365,35.61618280299856],[51.41785791146149,35.616351782356276],[51.41849814824056,35.61663040979662],[51.418953917864116,35.616869554883664],[51.41949599434293,35.617168580270906],[51.42003823260893,35.61749769427781],[51.420716023505676,35.61790657569523],[51.42123407226689,35.61830598277882],[51.42167831425796,35.61868558551914],[51.4224204321061,35.61924930596353],[51.42227211844846,35.61888132125913],[51.42231420832177,35.618496946206044],[51.422607548768035,35.61835182973623],[51.4229898787018,35.61835048451959],[51.423462215607486,35.61868501967881],[51.42405283293045,35.61913920657554],[51.42452536977144,35.61950975807269],[51.42626895321408,35.621076514799576],[51.4273458486349,35.621709065596576],[51.42796547247983,35.62207908015464],[51.4286441177122,35.6224849022213],[51.429175261315834,35.62280719771565],[51.429603210581234,35.62308183147374],[51.43013423301433,35.6233801089453],[51.43057702363223,35.62367870023752],[51.43100485310323,35.62392931520742],[51.43134425497733,35.62414422484699],[51.43212607177034,35.62458567789051],[51.43281907601484,35.62491938200538],[51.43526689133931,35.62612325516443],[51.43588606279312,35.6263971735036],[51.43641680321694,35.626635388609756],[51.436682109142104,35.62674248843728],[51.43716788259017,35.62682477164599],[51.43766764185298,35.626774924138324],[51.437924852045995,35.62657070190991],[51.43816027430999,35.62494933304385],[51.43884043366212,35.62496249211055],[51.43943701224389,35.62496018680599],[51.44009560138981,35.624969996188284],[51.44076915706913,35.62497974707438],[51.44153257869386,35.625001383585456],[51.44213116776452,35.624986963181584],[51.44283479163363,35.62502103098075],[51.443568078242464,35.625006106992835],[51.444301567854055,35.62502783643231],[51.44509485558067,35.6250371203908],[51.445873177020665,35.62504645465482],[51.44662163388765,35.62506811443041],[51.44739995569795,35.62507743882683],[51.44799868063855,35.62508742785292],[51.44889680250467,35.62510851545491],[51.44964505479634,35.62509349857341],[51.45037861514497,35.625127410280506],[51.45105217276409,35.62513710365457],[51.45159096383938,35.62513508021446],[51.45239928836559,35.62515647910133],[51.4530728463477,35.625166161173965],[51.45380633935599,35.625187832712726],[51.4545846626481,35.62519711067584],[51.45524290747608,35.625145740832494],[51.45602025661266,35.62498393964617],[51.45679760256447,35.62482213346283],[51.457754261850944,35.62461076125691],[51.45853132082689,35.624400066833886],[51.45918716956449,35.62425766063615],[51.45997186901179,35.62424564351099],[51.460726941665285,35.6242427512661],[51.46140816342757,35.62424013784021],[51.46207489102482,35.624237576289424],[51.46272636917359,35.62422379924916],[51.4634669472561,35.62422094563652],[51.464281258405165,35.624197515736476],[51.46508037167876,35.624171885043154],[51.46592421584021,35.6241235346277],[51.46669414269077,35.62406419484262],[51.467405040621806,35.624061432272576],[51.468041200196296,35.62402514504897],[51.468796973290765,35.62402445360445],[51.46949248830988,35.62398792718769],[51.47023279891111,35.62393995099561],[51.47086888983818,35.62389237860606],[51.471608176748866,35.62378804543123],[51.472346385306444,35.62350112971118],[51.473392217260994,35.62282980091322],[51.47371823510016,35.61948568220617],[51.4741285421517,35.618961112448275],[51.47465735231828,35.618519475197346],[51.4752761956969,35.61813157814022],[51.47592395190584,35.617732292909594],[51.47643986606832,35.61744623203132],[51.47697014857437,35.61713982499655],[51.477560521970844,35.61684219332021],[51.47820969966693,35.61656911996754],[51.47879944143658,35.61628275525774],[51.47933004421406,35.61603268916343],[51.480097693794086,35.61572306751088],[51.48024047394621,35.615134176006926],[51.48001367757085,35.61460085914928],[51.479786897735984,35.61406979584481],[51.479588687062005,35.61346874082806],[51.47939118297853,35.61286993670153],[51.479208295050725,35.612291360863885],[51.479011268235766,35.61177144776891],[51.478738557542556,35.61105798262837],[51.478526220673906,35.610515588520556],[51.47828495756495,35.609982325494684],[51.477997696401225,35.60937260521125],[51.47769655786108,35.6087494146692],[51.477365061653614,35.6081263438441],[51.47672509242847,35.607732160533416],[51.47600098646238,35.607926628985815],[51.475262532795696,35.60814594499804],[51.47459756415191,35.60830635960828],[51.47394770744838,35.60845544043877],[51.473296559379506,35.6085030880223],[51.47256995406841,35.60839324122235],[51.471797820492945,35.60816860923502],[51.471204188646894,35.60802216649392],[51.47047841274623,35.60793484487292],[51.46970870944366,35.608005478079754],[51.469029173415606,35.60815464837873],[51.46829068497353,35.608371667760316],[51.46761012436368,35.60846448136],[51.46706034617436,35.60826374899728],[51.46652527967477,35.60798180911664],[51.466004904544896,35.607733621507656],[51.465440500288864,35.60750814320017],[51.46478994241972,35.60765717741186],[51.46440917273868,35.608159061162674],[51.46378735417934,35.608147937234186],[51.46311978359777,35.607981452878114],[51.46243656647171,35.60773387708517],[51.461813554877565,35.607634837298974],[51.46111895531169,35.60780656199722],[51.46046978894201,35.60807954356623],[51.45976122143939,35.60834373241953],[51.45897834817343,35.6085270529399],[51.45838692158339,35.60864201519773],[51.457661925299874,35.60868985991815],[51.45765763672922,35.60818044760293],[51.45765314234974,35.60763497027869],[51.45764891830751,35.607136828175925],[51.45759951986294,35.606582505267234],[51.45753581144586,35.60605979429242],[51.45747153794112,35.605437904539315],[51.45743597656461,35.60476856910878],[51.45740003004532,35.604031611736175],[51.45733454220474,35.60331730776285],[51.45722470222164,35.60256936069854],[51.45713082833588,35.60195885352457],[51.457007401639835,35.60136874556957],[51.45685311622679,35.60069084433413],[51.45684849986825,35.60012282562478],[51.45708081749393,35.599601242588605],[51.4573135177913,35.59914728099132],[51.4574720023556,35.5986259779819],[51.45761566108558,35.5980461242274],[51.45774346146729,35.59746858474991],[51.4579019400491,35.59694728107551],[51.45810436775859,35.59638974387792],[51.45839568036752,35.59581158039731],[51.45876074851255,35.595221864179926],[51.45922916039204,35.59460695685742],[51.45978651501886,35.593982691102575],[51.46037338564869,35.59333351445929],[51.460929449785205,35.5926078131375],[51.46150053942851,35.59185725626219],[51.46196885899336,35.59123332199233],[51.46229003821085,35.590697862202894],[51.46252209891465,35.59014245735187],[51.46261991353804,35.58951769104559],[51.462645066282676,35.58897435238529],[51.46261108345602,35.58846505295478],[51.462443745859474,35.587920200589195],[51.46211279271344,35.58735568983544],[51.46127626721337,35.58645049300014],[51.46119814291119,35.58594136225852],[51.46126003640669,35.58590731307969],[51.46166623634165,35.585283617782096],[51.46191295480114,35.58475971501276],[51.462027361524484,35.584261115484125],[51.462185592438054,35.583705994421926],[51.46234414592263,35.58320722481797],[51.462473086425526,35.582717585344255],[51.46270358874501,35.58201566780357],[51.462905751600374,35.58142431066763],[51.46321120257705,35.58080099764033],[51.463636078578276,35.58031247051953],[51.4642388559036,35.579811984595594],[51.46447098996617,35.579276861949225],[51.46396496796814,35.578972255215994],[51.46341421667305,35.57856638333469],[51.46301121786331,35.57818248126706],[51.462873833903394,35.577684849686094],[51.462351873378424,35.57724505018244],[51.46171332661013,35.577042378703595],[51.46106408571948,35.5772590112178],[51.460698144106516,35.57767968013547],[51.460226767634985,35.57799931610212],[51.45977183395422,35.57842032275434],[51.45946490089954,35.578908385848926],[51.45926199637322,35.57937350966005],[51.45900002344869,35.57988394098512],[51.458782066712715,35.58037166258315],[51.45856444228293,35.58091798958956],[51.45847961673648,35.58140520278407],[51.45801036133198,35.58186006904658],[51.45740125838703,35.58162345102843],[51.456924910492766,35.58131870192744],[51.45644837386515,35.58098013984096],[51.45600137542833,35.58061892262466],[51.45537838996994,35.580486036432305],[51.45479909496792,35.58027183344982],[51.45425015491467,35.58005751299239],[51.45365677491519,35.57991323541462],[51.45311159763635,35.58024213848823],[51.45308633162287,35.580776460116084],[51.452957324120135,35.58126383603529],[51.45287359934215,35.58182993541575],[51.453364867393695,35.58221353846516],[51.45404758431409,35.58241608713729],[51.45464302722979,35.582799291469314],[51.45486930813894,35.583287579418084],[51.45433916213129,35.583593889873725],[51.45374516942239,35.58334592576279],[51.453149853967645,35.58298525773819],[51.452482514258826,35.5828187120473],[51.45184539885717,35.58275123031358],[51.451235799848156,35.5824244182198],[51.4507439140377,35.58205207938724],[51.45026613972521,35.58161206207023],[51.44962676687306,35.58126281201689],[51.44888639392313,35.581231766581276],[51.448175923235326,35.58124343342177],[51.447758433856684,35.58084826371924],[51.44731147482957,35.58048701397643],[51.44680557211233,35.580193605213296],[51.44619627602409,35.57991410276119],[51.445632122427504,35.57968852880096],[51.44506797197317,35.57946295216878],[51.444355640437045,35.57926046181258],[51.443599239498546,35.57907165455372],[51.442753844568884,35.578880916151704],[51.4420571342189,35.57875724888759],[51.44130117715057,35.57864731978647],[51.44038247786107,35.57854699860894],[51.43977601657786,35.578526677152226],[51.439153628399154,35.578495140206826],[51.43832511257187,35.57848689290902],[51.437481470331335,35.578487711444836],[51.43663808559774,35.578535859708744],[51.43582466747818,35.578640246510794],[51.435070753855875,35.57877822435335],[51.43436180932835,35.578940830377384],[51.433609250077836,35.57920277092649],[51.43302971707328,35.578932110826656],[51.43280322824144,35.5783784122],[51.43253225803019,35.57789024268346],[51.43209926215328,35.57741617966447],[51.43162291288198,35.57708878869721],[51.430998770911124,35.576728113858394],[51.43028472056816,35.576322675073484],[51.429659961068,35.57597326604491],[51.429139665118484,35.57567983402428],[51.428515846069615,35.57537549812256],[51.42789152223523,35.57510497262362],[51.4271945065925,35.57491359653003],[51.42657260075571,35.57483691028202],[51.42583259341544,35.574862074786424],[51.42521323034944,35.57513476184415],[51.42480239330566,35.57557802258041],[51.42454010570587,35.576068094050335],[51.4243223666781,35.57663464792273],[51.42414916333829,35.57714469114685],[51.42382654476337,35.57757636657927],[51.42328255610211,35.57802009135418],[51.42273808637757,35.578373650406576],[51.42216424666322,35.57878366322318],[51.42149740688438,35.57869358396175],[51.42130083693389,35.57817357038456],[51.42111899193289,35.577698587337046],[51.42090798854404,35.57718764007137],[51.420666294402224,35.57661143016537],[51.42042441478941,35.57599915436026],[51.42025751903903,35.57547903503008],[51.42001582300284,35.57490056950542],[51.419773187147236,35.5741417766698],[51.41965050338726,35.57363277256592],[51.419209865321115,35.574053577189645],[51.418768928561484,35.5744180280911],[51.418328164078524,35.57481628865307],[51.41791686782523,35.575178379153144],[51.41747517062793,35.57553155731165],[51.41690144107745,35.57596408615653],[51.41634189848499,35.5763402100034],[51.41587109996068,35.576670941790375],[51.41537056644438,35.57698824972588],[51.414899701840596,35.57730770731336],[51.41417816250823,35.57784216880763],[51.4136634313141,35.57821812579293],[51.41320714313357,35.57855781371159],[51.41272114290409,35.5788885854108],[51.412087981978104,35.57931002467461],[51.411440617268354,35.57978786232577],[51.41083808325128,35.58026554327975],[51.41041150314402,35.58061864378556],[51.409941058307155,35.581028245468396],[51.40945531733078,35.581415356168336],[51.40897036494248,35.581822749331465],[51.40847047224302,35.582277527896494],[51.407999950500574,35.58267585159861],[51.407543739068686,35.583040313085135],[51.40710264296868,35.58339345102837],[51.4064553299766,35.58389380284143],[51.40586733664821,35.58439395087938],[51.40530882919285,35.58486018476595],[51.40467598040836,35.58536047820161],[51.40404278307404,35.58579314579082],[51.403350193142906,35.58621473875433],[51.40279057232504,35.58660207036933],[51.40230498951683,35.586896732568555],[51.40174404796339,35.58716008700465],[51.40109427902105,35.587320045662],[51.40048763245943,35.58741223347042],[51.39988019769201,35.587346632281346],[51.39924241440462,35.58714362736448],[51.398458187229835,35.58718004164123],[51.39816574532792,35.587611548209466],[51.39753045306566,35.58777143971587],[51.39679059474057,35.58785277885035],[51.396066079417245,35.587967874724576],[51.39535673955409,35.58808291632864],[51.39455895625672,35.58831095027526],[51.393775556537705,35.58851864471781],[51.393008009276244,35.5887240281137],[51.392224480156486,35.588906917560166],[51.39144175836986,35.58911459463671],[51.390850704048674,35.589296848102386],[51.390229652128205,35.58941157240363],[51.389578275482265,35.58939114445894],[51.38891295786481,35.58948346423994],[51.38861048075469,35.58984961056751],[51.3886134781804,35.59303016689975],[51.38867636841076,35.593336524002886],[51.388813879332474,35.59394920010677],[51.388862576363394,35.594458473855006],[51.388925762978445,35.594967700645086],[51.389003450390796,35.595479134537534],[51.38911186898805,35.59606710891505],[51.389234679945424,35.59663474943684],[51.3893876431043,35.597301473341005],[51.38951078657594,35.59793673595887],[51.38960517199615,35.59861717400409],[51.38968420402564,35.59926159578166],[51.38968829086261,35.59981834987238],[51.38969220244178,35.60033903858389],[51.38975697716538,35.60103084284165],[51.39061691707649,35.60251221617358],[51.390543957059236,35.60332933277349],[51.3905887059089,35.60461734314871],[51.39052309325473,35.6069425198936],[51.39057274500172,35.60923590268445],[51.390528461706424,35.611972628940634],[51.3905377888781,35.6138859855444],[51.39167696762889,35.613935638606314],[51.39242402344155,35.61397893922298],[51.3931887747036,35.614043942185276],[51.39380971157039,35.61408589249292],[51.39463874572308,35.61418798929886],[51.395362805314505,35.61429995468108],[51.395981748894755,35.61439320455337],[51.39653063079689,35.614477153669526],[51.397020978281645,35.61452317845592],[51.39759277517384,35.61452128767647],[51.39857295088723,35.614508511370786],[51.39942481122703,35.61450568253386],[51.40036993074664,35.61448347932976],[51.40108053907564,35.614483087606565],[51.402050957174275,35.61447984439246],[51.402738797968084,35.61446751027776],[51.40351262487735,35.614454883505694]]]}},{"type":"Feature","properties":{"region":21},"geometry":{"type":"Polygon","coordinates":[[[51.03356267902341,35.76464502582365],[51.034095640545054,35.76435184139402],[51.03462894285689,35.76405640041431],[51.035161911888274,35.76379702234243],[51.03579892440806,35.76351281519823],[51.03646565795064,35.763217325014786],[51.03729518281134,35.76285641109181],[51.03806558913091,35.76250452699773],[51.038865373414986,35.76215262818975],[51.03965063233939,35.76180298304371],[51.04036156357838,35.76146237470463],[51.04107248994359,35.761124016222986],[51.04178338487302,35.76073831795524],[51.04252364471775,35.760330064060966],[51.043308460105955,35.75986543725267],[51.04424118375495,35.7593331273423],[51.04512929464092,35.75878955693638],[51.04569188260443,35.75846024425613],[51.04619536170712,35.75814447664675],[51.04671336096415,35.75783771744733],[51.047246566292934,35.75753094989065],[51.047779423224156,35.75722643417435],[51.048268027620566,35.75691968018194],[51.048756289619014,35.756624194715805],[51.04965916080711,35.7560129622169],[51.050532694180575,35.755491898566625],[51.051406245784634,35.75501591006881],[51.05225008193547,35.7545737395404],[51.053005072013555,35.75413160306751],[51.05370095407369,35.753703013241484],[51.054337380629555,35.75328346309506],[51.05495858343621,35.75285264626228],[51.055521033179346,35.75244439464991],[51.05606828429969,35.752058688390775],[51.056645594201484,35.75166169479904],[51.05720807792923,35.75132331164401],[51.05782964554223,35.7509601020416],[51.058436723667675,35.75064197795733],[51.059073516216955,35.750314819616506],[51.059680238835746,35.7499966894052],[51.06027243071349,35.749667293139325],[51.060835256891124,35.749362703939575],[51.06145719133908,35.74906709768168],[51.062108875175326,35.74880753783619],[51.06277505200798,35.74852317188084],[51.063441580661035,35.748252326514205],[51.06419691441526,35.74795663438972],[51.06493775548728,35.74769701074577],[51.06567858985818,35.74743512845468],[51.06643392854901,35.747164217129786],[51.06720413220262,35.746902308932505],[51.06798954072323,35.74664264114292],[51.06881920508139,35.746405483301736],[51.06979711936173,35.746143437558004],[51.070760532947986,35.74590618740543],[51.07172357463706,35.745646388952245],[51.072775424535095,35.745373003787876],[51.07390192520788,35.74510181697491],[51.074494561747265,35.74497747154869],[51.07565081605675,35.74474907717987],[51.07677698545201,35.744511674852184],[51.07797740186188,35.74421786116776],[51.079058912548156,35.74392186071266],[51.08017016395987,35.74365062532738],[51.08076311401966,35.74351497838727],[51.08144488679288,35.7433792676036],[51.0820523721905,35.74326614514223],[51.08266021093054,35.74316203569114],[51.08326806235452,35.74307144764676],[51.08446857792574,35.742912813960295],[51.08509132346108,35.742856017326126],[51.085728929720915,35.74279920674259],[51.0863814238047,35.74276717684785],[51.087167336125134,35.742744061913676],[51.087864423995924,35.74272100757104],[51.08854663722218,35.74268668986944],[51.08925861124345,35.74268615716688],[51.089955723652906,35.74268563150149],[51.09114223434362,35.74268698159278],[51.0917799265409,35.742709031719286],[51.09238824149991,35.742731101300286],[51.09356031693788,35.7428000611954],[51.09416865992102,35.74284466256185],[51.094850966100715,35.742889201877425],[51.09597846100112,35.74295817376073],[51.097076231746776,35.74302490525722],[51.09769942887848,35.743060460318034],[51.09870801832883,35.74311597973133],[51.0996872172131,35.743160244911884],[51.10063675403007,35.7432518629086],[51.10160112286272,35.743318665857636],[51.10252131510997,35.74343283483131],[51.1033969070483,35.743533511030755],[51.10427215852434,35.74363643523304],[51.10522204878436,35.74372576263392],[51.10617161367189,35.743828607304714],[51.10712114741823,35.7439066496206],[51.10807107787262,35.74402074936512],[51.108946321994424,35.74411011506947],[51.10979220871011,35.74421302595147],[51.110756628131355,35.7443022962396],[51.11181019243342,35.744371188431465],[51.11287827159488,35.74443780356242],[51.113961595742744,35.74452918950764],[51.11508919202074,35.74464080965993],[51.11615772555366,35.744777271704166],[51.11712217874652,35.74488001538878],[51.11808659742957,35.74495795649481],[51.119124812928135,35.74492311214942],[51.12007387606758,35.744901873161595],[51.12103776278498,35.74485581676066],[51.122046199563684,35.74478716624255],[51.122906395628775,35.74474120097684],[51.123662521858115,35.74467279674552],[51.12443352640966,35.74461564263537],[51.12513022022484,35.74455856158547],[51.125841703362155,35.7444563793017],[51.12653828679521,35.744331667823204],[51.12722002427605,35.74421823854716],[51.127812916234014,35.74409363025216],[51.12862752839704,35.74386509246088],[51.12929425007243,35.74366150442552],[51.130020088070985,35.7434691186706],[51.130864433195356,35.743254057790416],[51.13169388965911,35.743025482937256],[51.13262737627834,35.742799040842414],[51.13365006487739,35.74259503241774],[51.134642675756766,35.74238879516111],[51.13563563096109,35.742184803402225],[51.13667278093025,35.741958212037034],[51.13781355037071,35.74169768091433],[51.13839113707456,35.741536972858896],[51.13896903152121,35.74135597494615],[51.139561458846,35.74118622766586],[51.14028718570892,35.74095771477972],[51.140909329692356,35.74078792592823],[51.14151622402845,35.740595611130146],[51.1421085595314,35.74038076979219],[51.14315979266231,35.73993771395561],[51.144210729961365,35.7395284604869],[51.14517332659861,35.73919819810513],[51.14604677503099,35.738881561572725],[51.1469647112679,35.73851752823813],[51.14786778260846,35.73815576037658],[51.1488001961146,35.7377804246786],[51.14977759197345,35.73743883656104],[51.150784380594814,35.73711072788001],[51.15170227483752,35.7367466583953],[51.15262018670046,35.736396106364886],[51.153582277919234,35.73602069562458],[51.154499779337996,35.735645334856585],[51.15538792381795,35.73528352976105],[51.15629093810093,35.73493071497501],[51.15716463679235,35.73461174320458],[51.15806729451829,35.73426116961788],[51.158851774117366,35.733919762752926],[51.15959162666278,35.733558123631],[51.16028702504171,35.7332619079875],[51.160997646422025,35.7329769382223],[51.16178219726354,35.73268284785685],[51.16262573840047,35.73234133636328],[51.16352873841302,35.73201326210055],[51.16440200732121,35.73168296787041],[51.16520132203633,35.73135502362009],[51.165911469181516,35.73102494377446],[51.16666618841451,35.730694797585095],[51.16749522620038,35.730378067036995],[51.16838331998817,35.7300477230925],[51.16894581043958,35.72984406189577],[51.17004157408572,35.729513412018996],[51.170633871436884,35.729354782200694],[51.17122614214846,35.72918487908426],[51.17181838597055,35.729003702669836],[51.17241101666036,35.728842809537],[51.173550988247115,35.7285143180087],[51.17412875785337,35.72835569206725],[51.17470614988036,35.7281835393971],[51.175313262012615,35.72801359446727],[51.17589060411634,35.727821149425374],[51.17648277715646,35.72761740930126],[51.177119543363794,35.72742261655472],[51.17777077421476,35.727207512174296],[51.17840748341948,35.72699017184769],[51.179028964721134,35.726763834608775],[51.17965036610294,35.72650368300725],[51.18028701345801,35.726263791971114],[51.18090843248468,35.726014904259635],[51.18152986821683,35.725775029648155],[51.1821367667546,35.725526157622525],[51.18272845248449,35.725275051688755],[51.18327591046609,35.725026264704525],[51.1838085068282,35.72477749806355],[51.18434104240093,35.72450393421649],[51.18534683322575,35.72402676794598],[51.186352612029125,35.723549593267066],[51.18695950509775,35.72331196730828],[51.18798070833672,35.72293618873827],[51.18900201441793,35.7226077371302],[51.189653621532976,35.722435395405924],[51.19024588113508,35.72229920991322],[51.19085331491486,35.72215172687114],[51.19147520435,35.72198167677038],[51.192097145554065,35.72183416423047],[51.19274879424164,35.72168434653575],[51.19344467321906,35.72153670789665],[51.19415578020716,35.721400310954486],[51.19485197200666,35.72124139324069],[51.19551839061367,35.721059979291695],[51.19619931257539,35.720876283785955],[51.19686575293873,35.720706132768555],[51.19748759025813,35.72052478124748],[51.198139223675014,35.72037718847332],[51.19879082088783,35.72021606771377],[51.19945730667494,35.72006844312934],[51.20013827341585,35.71990952020639],[51.200789925304356,35.71977318347956],[51.201575290090574,35.71963661808818],[51.20224188040114,35.71953405963296],[51.20289358305697,35.71942025229386],[51.20354562935819,35.71930644084181],[51.20415280885038,35.71921298917182],[51.20532332390605,35.71904193046667],[51.20646417818789,35.71889345240818],[51.20750149175076,35.718790224797495],[51.20843503068398,35.71864208726563],[51.2093533932355,35.71850523946846],[51.210405960001566,35.718424501015704],[51.21145817908553,35.71834375397322],[51.212332397730385,35.718240772711184],[51.213266198873164,35.71819628521821],[51.21418551175686,35.7181608327467],[51.21503016312203,35.71811423694211],[51.215800874321616,35.71806776850748],[51.21655707318727,35.7180213213881],[51.217268354899886,35.71797495103558],[51.218024083039,35.71788341383117],[51.21879463533439,35.71778057436389],[51.219564746885624,35.71764391948003],[51.22026082364714,35.717473584586934],[51.220956483120524,35.717278451489264],[51.22163772832176,35.71711940643117],[51.22228920445735,35.717067980072876],[51.22304264889353,35.71701578962409],[51.22395216318131,35.717095355195355],[51.224905633795416,35.717301804904636],[51.22559675545435,35.71723447867135],[51.22632521503448,35.71715692002647],[51.227987798672096,35.71705218758672],[51.228927947097645,35.716953894242884],[51.23079573682625,35.716742072804514],[51.2313870241832,35.716613958364846],[51.232115250306,35.71646018100061],[51.23281234882404,35.71631153868256],[51.233602803863334,35.71614239451651],[51.23479173626541,35.71593691211842],[51.23590595802672,35.715741723027506],[51.236397719403215,35.71565949043133],[51.23720694973816,35.71552583814207],[51.23821528636192,35.71533083731358],[51.23905558849304,35.71517679503282],[51.239609560272235,35.71507410938142],[51.24069257293992,35.714863701583134],[51.241694741809894,35.71469407871736],[51.242628447177886,35.7145398230166],[51.24429614341384,35.714267202319625],[51.24467940815758,35.71426067776331],[51.2456718239991,35.714245644725274],[51.24711064507625,35.71422968360172],[51.24818064988272,35.71421193034987],[51.248828368149255,35.71422074478541],[51.24983114825157,35.71425421061181],[51.25132592217674,35.714286637094325],[51.252552919543156,35.71432468865856],[51.25352454733526,35.714353110419886],[51.254471248488606,35.71437649833331],[51.25569129321278,35.7144304043501],[51.25671905907199,35.71448534495189],[51.25757554191652,35.71453429639311],[51.25847875470602,35.714589489624124],[51.25924956633994,35.71462591655847],[51.25988803821713,35.714662625635555],[51.260542080127045,35.71469929747316],[51.261616540101386,35.71474774602879],[51.26287791888579,35.71482116981308],[51.26396018755055,35.714875928982444],[51.26480885173605,35.714912148796195],[51.26566536488762,35.714967391247406],[51.2666775531783,35.715015932625526],[51.26761970106962,35.715070970580584],[51.26833602773952,35.71510746094653],[51.26941541926969,35.71517249407416],[51.270359484641894,35.71521798325064],[51.27143010779421,35.71527905015867],[51.27252019448974,35.715340063285076],[51.27325018163926,35.7153860163371],[51.27431105076837,35.715439144000214],[51.27538165224576,35.715492239948375],[51.276598165126686,35.715529118072375],[51.27759083819602,35.715558566644354],[51.27837913298874,35.71558054600878],[51.27960535156825,35.71560943534776],[51.28044230240059,35.71563128769071],[51.28125984761103,35.715669051422786],[51.28188876995901,35.71568532461785],[51.282215898828476,35.71569910425484],[51.2825787261724,35.715717648637806],[51.283024878647836,35.71575539435244],[51.28358996890209,35.7157928570989],[51.28362414908766,35.71537084518516],[51.28364633179241,35.71491976292528],[51.28369764412573,35.714298869285145],[51.283731633315945,35.71382351007182],[51.28376017597429,35.713488807437486],[51.2837714479843,35.71331418853491],[51.2836619058651,35.71261122906759],[51.28327292814319,35.71192347939045],[51.28289043705162,35.71138605641279],[51.28240631094174,35.7106936784695],[51.282071488964,35.710180389382664],[51.28171800962879,35.7094343533674],[51.28164583065674,35.7092017331656],[51.281525533311786,35.708814032708794],[51.281453287001206,35.708562013370766],[51.28139291666464,35.70830511631426],[51.28133859567458,35.708077303750464],[51.281272245593,35.70781072106663],[51.281199778690706,35.70749565479143],[51.281121554195295,35.707233949638066],[51.281019289010956,35.70689955393538],[51.28092295379039,35.70656029444005],[51.28067625857191,35.70573640793841],[51.28049567449796,35.7051112075805],[51.280327309217974,35.7045781243488],[51.280194843683226,35.704108004225475],[51.28005656999021,35.70367669582232],[51.279930206699774,35.7032502092091],[51.27977325976254,35.702710355429026],[51.27957423241098,35.70202401746119],[51.27912736626033,35.70128414078983],[51.27852915308557,35.7004761352697],[51.27787400797211,35.69959888172514],[51.27727549856376,35.698698367850696],[51.27662038181101,35.69782110709626],[51.27613618129196,35.6971747054673],[51.27542422987629,35.69625131753146],[51.27462684790864,35.69521249269587],[51.27394312189366,35.69424277966242],[51.27340187038904,35.6934808686289],[51.27286055012003,35.69269582954142],[51.27234766788773,35.691933848957845],[51.27197700939067,35.69131029749891],[51.271577929953814,35.69066368353823],[51.27112430038339,35.68988583774121],[51.27084287148529,35.68930866131731],[51.27062365240837,35.68877706209415],[51.270328970441476,35.688184237094994],[51.27012675885843,35.687734459179175],[51.269924595713235,35.68729832422294],[51.269671802677344,35.68672586830345],[51.26943610534485,35.68626252096778],[51.2692842582085,35.68586720207826],[51.269082058411605,35.68541742218311],[51.2688462764494,35.68492678686152],[51.26866089655472,35.68450425536788],[51.2679887391403,35.68354389611908],[51.26708634001151,35.68248854185169],[51.26603713078431,35.68128001749776],[51.265197434871595,35.68020745508619],[51.26442058224077,35.679168856664866],[51.26374899405848,35.678351727866314],[51.263202101477354,35.67731261508821],[51.26221887210608,35.67747769938805],[51.26109060208422,35.67761659651365],[51.26012960150829,35.677772174585435],[51.25914763950061,35.67791073596355],[51.25816572921838,35.678066343564936],[51.257016596226784,35.678222301796396],[51.25622258044111,35.67830927321391],[51.25521975703055,35.678464901497456],[51.2542169840061,35.678637575665],[51.253485722610776,35.67874145028067],[51.252462093718485,35.67893120827912],[51.25139660099729,35.67910399104673],[51.25043550978179,35.679242437626534],[51.24951627387353,35.67939784375484],[51.24867016729252,35.67954456400118],[51.24793894323128,35.67966545920388],[51.24706150309808,35.679820760131825],[51.24630937121194,35.67994168853711],[51.24557813988352,35.68006256942232],[51.24499306942073,35.68013198416553],[51.24394849932069,35.68032171261482],[51.24300833520388,35.68047711167146],[51.24194280106888,35.68064981089252],[51.240678760396094,35.68084848102387],[51.239675925528466,35.68102103425372],[51.23862049678604,35.681082830666355],[51.23761745124356,35.68118714981877],[51.23666663571385,35.681282830304504],[51.23552763859297,35.68136181897053],[51.23456629155268,35.681431922064],[51.233793072021264,35.68150165056703],[51.23301012192672,35.68181868095726],[51.232258297248606,35.68205890139491],[51.231778014759854,35.682230374810295],[51.2310466907359,35.68233411331101],[51.23026332763346,35.68251469191758],[51.22930264843849,35.68282351245594],[51.22861346520549,35.68304653588743],[51.22796628056672,35.68333769281472],[51.227047584437415,35.68371463280399],[51.226233399310345,35.684091368460706],[51.225523630206446,35.68443379341138],[51.224939135378506,35.6847248160071],[51.22414578627979,35.68508444405923],[51.223477377773584,35.68527329052521],[51.22278777587193,35.68535984669763],[51.22207722066149,35.685429383435206],[51.22153385127754,35.68548155256922],[51.220864960769134,35.68549984209107],[51.22007059696417,35.68550130415366],[51.21873281453723,35.68553786322542],[51.217666740587,35.6855568596346],[51.21680975581935,35.6855925226355],[51.21599453274773,35.68561104989635],[51.21505392916838,35.68564685116862],[51.214447748697175,35.685664992422694],[51.21390428103791,35.68568301863426],[51.21331914129601,35.68575227963271],[51.21274742176382,35.68592762222537],[51.21214129397748,35.68618791875291],[51.21153516822382,35.68645046631871],[51.21086962803943,35.68671086136391],[51.210233446423096,35.686973455286534],[51.20965700494753,35.68723368716757],[51.20897657129292,35.687482827318654],[51.20831096113568,35.687722921442614],[51.20771922312025,35.68794935917288],[51.207083278800354,35.688178124548706],[51.206461801851916,35.688393337031066],[51.20578126102632,35.688608647825355],[51.20495269747164,35.688882814776576],[51.20428708665025,35.68913190302653],[51.203503124979456,35.68942852486022],[51.20280788779198,35.689711466737656],[51.202068498739806,35.690019274193034],[51.20124004443171,35.69034751372074],[51.20029363485028,35.69074582195752],[51.19979757725337,35.69223210073392],[51.19311890630631,35.69621703357426],[51.19208275501642,35.69654554485514],[51.191001738753066,35.69675014358373],[51.19002424057076,35.69691174046543],[51.188853881753865,35.69702629792871],[51.187860953913,35.69709322959414],[51.186972001225364,35.697162244747155],[51.1860829942924,35.697208712467585],[51.18513417606603,35.697232725228105],[51.18423034020064,35.69729047268813],[51.183340932829466,35.69731437982283],[51.18243703786607,35.697347318860594],[51.18156250809845,35.69738246064645],[51.18068829737417,35.69740632512016],[51.179917367205945,35.69743002796375],[51.17908739477731,35.6974650847505],[51.17831685944553,35.69751131770915],[51.17754632320282,35.69755754573759],[51.176850076943246,35.69761492950163],[51.17616836237643,35.697683558316015],[51.17557586527256,35.69779713425569],[51.172318804819675,35.698570517681816],[51.17109057059564,35.70199399696699],[51.170453962611866,35.70217523359046],[51.169846987663576,35.70232261334888],[51.16916618617644,35.70251743048483],[51.168544399881846,35.7026873655653],[51.1678043371406,35.70295889770437],[51.16722711184918,35.7031310175251],[51.16665002101946,35.70336850310915],[51.16602873285654,35.703617317772434],[51.165333173804754,35.70386848604691],[51.16462275132249,35.704117416670826],[51.163912305826805,35.70435732675447],[51.16321665965097,35.70457241740789],[51.162535449679915,35.704753673009336],[51.161869441195336,35.704937158263725],[51.16120305677325,35.70510711577805],[51.160625819911346,35.70528822030652],[51.1599594979217,35.70549198224782],[51.15913055664828,35.70574329306988],[51.158464550034815,35.70593577584366],[51.15787203359933,35.706083076016434],[51.15711684780142,35.706253128163766],[51.15650979940799,35.70639142435997],[51.15582844818713,35.70651628984524],[51.15519168141858,35.70665236404689],[51.154569421901854,35.70678841611523],[51.15396238246835,35.7069357158213],[51.15332567872666,35.70710784555403],[51.15271863456173,35.70725513899108],[51.15205221124958,35.70742504587279],[51.15135642047743,35.7075949862694],[51.150704846494946,35.70776486687588],[51.15009738741296,35.70788059031368],[51.14923854871401,35.70806199366107],[51.148660875658614,35.70822050039503],[51.14803900120238,35.708390329602345],[51.1473729457013,35.708582751035],[51.14675106984112,35.708754827678106],[51.146084600550694,35.70891343109839],[51.145477570527255,35.70908322890798],[51.14461883555142,35.70933447601702],[51.143982108826606,35.709515572695274],[51.1432417366197,35.709696790360695],[51.142619859347484,35.70987786201646],[51.141998409350386,35.710106265883276],[51.141420767301454,35.710298549190384],[51.140665991664264,35.71054739081909],[51.139940541383844,35.710775906516325],[51.139229879404205,35.710968335123056],[51.138548560276185,35.711149455025016],[51.13786716369821,35.71128774341324],[51.137170885627896,35.71141252049195],[51.1364746247454,35.71154856398134],[51.13577872624109,35.711695873488594],[51.13500862261541,35.71188834475573],[51.134135025700374,35.71217334519621],[51.13329155185872,35.71250113339023],[51.132492353880494,35.71286493198022],[51.13170836891888,35.713239978916434],[51.13090953529824,35.713624053384194],[51.1301399353279,35.713931451559226],[51.129310882238336,35.714225384702566],[51.12843720294174,35.714487802900976],[51.12753416511696,35.71475926250111],[51.126615904823346,35.71502171511332],[51.12571281904398,35.71527062017925],[51.12509089411132,35.7154741421356],[51.12426184525133,35.715792835447516],[51.1234925969346,35.7161340020396],[51.12275282857102,35.7165517724326],[51.12226513706353,35.71688137057451],[51.12159960857971,35.717278770894985],[51.12108222846422,35.717630935380605],[51.12056487463718,35.718003384407126],[51.119855221929235,35.71847971276653],[51.119190200052714,35.71900107409228],[51.11854003015735,35.719524671029106],[51.11787538682179,35.720079835974424],[51.11726935644432,35.7205560464494],[51.11669298419333,35.72099841347985],[51.11619046560565,35.72138435353921],[51.11571762135985,35.721745467700465],[51.115229983911206,35.72215393014489],[51.11478688236476,35.72253980682224],[51.11432891863459,35.722925696105705],[51.11382645748779,35.72336797833457],[51.113383342451804,35.723753849790924],[51.112910506868765,35.72413974776006],[51.112482270153016,35.72454588854543],[51.11208335547992,35.7249204429803],[51.111537159943126,35.725486731455945],[51.11106478034111,35.72596503922069],[51.110651449171954,35.72641849531234],[51.11022328604321,35.72689450454546],[51.10981035336614,35.72739303904835],[51.109500642789136,35.72782385466293],[51.10902875036503,35.728423874477876],[51.10868928262999,35.72883217431148],[51.108187644541076,35.72942094744856],[51.10777434366618,35.729921729197024],[51.10736138012987,35.730420255098984],[51.106947989758346,35.73086242779764],[51.10648995273189,35.7312573031936],[51.10595758635087,35.73163195622349],[51.105380636176015,35.732006646346356],[51.10467069431521,35.73242653237426],[51.10401938918415,35.73276747000786],[51.103486850837406,35.73302715386806],[51.10293905962607,35.73325303728687],[51.1023764229381,35.7334924554819],[51.101843543345694,35.733763402761035],[51.10111869288153,35.73417201007122],[51.10055650445949,35.73450158271222],[51.09990553891549,35.73486503854017],[51.099328463435015,35.73518109340798],[51.09885509056807,35.73552185429849],[51.09829289732633,35.73586268672578],[51.09764185195328,35.73617879455307],[51.096930989208566,35.73647466085279],[51.096294338545434,35.736700586300145],[51.09568706245439,35.73692873882671],[51.095079780181635,35.73715463420386],[51.09444310539119,35.73736927944161],[51.09386554021569,35.737597399156385],[51.09303648032123,35.73791362239152],[51.09244364810405,35.7380966655537],[51.09162897495948,35.738311434156586],[51.091066201187694,35.73849219326754],[51.09048819259937,35.738650420515114],[51.08991051705738,35.73879962840059],[51.0893027311776,35.73891279081932],[51.08847277157728,35.73907119745529],[51.0876431667897,35.739240868515225],[51.0868280986399,35.739433064053216],[51.086220688545026,35.739582275942006],[51.08562814700343,35.73974049037309],[51.084990637867755,35.73986492283766],[51.0842791668772,35.7399894044404],[51.083671733436276,35.740125078975545],[51.08303455191829,35.740238230429114],[51.08238216181987,35.740351389062745],[51.081730092124964,35.74044200311493],[51.080825726214584,35.74053278572443],[51.080039890899634,35.7406122112317],[51.07931348758459,35.740680321480426],[51.07863170045461,35.740782209011755],[51.077964806279724,35.74091789412295],[51.07728305075031,35.74105583930269],[51.07655673955142,35.74122536653837],[51.07574157022949,35.741361134952164],[51.07494125950741,35.741496888449376],[51.074126084655234,35.741632645918074],[51.0733402527861,35.74173456847849],[51.0724953395027,35.74185906288609],[51.071694621321626,35.741938442984846],[51.07089424715726,35.742017817548415],[51.07028636948143,35.7420858022924],[51.06960419322601,35.74216509806907],[51.068922361227834,35.742244389776985],[51.06822570543112,35.74236876779988],[51.067484827720364,35.74251570782697],[51.066788178795676,35.742653602008694],[51.06612127724016,35.742823032676476],[51.06554352401473,35.742969869469206],[51.06480270081908,35.74319568579243],[51.06406191201784,35.74346883323828],[51.0633512600654,35.74383212321959],[51.062700437986784,35.74424947521103],[51.0621236660469,35.744783996964784],[51.06163642050264,35.745338755973634],[51.06122311598855,35.74587093386575],[51.06072022555729,35.746324263559835],[51.06018751827693,35.746664902306144],[51.059551149456226,35.74705067259616],[51.059047759084415,35.747321414992044],[51.05854437539388,35.7476056797471],[51.05790794788092,35.74793283524653],[51.05731573436947,35.748228408781905],[51.056738023734546,35.748510447938486],[51.0560867043541,35.748817314205496],[51.05543501837825,35.749101636311224],[51.05470902767788,35.749406276091214],[51.054013096693026,35.74970188138927],[51.05324285952976,35.750017802958396],[51.05251722199041,35.7503584945756],[51.05170275130087,35.75070823714887],[51.05091763360716,35.751026404396185],[51.050147380101855,35.75135583056523],[51.04945106103728,35.751637885084165],[51.04879932843132,35.75192217114834],[51.047984797826906,35.75222680693007],[51.04742183538571,35.75242088611465],[51.046725118021406,35.75264657301911],[51.046162513887424,35.752872203249645],[51.04555535674671,35.75316772455203],[51.0449036029838,35.75346100576729],[51.044310916277865,35.75368889289326],[51.04376280968219,35.75390323600271],[51.04297759165061,35.75415372899235],[51.04229571651246,35.75439065513426],[51.04155506734015,35.75461632787755],[51.040725249652716,35.754878092338345],[51.03995452380556,35.75511503605533],[51.03936181070256,35.755342898752076],[51.038799172402804,35.75557976485426],[51.03822134988548,35.75587523928567],[51.037584778723165,35.756213557303774],[51.03700729280894,35.756509025766675],[51.036444681687655,35.75683604387411],[51.03588167436657,35.75706388008591],[51.035214994081905,35.75736838361102],[51.03466684892847,35.75760748001137],[51.03397076638409,35.757889444594824],[51.033304063187295,35.75817365081186],[51.032592770176926,35.758478152509355],[51.03189667365414,35.75876235913345],[51.03122993663242,35.7589992182324],[51.03065203450356,35.75922703389708],[51.03008900172727,35.75947512960291],[51.02952632929624,35.759770558160575],[51.02896365185512,35.76006372999833],[51.02843033437885,35.76030279417266],[51.02782270048635,35.760573430929306],[51.027230265964214,35.76082377434729],[51.02663748124721,35.76107186084339],[51.026015290029335,35.76126585324266],[51.02884314461374,35.76873518235325],[51.029450748383006,35.76913625433121],[51.029497070590594,35.76912046404584],[51.029569448580354,35.76853213275114],[51.03251091007347,35.7652110969403],[51.03304423458529,35.7649404578303],[51.03356267902341,35.76464502582365]]]}},{"type":"Feature","properties":{"region":22},"geometry":{"type":"Polygon","coordinates":[[[51.03062604343282,35.769507871803],[51.03138291202143,35.7696429140016],[51.032169844353064,35.76973511575227],[51.032911817426445,35.76979125993034],[51.03356459157299,35.76984742528224],[51.03423258502703,35.7699171070494],[51.03500469129615,35.77008593304114],[51.03558388002421,35.770257067160316],[51.03604532110343,35.770743804934554],[51.03849392114433,35.77088052184386],[51.03899749450194,35.77053999016384],[51.03957549593916,35.770393281358146],[51.04015345449243,35.770167677279495],[51.04082029368959,35.7699983912526],[51.041473390740755,35.76999816177075],[51.04228931762526,35.769975329374766],[51.04288217557099,35.76982859930506],[51.043505160691396,35.76977201800833],[51.0441430051749,35.769704157535095],[51.04476600137116,35.76967011042066],[51.045374150090495,35.76966987689575],[51.04601199215953,35.769602006511256],[51.04664986009707,35.76957921416963],[51.04731783531007,35.76960374183284],[51.04795571672734,35.769603483278075],[51.04859319629522,35.7695130586348],[51.049304956092364,35.76934145290988],[51.04994282963292,35.76933216753288],[51.05062485914953,35.76917183697006],[51.05066652429764,35.76837838567501],[51.05372316217748,35.76843563677202],[51.054465571721835,35.76861787583263],[51.055551135725,35.76516187582607],[51.05617446152191,35.76516158055389],[51.056752392405166,35.76501478913046],[51.057225699720654,35.764572762090246],[51.057683740731,35.76406311840918],[51.05829225101284,35.76414171198742],[51.059048650767,35.764118795288326],[51.05976036745402,35.76398319276893],[51.05974370526502,35.76343996940328],[51.05959324477459,35.76288328914438],[51.05953155694041,35.76222738464599],[51.05988589220494,35.76176061205237],[51.060478569899004,35.76150109144478],[51.06046154898724,35.76094659776533],[51.060534105123686,35.760446155957816],[51.06108140605373,35.76008522219356],[51.06138019120105,35.76066211055223],[51.06188624006206,35.761036023002696],[51.06210672913262,35.76051521601153],[51.06250877938661,35.7609568027123],[51.062851701411965,35.76137587874593],[51.063414654742864,35.761138900211684],[51.063516187287334,35.760584343283085],[51.064049337122675,35.76026623105843],[51.06437392804804,35.75982425604616],[51.06498106599701,35.759528640105096],[51.065471895218074,35.75988000514606],[51.06610967983675,35.759857109650376],[51.06609299434559,35.75933642757905],[51.066298951416904,35.75883816164647],[51.06690694071527,35.758747656350636],[51.06761871249011,35.758747251749114],[51.068151448956975,35.75838403998182],[51.06853903436167,35.75886168020898],[51.0691037418631,35.75908675943692],[51.06975640571348,35.759088630749574],[51.0703946292933,35.75917841604732],[51.071017959098036,35.759234395758426],[51.0715800484081,35.758850864557644],[51.07205327842027,35.7584538603379],[51.072750539071585,35.75846470457533],[51.073283658932134,35.75816909211193],[51.07384654809384,35.757920794318046],[51.07448439989226,35.75798801741029],[51.07501980119637,35.7582829636515],[51.075537690494016,35.75797608045487],[51.07563951306521,35.75745532400404],[51.07571159498548,35.75692331603992],[51.07590254568189,35.75634615041172],[51.076215876862854,35.756855370629594],[51.076751375777285,35.75725174257872],[51.077286379524864,35.757490327125275],[51.077849249210345,35.757239756519674],[51.0776098481788,35.756696681092606],[51.07719243569385,35.756162737455895],[51.07684947195034,35.75575497238086],[51.07666959272824,35.75526820826896],[51.07730817455095,35.75539402195122],[51.07814019134281,35.7557225718454],[51.07870267771882,35.75544945666794],[51.07877475999214,35.75493998747236],[51.079352898249226,35.75477054636627],[51.07990005007279,35.75438473195922],[51.08038849061067,35.75405530676374],[51.08075753372499,35.7535907162519],[51.081395702365604,35.75365790254699],[51.081349203207,35.753148512944115],[51.081361801144304,35.75262781238858],[51.08140448291467,35.752118361543545],[51.081937194457545,35.75183398113152],[51.082384759037225,35.75243551009042],[51.0827571298446,35.752854509489175],[51.08335072758895,35.75294425726577],[51.08393031275915,35.75318278112929],[51.084199055589615,35.75365820115256],[51.08403823476556,35.75422634253487],[51.083951310854005,35.75472455503504],[51.084205171027406,35.755177444675894],[51.08481361522339,35.75523336350626],[51.08524217862107,35.7548476094967],[51.08531412116556,35.75424797338034],[51.08537078992619,35.7535897421359],[51.08553155357625,35.752978771488664],[51.086037752539596,35.753431475373674],[51.08658763433096,35.75368127830882],[51.08707572216151,35.75337436697291],[51.086969683348705,35.75281994162702],[51.08681939906912,35.752263294408],[51.08693599177389,35.7517312467646],[51.08763365639821,35.75184569206743],[51.08834623426289,35.7520029497089],[51.089043544889414,35.752106116701455],[51.089636580874846,35.75200423728639],[51.0898721346678,35.751537465246564],[51.09050935769827,35.75139046653546],[51.090882244126746,35.75192439840414],[51.09118114853932,35.75244486138467],[51.09115379272871,35.75300163949869],[51.090947979709924,35.75347740748377],[51.090593950628296,35.7540209104759],[51.09003198924649,35.754406784733206],[51.08979642540443,35.75487130279924],[51.08972443908501,35.75540331925062],[51.08978596212556,35.75600511116233],[51.090203416621414,35.75650294580944],[51.090840730479165,35.75640102688937],[51.09144920161503,35.75646818249477],[51.091703510459915,35.75696839139403],[51.092253872116416,35.75729706053068],[51.092996276131785,35.757488078422654],[51.09373823366289,35.757591183129634],[51.0944805091218,35.75766948817358],[51.09507417195436,35.75777270239387],[51.09562456662794,35.75811262640034],[51.0959380166275,35.758610524534554],[51.09620684915444,35.7590859171652],[51.09662440384898,35.75961979434682],[51.097292404934365,35.759720683071656],[51.09797478702556,35.759708852505014],[51.09837742176519,35.760186383962164],[51.09876529218392,35.760740564816196],[51.099256291267025,35.76110306205555],[51.099777413357884,35.76149934311217],[51.10039984669365,35.76136357497971],[51.10091712542212,35.760910068419726],[51.101585113688444,35.76098839254038],[51.102073551499544,35.76069494487862],[51.10226397203688,35.760115484273],[51.1024250966114,35.75960592484652],[51.10288290854146,35.759163731264515],[51.103520064944824,35.75893777122879],[51.10420255816803,35.75901606823251],[51.104855642231044,35.759074100601126],[51.10542040804681,35.759265198083035],[51.10588168360596,35.759616424298756],[51.106402046394614,35.75994505517784],[51.10718849774241,35.759944349647476],[51.10778108459077,35.75974094794079],[51.10823933667522,35.759388896590686],[51.10889093655065,35.7591178135007],[51.10958870929073,35.759241147453345],[51.11022693435445,35.75929916432609],[51.11084982047403,35.75926477503396],[51.11148705032713,35.75910639498896],[51.1120944813731,35.75890070404752],[51.11267164511516,35.75856204825967],[51.113234507727626,35.75837893444814],[51.1137251148844,35.758673750858314],[51.1142017801198,35.75912636383444],[51.1147820469714,35.75950223657932],[51.11543513924579,35.7595579574103],[51.11593748918796,35.7591269414108],[51.116187180827175,35.75849104914358],[51.11630362004623,35.75798151463523],[51.11683570073088,35.757561736135244],[51.117443672589374,35.757504786575595],[51.11797926229476,35.75782208207394],[51.11826312466514,35.75832220530511],[51.11851768811143,35.75887645475242],[51.11917026248326,35.758819452102685],[51.11967350383912,35.758537188504135],[51.120191619796536,35.75826392408951],[51.120873485168616,35.75815053078983],[51.12133483929876,35.75851296804918],[51.12198796267396,35.758591194027666],[51.12267035201447,35.75859274781217],[51.12338248448606,35.75860328324318],[51.124168957491726,35.75862500742542],[51.12476324182979,35.7588745892496],[51.125061922509225,35.75931607486894],[51.12562639596324,35.75950933180749],[51.12630875361411,35.75948607016202],[51.12659263437152,35.75996137871011],[51.12712878525972,35.76038006601009],[51.12785538057682,35.76034547804642],[51.12844784438774,35.760096893240565],[51.12902715963833,35.76026757745706],[51.1294737348337,35.76065254004802],[51.130245253457765,35.76060661850085],[51.13091224085957,35.760481914211965],[51.131504879432505,35.76034376377789],[51.1321729713854,35.76046925344517],[51.13262002170216,35.76092182599937],[51.132874658954556,35.76145575797598],[51.13343952720149,35.761657993997815],[51.13409174861029,35.76158964043922],[51.13471446949435,35.76145369446914],[51.13529380787897,35.7616243484152],[51.135725997841206,35.76206565580066],[51.13635001598462,35.76228133525115],[51.136971731436134,35.76196279886247],[51.13749217832348,35.7622574837894],[51.13808635439907,35.76240556642459],[51.13869426477972,35.76230117402533],[51.13940701962309,35.762449112246046],[51.13976539491952,35.76296938377288],[51.139768184647316,35.76357121779377],[51.14006694583695,35.764001395249544],[51.14074881155409,35.763876619006794],[51.14150449589227,35.76366158851208],[51.14233358523407,35.76332023770695],[51.14298462912107,35.762979094607694],[51.14345802041718,35.762662956426716],[51.14409471896424,35.76242325779421],[51.144762765539994,35.762503596057165],[51.145298662107024,35.76291093201676],[51.14564217096445,35.76340866332388],[51.14616349597916,35.76378220205738],[51.14677044769566,35.76353350943686],[51.14739396849115,35.763645444799465],[51.14782669106803,35.76414531367584],[51.147829107632596,35.764699812285286],[51.149389709811985,35.76527716596893],[51.15022040658375,35.76834842184881],[51.15093394692952,35.76868788647907],[51.151602721581945,35.7689372409107],[51.15219694732979,35.76907172910666],[51.15293958553048,35.76925335981728],[51.15363792956006,35.76941250223848],[51.1542763503876,35.76951311222742],[51.15500401625468,35.76963614370708],[51.155820086143564,35.769704957796556],[51.156488200740355,35.7697829765922],[51.15711163196671,35.76981822315109],[51.15769116366437,35.770031595912435],[51.15832943698932,35.77005329214152],[51.15896727908292,35.77003215824459],[51.15957536034797,35.76999753631665],[51.1602131288017,35.769940330806776],[51.16098435009053,35.769882942126316],[51.161740680674754,35.76981429831981],[51.16234868983405,35.7697458514343],[51.1630013208077,35.76968861094124],[51.16365402057454,35.76966517784886],[51.16429180670602,35.769619221035526],[51.16497384600668,35.76957319973816],[51.16565627729929,35.76954971472031],[51.166383407052294,35.76957349903829],[51.16702177378242,35.76964023038926],[51.167644810205324,35.76965062813917],[51.16829790173631,35.76964970998595],[51.16892086640028,35.76962629019348],[51.16960332579816,35.769616307154045],[51.170255998711376,35.76958156793029],[51.1710272819208,35.76955792580514],[51.171650293761175,35.7695570324971],[51.17228800085627,35.769477222368764],[51.17283574463707,35.7692059431562],[51.17345860588992,35.769137418636646],[51.17348482580524,35.76847919242958],[51.17489565459921,35.76874987843471],[51.17547575079907,35.76904431113884],[51.17550232471032,35.7683973543301],[51.176318218778185,35.768384883116],[51.17677991297946,35.768760630637814],[51.17749266406664,35.76884973706304],[51.17754916084845,35.76829515219561],[51.17895689362802,35.765040430401164],[51.179519048148755,35.764744304276206],[51.18044158607712,35.765277129909244],[51.18137521843052,35.76506158034526],[51.181684632868084,35.76460804239319],[51.18232186170551,35.76449211466974],[51.18296096713141,35.76474134007394],[51.1830383591447,35.76532051760761],[51.184123625205686,35.76862782478821],[51.184671480011986,35.76842411358928],[51.186630168894276,35.76847967785863],[51.186855452762956,35.76901128614806],[51.187332034573465,35.76937344537031],[51.18801501622958,35.76943999536251],[51.188623058331956,35.76939621037982],[51.189275747573696,35.76937263826957],[51.189973278524285,35.76945042444722],[51.1906554843249,35.7693366352267],[51.19114318474027,35.76899549232846],[51.19175110738556,35.768904356294385],[51.19255210986378,35.7688805284886],[51.19323531636217,35.769039465272755],[51.19380047787591,35.76927748191036],[51.194453081709916,35.769220070825526],[51.195089539814276,35.768923751329424],[51.195711354547335,35.76871986921615],[51.196334844000106,35.768775198970935],[51.196987497744395,35.768740314737066],[51.19759407537565,35.76838993356037],[51.199015998912685,35.76519130652712],[51.19951899111029,35.7649064558136],[51.200066695709204,35.764668863668895],[51.200733805602916,35.76462266460925],[51.20146199144865,35.764804020008285],[51.20205659022051,35.765064489136535],[51.20279972931933,35.76527736812007],[51.20342213009306,35.765186148556296],[51.20405855736318,35.76490330596902],[51.204680715702175,35.76471966346958],[51.20536364822159,35.764777098844405],[51.208332485044416,35.765114584202315],[51.20876081913302,35.76471712142127],[51.209427067603414,35.76447702571617],[51.210125045688415,35.764602029789685],[51.2108848174549,35.765213799778536],[51.213437119605466,35.76529943682296],[51.214846511222596,35.765265357539185],[51.21558720248329,35.7650724295108],[51.21616473842631,35.76488880804044],[51.216860764685194,35.76467341215887],[51.21746859362473,35.764570875996576],[51.218240344341176,35.764614552391926],[51.21902774815076,35.76481823405236],[51.21972627657997,35.765010803417184],[51.22051305468737,35.765110789333434],[51.22128361878029,35.76497412290701],[51.22186158714099,35.76482653839707],[51.22257378541679,35.76483648633708],[51.22405920033547,35.7651628086231],[51.227811980322784,35.765056545482466],[51.22841865307585,35.76479617144701],[51.22913132731444,35.764851161008664],[51.22984567788346,35.76524650737733],[51.23263496768628,35.76526591373403],[51.23415135988966,35.76834652088636],[51.23483528862226,35.76860665281544],[51.24004114206139,35.768328093552306],[51.24122919194796,35.768483490200595],[51.24164707437488,35.76890415779398],[51.24229994840071,35.768947919562194],[51.242877209204316,35.768685278252946],[51.24351584450032,35.76882147900631],[51.244081740845864,35.76913814992617],[51.24459908199774,35.768841811524986],[51.24519117290129,35.76857011255934],[51.24575620844434,35.76883042572637],[51.24626257828985,35.769124667881314],[51.24688484612374,35.76899715872085],[51.24762241898994,35.768260810210606],[51.24823251028592,35.76855482954251],[51.24900249458582,35.76834811079939],[51.251215428394225,35.76865229546808],[51.25156021564071,35.76922861233284],[51.251874119362995,35.769658478887735],[51.251535209325375,35.770067177053285],[51.25211527394609,35.77025980670483],[51.25243027688116,35.770815897021485],[51.25283830966015,35.77453198737725],[51.253004509107946,35.775041054555366],[51.253200524807006,35.775574853099215],[51.253426271326255,35.776106334285785],[51.2535924778553,35.776615400489156],[51.25361095817851,35.77720592564005],[51.25354022363688,35.777794385615614],[51.253380071118,35.77831766696632],[51.253145985931496,35.778861390952265],[51.25279284369341,35.77937155495027],[51.252588380812746,35.779881404305584],[51.252636555790154,35.78046059634431],[51.25272884102708,35.78099235992959],[51.2524641357466,35.78147979548864],[51.25199142006683,35.78179861389048],[51.25163800780979,35.78222988274632],[51.251563838647584,35.78239458501333],[51.251757315347625,35.78234233493829],[51.252334970471786,35.78218333463405],[51.25276331905252,35.78183079766905],[51.25280454048511,35.781310022665274],[51.25320184334261,35.780765954487165],[51.2533620018426,35.78024267356222],[51.25386528233464,35.779971120198645],[51.25450155368709,35.77976690394821],[51.255108371633014,35.77943651966476],[51.255208788959735,35.77883447131634],[51.25482014466017,35.778404773313106],[51.25469825700099,35.77791815533327],[51.25475446096613,35.777329725621684],[51.25515186829497,35.77682847766477],[51.25565435720951,35.776534377779114],[51.256335102258205,35.776192559012905],[51.25653942279611,35.775648892408505],[51.2561210156453,35.775207991811996],[51.255686486708015,35.774483112215584],[51.25511371216495,35.77053972233097],[51.25487362295593,35.77006237189167],[51.25426462693168,35.7699058820195],[51.25363947078533,35.769668276949716],[51.25423231483143,35.76953177586086],[51.25482388038406,35.76921269530883],[51.25487935012255,35.76861299593733],[51.25613208319782,35.764688248403246],[51.25635184157645,35.764223440453094],[51.25663007665682,35.76366834409824],[51.25692245618585,35.76299825928641],[51.256921028282925,35.76250256337393],[51.25685242013898,35.76191933011653],[51.256728838037375,35.76121756095442],[51.256708423353246,35.76053040219962],[51.25686464786141,35.760070284220234],[51.25716684586331,35.75973345025378],[51.257493687881876,35.75951521623083],[51.25850011998274,35.759369675030314],[51.25890008213995,35.759255101330886],[51.25946976767683,35.75910555140984],[51.26005756709542,35.75893123994215],[51.26072420042051,35.75875181011926],[51.26105736997438,35.75861759900479],[51.261244883564004,35.75845898522434],[51.26139810228664,35.758225345648576],[51.2615874512666,35.757839017031756],[51.261654248980605,35.757583264921735],[51.26177519918384,35.75696653856953],[51.26177910581801,35.75628491335251],[51.2617957715744,35.755743593040286],[51.26180717874835,35.75547292614573],[51.26177554479333,35.755202353309436],[51.26175541721476,35.754691184642965],[51.261716662686695,35.75412492584546],[51.261616538095666,35.75359388426275],[51.26152272810158,35.75311294766398],[51.261441380937164,35.752682102657616],[51.2613474085301,35.75215104728829],[51.261297052401666,35.75179531286354],[51.26119729545064,35.7513745315331],[51.261097309394025,35.75088358409709],[51.260948252777894,35.75042782669098],[51.260768062207205,35.74985185140894],[51.26054439345271,35.749140649242236],[51.26038252223091,35.74852453824693],[51.26030708836899,35.74801850084892],[51.2602255073503,35.74751247671306],[51.260112761129356,35.746876210867256],[51.260037559796295,35.74644033919521],[51.260017527741304,35.74595422874121],[51.260009120764195,35.745262605237194],[51.26006225851492,35.744590895649864],[51.26010347630306,35.74403448550401],[51.26018744984789,35.74339278016325],[51.26028412722794,35.742876344573034],[51.260484888558466,35.74222937320419],[51.26069220458829,35.741707684673116],[51.26100333788457,35.74097526979031],[51.261448790561225,35.73996189450483],[51.26185820420516,35.73920921510051],[51.262127357529764,35.738802662445444],[51.26247024424571,35.738385923850046],[51.2628191755479,35.737939099579606],[51.263168384520604,35.737577476014366],[51.2636280101578,35.73714544186626],[51.2639836251289,35.73686399226302],[51.26440665810728,35.73652224999447],[51.26491543233621,35.736085090502534],[51.26517894643604,35.73583892426922],[51.26543026470692,35.7356228558966],[51.26630102426383,35.73497939995798],[51.2673986746513,35.73417505058427],[51.26833073805517,35.7334913477989],[51.26907256720205,35.73290830319746],[51.26959998828687,35.732546260458584],[51.27023205573123,35.73222908660902],[51.2704773552216,35.73205812835028],[51.27063087544546,35.732012674570726],[51.270980807473855,35.73188157418479],[51.27141059701229,35.73173525621591],[51.27189557024192,35.73154871626027],[51.27295149737251,35.7311553870451],[51.27384744125615,35.73071730708541],[51.27450351196177,35.73023967487188],[51.27517785931683,35.729716889923225],[51.27560686665692,35.729350034791636],[51.275876194702924,35.72902364106583],[51.2759615541941,35.72882296819935],[51.27602270854312,35.728732613009925],[51.276189619962935,35.72834206852435],[51.27628200475083,35.72817318768497],[51.276404328987375,35.72799748880586],[51.27669832266441,35.72769609584163],[51.277072237055606,35.72739952931974],[51.27768525299773,35.72692699103331],[51.27824905466356,35.72644454004847],[51.27883715480559,35.72588183929997],[51.27927176191393,35.72536961250257],[51.27981682234319,35.72480700717635],[51.28016603816929,35.72448542905326],[51.280643688695605,35.72398312042066],[51.281029262829975,35.723516109170845],[51.28140144876971,35.72308822101058],[51.28181791889632,35.72267025139205],[51.28218515846294,35.7222363580994],[51.282508170238266,35.72181058697303],[51.282806380747324,35.72132473050755],[51.282976991374575,35.72090733660527],[51.283185980530185,35.720221213146495],[51.28328948764468,35.71973902282436],[51.2832918365437,35.71929315728153],[51.283308793904055,35.718884850559036],[51.2833315121644,35.71836870196474],[51.283394774716726,35.717762329894164],[51.28344665970399,35.71730147806073],[51.28348706411437,35.716957048068714],[51.28352750268295,35.71662231752611],[51.28356206301689,35.71630699998348],[51.28357283555421,35.715991738689056],[51.28358996890209,35.7157928570989],[51.283024878647836,35.71575539435244],[51.2825787261724,35.715717648637806],[51.282215898828476,35.71569910425484],[51.28188876995901,35.71568532461785],[51.28125984761103,35.715669051422786],[51.28044230240059,35.71563128769071],[51.27960535156825,35.71560943534776],[51.27837913298874,35.71558054600878],[51.27759083819602,35.715558566644354],[51.276598165126686,35.715529118072375],[51.27538165224576,35.715492239948375],[51.27431105076837,35.715439144000214],[51.27325018163926,35.7153860163371],[51.27252019448974,35.715340063285076],[51.27143010779421,35.71527905015867],[51.270359484641894,35.71521798325064],[51.26941541926969,35.71517249407416],[51.26833602773952,35.71510746094653],[51.26761970106962,35.715070970580584],[51.2666775531783,35.715015932625526],[51.26566536488762,35.714967391247406],[51.26480885173605,35.714912148796195],[51.26396018755055,35.714875928982444],[51.26287791888579,35.71482116981308],[51.261616540101386,35.71474774602879],[51.260542080127045,35.71469929747316],[51.25988803821713,35.714662625635555],[51.25924956633994,35.71462591655847],[51.25847875470602,35.714589489624124],[51.25757554191652,35.71453429639311],[51.25671905907199,35.71448534495189],[51.25569129321278,35.7144304043501],[51.254471248488606,35.71437649833331],[51.25352454733526,35.714353110419886],[51.252552919543156,35.71432468865856],[51.25132592217674,35.714286637094325],[51.24983114825157,35.71425421061181],[51.248828368149255,35.71422074478541],[51.24818064988272,35.71421193034987],[51.24711064507625,35.71422968360172],[51.2456718239991,35.714245644725274],[51.24467940815758,35.71426067776331],[51.24429614341384,35.714267202319625],[51.242628447177886,35.7145398230166],[51.241694741809894,35.71469407871736],[51.24069257293992,35.714863701583134],[51.239609560272235,35.71507410938142],[51.23905558849304,35.71517679503282],[51.23821528636192,35.71533083731358],[51.23720694973816,35.71552583814207],[51.236397719403215,35.71565949043133],[51.23590595802672,35.715741723027506],[51.23479173626541,35.71593691211842],[51.233602803863334,35.71614239451651],[51.23281234882404,35.71631153868256],[51.232115250306,35.71646018100061],[51.2313870241832,35.716613958364846],[51.23079573682625,35.716742072804514],[51.228927947097645,35.716953894242884],[51.227987798672096,35.71705218758672],[51.22632521503448,35.71715692002647],[51.22559675545435,35.71723447867135],[51.224905633795416,35.717301804904636],[51.22395216318131,35.717095355195355],[51.22304264889353,35.71701578962409],[51.22228920445735,35.717067980072876],[51.22163772832176,35.71711940643117],[51.220956483120524,35.717278451489264],[51.22026082364714,35.717473584586934],[51.219564746885624,35.71764391948003],[51.21879463533439,35.71778057436389],[51.218024083039,35.71788341383117],[51.217268354899886,35.71797495103558],[51.21655707318727,35.7180213213881],[51.215800874321616,35.71806776850748],[51.21503016312203,35.71811423694211],[51.21418551175686,35.7181608327467],[51.213266198873164,35.71819628521821],[51.212332397730385,35.718240772711184],[51.21145817908553,35.71834375397322],[51.210405960001566,35.718424501015704],[51.2093533932355,35.71850523946846],[51.20843503068398,35.71864208726563],[51.20750149175076,35.718790224797495],[51.20646417818789,35.71889345240818],[51.20532332390605,35.71904193046667],[51.20415280885038,35.71921298917182],[51.20354562935819,35.71930644084181],[51.20289358305697,35.71942025229386],[51.20224188040114,35.71953405963296],[51.201575290090574,35.71963661808818],[51.200789925304356,35.71977318347956],[51.20013827341585,35.71990952020639],[51.19945730667494,35.72006844312934],[51.19879082088783,35.72021606771377],[51.198139223675014,35.72037718847332],[51.19748759025813,35.72052478124748],[51.19686575293873,35.720706132768555],[51.19619931257539,35.720876283785955],[51.19551839061367,35.721059979291695],[51.19485197200666,35.72124139324069],[51.19415578020716,35.721400310954486],[51.19344467321906,35.72153670789665],[51.19274879424164,35.72168434653575],[51.192097145554065,35.72183416423047],[51.19147520435,35.72198167677038],[51.19085331491486,35.72215172687114],[51.19024588113508,35.72229920991322],[51.189653621532976,35.722435395405924],[51.18900201441793,35.7226077371302],[51.18798070833672,35.72293618873827],[51.18695950509775,35.72331196730828],[51.186352612029125,35.723549593267066],[51.18534683322575,35.72402676794598],[51.18434104240093,35.72450393421649],[51.1838085068282,35.72477749806355],[51.18327591046609,35.725026264704525],[51.18272845248449,35.725275051688755],[51.1821367667546,35.725526157622525],[51.18152986821683,35.725775029648155],[51.18090843248468,35.726014904259635],[51.18028701345801,35.726263791971114],[51.17965036610294,35.72650368300725],[51.179028964721134,35.726763834608775],[51.17840748341948,35.72699017184769],[51.17777077421476,35.727207512174296],[51.177119543363794,35.72742261655472],[51.17648277715646,35.72761740930126],[51.17589060411634,35.727821149425374],[51.175313262012615,35.72801359446727],[51.17470614988036,35.7281835393971],[51.17412875785337,35.72835569206725],[51.173550988247115,35.7285143180087],[51.17241101666036,35.728842809537],[51.17181838597055,35.729003702669836],[51.17122614214846,35.72918487908426],[51.170633871436884,35.729354782200694],[51.17004157408572,35.729513412018996],[51.16894581043958,35.72984406189577],[51.16838331998817,35.7300477230925],[51.16749522620038,35.730378067036995],[51.16666618841451,35.730694797585095],[51.165911469181516,35.73102494377446],[51.16520132203633,35.73135502362009],[51.16440200732121,35.73168296787041],[51.16352873841302,35.73201326210055],[51.16262573840047,35.73234133636328],[51.16178219726354,35.73268284785685],[51.160997646422025,35.7329769382223],[51.16028702504171,35.7332619079875],[51.15959162666278,35.733558123631],[51.158851774117366,35.733919762752926],[51.15806729451829,35.73426116961788],[51.15716463679235,35.73461174320458],[51.15629093810093,35.73493071497501],[51.15538792381795,35.73528352976105],[51.154499779337996,35.735645334856585],[51.153582277919234,35.73602069562458],[51.15262018670046,35.736396106364886],[51.15170227483752,35.7367466583953],[51.150784380594814,35.73711072788001],[51.14977759197345,35.73743883656104],[51.1488001961146,35.7377804246786],[51.14786778260846,35.73815576037658],[51.1469647112679,35.73851752823813],[51.14604677503099,35.738881561572725],[51.14517332659861,35.73919819810513],[51.144210729961365,35.7395284604869],[51.14315979266231,35.73993771395561],[51.1421085595314,35.74038076979219],[51.14151622402845,35.740595611130146],[51.140909329692356,35.74078792592823],[51.14028718570892,35.74095771477972],[51.139561458846,35.74118622766586],[51.13896903152121,35.74135597494615],[51.13839113707456,35.741536972858896],[51.13781355037071,35.74169768091433],[51.13667278093025,35.741958212037034],[51.13563563096109,35.742184803402225],[51.134642675756766,35.74238879516111],[51.13365006487739,35.74259503241774],[51.13262737627834,35.742799040842414],[51.13169388965911,35.743025482937256],[51.130864433195356,35.743254057790416],[51.130020088070985,35.7434691186706],[51.12929425007243,35.74366150442552],[51.12862752839704,35.74386509246088],[51.127812916234014,35.74409363025216],[51.12722002427605,35.74421823854716],[51.12653828679521,35.744331667823204],[51.125841703362155,35.7444563793017],[51.12513022022484,35.74455856158547],[51.12443352640966,35.74461564263537],[51.123662521858115,35.74467279674552],[51.122906395628775,35.74474120097684],[51.122046199563684,35.74478716624255],[51.12103776278498,35.74485581676066],[51.12007387606758,35.744901873161595],[51.119124812928135,35.74492311214942],[51.11808659742957,35.74495795649481],[51.11712217874652,35.74488001538878],[51.11615772555366,35.744777271704166],[51.11508919202074,35.74464080965993],[51.113961595742744,35.74452918950764],[51.11287827159488,35.74443780356242],[51.11181019243342,35.744371188431465],[51.110756628131355,35.7443022962396],[51.10979220871011,35.74421302595147],[51.108946321994424,35.74411011506947],[51.10807107787262,35.74402074936512],[51.10712114741823,35.7439066496206],[51.10617161367189,35.743828607304714],[51.10522204878436,35.74372576263392],[51.10427215852434,35.74363643523304],[51.1033969070483,35.743533511030755],[51.10252131510997,35.74343283483131],[51.10160112286272,35.743318665857636],[51.10063675403007,35.7432518629086],[51.0996872172131,35.743160244911884],[51.09870801832883,35.74311597973133],[51.09769942887848,35.743060460318034],[51.097076231746776,35.74302490525722],[51.09597846100112,35.74295817376073],[51.094850966100715,35.742889201877425],[51.09416865992102,35.74284466256185],[51.09356031693788,35.7428000611954],[51.09238824149991,35.742731101300286],[51.0917799265409,35.742709031719286],[51.09114223434362,35.74268698159278],[51.089955723652906,35.74268563150149],[51.08925861124345,35.74268615716688],[51.08854663722218,35.74268668986944],[51.087864423995924,35.74272100757104],[51.087167336125134,35.742744061913676],[51.0863814238047,35.74276717684785],[51.085728929720915,35.74279920674259],[51.08509132346108,35.742856017326126],[51.08446857792574,35.742912813960295],[51.08326806235452,35.74307144764676],[51.08266021093054,35.74316203569114],[51.0820523721905,35.74326614514223],[51.08144488679288,35.7433792676036],[51.08076311401966,35.74351497838727],[51.08017016395987,35.74365062532738],[51.079058912548156,35.74392186071266],[51.07797740186188,35.74421786116776],[51.07677698545201,35.744511674852184],[51.07565081605675,35.74474907717987],[51.074494561747265,35.74497747154869],[51.07390192520788,35.74510181697491],[51.072775424535095,35.745373003787876],[51.07172357463706,35.745646388952245],[51.070760532947986,35.74590618740543],[51.06979711936173,35.746143437558004],[51.06881920508139,35.746405483301736],[51.06798954072323,35.74664264114292],[51.06720413220262,35.746902308932505],[51.06643392854901,35.747164217129786],[51.06567858985818,35.74743512845468],[51.06493775548728,35.74769701074577],[51.06419691441526,35.74795663438972],[51.063441580661035,35.748252326514205],[51.06277505200798,35.74852317188084],[51.062108875175326,35.74880753783619],[51.06145719133908,35.74906709768168],[51.060835256891124,35.749362703939575],[51.06027243071349,35.749667293139325],[51.059680238835746,35.7499966894052],[51.059073516216955,35.750314819616506],[51.058436723667675,35.75064197795733],[51.05782964554223,35.7509601020416],[51.05720807792923,35.75132331164401],[51.056645594201484,35.75166169479904],[51.05606828429969,35.752058688390775],[51.055521033179346,35.75244439464991],[51.05495858343621,35.75285264626228],[51.054337380629555,35.75328346309506],[51.05370095407369,35.753703013241484],[51.053005072013555,35.75413160306751],[51.05225008193547,35.7545737395404],[51.051406245784634,35.75501591006881],[51.050532694180575,35.755491898566625],[51.04965916080711,35.7560129622169],[51.048756289619014,35.756624194715805],[51.048268027620566,35.75691968018194],[51.047779423224156,35.75722643417435],[51.047246566292934,35.75753094989065],[51.04671336096415,35.75783771744733],[51.04619536170712,35.75814447664675],[51.04569188260443,35.75846024425613],[51.04512929464092,35.75878955693638],[51.04424118375495,35.7593331273423],[51.043308460105955,35.75986543725267],[51.04252364471775,35.760330064060966],[51.04178338487302,35.76073831795524],[51.04107248994359,35.761124016222986],[51.04036156357838,35.76146237470463],[51.03965063233939,35.76180298304371],[51.038865373414986,35.76215262818975],[51.03806558913091,35.76250452699773],[51.03729518281134,35.76285641109181],[51.03646565795064,35.763217325014786],[51.03579892440806,35.76351281519823],[51.035161911888274,35.76379702234243],[51.03462894285689,35.76405640041431],[51.034095640545054,35.76435184139402],[51.03356267902341,35.76464502582365],[51.03304423458529,35.7649404578303],[51.03251091007347,35.7652110969403],[51.029569448580354,35.76853213275114],[51.029497070590594,35.76912046404584],[51.029450748383006,35.76913625433121],[51.02995767572618,35.76934800721468],[51.03062604343282,35.769507871803]]]}}]}
