{"type":"FeatureCollection","features":[{"type":"Feature","properties":{"route":1,"color":"#2563eb","times":[[24033,24093,24153,24213,24273,24333,24393,24453,24513,24573,24633,24693,24753,24813,24873,24933,24993,25053,25113,25173,25233,25293,25353,25413,25473,25533,25593,25653,25713,25773,25833,25893,25953,26025,26085,26145,26172,26178,26184,26190,26196,26202,26208,26226,26232,26238,26244,26250,26256,26262,26268,26274,26277,26280,26283,26286,26289,26292,26295,26298,26301,26304,26307,26310,26313,26316,26319,26322,26325,26328,26331,26334,26337,26340,26343,26346,26349,26352,26355,26358,26361,26364,26367,26370,26373,26376,26379,26382,26385,26388,26391,26394,26397,26403,26409,26415,26424,26439,26448,26457,26463,26469,26472,26475,26478,26484,26493,26499,26505,26508,26511,26514,26517,26520,26523,26526,26529,26532,26535,26538,26541,26547,26553,26556,26559,26562,26568,26571,26574,26577,26580,26583,26586,26589,26592,26595,26598,26601,26604,26610,26613,26619,26625,26667,26676,26682,26685,26688,26691,26694,26697,26700,26703,26706,26709,26712,26715,26718,26721,26724,26730,26790,26835,26841,26844,26847,26850,26853,26859,26862,26865,26868,26871,26877,26889,26895,26901,26907,26913,26919,26925,26931,26937,26946,26952,26958,26961,26967,26970,26976,26982,26988,27036,27045,27054,27078,27087,27099,27117,27129,27138,27144,27150,27156,27162,27168,27174,27180,27186,27192,27198,27204,27210,27219,27228,27234,27240,27246,27252,27258,27264,27270,27273,27279,27285,27291,27297,27303,27309,27315,27321,27327,27336,27342,27351,27360,27369,27375,27381,27387,27393,27399,27405,27411,27417,27423,27432,27444,27456,27468,27477,27483,27489,27495,27501,27507,27513,27516,27519,27522,27525,27528,27531,27534,27537,27540,27543,27546,27549,27555,27561,27567,27579,27591,27597,27603,27609,27612,27615,27618,27621,27624,27630,27636,27645,27675,27684,27690,27696,27708,27714,27720,27726,27732,27738,27741,27744,27747,27750,27753,27756,27759,27762,27768,27774,27780,27816,27825,27834,27840,27846,27852,27861,27867,27873,27879,27888,27894,27900,27906,27915,27921,27927,27933,27942,27948,27954,27960,27966,27972,27978,27987,27996,28008,28014,28020,28080,28140,28200,28260,28320,28380,28440,28500,28560,28620,28680,28740,28800,28860,28920,28980,28995,29010,29019,29025,29028,29040,29046,29055,29061,29067,29073,29079,29085,29097,29103,29109,29115,29121,29133,29139,29145,29151,29157,29163,29172,29178,29184,29202,29235,29247,29256,29316,29376,29436,29496,29556,29604,29613,29619,29625,29631,29637,29643,29655,29661,29667,29673,29679,29691,29706,29718,29727,29733,29739,29745,29754,29760,29766,29778,29784,29793,29853,29913,29973,30033,30093,30135,30150,30156,30162,30180,30186,30192,30198,30204,30219,30228,30234,30240,30246,30252,30258,30273,30279,30285,30291,30297,30303,30309,30321,30330,30357,30372,30378,30384,30426,30486,30546,30606,30666,30726,30786,30846,30906,30918,30924,30930,30990,31050,31110,31170,31230,31290,31323,31329,31335,31341,31350,31383,31443,31503,31563,31623,31683,31743,31803,31863,31923,31983,32043,32103,32163,32175,32187,32202,32208,32217,32277,32313,32373,32433,32493,32553,32580,32598,32607,32616,32625,32634,32640,32646,32652,32658,32676,32685,32697,32706,32766,32826,32868,32895,32907,32916,32922,32931,32940,32949,32961,32967,32973,32982,32991,32997,33003,33012,33021,33027,33036,33054,33114,33174,33234,33294,33309,33315,33321,33345,33405,33465,33525,33585,33645,33705,33765,33825,33879,33903,33918,33927,33939,33999,34008,34038,34098,34134,34185,34224,34284,34344,34404,34464,34524,34584,34632,34644,34653,34659,34668,34680,34692,34701,34707,34713,34719,34725,34737,34746,34755,34764,34773,34779,34785,34800,34812,34836,34845,34854,34869,34929,34989,35013,35028,35088,35136,35157,35217,35277,35337,35398,35407,35413,35428,35446,35452,35512,35545,35605,35665,35698,35731,35791,35851,35911,35971,36031,36091,36151,36160,36166,36172,36181,36193,36199,36205,36244,36262,36286,36346,36406,36451,36457,36466,36475,36481,36487,36593,36626,36641,36647,36653,36662,36677,36713,36773,36833,36893,36953,37013,37073,37121,37130,37142,37151,37166,37190,37199,37205,37265,37277,37289,37298,37313,37322,37382,37442,37472,37478,37487,37493,37499,37508,37538,37544,37550,37556,37559,37580,37640,37670,37697,37757,37787,37793,37799,37805,37811,37817,37823,37835,37844,37850,37859,37865,37880,37889,37895,37901,37916,37925,37952,37958,37964,37970,38030,38090,38132,38144,38204,38264,38273,38282,38288,38294,38300,38306,38366,38426,38480,38486,38492,38501,38507,38513,38522,38531,38543,38549,38555,38561,38567,38576,38585,38597,38621,38639,38681,38687,38696,38705,38711,38717,38723,38732,38741,38747,38753,38759,38768,38777,38810,38870,38930,38990,39050,39110,39146,39167,39227,39318,39378,39620,39668,39674,39680,39689,39695,39701,39707,39722,39749,39755,39761,39770,39779,39785,39845,39905,39965,40025,40085,40115,40121,40127,40136,40142,40148,40181,40187,40193,40199,40205,40211,40223,40283,40340,40349,40355,40361,40367,40376,40385,40394,40400,40406,40421,40442,40502,40562,40622,40682,40742,40802,40820,40826,40832,40841,40850,40856,40862,40871,40886,40892,40898,40904,40964,41024,41084,41144,41204,41246,41252,41261,41273,41279,41291,41351,41378,41393,41453,41474,41480,41492,41498,41507,41516,41522,41528,41543,41552,41588,41597,41657,41717,41777,41837,41897,42007,42067,42127,42175,42235,42355,42415,42451,42457,42478,42484,42490,42499,42505,42565,42625,42685,42745,42805,42865,42919,42931,42943,42949,42958,43018,43078,43138,43198,43258,43318,43378,43438,43480,43489,43498,43504,43510,43519,43525,43531,43537,43543,43561,43621,43681,43741,43801,43861,43921,43981,44041,44071,44089,44101,44324,44372,44405,44423,44459,44468,44477,44486,44495,44501,44507,44531,44579,44588,44594,44600,44606,44612,44618,44624,44630,44636,44642,44660,44669,44675,44681,44687,44693,44705,44765,44825,44887,44947,44965,44971,44977,44983,44992,45001,45013,45019,45025,45031,45037,45046,45052,45058,45064,45079,45085,45091,45097,45103,45109,45115,45124,45133,45190,45196,45202,45208,45211,45214,45217,45220,45223,45229,45235,45241,45247,45250,45253,45256,45265,45277,45289,45295,45301,45310,45322,45328,45334,45340,45346,45352,45358,45361,45364,45367,45370,45373,45376,45379,45382,45385,45388,45391,45394,45397,45400,45403,45406,45409,45412,45415,45418,45421,45424,45427,45430,45433,45436,45439,45442,45445,45448,45451,45457,45466,45472,45478,45484,45490,45496,45502,45508,45514,45520,45526,45532,45538,45553,45565,45577,45586,45592,45598,45604,45610,45613,45616,45619,45625,45631,45640,45646,45652,45658,45664,45685,45694,45703,45712,45727,45736,45748,45760,45769,45775,45781,45787,45790,45793,45796,45799,45802,45805,45808,45811,45814,45817,45820,45823,45826,45829,45832,45835,45838,45844,45847,45850,45853,45856,45859,45862,45865,45868,45871,45874,45877,45880,45883,45886,45889,45892,45895,45898,45901,45904,45907,45910,45913,45916,45919,45922,45925,45928,45934,45940,45955,45985,46012,46039,46054,46060,46066,46072,46078,46087,46099,46105,46111,46117,46123,46129,46135,46141,46144,46147,46150,46153,46156,46159,46162,46165,46168,46171,46174,46177,46180,46183,46186,46189,46192,46195,46198,46201,46204,46207,46210,46213,46216,46219,46222,46225,46228,46231,46234,46237,46240,46243,46246,46249,46252,46255,46258,46261,46264,46267,46270,46273,46276,46279,46282,46285,46291,46297,46303,46309,46315,46321,46324,46327,46330,46333,46339,46345,46354,46363,46369,46375,46384,46393,46402,46408,46414,46420,46426,46429,46432,46435,46438,46441,46444,46447,46450,46453,46456,46459,46462,46465,46468,46471,46474,46477,46480,46483,46486,46489,46492,46495,46498,46501,46504,46507,46510,46513,46516,46519,46522,46525,46528,46531,46534,46537,46540,46543,46546,46549,46552,46555,46558,46561,46564,46567,46570,46573,46576,46579,46582,46585,46588,46591,46594,46597,46600,46603,46606,46609,46612,46615,46618,46621,46624,46627,46630,46633,46636,46639,46642,46645,46648,46651,46654,46657,46660,46663,46666,46669,46672,46675,46678,46681,46684,46687,46690,46693,46696,46699,46702,46705,46708,46711,46714,46717,46720,46723,46726,46729,46732,46735,46738,46741,46744,46747,46750,46753,46756,46759,46762,46765,46768,46771,46774,46777,46780,46783,46786,46789,46792,46795,46798,46801,46804,46807,46810,46813,46816,46822,46828,46834,46843,46849,46855,46858,46861,46867,46873,46879,46882,46885,46891,46900,46909,46915,46921,46927,46930,46933,46936,46942,46951,46957,46963,46966,46969,46975,46984,46990,46996,46999,47002,47005,47011,47020,47029,47035,47041,47047,47053,47065,47071,47077,47086,47092,47098,47104,47110,47116,47122,47128,47134,47140,47149,47155,47161,47167,47173,47179,47185,47191,47197,47203,47209,47215,47221,47227,47233,47239,47245,47251,47260,47269,47329,47389,47449,47509,47536,47596,47656,47716,47776]]},"geometry":{"type":"MultiLineString","coordinates":[[[51.55416,35.73013],[51.55419,35.72995],[51.5542,35.72993],[51.55423,35.72998],[51.55421,35.73],[51.55412,35.73006],[51.5541,35.72998],[51.55411,35.72994],[51.55411,35.72995],[51.55414,35.72989],[51.55413,35.72993],[51.5542,35.73],[51.5542,35.72998],[51.55423,35.72992],[51.55415,35.72995],[51.55417,35.72999],[51.55417,35.72996],[51.55412,35.72994],[51.55411,35.72994],[51.55424,35.72997],[51.55424,35.72996],[51.55425,35.72994],[51.55407,35.72997],[51.55391,35.72987],[51.55378,35.72984],[51.55387,35.7298],[51.55395,35.72981],[51.55396,35.72986],[51.55394,35.7298],[51.55375,35.72993],[51.55384,35.72997],[51.55385,35.72995],[51.554,35.72991],[51.55425,35.72997],[51.55395,35.72984],[51.55416,35.73002],[51.55434,35.72964],[51.55466,35.72924],[51.55501,35.72879],[51.55535,35.72839],[51.55576,35.72796],[51.55622,35.7274],[51.55672,35.72686],[51.55672,35.72648],[51.55615,35.72636],[51.55537,35.7262],[51.55454,35.72611],[51.55377,35.72604],[51.55331,35.72606],[51.55285,35.72605],[51.55222,35.726],[51.55134,35.72598],[51.55085,35.72594],[51.55028,35.72589],[51.54967,35.72586],[51.54906,35.72581],[51.54843,35.72576],[51.54778,35.7257],[51.5471,35.72564],[51.54644,35.72557],[51.54579,35.72552],[51.54516,35.72546],[51.54452,35.72543],[51.54389,35.7254],[51.54324,35.72537],[51.54262,35.7253],[51.54198,35.72526],[51.54132,35.72523],[51.54068,35.7252],[51.54002,35.72516],[51.53937,35.72511],[51.53871,35.72507],[51.53808,35.72504],[51.53746,35.72501],[51.53686,35.72497],[51.53628,35.72493],[51.53575,35.72489],[51.53522,35.72486],[51.53472,35.72482],[51.53424,35.72476],[51.53372,35.72472],[51.5332,35.72467],[51.53269,35.72464],[51.53218,35.7246],[51.53168,35.72457],[51.53119,35.72453],[51.5307,35.72448],[51.53021,35.72443],[51.52976,35.72438],[51.52931,35.72441],[51.52887,35.72435],[51.52842,35.72434],[51.52801,35.72419],[51.52717,35.72413],[51.52636,35.72411],[51.52562,35.7241],[51.525,35.72405],[51.5245,35.72407],[51.52397,35.72413],[51.52334,35.724],[51.52269,35.72398],[51.52191,35.72397],[51.52145,35.72395],[51.52096,35.72396],[51.52047,35.72398],[51.5197,35.72382],[51.51925,35.7237],[51.51885,35.72355],[51.51812,35.72331],[51.51769,35.72315],[51.51724,35.72297],[51.51673,35.7228],[51.51619,35.72262],[51.51561,35.72243],[51.51501,35.72224],[51.51438,35.72209],[51.51376,35.7219],[51.51317,35.72172],[51.51257,35.72156],[51.51202,35.7214],[51.51151,35.72127],[51.51085,35.72111],[51.51025,35.72085],[51.5098,35.72069],[51.50933,35.72058],[51.50891,35.72044],[51.50816,35.72022],[51.50773,35.7201],[51.50725,35.71993],[51.50674,35.71976],[51.50623,35.7196],[51.50569,35.71946],[51.50516,35.7193],[51.50464,35.71914],[51.50411,35.71899],[51.50357,35.71881],[51.50303,35.71862],[51.50254,35.71846],[51.50211,35.71833],[51.5013,35.71811],[51.50088,35.71798],[51.50015,35.71776],[51.49964,35.7176],[51.4991,35.71744],[51.49845,35.71724],[51.49772,35.71699],[51.4973,35.71687],[51.49686,35.71674],[51.49638,35.71659],[51.4959,35.71644],[51.49546,35.71631],[51.49504,35.71619],[51.49463,35.71606],[51.49421,35.71593],[51.49379,35.71581],[51.49335,35.71568],[51.49291,35.71555],[51.49246,35.7154],[51.49202,35.71526],[51.4916,35.71514],[51.49095,35.71493],[51.4908,35.71489],[51.49023,35.71471],[51.48952,35.71449],[51.48911,35.71435],[51.4887,35.71421],[51.48824,35.71406],[51.48779,35.71391],[51.48697,35.71365],[51.48653,35.71352],[51.48607,35.71337],[51.48557,35.71322],[51.48508,35.71308],[51.48445,35.71294],[51.48385,35.71274],[51.48328,35.71255],[51.48257,35.71233],[51.4818,35.71209],[51.48118,35.71189],[51.48062,35.71169],[51.47992,35.71148],[51.47925,35.71127],[51.47882,35.71114],[51.47828,35.71096],[51.4776,35.71074],[51.47681,35.71049],[51.47637,35.71036],[51.47555,35.71011],[51.47513,35.70998],[51.47432,35.70973],[51.47355,35.7095],[51.4729,35.70931],[51.47243,35.70919],[51.47193,35.70903],[51.47151,35.70885],[51.47106,35.70872],[51.47062,35.70858],[51.47012,35.70842],[51.46964,35.70824],[51.46916,35.7081],[51.46861,35.70793],[51.46801,35.70773],[51.46733,35.70752],[51.46662,35.70732],[51.46592,35.70713],[51.46523,35.70692],[51.46446,35.70671],[51.46369,35.70649],[51.46299,35.70629],[51.46243,35.70613],[51.46195,35.70599],[51.46152,35.70587],[51.46095,35.7057],[51.46044,35.70557],[51.45984,35.70542],[51.45934,35.70528],[51.45876,35.70511],[51.45808,35.70491],[51.45738,35.70472],[51.45665,35.70452],[51.45587,35.70431],[51.45505,35.70406],[51.45462,35.70394],[51.45382,35.70372],[51.4532,35.70356],[51.45266,35.70339],[51.45201,35.7032],[51.45125,35.70296],[51.45054,35.70275],[51.44985,35.70255],[51.44923,35.70238],[51.44877,35.70224],[51.44824,35.70244],[51.44775,35.70231],[51.44737,35.7021],[51.44675,35.70206],[51.44611,35.70204],[51.44557,35.70204],[51.44496,35.70203],[51.44434,35.702],[51.4437,35.70198],[51.44323,35.70199],[51.44273,35.70201],[51.44204,35.70199],[51.44136,35.70199],[51.44081,35.70198],[51.44026,35.70197],[51.43966,35.70194],[51.43912,35.70197],[51.43866,35.70194],[51.43802,35.70194],[51.43747,35.70194],[51.43695,35.70194],[51.43635,35.7019],[51.43558,35.70186],[51.43475,35.70183],[51.43391,35.70179],[51.43346,35.70178],[51.433,35.70178],[51.43251,35.70178],[51.43202,35.70178],[51.43153,35.70177],[51.43102,35.70177],[51.43053,35.70179],[51.43002,35.70179],[51.42953,35.70179],[51.42904,35.70178],[51.42855,35.70177],[51.42809,35.70176],[51.42736,35.70175],[51.4267,35.70174],[51.42608,35.70172],[51.42561,35.70172],[51.42493,35.70169],[51.42431,35.70168],[51.42356,35.70167],[51.42267,35.70165],[51.42218,35.70164],[51.42168,35.70163],[51.42121,35.70161],[51.42073,35.70161],[51.42026,35.7016],[51.4195,35.70164],[51.41891,35.70172],[51.41847,35.70158],[51.41796,35.70159],[51.41736,35.70158],[51.41683,35.70156],[51.41622,35.70153],[51.41573,35.70152],[51.41522,35.70149],[51.41451,35.70145],[51.41379,35.70145],[51.41303,35.70143],[51.41218,35.70142],[51.41173,35.7014],[51.41125,35.7014],[51.41075,35.7014],[51.41027,35.70139],[51.40979,35.7014],[51.40932,35.7014],[51.40886,35.7014],[51.40841,35.7014],[51.40754,35.70138],[51.40672,35.70137],[51.40619,35.70137],[51.40566,35.70141],[51.40513,35.70141],[51.40468,35.70137],[51.40415,35.70135],[51.40354,35.70132],[51.40302,35.70131],[51.40237,35.70127],[51.40176,35.70126],[51.40108,35.70123],[51.40058,35.70123],[51.40027,35.70151],[51.4001,35.70187],[51.39989,35.70232],[51.39968,35.70282],[51.39923,35.70294],[51.39879,35.70278],[51.39826,35.70264],[51.39777,35.70255],[51.39748,35.70301],[51.39725,35.70349],[51.39702,35.70399],[51.39682,35.70448],[51.39658,35.70488],[51.39635,35.70537],[51.39611,35.70583],[51.39605,35.70623],[51.39579,35.70676],[51.3953,35.70691],[51.39476,35.70676],[51.39415,35.70661],[51.3938,35.70649],[51.3938,35.70648],[51.39377,35.70644],[51.39377,35.70644],[51.39381,35.70649],[51.39378,35.70647],[51.39378,35.70647],[51.39378,35.70647],[51.39378,35.70647],[51.39379,35.70651],[51.39382,35.70652],[51.39384,35.70654],[51.39383,35.70653],[51.39385,35.70651],[51.39383,35.70653],[51.39365,35.70656],[51.39313,35.70668],[51.39294,35.70635],[51.39235,35.70604],[51.39172,35.70553],[51.39127,35.70564],[51.39068,35.70554],[51.39016,35.70555],[51.38952,35.70553],[51.38893,35.70553],[51.38842,35.70551],[51.38786,35.7055],[51.38714,35.70548],[51.38662,35.70548],[51.38611,35.70547],[51.38554,35.70547],[51.38485,35.70547],[51.38415,35.70548],[51.38362,35.70549],[51.38309,35.7055],[51.38254,35.7055],[51.38187,35.70552],[51.38116,35.70553],[51.3805,35.70553],[51.37993,35.70555],[51.37937,35.70557],[51.37878,35.70558],[51.37828,35.70557],[51.37835,35.7052],[51.37855,35.70481],[51.37887,35.70429],[51.37917,35.70399],[51.37922,35.70392],[51.37919,35.70373],[51.37916,35.70402],[51.3792,35.70396],[51.37919,35.70379],[51.37975,35.70369],[51.3802,35.70369],[51.38065,35.70374],[51.38123,35.70377],[51.38185,35.70369],[51.38234,35.7038],[51.38282,35.70393],[51.3835,35.70392],[51.38411,35.70415],[51.38486,35.70437],[51.38557,35.70454],[51.38618,35.70463],[51.38662,35.70484],[51.38675,35.70519],[51.38649,35.70565],[51.38616,35.70614],[51.38593,35.70652],[51.38576,35.70693],[51.3856,35.70729],[51.38545,35.70768],[51.3853,35.70816],[51.38511,35.70876],[51.38467,35.70903],[51.38417,35.70901],[51.3837,35.70895],[51.3834,35.70874],[51.38325,35.70866],[51.38331,35.70877],[51.38333,35.70861],[51.38331,35.70871],[51.38348,35.70834],[51.38401,35.70813],[51.38457,35.70817],[51.38516,35.70813],[51.38524,35.70861],[51.38509,35.70901],[51.385,35.7094],[51.38476,35.70989],[51.38462,35.71027],[51.38448,35.71063],[51.38426,35.71119],[51.38409,35.71169],[51.3839,35.71225],[51.38385,35.71273],[51.38446,35.7129],[51.38491,35.71301],[51.38476,35.71339],[51.38466,35.71387],[51.38445,35.71446],[51.38423,35.71504],[51.38401,35.71561],[51.38384,35.71613],[51.38371,35.71655],[51.38356,35.71699],[51.38333,35.71754],[51.38326,35.71791],[51.38379,35.71813],[51.38423,35.71823],[51.38472,35.71839],[51.38497,35.71869],[51.38493,35.71885],[51.38507,35.71867],[51.3854,35.71858],[51.3852,35.71856],[51.38534,35.71854],[51.38523,35.71854],[51.38508,35.71851],[51.38507,35.71859],[51.38537,35.71822],[51.38552,35.71778],[51.38575,35.71734],[51.38586,35.71713],[51.38584,35.71714],[51.38577,35.71708],[51.38579,35.71706],[51.38584,35.71711],[51.38581,35.717],[51.3864,35.71726],[51.38708,35.71736],[51.38764,35.71748],[51.38809,35.71761],[51.38875,35.71775],[51.38923,35.71777],[51.38931,35.71784],[51.38933,35.71785],[51.3892,35.71799],[51.38901,35.71786],[51.3893,35.71793],[51.38921,35.71799],[51.38931,35.71781],[51.38948,35.71789],[51.38945,35.71798],[51.38916,35.71794],[51.38924,35.71796],[51.38917,35.71796],[51.38918,35.71809],[51.38921,35.7185],[51.38924,35.71894],[51.38923,35.7193],[51.38913,35.71966],[51.38906,35.7201],[51.38894,35.72028],[51.38859,35.72069],[51.38856,35.72069],[51.38823,35.72061],[51.38821,35.72061],[51.38822,35.72045],[51.3881,35.72083],[51.38857,35.72096],[51.38904,35.72096],[51.38958,35.72096],[51.39008,35.72098],[51.39083,35.72098],[51.39162,35.72095],[51.39221,35.72093],[51.39281,35.72093],[51.39336,35.72101],[51.39378,35.72128],[51.39412,35.72156],[51.3946,35.72189],[51.39496,35.72223],[51.39505,35.72254],[51.39511,35.72266],[51.39523,35.72305],[51.39566,35.72333],[51.39611,35.7234],[51.39653,35.72305],[51.39699,35.72273],[51.3973,35.72231],[51.39768,35.72183],[51.39826,35.72167],[51.39865,35.72136],[51.39886,35.72098],[51.39936,35.72071],[51.39965,35.72042],[51.39983,35.71996],[51.40006,35.71943],[51.4003,35.71901],[51.40037,35.71863],[51.40084,35.7185],[51.40133,35.71858],[51.40187,35.71874],[51.40236,35.71895],[51.40268,35.71894],[51.40273,35.71906],[51.40279,35.7191],[51.40291,35.71905],[51.40327,35.71938],[51.40376,35.7197],[51.4042,35.71982],[51.40405,35.7202],[51.40402,35.72027],[51.40408,35.72024],[51.40412,35.72024],[51.4037,35.72026],[51.40392,35.72034],[51.40389,35.7205],[51.40389,35.7203],[51.40392,35.72035],[51.40349,35.72057],[51.40304,35.72071],[51.4026,35.72092],[51.40221,35.72113],[51.40182,35.72133],[51.40152,35.72167],[51.40101,35.72192],[51.40085,35.72155],[51.40083,35.72128],[51.4005,35.72105],[51.40087,35.72133],[51.4007,35.72099],[51.40083,35.72128],[51.4006,35.72108],[51.4006,35.72114],[51.40083,35.72115],[51.40068,35.72106],[51.40067,35.72106],[51.40086,35.72071],[51.40086,35.72033],[51.40086,35.71993],[51.40085,35.71945],[51.40087,35.71906],[51.40088,35.71858],[51.40142,35.71848],[51.40205,35.71871],[51.40255,35.7189],[51.40302,35.71906],[51.40371,35.7193],[51.40421,35.71951],[51.40424,35.71996],[51.40371,35.7203],[51.40323,35.7206],[51.40277,35.72091],[51.40245,35.72126],[51.40243,35.72165],[51.4024,35.72205],[51.40235,35.72244],[51.40237,35.72281],[51.40248,35.72324],[51.40248,35.72367],[51.4024,35.72407],[51.40231,35.72445],[51.40236,35.72464],[51.40222,35.72477],[51.40217,35.7252],[51.40221,35.72569],[51.40228,35.72596],[51.40224,35.72632],[51.40233,35.72668],[51.40241,35.72684],[51.40244,35.72678],[51.40239,35.72658],[51.40209,35.72678],[51.40145,35.72692],[51.40099,35.72705],[51.40057,35.7273],[51.40018,35.72689],[51.39982,35.72649],[51.3997,35.72631],[51.3996,35.72596],[51.3995,35.72579],[51.39964,35.72589],[51.39924,35.72614],[51.39883,35.72631],[51.39842,35.72634],[51.3982,35.72641],[51.39819,35.72633],[51.39823,35.72633],[51.39805,35.72628],[51.39818,35.72655],[51.3981,35.72645],[51.39793,35.72696],[51.39777,35.72736],[51.39761,35.72774],[51.39771,35.72826],[51.39821,35.72851],[51.3987,35.72846],[51.39922,35.72844],[51.39909,35.72879],[51.39907,35.72922],[51.39912,35.72957],[51.39913,35.72938],[51.39897,35.72936],[51.39853,35.72955],[51.39791,35.72948],[51.39737,35.72956],[51.3973,35.72995],[51.39759,35.73024],[51.39789,35.7306],[51.39773,35.73059],[51.39808,35.73087],[51.39845,35.73129],[51.39883,35.73189],[51.39916,35.73233],[51.39965,35.73245],[51.4001,35.73242],[51.40055,35.73252],[51.40085,35.73257],[51.40073,35.73272],[51.40081,35.73272],[51.4008,35.73251],[51.40092,35.73256],[51.4009,35.73259],[51.40137,35.73268],[51.40158,35.73311],[51.40183,35.73356],[51.40201,35.73407],[51.40164,35.73447],[51.40116,35.73463],[51.40062,35.73466],[51.40002,35.7346],[51.40018,35.7345],[51.40065,35.7345],[51.40123,35.7344],[51.40177,35.73441],[51.40213,35.73481],[51.40241,35.73514],[51.40263,35.73541],[51.4028,35.73556],[51.40304,35.73604],[51.40332,35.73642],[51.40355,35.7371],[51.4038,35.7375],[51.40381,35.73786],[51.40393,35.73828],[51.40405,35.73885],[51.40424,35.73994],[51.40429,35.74072],[51.40413,35.74119],[51.40412,35.74156],[51.40396,35.74201],[51.40382,35.74218],[51.40364,35.74252],[51.40364,35.7429],[51.40342,35.74296],[51.40364,35.74252],[51.40379,35.74209],[51.40393,35.74163],[51.40397,35.74112],[51.40407,35.74056],[51.40407,35.74005],[51.40396,35.73967],[51.40391,35.73919],[51.40392,35.7386],[51.40386,35.73814],[51.40372,35.73758],[51.40354,35.73724],[51.40345,35.73688],[51.40337,35.73632],[51.40324,35.73588],[51.40308,35.7355],[51.40294,35.73506],[51.40265,35.73457],[51.40221,35.73429],[51.40172,35.73428],[51.4012,35.73426],[51.40072,35.73424],[51.4007,35.73427],[51.40046,35.73433],[51.4003,35.73398],[51.3997,35.73387],[51.39947,35.73394],[51.39991,35.73385],[51.39983,35.73346],[51.39953,35.73295],[51.39922,35.73238],[51.39882,35.7318],[51.39848,35.73124],[51.39817,35.73091],[51.39809,35.73091],[51.39781,35.73095],[51.39801,35.73053],[51.39781,35.72997],[51.39747,35.72962],[51.397,35.72923],[51.39641,35.72886],[51.39604,35.72856],[51.39646,35.72828],[51.39694,35.72807],[51.39714,35.72762],[51.39736,35.72704],[51.39764,35.72668],[51.3977,35.72623],[51.3977,35.72581],[51.39796,35.72526],[51.39774,35.7249],[51.3972,35.72493],[51.39676,35.72496],[51.3963,35.72488],[51.39575,35.72475],[51.39536,35.72458],[51.39485,35.72427],[51.39434,35.72398],[51.39381,35.72389],[51.39315,35.72357],[51.3926,35.72337],[51.39214,35.72324],[51.3915,35.72318],[51.39095,35.72318],[51.39035,35.7232],[51.38977,35.72323],[51.38915,35.72325],[51.38881,35.72357],[51.38874,35.72393],[51.38864,35.72395],[51.38872,35.72404],[51.3887,35.72408],[51.38866,35.724],[51.38859,35.72401],[51.38858,35.72439],[51.38857,35.72481],[51.38863,35.7251],[51.3885,35.72508],[51.3884,35.72512],[51.38835,35.72506],[51.3884,35.72564],[51.38833,35.72621],[51.38828,35.72666],[51.38823,35.72706],[51.38819,35.7275],[51.3881,35.72794],[51.38803,35.72834],[51.38777,35.72864],[51.3873,35.7285],[51.38668,35.72843],[51.3861,35.72846],[51.38587,35.72808],[51.38591,35.7276],[51.38586,35.72724],[51.38574,35.72695],[51.38561,35.72682],[51.38564,35.72682],[51.38574,35.72687],[51.38586,35.72697],[51.38585,35.72752],[51.38582,35.72788],[51.38578,35.72827],[51.38619,35.72847],[51.3868,35.72847],[51.3875,35.72849],[51.3878,35.72885],[51.38773,35.72927],[51.38763,35.72975],[51.38748,35.7303],[51.38732,35.73092],[51.38714,35.73154],[51.38704,35.73191],[51.38699,35.73209],[51.38685,35.73251],[51.38677,35.7329],[51.38671,35.73331],[51.38665,35.73374],[51.38658,35.73413],[51.38648,35.73462],[51.38662,35.73514],[51.38713,35.7353],[51.38782,35.7354],[51.38848,35.73549],[51.38883,35.73517],[51.38889,35.7348],[51.38858,35.73458],[51.38862,35.73454],[51.38858,35.73453],[51.3886,35.73467],[51.38861,35.73446],[51.38886,35.73458],[51.38942,35.73464],[51.38986,35.73468],[51.39036,35.73471],[51.39085,35.73459],[51.39148,35.73452],[51.392,35.73461],[51.39261,35.73464],[51.39296,35.73437],[51.39328,35.73396],[51.39374,35.73385],[51.3944,35.73386],[51.39489,35.73377],[51.39525,35.73386],[51.39555,35.734],[51.39536,35.7341],[51.39565,35.73404],[51.39537,35.73401],[51.39589,35.73387],[51.39638,35.73391],[51.39684,35.7338],[51.39682,35.73416],[51.3968,35.73458],[51.39673,35.73496],[51.39688,35.73505],[51.39689,35.73449],[51.39684,35.73486],[51.39676,35.73496],[51.39679,35.73538],[51.3968,35.73574],[51.3963,35.73594],[51.39566,35.73594],[51.39523,35.73604],[51.39529,35.73655],[51.39536,35.73698],[51.39547,35.73744],[51.39596,35.73701],[51.39616,35.73662],[51.39618,35.73714],[51.39615,35.73752],[51.39643,35.73772],[51.39647,35.73782],[51.39635,35.73771],[51.39663,35.73783],[51.39636,35.73796],[51.39642,35.73803],[51.39646,35.73783],[51.39645,35.7378],[51.39673,35.73742],[51.39653,35.73722],[51.39657,35.73722],[51.39656,35.73717],[51.39667,35.73667],[51.39671,35.73621],[51.39699,35.73663],[51.39697,35.73707],[51.39699,35.7375],[51.39729,35.7378],[51.39777,35.73786],[51.39798,35.7378],[51.39805,35.73774],[51.39816,35.73765],[51.39816,35.73764],[51.39803,35.73774],[51.39819,35.73764],[51.3986,35.73783],[51.3991,35.73796],[51.39927,35.7384],[51.39934,35.73878],[51.39922,35.73915],[51.39922,35.73943],[51.39923,35.73961],[51.39927,35.73975],[51.39926,35.73969],[51.3993,35.73965],[51.39932,35.7397],[51.39937,35.7395],[51.39945,35.7396],[51.39925,35.74006],[51.39888,35.74033],[51.39825,35.74034],[51.39773,35.74039],[51.39728,35.74046],[51.39719,35.74092],[51.39729,35.74132],[51.39743,35.74174],[51.39755,35.7422],[51.3976,35.74265],[51.39767,35.74302],[51.39764,35.74288],[51.39771,35.74287],[51.39771,35.74288],[51.39769,35.74291],[51.39771,35.74292],[51.3977,35.74291],[51.39765,35.74293],[51.39761,35.74298],[51.39806,35.74296],[51.39843,35.74273],[51.39867,35.74237],[51.39897,35.74217],[51.39857,35.74235],[51.39841,35.74272],[51.39802,35.74289],[51.39759,35.743],[51.3975,35.74339],[51.39741,35.7438],[51.39739,35.74417],[51.39746,35.74465],[51.3978,35.74491],[51.39816,35.74525],[51.39783,35.74486],[51.39735,35.74482],[51.3969,35.74524],[51.39651,35.74568],[51.39625,35.74599],[51.39596,35.74629],[51.39558,35.74676],[51.39517,35.74723],[51.39477,35.74765],[51.39431,35.74818],[51.39388,35.74874],[51.39378,35.7491],[51.39329,35.74888],[51.39271,35.74876],[51.39227,35.74866],[51.39185,35.74849],[51.39148,35.74824],[51.39121,35.74788],[51.39107,35.74752],[51.39119,35.74754],[51.39111,35.74741],[51.39098,35.74748],[51.39122,35.74766],[51.39147,35.74812],[51.39187,35.74853],[51.39272,35.74875],[51.39326,35.74881],[51.39364,35.74856],[51.3938,35.74892],[51.39433,35.74915],[51.3949,35.74918],[51.39554,35.74923],[51.39621,35.74926],[51.39663,35.74939],[51.39683,35.74884],[51.39694,35.74816],[51.39704,35.74748],[51.39709,35.74685],[51.39717,35.74722],[51.39717,35.74775],[51.39715,35.74838],[51.3971,35.749],[51.39704,35.7496],[51.397,35.75015],[51.39706,35.75056],[51.39738,35.75085],[51.39799,35.75089],[51.39841,35.75114],[51.39904,35.75111],[51.39984,35.75115],[51.40071,35.75115],[51.40122,35.75113],[51.40172,35.75115],[51.40228,35.75113],[51.40284,35.75113],[51.40334,35.75112],[51.40403,35.7511],[51.40452,35.75113],[51.40501,35.75115],[51.40584,35.75115],[51.40631,35.75115],[51.40683,35.75114],[51.40736,35.75116],[51.40781,35.75115],[51.40827,35.75115],[51.4089,35.75114],[51.40954,35.75124],[51.41004,35.75133],[51.4106,35.75142],[51.41104,35.75152],[51.41155,35.75165],[51.41228,35.75181],[51.41304,35.75195],[51.41381,35.7521],[51.41459,35.75218],[51.41543,35.75212],[51.41595,35.75204],[51.41641,35.75196],[51.4169,35.75183],[51.41738,35.75167],[51.41784,35.75146],[51.41831,35.75118],[51.41878,35.75092],[51.41925,35.75063],[51.41973,35.75034],[51.42025,35.75005],[51.42079,35.74979],[51.42136,35.74955],[51.42197,35.74935],[51.42262,35.74921],[51.42333,35.74912],[51.42404,35.7491],[51.42473,35.74912],[51.42542,35.74913],[51.4261,35.74914],[51.42676,35.74916],[51.42742,35.74916],[51.42808,35.74917],[51.42872,35.74917],[51.42932,35.74918],[51.42993,35.74918],[51.43055,35.74916],[51.43118,35.74916],[51.43176,35.74916],[51.43234,35.74916],[51.43286,35.74916],[51.43334,35.74917],[51.434,35.74919],[51.43462,35.74921],[51.43517,35.74926],[51.43569,35.74933],[51.43619,35.74943],[51.43673,35.74953],[51.43724,35.74967],[51.43768,35.74982],[51.43826,35.75002],[51.43897,35.75024],[51.43948,35.7504],[51.44005,35.75049],[51.44069,35.75057],[51.44121,35.75062],[51.44174,35.75071],[51.44228,35.75074],[51.44286,35.75075],[51.44357,35.75077],[51.44414,35.75077],[51.44481,35.75085],[51.44555,35.75094],[51.4464,35.75108],[51.44688,35.75118],[51.44736,35.75132],[51.4478,35.75144],[51.44855,35.75169],[51.449,35.75187],[51.44935,35.7521],[51.44977,35.75235],[51.45029,35.75265],[51.45083,35.75296],[51.45125,35.7532],[51.45163,35.75344],[51.4521,35.75371],[51.45262,35.75407],[51.45312,35.75433],[51.45362,35.75451],[51.45402,35.75472],[51.45446,35.75495],[51.45492,35.75517],[51.4554,35.75536],[51.45591,35.75554],[51.45661,35.75574],[51.45741,35.75594],[51.45785,35.75604],[51.4583,35.75614],[51.45876,35.75623],[51.45923,35.75631],[51.4597,35.75638],[51.46017,35.75644],[51.46065,35.7565],[51.46113,35.75654],[51.46162,35.75658],[51.4621,35.75661],[51.46259,35.75665],[51.46308,35.75668],[51.46359,35.7567],[51.46411,35.75671],[51.46463,35.75673],[51.46512,35.75675],[51.46557,35.75676],[51.4665,35.75677],[51.467,35.75676],[51.46752,35.75674],[51.46806,35.75671],[51.46858,35.75671],[51.46917,35.75669],[51.46979,35.75667],[51.47039,35.75669],[51.47102,35.75674],[51.47164,35.75682],[51.47226,35.75693],[51.47288,35.75708],[51.4735,35.75724],[51.47411,35.75746],[51.47472,35.75768],[51.47531,35.75791],[51.47592,35.75814],[51.47653,35.75837],[51.47716,35.75858],[51.47779,35.75877],[51.47841,35.75892],[51.47902,35.75906],[51.47964,35.75914],[51.48023,35.75918],[51.4808,35.75923],[51.48138,35.75923],[51.48194,35.75921],[51.48246,35.75919],[51.4829,35.75914],[51.48374,35.75901],[51.48446,35.75885],[51.48494,35.75868],[51.48539,35.75858],[51.48581,35.75846],[51.48625,35.75833],[51.48671,35.75794],[51.48648,35.75758],[51.48588,35.75738],[51.48545,35.75767],[51.48533,35.75814],[51.48513,35.75863],[51.485,35.75899],[51.48481,35.75934],[51.48463,35.75982],[51.48448,35.76031],[51.48435,35.76086],[51.48432,35.76149],[51.48446,35.7622],[51.48481,35.7629],[51.48501,35.76326],[51.48522,35.76363],[51.48543,35.76402],[51.48562,35.76441],[51.48579,35.76483],[51.48592,35.76527],[51.48602,35.76572],[51.48608,35.76617],[51.48612,35.76664],[51.48616,35.76711],[51.48621,35.76757],[51.48625,35.76803],[51.48628,35.76848],[51.48631,35.76895],[51.48635,35.76941],[51.48638,35.76988],[51.48641,35.77036],[51.48642,35.77083],[51.48644,35.77131],[51.48646,35.77177],[51.48649,35.77222],[51.48654,35.77266],[51.48662,35.77308],[51.48675,35.77352],[51.48692,35.77397],[51.48713,35.7744],[51.48739,35.77482],[51.4877,35.77522],[51.48803,35.7756],[51.48839,35.77598],[51.48872,35.77636],[51.48905,35.77677],[51.48939,35.77717],[51.48974,35.77758],[51.49006,35.778],[51.49032,35.77847],[51.49048,35.77896],[51.49053,35.77947],[51.49052,35.77996],[51.49051,35.78044],[51.49045,35.78099],[51.49043,35.7815],[51.49041,35.78199],[51.49043,35.78248],[51.49051,35.78293],[51.49062,35.78335],[51.49078,35.7837],[51.49101,35.78403],[51.49159,35.78448],[51.49224,35.78455],[51.49288,35.78462],[51.49345,35.78498],[51.49407,35.78538],[51.49489,35.78558],[51.49533,35.78566],[51.49578,35.78571],[51.49623,35.78579],[51.49667,35.78585],[51.49736,35.78572],[51.49754,35.78525],[51.49758,35.78488],[51.49804,35.78492],[51.49847,35.78518],[51.4989,35.78543],[51.49927,35.78567],[51.49973,35.78585],[51.5003,35.78597],[51.50081,35.78593],[51.50133,35.78582],[51.502,35.78567],[51.5028,35.78547],[51.50323,35.78534],[51.50366,35.78521],[51.50411,35.78509],[51.50458,35.78496],[51.50505,35.78483],[51.50553,35.78469],[51.50604,35.78455],[51.50655,35.78441],[51.50706,35.78426],[51.50758,35.78413],[51.50813,35.78398],[51.50866,35.78383],[51.50921,35.78367],[51.50976,35.7835],[51.51032,35.78334],[51.51088,35.78317],[51.51145,35.783],[51.51203,35.78282],[51.51262,35.78263],[51.51319,35.78243],[51.51376,35.78219],[51.51432,35.78192],[51.51486,35.7816],[51.51537,35.78126],[51.51587,35.78091],[51.51635,35.78054],[51.51682,35.78017],[51.5173,35.77981],[51.51778,35.77946],[51.51826,35.77911],[51.51879,35.77877],[51.51933,35.77846],[51.5199,35.77817],[51.52052,35.77796],[51.52116,35.77779],[51.5218,35.77766],[51.52243,35.77756],[51.52307,35.77751],[51.52371,35.77747],[51.52435,35.77742],[51.525,35.77738],[51.52563,35.77733],[51.52628,35.7773],[51.52696,35.77725],[51.52764,35.77721],[51.52835,35.77715],[51.52905,35.77711],[51.52972,35.77708],[51.53039,35.77704],[51.53106,35.77699],[51.53173,35.77694],[51.5324,35.7769],[51.53307,35.77685],[51.53372,35.7768],[51.53434,35.77674],[51.53496,35.77666],[51.53555,35.77659],[51.53612,35.77651],[51.53672,35.77641],[51.53733,35.77631],[51.53793,35.77619],[51.53858,35.77606],[51.53921,35.77591],[51.53984,35.77575],[51.54046,35.77558],[51.54111,35.77542],[51.54176,35.77521],[51.54239,35.775],[51.54301,35.77479],[51.54363,35.77459],[51.54425,35.77436],[51.54487,35.77415],[51.54549,35.77392],[51.54612,35.7737],[51.54676,35.77348],[51.54739,35.77325],[51.54804,35.77302],[51.5487,35.77278],[51.54936,35.77255],[51.55003,35.77231],[51.55068,35.77208],[51.55134,35.77186],[51.55198,35.77164],[51.55263,35.77143],[51.55325,35.7712],[51.55388,35.77098],[51.55452,35.77075],[51.55519,35.77053],[51.55582,35.7703],[51.55644,35.77009],[51.55709,35.76985],[51.55773,35.76958],[51.55837,35.76927],[51.55899,35.76893],[51.55958,35.76857],[51.56015,35.76823],[51.56069,35.76787],[51.56122,35.76753],[51.56174,35.76716],[51.56226,35.7668],[51.56278,35.76644],[51.56331,35.7661],[51.56386,35.76577],[51.56443,35.76545],[51.56499,35.76512],[51.56555,35.76477],[51.5661,35.76444],[51.56663,35.7641],[51.56718,35.76375],[51.56773,35.76338],[51.56823,35.76298],[51.56876,35.76258],[51.56926,35.76219],[51.56975,35.76181],[51.57025,35.76143],[51.57075,35.76104],[51.57126,35.76064],[51.57177,35.76025],[51.57229,35.75984],[51.57279,35.75943],[51.57329,35.75903],[51.57379,35.75863],[51.57426,35.75821],[51.57469,35.75778],[51.57507,35.75732],[51.57538,35.75691],[51.57566,35.7565],[51.5759,35.75612],[51.57609,35.75576],[51.57627,35.75541],[51.57646,35.7548],[51.57655,35.75424],[51.57673,35.75379],[51.57706,35.75329],[51.57757,35.75278],[51.5782,35.7523],[51.57858,35.75207],[51.57897,35.75184],[51.57921,35.75137],[51.57867,35.75101],[51.57797,35.75055],[51.57758,35.75027],[51.57721,35.74999],[51.57674,35.74951],[51.57642,35.7492],[51.57624,35.74876],[51.57641,35.74825],[51.57679,35.74764],[51.57704,35.74699],[51.57694,35.74663],[51.57677,35.74624],[51.57661,35.74587],[51.57638,35.74531],[51.57593,35.74516],[51.57535,35.74532],[51.57453,35.74556],[51.5741,35.74569],[51.57367,35.74582],[51.57297,35.74602],[51.57255,35.74585],[51.57232,35.74533],[51.57205,35.74464],[51.57192,35.74427],[51.57185,35.74391],[51.57192,35.74353],[51.57221,35.74312],[51.57259,35.74268],[51.57289,35.7423],[51.57291,35.74187],[51.57243,35.74148],[51.57182,35.74114],[51.57138,35.74092],[51.57084,35.74058],[51.57023,35.74023],[51.56956,35.73987],[51.56908,35.73959],[51.56855,35.73925],[51.56792,35.73884],[51.56741,35.73852],[51.56686,35.73819],[51.56632,35.73784],[51.5658,35.73751],[51.56522,35.73717],[51.56452,35.73676],[51.56399,35.73646],[51.56335,35.73613],[51.56272,35.73573],[51.5621,35.73538],[51.56161,35.73507],[51.56109,35.73476],[51.56052,35.73442],[51.55993,35.73408],[51.55938,35.73374],[51.55886,35.73344],[51.55835,35.73318],[51.55782,35.73289],[51.55735,35.73263],[51.5568,35.73231],[51.55626,35.73201],[51.5558,35.73174],[51.5553,35.73143],[51.55468,35.73108],[51.55404,35.73071],[51.55359,35.73045],[51.55383,35.7301],[51.55403,35.72991],[51.55389,35.72992],[51.55394,35.72991],[51.55399,35.72986],[51.55438,35.73003],[51.55446,35.73019],[51.55447,35.73003],[51.55443,35.73001],[51.55425,35.73001]]]}},{"type":"Feature","properties":{"route":2,"color":"#0d9488","times":[[21185,21245,21305,21365,21425,21485,21545,21605,21665,21725,21785,21845,21906,21966,22026,22086,22146,22206,22266,22326,22386,22446,22506,22566,22626,22686,22746,22806,22866,22926,22986,23046,23106,23166,23226,23286,23346,23391,23400,23406,23412,23424,23433,23442,23448,23454,23460,23466,23490,23496,23502,23508,23514,23520,23526,23532,23538,23550,23559,23565,23571,23577,23583,23589,23595,23601,23607,23613,23619,23625,23631,23637,23643,23649,23655,23661,23667,23673,23679,23685,23691,23697,23703,23709,23715,23724,23730,23736,23742,23748,23763,23769,23775,23781,23787,23793,23799,23805,23811,23820,23826,23832,23838,23844,23850,23856,23865,23877,23883,23889,23895,23901,23910,23916,23922,23928,23934,23940,23946,23952,23958,23964,23970,23976,23982,23985,23988,23991,23994,23997,24000,24003,24006,24009,24012,24015,24018,24021,24024,24027,24030,24033,24036,24039,24042,24045,24048,24051,24054,24057,24060,24063,24066,24069,24072,24075,24078,24081,24084,24087,24090,24093,24096,24099,24102,24105,24108,24111,24114,24117,24120,24123,24126,24129,24132,24135,24138,24141,24144,24147,24150,24153,24156,24159,24162,24165,24168,24171,24174,24177,24180,24183,24186,24189,24192,24195,24198,24201,24204,24207,24210,24213,24216,24219,24222,24225,24228,24231,24234,24237,24240,24243,24246,24249,24252,24255,24258,24261,24264,24267,24270,24273,24276,24279,24282,24285,24288,24291,24294,24297,24300,24303,24306,24309,24312,24315,24318,24321,24324,24327,24330,24333,24336,24339,24342,24345,24348,24351,24354,24357,24360,24363,24366,24369,24372,24375,24378,24381,24384,24387,24390,24393,24396,24399,24402,24405,24408,24411,24414,24420,24426,24435,24441,24447,24450,24456,24462,24468,24474,24480,24486,24492,24498,24504,24510,24516,24519,24522,24525,24528,24531,24534,24537,24540,24543,24546,24549,24552,24555,24558,24561,24564,24567,24570,24573,24576,24579,24582,24585,24588,24591,24594,24597,24600,24603,24606,24609,24612,24615,24618,24621,24624,24627,24630,24633,24636,24639,24642,24645,24648,24651,24654,24657,24660,24663,24666,24669,24672,24675,24678,24681,24684,24687,24690,24693,24696,24699,24702,24705,24708,24711,24714,24717,24720,24723,24726,24729,24732,24735,24738,24741,24744,24747,24750,24753,24756,24759,24762,24765,24768,24771,24774,24777,24780,24783,24786,24789,24792,24795,24798,24801,24804,24807,24810,24813,24816,24819,24822,24828,24834,24840,24846,24852,24858,24864,24870,24876,24885,24894,24903,24909,24915,24921,24927,24936,24945,24957,24963,24969,24975,24981,24987,24993,24999,25005,25011,25017,25023,25029,25035,25041,25047,25050,25053,25056,25059,25062,25065,25068,25071,25074,25077,25080,25083,25086,25089,25092,25095,25098,25101,25104,25107,25110,25113,25116,25119,25122,25125,25128,25131,25134,25137,25140,25143,25146,25149,25152,25155,25158,25161,25164,25167,25170,25173,25176,25179,25182,25185,25188,25191,25194,25200,25203,25259,25262,25265,25268,25278,25281,25284,25287,25290,25293,25296,25299,25302,25305,25308,25311,25314,25317,25323,25326,25329,25332,25335,25338,25341,25344,25347,25350,25353,25356,25359,25362,25365,25368,25371,25374,25377,25380,25383,25386,25389,25392,25395,25398,25401,25404,25407,25410,25413,25416,25419,25422,25425,25428,25431,25434,25437,25440,25443,25446,25449,25452,25455,25458,25461,25464,25467,25470,25473,25479,25485,25491,25497,25503,25509,25512,25515,25518,25521,25524,25527,25530,25533,25536,25539,25542,25545,25548,25551,25554,25557,25560,25563,25566,25572,25575,25578,25581,25584,25587,25590,25593,25596,25599,25602,25605,25608,25611,25614,25617,25620,25623,25626,25629,25632,25635,25638,25641,25644,25650,25653,25659,25665,25671,25677,25686,25695,25701,25704,25707,25713,25719,25725,25731,25737,25743,25749,25755,25761,25782,25788,25794,25800,25806,25812,25818,25824,25830,25836,25842,25848,25866,25926,25986,26046,26106,26166,26226,26286,26319,26379,26439,26499,26559,26619,26679,26730,26748,26760,26769,26778,26787,26796,26802,26811,26871,26931,26991,27051,27111,27171,27222,27270,27288,27309,27369,27429,27486,27507,27567,27624,27633,27639,27645,27657,27717,27777,27825,27843,27861,27873,27933,27993,28053,28101,28122,28131,28143,28149,28155,28164,28170,28176,28182,28188,28194,28248,28308,28368,28389,28422,28431,28437,28452,28461,28482,28491,28497,28503,28509,28515,28521,28524,28527,28530,28533,28536,28539,28542,28545,28551,28593,28605,28614,28620,28626,28632,28638,28647,28653,28665,28671,28680,28692,28701,28731,28740,28800,28860,28920,28980,29040,29100,29160,29220,29280,29340,29379,29388,29394,29400,29406,29412,29421,29430,29436,29442,29481,29541,29601,29649,29667,29727,29769,29775,29781,29787,29802,29808,29817,29877,29937,29997,30009,30069,30129,30189,30249,30309,30336,30345,30351,30357,30363,30378,30438,30498,30558,30618,30678,30738,30798,30858,30918,30930,30939,30945,30951,30960,30966,30972,30978,30984,30990,30996,31002,31062,31122,31182,31242,31302,31317,31329,31347,31362,31374,31392,31422,31431,31446,31455,31461,31467,31473,31533,31593,31653,31713,31773,31833,31893,31911,31917,31923,31932,31944,31950,31956,31962,31983,32043,32103,32127,32136,32142,32148,32154,32214,32274,32316,32331,32340,32346,32352,32358,32367,32373,32382,32397,32457,32517,32577,32637,32652,32661,32670,32679,32688,32694,32727,32736,32751,32757,32763,32769,32781,32793,32853,32913,32955,32961,32967,32973,32979,32988,32997,33003,33009,33018,33078,33138,33198,33258,33318,33378,33438,33486,33495,33504,33516,33525,33531,33537,33543,33546,33549,33555,33567,33573,33582,33585,33591,33597,33603,33609,33618,33627,33633,33693,33753,33813,33873,33933,33993,34053,34113,34173,34233,34293,34353,34404,34413,34419,34428,34434,34440,34446,34452,34458,34464,34470,34479,34488,34494,34509,34515,34521,34527,34533,34539,34545,34572,34578,34587,34608,34617,34629,34641,34701,34761,34821,34833,34857,34869,34875,34884,34944,35004,35052,35106,35112,35118,35121,35127,35133,35139,35148,35154,35163,35169,35175,35184,35193,35253,35313,35373,35382,35388,35448,35508,35568,35628,35688,35748,35808,35868,35928,35934,35940,35955,35964,35970,35976,35982,35991,36000,36006,36012,36018,36024,36039,36051,36111,36171,36231,36291,36351,36411,36471,36531,36591,36651,36711,36771,36810,36816,36822,36834,36843,36849,36855,36861,36867,36873,36879,36885,36891,36897,36903,36909,36918,36924,36930,36936,36942,36951,36960,36966,36972,36978,36987,37047,37074,37134,37194,37254,37269,37329,37338,37344,37350,37356,37362,37371,37380,37389,37398,37410,37470,37509,37563,37581,37617,37647,37668,37695,37722,37755,37764,37773,37791,37818,37845,37863,37875,37881,37893,37902,37908,37914,37923,37929,37932,37935,37938,37941,37944,37947,37950,37953,37956,37959,37962,37965,37968,37971,37974,37980,37986,37992,37998,38007,38067,38127,38187,38247,38307,38367,38592,38652,38688,38703,38736,38778,38784,38790,38796,38808,38817,38826,38874,38934,38961,39022,39046,39080,39125,39137,39149,39161,39170,39176,39182,39194,39203,39215,39221,39227,39233,39245,39305,39365,39425,39482,39494,39554,39584,39593,39602,39611,39620,39682,39742,39802,39862,39880,39889,39898,39904,39913,39919,39928,39937,39943,39949,39955,39961,39967,39970,39973,39976,39979,39982,39985,39991,40012,40018,40024,40030,40036,40042,40051,40057,40066,40075,40081,40087,40108,40126,40186,40213,40436,40496,40520,40529,40550,40556,40562,40568,40577,40637,40697,40757,40817,40865,40925,40973,41033,41093,41153,41162,41168,41174,41183,41192,41198,41204,41210,41216,41222,41231,41237,41243,41249,41258,41267,41279,41285,41291,41300,41306,41312,41324,41333,41342,41351,41411,41471,41492,41495,41532,41537,41557,41586,41601,41610,41619,41628,41643,41649,41658,41718,41778,41802,41814,41823,41832,41841,41850,41859,41868,41877,41937,41997,42057,42117,42177,42237,42297,42357,42417,42477,42489,42510,42570,42630,42660,42684,42699,42773,42821,42881,42917,42923,42926,42932,42938,42944,42953,42965,42974,42980,42986,42992,42998,43001,43004,43007,43010,43013,43016,43019,43022,43025,43028,43031,43034,43037,43040,43049,43058,43064,43070,43082,43091,43100,43106,43112,43127,43139,43199,43253,43262,43271,43280,43292,43310,43322,43334,43346,43355,43415,43475,43535,43595,43655,43715,43775,43835,43895,43955,44015,44075,44135,44195,44255,44315,44375,44435,44495,44555,44615,44675,44735,44795,44855,44915,44975,44993,44999,45008,45017,45026,45038,45044,45050,45056,45116,45176,45229,45235,45241,45250,45259,45265,45271,45277,45286,45346,45406,45412,45418,45424,45433,45493,45553,45613,45625,45640,45649,45709,45769,45829,45886,45895,45913,45925,45934,45946,45958,45967,45973,45982,45991,46003,46009,46015,46027,46033,46039,46054,46114,46174,46234,46294,46354,46378,46387,46396,46456,46516,46540,46549,46555,46561,46606,46666,46690,46699,46711,46717,46723,46729,46735,46741,46747,46750,46753,46756,46762,46768,46774,46783,46792,46852,46912,46957,46963,46969,46975,46981,46987,46996,47056,47116,47176,47188,47194,47200,47206,47212,47218,47230,47239,47251,47260,47320,47380,47410,47440,47500,47518,47539,47548,47554,47614,47674,47734,47794,47854,47914,47974,48034,48094,48154,48214,48274,48334,48394,48454,48514,48574,48635,48695,48755,48789,48849,48858,48897,48909,48915,48921,48927,48933,48939,48945,48948,48951,48957,48966,48972,48978,48984,48990,48996,49002,49008,49014,49020,49026,49068,49128,49184,49244,49304,49364,49385,49394,49400,49406,49415,49421,49615,49639,49645,49651,49657,49675,49681,49687,49693,49699,49702,49708,49711,49714,49717,49720,49726,49735,49741,49747,49753,49759,49765,49771,49777,49783,49789,49795,49801,49804,49810,49816,49822,49828,49834,49840,49846,49852,49858,49864,49870,49876,49882,49888,49894,49900,49906,49912,49915,49918,49921,49924,49927,49930,49933,49936,49939,49942,49945,49948,49951,49954,49957,49960,49963,49966,49969,49972,49975,49978,49981,49984,49987,49990,49993,49996,49999,50002,50005,50008,50011,50014,50017,50020,50023,50026,50029,50032,50035,50038,50041,50044,50047,50050,50053,50056,50059,50062,50065,50068,50071,50074,50077,50080,50083,50086,50089,50092,50095,50098,50101,50104,50107,50110,50113,50116,50119,50122,50125,50128,50131,50134,50137,50140,50143,50146,50149,50152,50155,50158,50164,50167,50170,50173,50176,50179,50182,50185,50188,50191,50194,50197,50200,50203,50206,50209,50212,50215,50218,50221,50224,50227,50230,50233,50236,50239,50242,50245,50248,50251,50254,50257,50260,50263,50266,50269,50272,50275,50278,50281,50284,50287,50290,50293,50296,50299,50302,50305,50308,50311,50314,50317,50320,50323,50326,50329,50332,50335,50338,50341,50344,50347,50350,50353,50356,50359,50362,50365,50368,50371,50374,50377,50380,50383,50386,50389,50392,50395,50398,50401,50404,50407,50410,50413,50416,50419,50422,50425,50428,50431,50434,50437,50440,50443,50446,50449,50452,50455,50458,50461,50464,50467,50470,50473,50476,50479,50482,50485,50488,50491,50494,50497,50500,50503,50506,50509,50512,50515,50518,50521,50524,50527,50530,50533,50536,50539,50542,50548,50554,50560,50566,50572,50578,50582,50585,50591,50597,50603,50606,50609,50612,50615,50618,50621,50624,50627,50630,50633,50636,50639,50642,50645,50648,50651,50654,50657,50660,50663,50666,50669,50672,50675,50678,50681,50684,50687,50690,50693,50696,50699,50702,50705,50708,50711,50714,50717,50720,50723,50726,50729,50732,50735,50738,50741,50744,50747,50750,50753,50756,50759,50762,50765,50768,50771,50774,50777,50780,50786,50792,50801,50807,50813,50819,50825,50831,50837,50840,50843,50846,50849,50852,50855,50858,50861,50864,50867,50870,50873,50876,50879,50882,50885,50888,50891,50894,50897,50900,50903,50906,50909,50912,50915,50918,50921,50924,50927,50930,50933,50936,50939,50942,50945,50948,50951,50954,50957,50960,50963,50966,50969,50972,50975,50978,50981,50984,50987,50990,50993,50996,50999]]},"geometry":{"type":"MultiLineString","coordinates":[[[51.55427,35.72991],[51.55421,35.72991],[51.55421,35.72993],[51.55427,35.72996],[51.55427,35.72997],[51.55428,35.72992],[51.55414,35.72999],[51.55407,35.72996],[51.55424,35.72993],[51.5542,35.72996],[51.5542,35.72997],[51.55406,35.72996],[51.55384,35.72994],[51.554,35.72986],[51.55407,35.72994],[51.55404,35.72993],[51.55392,35.73007],[51.55392,35.73007],[51.55392,35.73007],[51.55392,35.73007],[51.55406,35.72995],[51.55406,35.72994],[51.55385,35.73016],[51.55385,35.73019],[51.55385,35.73022],[51.55386,35.73019],[51.55386,35.73019],[51.55385,35.73018],[51.55382,35.73015],[51.55385,35.73012],[51.55381,35.7302],[51.55379,35.7302],[51.55378,35.7302],[51.55378,35.7302],[51.55378,35.7302],[51.55378,35.7302],[51.55378,35.7302],[51.55395,35.73056],[51.5545,35.73092],[51.55495,35.73117],[51.55539,35.73142],[51.5558,35.73161],[51.55626,35.73184],[51.55683,35.73215],[51.55726,35.73239],[51.55773,35.73271],[51.55819,35.73296],[51.55856,35.73318],[51.55897,35.7334],[51.55934,35.7336],[51.55978,35.7339],[51.56033,35.7342],[51.5609,35.7345],[51.56143,35.73481],[51.56197,35.73512],[51.56254,35.73543],[51.563,35.73571],[51.56349,35.73598],[51.56401,35.73633],[51.56447,35.73659],[51.56493,35.73686],[51.56539,35.73716],[51.56587,35.73748],[51.56637,35.7378],[51.5669,35.7381],[51.56743,35.73842],[51.56792,35.73872],[51.56841,35.73902],[51.56892,35.73934],[51.56942,35.73965],[51.56994,35.73993],[51.57044,35.74022],[51.57088,35.74051],[51.57139,35.74082],[51.57189,35.7411],[51.57239,35.74135],[51.57284,35.74166],[51.57303,35.74206],[51.57286,35.74256],[51.57247,35.74306],[51.57209,35.74357],[51.57203,35.74412],[51.57226,35.74465],[51.57249,35.74518],[51.57271,35.74568],[51.57337,35.74573],[51.57399,35.74555],[51.57473,35.74535],[51.57549,35.74514],[51.5761,35.74497],[51.57645,35.74521],[51.57659,35.74559],[51.57675,35.74597],[51.57695,35.74643],[51.57711,35.74693],[51.57699,35.74745],[51.57664,35.74794],[51.57635,35.74845],[51.57631,35.74895],[51.57659,35.74933],[51.5769,35.74962],[51.57727,35.74997],[51.5777,35.75029],[51.57816,35.75059],[51.57861,35.75092],[51.57903,35.75123],[51.57925,35.75157],[51.57883,35.75192],[51.57836,35.7522],[51.57783,35.75256],[51.57744,35.75294],[51.57743,35.7533],[51.57794,35.75365],[51.57829,35.75408],[51.57841,35.75456],[51.57818,35.75502],[51.57773,35.7554],[51.5774,35.75582],[51.57702,35.75611],[51.57647,35.75618],[51.57615,35.75647],[51.57589,35.7569],[51.5755,35.75741],[51.575,35.75798],[51.57439,35.7585],[51.57405,35.75876],[51.57371,35.75902],[51.57336,35.75929],[51.57301,35.75956],[51.57264,35.75984],[51.57227,35.76014],[51.57188,35.76043],[51.57149,35.76074],[51.57108,35.76105],[51.57066,35.76136],[51.57023,35.7617],[51.56979,35.76204],[51.56934,35.76238],[51.5689,35.76272],[51.56844,35.76308],[51.56797,35.76343],[51.5675,35.76378],[51.567,35.76411],[51.56649,35.76443],[51.56597,35.76474],[51.56545,35.76504],[51.56493,35.76536],[51.56441,35.76567],[51.56389,35.76599],[51.56337,35.76629],[51.56286,35.76662],[51.56236,35.76696],[51.56187,35.76729],[51.56138,35.76764],[51.56088,35.76798],[51.56037,35.76832],[51.55985,35.76864],[51.5593,35.76894],[51.55875,35.76922],[51.55817,35.76949],[51.55758,35.76976],[51.55699,35.76999],[51.55637,35.77023],[51.55573,35.77048],[51.55508,35.77073],[51.55444,35.77095],[51.5538,35.77117],[51.55316,35.7714],[51.55251,35.77163],[51.55187,35.77184],[51.55122,35.77206],[51.55058,35.77229],[51.54995,35.77251],[51.54933,35.77274],[51.54871,35.77296],[51.5481,35.77317],[51.54749,35.77339],[51.54688,35.77361],[51.54628,35.77383],[51.54568,35.77403],[51.5451,35.77424],[51.54453,35.77444],[51.54397,35.77464],[51.5434,35.77484],[51.54283,35.77504],[51.54228,35.77523],[51.54171,35.7754],[51.54115,35.77557],[51.54057,35.77573],[51.53997,35.77588],[51.5394,35.77602],[51.53879,35.77616],[51.53817,35.77629],[51.53755,35.77643],[51.53693,35.77654],[51.53629,35.77664],[51.53566,35.77673],[51.53501,35.77683],[51.53435,35.77691],[51.53368,35.77699],[51.53298,35.77704],[51.53229,35.77709],[51.53162,35.77713],[51.53095,35.77717],[51.5303,35.77721],[51.52964,35.77724],[51.52897,35.77728],[51.52831,35.77732],[51.52767,35.77738],[51.52703,35.77743],[51.52639,35.77747],[51.52576,35.77751],[51.52514,35.77754],[51.5245,35.77757],[51.52385,35.77762],[51.52318,35.77766],[51.52251,35.77769],[51.52184,35.77777],[51.52119,35.77791],[51.52058,35.77811],[51.51996,35.77835],[51.5194,35.77863],[51.51885,35.77893],[51.51835,35.77925],[51.51788,35.77958],[51.51744,35.77991],[51.517,35.78025],[51.51654,35.78056],[51.5161,35.78089],[51.51566,35.7812],[51.51522,35.78153],[51.51474,35.78183],[51.51421,35.78211],[51.51368,35.78237],[51.51315,35.78261],[51.51259,35.78283],[51.51202,35.78301],[51.51143,35.78318],[51.51083,35.78338],[51.51022,35.78358],[51.50959,35.78377],[51.50896,35.78395],[51.50832,35.78413],[51.5077,35.7843],[51.5071,35.78447],[51.50651,35.78462],[51.50594,35.78477],[51.50537,35.78494],[51.5048,35.7851],[51.50422,35.78527],[51.50363,35.78543],[51.50305,35.78558],[51.50247,35.78574],[51.50188,35.7859],[51.50128,35.78606],[51.50067,35.78621],[51.50005,35.78632],[51.49941,35.78638],[51.49875,35.78638],[51.49809,35.78634],[51.49744,35.78628],[51.49681,35.78623],[51.49618,35.78614],[51.49554,35.78603],[51.49491,35.78592],[51.49424,35.78582],[51.49364,35.78575],[51.49309,35.7857],[51.49263,35.78569],[51.49187,35.78574],[51.4912,35.78585],[51.49052,35.78604],[51.48979,35.78629],[51.489,35.78665],[51.48858,35.78685],[51.48791,35.78717],[51.48727,35.78747],[51.48658,35.78776],[51.48589,35.78807],[51.48517,35.78839],[51.48454,35.78871],[51.48427,35.78909],[51.48455,35.78951],[51.48499,35.78938],[51.48496,35.78894],[51.48471,35.7884],[51.48455,35.78806],[51.48437,35.78772],[51.48418,35.78735],[51.48396,35.78693],[51.48372,35.78648],[51.48344,35.78599],[51.48312,35.78548],[51.48278,35.78498],[51.48245,35.78452],[51.48214,35.78406],[51.48185,35.78361],[51.48157,35.78316],[51.48129,35.7827],[51.481,35.78222],[51.48069,35.78174],[51.48035,35.78125],[51.47995,35.7808],[51.4795,35.78042],[51.47904,35.78007],[51.47858,35.77973],[51.47813,35.77937],[51.47775,35.779],[51.47742,35.77861],[51.47719,35.77819],[51.47702,35.77775],[51.47689,35.7773],[51.47675,35.77681],[51.4766,35.77631],[51.47645,35.7758],[51.47629,35.77535],[51.4761,35.77494],[51.47586,35.77454],[51.47559,35.77413],[51.47523,35.77375],[51.47483,35.7734],[51.47436,35.77307],[51.47388,35.77275],[51.47342,35.77242],[51.47303,35.77204],[51.47267,35.77164],[51.47233,35.77123],[51.47195,35.77083],[51.47151,35.77047],[51.47105,35.77014],[51.47056,35.76985],[51.47007,35.76958],[51.46963,35.76928],[51.46927,35.76893],[51.46898,35.76855],[51.46873,35.76816],[51.4685,35.76775],[51.4683,35.76733],[51.46806,35.76689],[51.46782,35.76644],[51.46758,35.76597],[51.46735,35.7655],[51.46712,35.76504],[51.4669,35.76459],[51.46672,35.7641],[51.46657,35.76357],[51.46642,35.76304],[51.46627,35.76254],[51.46612,35.76204],[51.466,35.76154],[51.46587,35.76105],[51.46577,35.76056],[51.46567,35.76005],[51.46559,35.75956],[51.46551,35.75906],[51.46545,35.75856],[51.4654,35.75804],[51.46534,35.75752],[51.46531,35.75698],[51.46527,35.75644],[51.46527,35.75589],[51.46526,35.75535],[51.46523,35.75483],[51.46521,35.75431],[51.46519,35.75379],[51.46517,35.75328],[51.46515,35.75276],[51.46513,35.75226],[51.46512,35.75178],[51.46511,35.7513],[51.46508,35.75083],[51.46501,35.75034],[51.46492,35.74986],[51.46483,35.74936],[51.46475,35.74885],[51.46464,35.74836],[51.46444,35.74793],[51.46422,35.7475],[51.46403,35.74703],[51.46391,35.74654],[51.4638,35.74607],[51.46364,35.74564],[51.46342,35.74523],[51.46313,35.74482],[51.46281,35.74442],[51.46245,35.74403],[51.46209,35.74366],[51.46178,35.74332],[51.46133,35.74291],[51.4608,35.74293],[51.46031,35.74299],[51.46008,35.7426],[51.4599,35.74208],[51.45965,35.74172],[51.45937,35.74144],[51.45884,35.74134],[51.45828,35.74125],[51.45764,35.74122],[51.45713,35.74128],[51.45652,35.74133],[51.45608,35.7414],[51.45555,35.74144],[51.45504,35.7415],[51.45451,35.74156],[51.45391,35.74159],[51.45329,35.74165],[51.4527,35.74165],[51.45216,35.74171],[51.45155,35.74177],[51.45087,35.74182],[51.45022,35.74189],[51.44972,35.74196],[51.44914,35.74201],[51.44845,35.74203],[51.44782,35.74203],[51.44717,35.74204],[51.44651,35.7421],[51.4458,35.7422],[51.44511,35.74236],[51.44434,35.74258],[51.44354,35.74274],[51.44269,35.74277],[51.44223,35.74277],[51.44177,35.74276],[51.44131,35.74277],[51.44082,35.74276],[51.44033,35.74277],[51.43985,35.74277],[51.43936,35.74278],[51.43887,35.74278],[51.43839,35.74278],[51.4379,35.74277],[51.43741,35.74276],[51.4369,35.74274],[51.43639,35.7427],[51.43586,35.74264],[51.43539,35.74253],[51.43497,35.74242],[51.43454,35.74226],[51.43409,35.74207],[51.43365,35.74186],[51.4332,35.74163],[51.43275,35.74141],[51.43226,35.74119],[51.43173,35.74099],[51.43117,35.74084],[51.43058,35.74073],[51.43,35.74065],[51.42942,35.74059],[51.42885,35.74056],[51.42828,35.74054],[51.42772,35.74051],[51.42719,35.74048],[51.42668,35.74047],[51.42618,35.74046],[51.42568,35.74044],[51.42515,35.74041],[51.42458,35.74039],[51.42398,35.74038],[51.42337,35.74036],[51.42278,35.74033],[51.4222,35.74031],[51.42162,35.7403],[51.42103,35.74027],[51.42045,35.74025],[51.41986,35.74024],[51.41927,35.74022],[51.4187,35.7402],[51.41814,35.74018],[51.4176,35.74019],[51.41713,35.74025],[51.41632,35.74051],[51.41595,35.74072],[51.40729,35.74401],[51.40678,35.74409],[51.40619,35.74416],[51.40561,35.74419],[51.40394,35.74416],[51.4034,35.74401],[51.40296,35.74388],[51.40249,35.74373],[51.402,35.74353],[51.40155,35.74325],[51.40098,35.743],[51.40046,35.74269],[51.39995,35.7424],[51.39943,35.74214],[51.39893,35.7419],[51.39843,35.74171],[51.39796,35.74159],[51.39752,35.74149],[51.39669,35.74138],[51.39622,35.74134],[51.39569,35.74133],[51.39514,35.74138],[51.39454,35.74148],[51.39392,35.74163],[51.39328,35.74181],[51.3927,35.74202],[51.39215,35.74221],[51.39164,35.7424],[51.39117,35.74258],[51.39072,35.74275],[51.39029,35.74292],[51.38986,35.74307],[51.38944,35.7432],[51.38901,35.74332],[51.38858,35.74341],[51.38814,35.74349],[51.38768,35.74353],[51.3872,35.74353],[51.38668,35.74349],[51.3861,35.74343],[51.38551,35.74337],[51.38493,35.74325],[51.38439,35.74312],[51.38384,35.74299],[51.38328,35.74285],[51.38273,35.74271],[51.38219,35.74258],[51.38164,35.74246],[51.38109,35.74233],[51.38055,35.74222],[51.38001,35.74212],[51.37947,35.74201],[51.37893,35.74191],[51.3784,35.74181],[51.37785,35.74172],[51.37729,35.74162],[51.37672,35.74153],[51.3761,35.74144],[51.37549,35.74133],[51.3749,35.74122],[51.3743,35.74111],[51.37369,35.74099],[51.37306,35.74089],[51.37243,35.74076],[51.37179,35.74061],[51.37116,35.74046],[51.37056,35.74032],[51.37001,35.74019],[51.3695,35.74009],[51.36872,35.74006],[51.36827,35.74039],[51.36835,35.74091],[51.36901,35.74115],[51.3696,35.7408],[51.3698,35.74012],[51.36989,35.73975],[51.37,35.73934],[51.37011,35.73889],[51.37023,35.73841],[51.37035,35.73792],[51.37045,35.73742],[51.37056,35.73692],[51.37067,35.73644],[51.37077,35.736],[51.37086,35.73558],[51.37095,35.73514],[51.37106,35.73468],[51.37115,35.73423],[51.37121,35.73381],[51.37123,35.73337],[51.37121,35.73292],[51.37113,35.73248],[51.371,35.73204],[51.37087,35.73164],[51.37056,35.73096],[51.37031,35.7306],[51.37004,35.73025],[51.36973,35.72992],[51.3694,35.7296],[51.36905,35.72928],[51.3687,35.72896],[51.36834,35.72868],[51.36801,35.72834],[51.36765,35.72799],[51.36731,35.72765],[51.36694,35.72732],[51.36657,35.72699],[51.36622,35.72665],[51.36587,35.72631],[51.36552,35.72597],[51.36515,35.72562],[51.3648,35.72527],[51.36442,35.72494],[51.36405,35.72459],[51.36369,35.72425],[51.36333,35.72391],[51.363,35.72357],[51.36267,35.72324],[51.36233,35.72293],[51.36172,35.72242],[51.36141,35.72216],[51.36088,35.72165],[51.36042,35.72119],[51.35989,35.72071],[51.35953,35.72033],[51.35918,35.7201],[51.35844,35.72015],[51.35763,35.72024],[51.35719,35.7203],[51.35674,35.72037],[51.35592,35.72049],[51.35535,35.72054],[51.35481,35.72062],[51.3542,35.72073],[51.35357,35.72083],[51.35296,35.72094],[51.35234,35.72104],[51.35173,35.72114],[51.35124,35.7212],[51.3518,35.72103],[51.35241,35.72093],[51.35311,35.7208],[51.35391,35.72067],[51.35475,35.72055],[51.35556,35.72043],[51.35631,35.72035],[51.3569,35.72028],[51.3574,35.72021],[51.35799,35.72013],[51.35873,35.72003],[51.35939,35.71992],[51.35985,35.71988],[51.35986,35.71964],[51.35992,35.71985],[51.35986,35.71949],[51.35982,35.71945],[51.35983,35.71958],[51.35983,35.7196],[51.35981,35.71953],[51.35968,35.719],[51.35961,35.71876],[51.35961,35.71874],[51.35956,35.71876],[51.35959,35.71879],[51.35957,35.71869],[51.35954,35.71871],[51.3594,35.71835],[51.35993,35.71822],[51.36041,35.71831],[51.36089,35.71836],[51.36138,35.71843],[51.36184,35.71849],[51.36245,35.71858],[51.36292,35.71863],[51.36351,35.71868],[51.36359,35.71869],[51.36364,35.71863],[51.36358,35.71868],[51.36336,35.71891],[51.3636,35.71876],[51.3636,35.71876],[51.36404,35.71853],[51.36451,35.71842],[51.36492,35.71862],[51.36526,35.71888],[51.36529,35.71895],[51.36513,35.71886],[51.36483,35.71857],[51.36445,35.71837],[51.36414,35.71833],[51.36402,35.7179],[51.36355,35.71756],[51.36304,35.7172],[51.36256,35.71685],[51.36247,35.71646],[51.36229,35.71637],[51.36227,35.71623],[51.36268,35.71644],[51.3631,35.71658],[51.36362,35.71672],[51.36414,35.71677],[51.3641,35.71673],[51.36412,35.71672],[51.36412,35.71681],[51.36435,35.71642],[51.36489,35.71637],[51.36548,35.71648],[51.36607,35.71635],[51.36638,35.71604],[51.36669,35.71574],[51.3671,35.71534],[51.36746,35.71502],[51.36782,35.71469],[51.36815,35.71432],[51.36849,35.71397],[51.36879,35.71363],[51.36845,35.7139],[51.36805,35.71389],[51.36812,35.71412],[51.36849,35.71386],[51.36892,35.71353],[51.36944,35.71313],[51.36973,35.7128],[51.37006,35.7124],[51.37032,35.71212],[51.37065,35.71185],[51.37106,35.71144],[51.37152,35.71099],[51.37209,35.71044],[51.37259,35.71001],[51.37306,35.70963],[51.37363,35.70914],[51.37395,35.70889],[51.37429,35.70859],[51.37466,35.7083],[51.37504,35.70802],[51.37535,35.70775],[51.37567,35.70747],[51.376,35.70717],[51.37634,35.70688],[51.37685,35.70647],[51.37716,35.70614],[51.37746,35.70583],[51.37723,35.7055],[51.37677,35.7055],[51.3761,35.70548],[51.37548,35.70545],[51.37489,35.70544],[51.37433,35.70539],[51.37378,35.70538],[51.37351,35.70507],[51.37349,35.70466],[51.37351,35.70428],[51.37395,35.70428],[51.37446,35.70429],[51.37461,35.70389],[51.37465,35.70347],[51.37463,35.70339],[51.37464,35.70339],[51.37467,35.7034],[51.37471,35.7034],[51.37472,35.70337],[51.37462,35.7034],[51.37486,35.70334],[51.37483,35.70339],[51.37484,35.70338],[51.37485,35.70338],[51.3749,35.70293],[51.37465,35.70251],[51.37416,35.70247],[51.37349,35.70245],[51.37279,35.70242],[51.37216,35.7024],[51.37168,35.70237],[51.37111,35.70233],[51.37051,35.70232],[51.37,35.70225],[51.36967,35.70198],[51.3696,35.70167],[51.36965,35.70171],[51.36961,35.7021],[51.37002,35.70229],[51.37003,35.70235],[51.36955,35.70233],[51.3691,35.70232],[51.36843,35.70229],[51.36795,35.70229],[51.36734,35.70225],[51.36687,35.70228],[51.36641,35.70241],[51.36628,35.70244],[51.36623,35.70245],[51.36642,35.70241],[51.36648,35.7029],[51.36654,35.70316],[51.36653,35.70307],[51.36657,35.70311],[51.36658,35.70309],[51.3666,35.70313],[51.36684,35.70357],[51.36698,35.70414],[51.36717,35.70457],[51.36739,35.70504],[51.36756,35.70549],[51.36772,35.70586],[51.36774,35.70579],[51.36783,35.70576],[51.3679,35.70573],[51.36786,35.70573],[51.36787,35.70578],[51.36795,35.70579],[51.3679,35.70574],[51.36768,35.70586],[51.36799,35.70606],[51.36826,35.70654],[51.36843,35.70706],[51.36853,35.70747],[51.3687,35.70782],[51.36891,35.70834],[51.36907,35.70875],[51.36926,35.70914],[51.36936,35.70955],[51.3695,35.70989],[51.36959,35.71036],[51.36975,35.71078],[51.36996,35.71116],[51.36993,35.7115],[51.3701,35.71147],[51.37015,35.71152],[51.37008,35.71162],[51.36995,35.71163],[51.36952,35.7115],[51.36903,35.7116],[51.36853,35.71152],[51.36798,35.71162],[51.36757,35.7119],[51.36721,35.71168],[51.36689,35.71138],[51.36668,35.71106],[51.36627,35.7109],[51.3658,35.71104],[51.36533,35.71117],[51.36478,35.71134],[51.36431,35.71148],[51.36409,35.71148],[51.36408,35.71151],[51.36423,35.71152],[51.36418,35.71149],[51.3641,35.7115],[51.3641,35.7115],[51.36412,35.71146],[51.36464,35.71135],[51.36517,35.71121],[51.36571,35.71105],[51.36626,35.71091],[51.36661,35.71061],[51.36647,35.71026],[51.36631,35.70979],[51.3661,35.7093],[51.3659,35.70897],[51.36577,35.7088],[51.36592,35.70902],[51.36573,35.70859],[51.36551,35.70813],[51.36534,35.70777],[51.36517,35.70739],[51.36502,35.70702],[51.36491,35.70688],[51.36489,35.70684],[51.36471,35.70643],[51.36418,35.7066],[51.36366,35.7067],[51.36314,35.70681],[51.36256,35.70704],[51.36199,35.70721],[51.36144,35.70741],[51.36088,35.70756],[51.36039,35.70771],[51.36023,35.70817],[51.36035,35.7085],[51.36042,35.70854],[51.36039,35.70854],[51.36039,35.70877],[51.36045,35.70918],[51.36048,35.70961],[51.36051,35.70998],[51.36054,35.7105],[51.36056,35.71096],[51.3606,35.71132],[51.36066,35.71169],[51.36068,35.71212],[51.36057,35.71256],[51.36012,35.71258],[51.35951,35.71253],[51.35894,35.71246],[51.35847,35.71238],[51.358,35.7123],[51.35797,35.71233],[51.358,35.71232],[51.35753,35.71236],[51.3571,35.71244],[51.35663,35.71253],[51.35609,35.71266],[51.35554,35.71286],[51.35508,35.71289],[51.35496,35.71244],[51.35496,35.712],[51.355,35.71156],[51.35478,35.71121],[51.35448,35.71137],[51.35472,35.71118],[51.3547,35.71115],[51.35467,35.71121],[51.35449,35.71124],[51.35468,35.71119],[51.35479,35.7112],[51.35451,35.7109],[51.35429,35.71051],[51.35424,35.71012],[51.35397,35.7098],[51.35357,35.70947],[51.35324,35.70908],[51.35276,35.70859],[51.35218,35.70807],[51.35189,35.7078],[51.35156,35.70755],[51.351,35.70744],[51.35134,35.70706],[51.35182,35.70683],[51.35234,35.70659],[51.35272,35.70637],[51.3533,35.70608],[51.35403,35.70572],[51.35478,35.7054],[51.35535,35.70504],[51.35541,35.70455],[51.35533,35.70403],[51.35526,35.70356],[51.35537,35.70338],[51.35535,35.70334],[51.35529,35.70343],[51.35542,35.70352],[51.35545,35.7035],[51.35543,35.70346],[51.3554,35.70347],[51.35534,35.70348],[51.3554,35.70343],[51.35528,35.7034],[51.35529,35.70332],[51.35531,35.70331],[51.35539,35.70377],[51.35546,35.70434],[51.35562,35.70473],[51.35567,35.70513],[51.35529,35.70533],[51.35475,35.7056],[51.35416,35.70584],[51.3537,35.70607],[51.35319,35.70633],[51.35269,35.70656],[51.35232,35.70676],[51.35184,35.70705],[51.35138,35.70742],[51.35093,35.70743],[51.35047,35.70711],[51.34982,35.70697],[51.34899,35.7069],[51.34814,35.70687],[51.34727,35.70688],[51.3464,35.70687],[51.34578,35.70689],[51.34635,35.70679],[51.34706,35.70678],[51.34759,35.70677],[51.34698,35.70693],[51.3469,35.70732],[51.34647,35.70744],[51.34639,35.70787],[51.34648,35.70806],[51.34645,35.70803],[51.34641,35.70805],[51.34647,35.70756],[51.34687,35.70723],[51.34647,35.70689],[51.34594,35.70691],[51.34548,35.7069],[51.34524,35.70697],[51.34513,35.7068],[51.3451,35.70719],[51.34459,35.7069],[51.34385,35.70689],[51.343,35.70689],[51.34253,35.70688],[51.34176,35.70687],[51.34117,35.70679],[51.34067,35.70682],[51.34049,35.70725],[51.3407,35.70764],[51.34095,35.70808],[51.34107,35.70853],[51.34119,35.70902],[51.34078,35.70924],[51.34026,35.70929],[51.34029,35.70937],[51.34029,35.70944],[51.3399,35.70937],[51.33916,35.70937],[51.33868,35.70944],[51.33855,35.70962],[51.33839,35.7095],[51.33835,35.70945],[51.33821,35.70947],[51.33828,35.70948],[51.33826,35.70944],[51.33831,35.70935],[51.33823,35.70939],[51.33819,35.70915],[51.33828,35.70876],[51.33836,35.70837],[51.33857,35.70797],[51.33861,35.70748],[51.33866,35.70705],[51.33862,35.70669],[51.33824,35.70645],[51.3378,35.70635],[51.33733,35.70655],[51.33726,35.70697],[51.3372,35.70746],[51.33714,35.70797],[51.33709,35.70842],[51.33712,35.70886],[51.33706,35.70924],[51.33704,35.70955],[51.33711,35.70974],[51.33709,35.70977],[51.33699,35.70973],[51.33705,35.70975],[51.33705,35.70976],[51.33705,35.70978],[51.33697,35.70981],[51.33695,35.70981],[51.33699,35.71],[51.33699,35.71],[51.33698,35.71001],[51.33679,35.71035],[51.33671,35.71077],[51.33668,35.71123],[51.33658,35.71162],[51.33652,35.71207],[51.33648,35.71255],[51.33647,35.71302],[51.33638,35.71352],[51.33635,35.71393],[51.33629,35.71437],[51.33623,35.71484],[51.33617,35.71534],[51.33612,35.71586],[51.33608,35.71638],[51.33603,35.71689],[51.336,35.71739],[51.3365,35.71772],[51.33713,35.71769],[51.33784,35.7176],[51.33862,35.71755],[51.33938,35.71749],[51.3399,35.71746],[51.3404,35.71742],[51.3409,35.7174],[51.34152,35.71737],[51.34199,35.71727],[51.34235,35.71697],[51.34263,35.71704],[51.3427,35.71744],[51.34279,35.71747],[51.34275,35.71741],[51.3426,35.7173],[51.34207,35.71716],[51.34217,35.71737],[51.34279,35.71734],[51.34337,35.71732],[51.34408,35.71728],[51.34482,35.71723],[51.34537,35.71722],[51.34568,35.7175],[51.34582,35.71792],[51.34598,35.71832],[51.34614,35.71875],[51.34629,35.71914],[51.34634,35.71927],[51.34647,35.71963],[51.34662,35.71999],[51.34678,35.72039],[51.34695,35.72075],[51.34708,35.72112],[51.34723,35.72148],[51.34739,35.72183],[51.34757,35.72218],[51.34772,35.72266],[51.34785,35.72301],[51.348,35.72336],[51.34805,35.72377],[51.34772,35.72402],[51.34727,35.72418],[51.3468,35.72427],[51.34628,35.72443],[51.34578,35.72455],[51.34541,35.72476],[51.34559,35.72522],[51.34575,35.72562],[51.34591,35.72607],[51.34655,35.72628],[51.34739,35.7263],[51.34784,35.7263],[51.34834,35.72632],[51.34886,35.72633],[51.3494,35.72637],[51.34994,35.72639],[51.35051,35.72639],[51.35111,35.72639],[51.35171,35.72644],[51.35226,35.7266],[51.35278,35.72682],[51.35327,35.72707],[51.35375,35.72733],[51.35421,35.72758],[51.35466,35.72781],[51.35508,35.72796],[51.35556,35.72818],[51.35562,35.72857],[51.35575,35.72908],[51.35584,35.72948],[51.35596,35.72988],[51.35593,35.72988],[51.35591,35.72987],[51.35594,35.72975],[51.3559,35.72978],[51.35584,35.7297],[51.35603,35.72972],[51.35552,35.72953],[51.35568,35.72955],[51.35539,35.72988],[51.35493,35.72989],[51.35596,35.72973],[51.3565,35.72996],[51.35701,35.72996],[51.35762,35.72996],[51.35822,35.72994],[51.35844,35.73031],[51.35833,35.73075],[51.35821,35.73117],[51.358,35.73154],[51.35806,35.73171],[51.35807,35.73131],[51.35816,35.73154],[51.35802,35.73196],[51.35814,35.73146],[51.35867,35.73154],[51.35914,35.73149],[51.3597,35.73153],[51.36,35.7318],[51.35997,35.73234],[51.35992,35.73279],[51.35986,35.73317],[51.35977,35.73363],[51.3597,35.73402],[51.36003,35.73436],[51.36052,35.73438],[51.36117,35.73439],[51.36171,35.73437],[51.36188,35.73391],[51.3619,35.7336],[51.3617,35.73361],[51.3618,35.73337],[51.36232,35.73339],[51.36278,35.73315],[51.36308,35.73301],[51.36269,35.73277],[51.36217,35.73279],[51.36216,35.73228],[51.36214,35.73184],[51.36218,35.73142],[51.3621,35.73114],[51.36192,35.73126],[51.36201,35.73109],[51.36214,35.73127],[51.36203,35.73167],[51.36203,35.73216],[51.36196,35.73259],[51.36194,35.733],[51.36184,35.73346],[51.36184,35.73387],[51.36207,35.73421],[51.36273,35.73431],[51.36335,35.73433],[51.36405,35.73443],[51.36477,35.73442],[51.36554,35.73442],[51.36635,35.73447],[51.3668,35.7345],[51.36727,35.73453],[51.36778,35.73451],[51.36827,35.7345],[51.36877,35.7345],[51.36925,35.7345],[51.36997,35.73453],[51.36934,35.73464],[51.36871,35.73463],[51.36801,35.7346],[51.36726,35.73462],[51.36657,35.73471],[51.36596,35.7348],[51.36567,35.73515],[51.3657,35.73555],[51.36576,35.73596],[51.3663,35.73586],[51.36688,35.73586],[51.3674,35.73578],[51.36776,35.73551],[51.3671,35.73535],[51.36706,35.73533],[51.36672,35.73573],[51.36708,35.73529],[51.36712,35.73527],[51.36762,35.73526],[51.36783,35.73573],[51.36811,35.73602],[51.36856,35.73595],[51.36904,35.73586],[51.36963,35.7358],[51.37015,35.73585],[51.37,35.73585],[51.3701,35.73596],[51.37016,35.73587],[51.37013,35.73594],[51.37049,35.73561],[51.37047,35.73575],[51.37009,35.73598],[51.37022,35.73575],[51.36997,35.73587],[51.36996,35.73587],[51.36948,35.73588],[51.36894,35.73589],[51.36844,35.73593],[51.36796,35.73594],[51.36733,35.73595],[51.36684,35.73592],[51.36621,35.73593],[51.36548,35.73602],[51.36486,35.73604],[51.36436,35.73609],[51.36373,35.73614],[51.36319,35.73615],[51.36269,35.73619],[51.36211,35.73623],[51.36166,35.73619],[51.3617,35.73582],[51.36173,35.73541],[51.36178,35.73501],[51.36183,35.73461],[51.36135,35.73448],[51.3607,35.73446],[51.35991,35.73446],[51.35962,35.73474],[51.35959,35.73513],[51.35955,35.73553],[51.35951,35.73591],[51.35941,35.73596],[51.35946,35.73605],[51.35885,35.73574],[51.35857,35.73514],[51.3578,35.7348],[51.35778,35.73439],[51.35773,35.73485],[51.35986,35.73602],[51.35942,35.73592],[51.3594,35.73553],[51.35949,35.73515],[51.35957,35.73474],[51.35914,35.73446],[51.3587,35.73446],[51.35837,35.73473],[51.35847,35.7349],[51.35855,35.73488],[51.35831,35.73522],[51.35804,35.73565],[51.35783,35.73605],[51.35755,35.73646],[51.3572,35.73676],[51.35685,35.73707],[51.35639,35.73725],[51.35584,35.73727],[51.35533,35.73728],[51.35504,35.73741],[51.3552,35.73733],[51.35522,35.7373],[51.35532,35.73723],[51.35537,35.73716],[51.35549,35.73717],[51.35553,35.73717],[51.35555,35.73722],[51.35566,35.73721],[51.35529,35.73707],[51.35482,35.73733],[51.35435,35.73738],[51.35445,35.73718],[51.35458,35.73691],[51.35456,35.73728],[51.35407,35.73727],[51.35366,35.73743],[51.35357,35.73802],[51.3537,35.73765],[51.3538,35.73749],[51.3537,35.73702],[51.3534,35.73669],[51.35323,35.73632],[51.35295,35.73587],[51.35265,35.73544],[51.35244,35.73499],[51.35228,35.7346],[51.35184,35.73443],[51.35115,35.73449],[51.35049,35.73454],[51.34973,35.73459],[51.34892,35.73463],[51.34805,35.73468],[51.3476,35.73471],[51.34714,35.73474],[51.34668,35.73478],[51.34621,35.73482],[51.34573,35.73486],[51.34524,35.73489],[51.34478,35.73496],[51.34433,35.73509],[51.34389,35.73523],[51.34344,35.73536],[51.34296,35.73548],[51.34246,35.7356],[51.34195,35.73571],[51.34147,35.7358],[51.34093,35.73602],[51.34069,35.73651],[51.34066,35.73692],[51.34063,35.73733],[51.34023,35.73752],[51.33964,35.73754],[51.33899,35.73756],[51.33852,35.73758],[51.33806,35.73759],[51.3379,35.73799],[51.33781,35.73837],[51.33802,35.73837],[51.33776,35.73803],[51.33771,35.73763],[51.33719,35.7376],[51.33658,35.73748],[51.33615,35.73738],[51.33555,35.73737],[51.33509,35.73734],[51.33477,35.73707],[51.33437,35.73675],[51.33391,35.73665],[51.33355,35.73685],[51.33342,35.73705],[51.33332,35.73694],[51.33332,35.73703],[51.3332,35.73694],[51.33323,35.73709],[51.33327,35.73701],[51.33323,35.73693],[51.33327,35.73693],[51.33321,35.73686],[51.33326,35.73691],[51.3334,35.73664],[51.33347,35.73663],[51.33348,35.73664],[51.33343,35.73672],[51.33322,35.73687],[51.3332,35.73685],[51.33328,35.73699],[51.33325,35.73686],[51.33324,35.73682],[51.33327,35.73683],[51.33331,35.73679],[51.33362,35.73668],[51.3337,35.73675],[51.33371,35.73674],[51.33371,35.73674],[51.3336,35.7364],[51.33416,35.73646],[51.33464,35.73639],[51.33524,35.73646],[51.33584,35.7365],[51.33627,35.73643],[51.33638,35.73593],[51.33644,35.73552],[51.3365,35.73502],[51.33653,35.73456],[51.33648,35.73457],[51.33652,35.73463],[51.33656,35.73426],[51.33665,35.73382],[51.33668,35.7334],[51.33672,35.73304],[51.33682,35.73253],[51.33685,35.73209],[51.33688,35.73161],[51.33693,35.73113],[51.33692,35.73071],[51.33725,35.73065],[51.33704,35.73035],[51.33709,35.72986],[51.33711,35.72924],[51.33716,35.72885],[51.33722,35.72842],[51.33723,35.72849],[51.3372,35.72848],[51.33717,35.72837],[51.33718,35.72785],[51.33763,35.72763],[51.33814,35.72762],[51.33843,35.72779],[51.33851,35.72761],[51.33845,35.72781],[51.33884,35.72759],[51.33916,35.72728],[51.33953,35.7276],[51.33992,35.72801],[51.34021,35.72836],[51.34052,35.72868],[51.34088,35.72904],[51.34122,35.72941],[51.34142,35.7299],[51.34163,35.73034],[51.34181,35.73071],[51.34129,35.73084],[51.34077,35.73082],[51.34028,35.7308],[51.33964,35.73075],[51.33913,35.73072],[51.33866,35.73072],[51.33839,35.7311],[51.33843,35.73127],[51.33844,35.73132],[51.33843,35.73133],[51.33852,35.73135],[51.33853,35.73125],[51.3384,35.73169],[51.33832,35.73207],[51.33843,35.73263],[51.33839,35.73289],[51.33839,35.73289],[51.33826,35.73336],[51.33816,35.73388],[51.3381,35.73429],[51.33806,35.73471],[51.33805,35.73507],[51.33833,35.7351],[51.33803,35.73537],[51.33801,35.73587],[51.3384,35.73613],[51.33889,35.73611],[51.3395,35.73601],[51.34004,35.73592],[51.34064,35.73583],[51.34138,35.73572],[51.3422,35.73555],[51.3427,35.73541],[51.34314,35.73529],[51.34357,35.73517],[51.34439,35.7349],[51.34519,35.73468],[51.34572,35.7345],[51.34559,35.73405],[51.34544,35.73367],[51.34535,35.7337],[51.3455,35.73367],[51.34526,35.73317],[51.34513,35.73275],[51.34499,35.73232],[51.34487,35.73194],[51.34474,35.73152],[51.34462,35.73116],[51.34447,35.73079],[51.34457,35.73091],[51.34443,35.73083],[51.34451,35.73078],[51.34439,35.73038],[51.34425,35.73001],[51.34409,35.72958],[51.34396,35.72919],[51.3439,35.72881],[51.3441,35.72844],[51.34452,35.72818],[51.34492,35.72801],[51.34553,35.72792],[51.34595,35.7278],[51.34613,35.72796],[51.34616,35.72784],[51.34627,35.72821],[51.34611,35.72856],[51.34618,35.72854],[51.34618,35.72817],[51.34632,35.72858],[51.34651,35.72908],[51.34663,35.72945],[51.3466,35.72972],[51.34658,35.72999],[51.34649,35.72994],[51.34652,35.72994],[51.34643,35.73001],[51.3466,35.7299],[51.34653,35.72985],[51.34657,35.72983],[51.34656,35.72983],[51.34656,35.72984],[51.34656,35.72984],[51.34656,35.72985],[51.34657,35.72989],[51.34655,35.72998],[51.34656,35.72996],[51.34656,35.72987],[51.34652,35.72983],[51.34638,35.72957],[51.34639,35.72989],[51.34648,35.72988],[51.34682,35.73032],[51.34664,35.72998],[51.34667,35.72962],[51.34678,35.73005],[51.34733,35.73022],[51.34791,35.73012],[51.34854,35.73002],[51.34893,35.72977],[51.3491,35.72922],[51.34928,35.72854],[51.34942,35.72778],[51.34942,35.72736],[51.34938,35.72698],[51.34957,35.72662],[51.34976,35.72709],[51.3498,35.72759],[51.34998,35.72812],[51.35013,35.72861],[51.35026,35.7291],[51.35042,35.72951],[51.35057,35.72986],[51.35075,35.73034],[51.35094,35.73089],[51.35115,35.73142],[51.35127,35.73182],[51.35125,35.73219],[51.35125,35.73242],[51.35137,35.73208],[51.3514,35.7319],[51.35142,35.73186],[51.35136,35.73203],[51.35157,35.73245],[51.35182,35.73301],[51.35206,35.73351],[51.35222,35.73398],[51.35264,35.73436],[51.35314,35.73438],[51.35333,35.73464],[51.3538,35.73474],[51.35426,35.73463],[51.35486,35.73459],[51.35543,35.73448],[51.35487,35.73455],[51.35408,35.73454],[51.3532,35.73452],[51.35251,35.73453],[51.35179,35.73458],[51.35134,35.73461],[51.35045,35.7347],[51.34992,35.73474],[51.34936,35.73476],[51.34879,35.73478],[51.34834,35.73479],[51.3478,35.73487],[51.34761,35.73537],[51.34748,35.73589],[51.34731,35.73651],[51.34712,35.73718],[51.34697,35.73777],[51.34682,35.73837],[51.34672,35.73898],[51.34671,35.73961],[51.34678,35.74021],[51.3469,35.74079],[51.34702,35.74136],[51.34719,35.74195],[51.34729,35.74231],[51.34744,35.74287],[51.34759,35.74345],[51.34777,35.74402],[51.34795,35.74459],[51.34804,35.74519],[51.34813,35.74582],[51.34822,35.74638],[51.34827,35.74696],[51.34839,35.74759],[51.34855,35.74816],[51.34897,35.74855],[51.34946,35.74892],[51.34991,35.7493],[51.35041,35.74971],[51.35092,35.75006],[51.3515,35.75041],[51.35229,35.7506],[51.35315,35.75053],[51.35362,35.75047],[51.35419,35.75041],[51.35473,35.75035],[51.3553,35.75029],[51.35589,35.75022],[51.35649,35.75014],[51.35709,35.75002],[51.35773,35.74994],[51.35836,35.74984],[51.35904,35.74975],[51.35975,35.74968],[51.36044,35.74962],[51.36115,35.74956],[51.36185,35.7495],[51.36254,35.74943],[51.36323,35.74937],[51.36398,35.74932],[51.36471,35.74927],[51.3654,35.74919],[51.36609,35.74916],[51.36677,35.74914],[51.36748,35.7491],[51.36817,35.74907],[51.36882,35.74907],[51.36946,35.74909],[51.37013,35.7491],[51.37079,35.74914],[51.37144,35.74919],[51.3721,35.74924],[51.37279,35.74929],[51.37346,35.74935],[51.37414,35.74941],[51.37482,35.74948],[51.37547,35.74955],[51.37609,35.7496],[51.3767,35.74963],[51.37729,35.74968],[51.37789,35.74972],[51.37846,35.74976],[51.37902,35.74979],[51.37958,35.74983],[51.38017,35.74988],[51.38076,35.74993],[51.38135,35.74999],[51.38196,35.75004],[51.38258,35.75008],[51.38321,35.75012],[51.38384,35.75015],[51.38441,35.75018],[51.385,35.75022],[51.38559,35.75026],[51.38616,35.75031],[51.38674,35.75036],[51.38732,35.75042],[51.38793,35.75048],[51.38849,35.75051],[51.38911,35.75057],[51.38972,35.75059],[51.39035,35.75063],[51.39099,35.75068],[51.39163,35.75073],[51.39227,35.75077],[51.3929,35.75082],[51.39354,35.75087],[51.39418,35.75091],[51.39482,35.75096],[51.39545,35.75101],[51.39606,35.75105],[51.39668,35.7511],[51.39732,35.75113],[51.39794,35.75115],[51.39858,35.75118],[51.39925,35.75119],[51.3999,35.7512],[51.40055,35.75123],[51.40122,35.75125],[51.40186,35.75128],[51.40252,35.7513],[51.40317,35.7513],[51.40383,35.75131],[51.40444,35.75131],[51.405,35.75133],[51.40588,35.75134],[51.4064,35.75135],[51.40698,35.75136],[51.40761,35.75136],[51.40827,35.75139],[51.40891,35.75139],[51.40957,35.75142],[51.41023,35.75148],[51.41085,35.75158],[51.41144,35.75172],[51.41203,35.75186],[51.41261,35.75201],[51.41327,35.75216],[51.4139,35.75225],[51.41455,35.75227],[51.41522,35.75227],[51.41592,35.75218],[51.41661,35.75202],[51.41729,35.75178],[51.41793,35.75149],[51.41858,35.75113],[51.4192,35.75075],[51.41979,35.75037],[51.42041,35.75003],[51.42108,35.74974],[51.4218,35.7495],[51.42255,35.74931],[51.4233,35.7492],[51.42404,35.74916],[51.42479,35.74916],[51.42554,35.74919],[51.42623,35.74919],[51.42693,35.7492],[51.42766,35.74921],[51.42841,35.74922],[51.42917,35.74922],[51.42992,35.74922],[51.43066,35.7492],[51.43141,35.74918],[51.43212,35.7492],[51.43286,35.74923],[51.43358,35.74923],[51.4343,35.74926],[51.43498,35.74929],[51.43564,35.74935],[51.4363,35.74946],[51.43697,35.74964],[51.4376,35.74983],[51.43822,35.75004],[51.43888,35.75027],[51.4395,35.75043],[51.44018,35.7506],[51.44087,35.75071],[51.44156,35.75076],[51.44228,35.7508],[51.44301,35.75082],[51.44373,35.75083],[51.4444,35.75087],[51.44508,35.75094],[51.44577,35.75102],[51.44646,35.75113],[51.44713,35.75126],[51.44785,35.75145],[51.44855,35.75169],[51.4492,35.75201],[51.44984,35.75226],[51.4504,35.75256],[51.45101,35.75292],[51.45157,35.75328],[51.4521,35.75363],[51.45265,35.75398],[51.45321,35.7543],[51.45379,35.75458],[51.45436,35.75483],[51.45491,35.75509],[51.45547,35.75534],[51.45605,35.75555],[51.45664,35.75572],[51.45726,35.75587],[51.45789,35.75602],[51.45853,35.75615],[51.4592,35.75626],[51.45985,35.75635],[51.46048,35.75639],[51.4611,35.75648],[51.46171,35.75654],[51.46221,35.75658],[51.46268,35.7566],[51.46318,35.75662],[51.4637,35.75664],[51.46424,35.75667],[51.46478,35.7567],[51.46534,35.75671],[51.46591,35.75672],[51.46649,35.75674],[51.4671,35.75674],[51.46773,35.7567],[51.46836,35.75666],[51.46904,35.75663],[51.46973,35.75662],[51.47042,35.75666],[51.47114,35.75673],[51.47186,35.7568],[51.47256,35.75691],[51.47323,35.75706],[51.47389,35.75725],[51.47452,35.75746],[51.47516,35.75771],[51.47576,35.75794],[51.47636,35.75819],[51.47697,35.75843],[51.47758,35.75865],[51.47821,35.75883],[51.47885,35.75899],[51.47952,35.75913],[51.4802,35.7592],[51.48085,35.75925],[51.48149,35.75925],[51.48211,35.75926],[51.48266,35.75923],[51.4831,35.75915],[51.48356,35.75906],[51.48405,35.75896],[51.48459,35.75884],[51.48514,35.75872],[51.48562,35.75858],[51.48608,35.75843],[51.48658,35.75827],[51.48686,35.75796],[51.48653,35.75758],[51.48574,35.75741],[51.48533,35.75788],[51.4851,35.75851],[51.48488,35.75893],[51.48479,35.75931],[51.48467,35.75986],[51.48443,35.76044],[51.48427,35.76107],[51.48428,35.76146],[51.48433,35.76186],[51.48445,35.76226],[51.48461,35.76268],[51.48483,35.7631],[51.48508,35.76353],[51.48534,35.76399],[51.48559,35.76449],[51.48579,35.765],[51.48593,35.76555],[51.48605,35.76608],[51.48613,35.76664],[51.4862,35.76719],[51.48625,35.76775],[51.48631,35.76829],[51.48636,35.76886],[51.48644,35.76942],[51.48648,35.76996],[51.48651,35.77048],[51.48649,35.77098],[51.48647,35.77149],[51.48648,35.77206],[51.48652,35.77261],[51.48663,35.77314],[51.4868,35.77368],[51.48701,35.7742],[51.48728,35.77468],[51.48759,35.77516],[51.48797,35.77562],[51.48837,35.77606],[51.48878,35.77651],[51.48919,35.77698],[51.48961,35.77745],[51.48999,35.77792],[51.49029,35.77842],[51.49052,35.77897],[51.49056,35.77954],[51.49054,35.78009],[51.4905,35.78061],[51.49048,35.78113],[51.49048,35.78169],[51.49049,35.78224],[51.49052,35.78281],[51.49061,35.78333],[51.49079,35.78382],[51.49108,35.7842],[51.49144,35.78446],[51.4919,35.78461],[51.49239,35.78462],[51.49286,35.78466],[51.49328,35.78485],[51.49366,35.78509],[51.49407,35.78533],[51.49448,35.7855],[51.49495,35.78559],[51.49542,35.78567],[51.49591,35.78574],[51.49639,35.78584],[51.49683,35.78589],[51.49736,35.78561],[51.49751,35.78512],[51.49793,35.78487],[51.49844,35.78518],[51.49906,35.78557],[51.49962,35.78587],[51.50029,35.78596],[51.50106,35.78588],[51.50192,35.78565],[51.50237,35.78553],[51.50287,35.78542],[51.50337,35.78529],[51.5039,35.78515],[51.50444,35.785],[51.50497,35.78485],[51.50556,35.78471],[51.50617,35.78457],[51.50679,35.78442],[51.50744,35.78425],[51.50811,35.78407],[51.50875,35.78386],[51.5094,35.78368],[51.51006,35.78348],[51.5107,35.78328],[51.51136,35.78307],[51.51199,35.78287],[51.51259,35.78269],[51.51321,35.78246],[51.51381,35.78223],[51.51438,35.78193],[51.51492,35.78161],[51.51544,35.78125],[51.51597,35.78087],[51.51647,35.7805],[51.51693,35.78018],[51.5174,35.77982],[51.51789,35.77946],[51.51839,35.77908],[51.51893,35.77872],[51.51951,35.77842],[51.52011,35.77815],[51.52074,35.77793],[51.52142,35.77779],[51.52208,35.77765],[51.52275,35.77757],[51.52335,35.77752],[51.52396,35.77747],[51.5246,35.77743],[51.52522,35.77739],[51.52587,35.77735],[51.52655,35.77728],[51.52726,35.77724],[51.52796,35.7772],[51.52865,35.77716],[51.52933,35.77712],[51.53002,35.77708],[51.53068,35.77704],[51.53135,35.77701],[51.53199,35.77697],[51.53261,35.77693],[51.53324,35.77688],[51.53388,35.77682],[51.5345,35.77675]]]}},{"type":"Feature","properties":{"route":3,"color":"#7c3aed","times":[[22677,22686,22689,22692,22695,22701,22704,22710,22770,22782,22818,22821,22836,22848,22908,22935,22962,23022,23056,23068,23077,23086,23092,23098,23104,23110,23116,23125,23134,23140,23152,23158,23173,23182,23188,23194,23200,23206,23218,23224,23230,23236,23242,23248,23254,23260,23266,23272,23278,23284,23293,23299,23305,23311,23317,23323,23329,23335,23341,23356,23362,23368,23392,23401,23407,23467,23509,23515,23521,23527,23533,23539,23545,23551,23557,23560,23563,23566,23569,23575,23581,23587,23593,23599,23602,23605,23611,23632,23638,23641,23644,23647,23650,23653,23656,23659,23665,23671,23683,23689,23692,23695,23701,23707,23713,23716,23719,23722,23725,23728,23731,23734,23737,23740,23743,23746,23752,23758,23761,23764,23767,23770,23776,23779,23782,23788,23797,23803,23809,23815,23821,23827,23839,23854,23866,23875,23881,23890,23914,23926,23941,23974,23992,24010,24025,24034,24040,24046,24052,24058,24064,24070,24073,24076,24079,24082,24085,24088,24091,24094,24097,24100,24103,24106,24109,24112,24115,24118,24121,24124,24127,24130,24133,24136,24142,24148,24154,24160,24163,24166,24169,24172,24175,24178,24181,24184,24187,24190,24193,24196,24199,24202,24205,24208,24211,24214,24217,24220,24223,24226,24229,24232,24235,24238,24241,24247,24253,24268,24280,24289,24295,24301,24313,24319,24325,24331,24337,24343,24352,24364,24373,24379,24385,24391,24397,24403,24409,24415,24421,24427,24430,24436,24442,24445,24448,24451,24454,24457,24460,24463,24466,24469,24472,24475,24478,24481,24484,24487,24490,24493,24496,24499,24502,24505,24508,24511,24514,24517,24520,24523,24526,24529,24532,24535,24538,24541,24544,24547,24550,24553,24556,24559,24562,24565,24568,24571,24574,24577,24580,24583,24634,24640,24643,24646,24655,24661,24664,24667,24670,24673,24676,24679,24682,24685,24688,24691,24694,24697,24700,24703,24706,24709,24712,24715,24718,24721,24724,24727,24730,24733,24736,24739,24742,24745,24748,24751,24754,24757,24760,24763,24766,24769,24772,24775,24778,24781,24784,24787,24790,24793,24796,24799,24802,24805,24808,24811,24814,24817,24820,24823,24829,24835,24841,24847,24853,24856,24859,24862,24865,24868,24871,24874,24877,24880,24883,24886,24889,24892,24895,24898,24901,24904,24907,24910,24913,24916,24919,24922,24925,24928,24931,24934,24937,24940,24943,24946,24949,24952,24955,24958,24961,24967,24973,24979,24985,24994,25003,25009,25015,25024,25030,25036,25042,25048,25054,25063,25069,25075,25081,25087,25090,25093,25096,25099,25102,25105,25111,25120,25126,25132,25138,25144,25150,25156,25165,25171,25177,25183,25186,25189,25192,25195,25198,25201,25204,25207,25210,25213,25216,25219,25225,25231,25240,25246,25297,25303,25309,25318,25324,25330,25336,25342,25348,25360,25381,25442,25502,25562,25622,25682,25742,25775,25781,25787,25793,25799,25808,25817,25865,25892,25952,26013,26073,26127,26154,26214,26256,26268,26277,26286,26298,26304,26310,26319,26328,26337,26397,26457,26481,26487,26493,26499,26505,26523,26583,26643,26703,26763,26823,26883,26943,27003,27063,27072,27081,27093,27102,27108,27117,27129,27135,27144,27162,27192,27252,27312,27372,27411,27429,27435,27444,27453,27462,27474,27534,27594,27654,27714,27774,27798,27819,27879,27939,27999,28059,28071,28083,28092,28104,28164,28224,28284,28344,28404,28464,28524,28545,28560,28572,28590,28599,28620,28680,28740,28800,28839,28845,28905,28965,29025,29070,29130,29190,29247,29256,29262,29268,29277,29337,29397,29457,29517,29544,29559,29619,29679,29739,29799,29859,29907,29922,29937,29967,30027,30087,30144,30156,30165,30177,30189,30249,30285,30345,30399,30423,30441,30450,30459,30519,30579,30639,30669,30678,30684,30690,30696,30702,30711,30717,30777,30837,30897,30954,30963,30975,30981,30987,30993,30999,31005,31011,31026,31032,31038,31044,31104,31164,31224,31257,31272,31284,31290,31299,31305,31314,31374,31434,31494,31554,31614,31674,31734,31740,31746,31752,31758,31764,31770,31830,31890,31950,32010,32070,32097,32109,32115,32121,32124,32133,32145,32151,32160,32172,32187,32196,32205,32217,32223,32229,32241,32247,32253,32313,32373,32433,32493,32553,32613,32646,32652,32658,32667,32673,32679,32709,32727,32742,32769,32784,32793,32799,32805,32811,32820,32826,32832,32838,32898,32958,33018,33060,33096,33102,33108,33117,33123,33129,33135,33195,33252,33294,33354,33414,33474,33534,33594,33654,33675,33684,33699,33711,33723,33738,33744,33750,33759,33765,33771,33831,33891,33951,34011,34071,34122,34131,34140,34200,34260,34320,34380,34431,34437,34443,34452,34458,34464,34470,34476,34509,34524,34536,34548,34554,34560,34575,34584,34590,34596,34605,34617,34623,34629,34635,34641,34644,34650,34653,34656,34659,34662,34665,34671,34680,34686,34692,34698,34707,34719,34728,34737,34758,34812,34848,34908,34968,35028,35088,35115,35175,35190,35199,35205,35229,35289,35349,35409,35469,35523,35535,35541,35547,35559,35580,35616,35664,35724,35784,35844,35904,35916,35925,35931,35940,35946,35952,35970,35979,35985,35991,35997,36006,36015,36024,36033,36039,36099,36159,36219,36279,36285,36291,36300,36306,36366,36426,36486,36498,36507,36513,36516,36522,36528,36534,36564,36624,36684,36744,36804,36813,36819,36837,36843,36873,36888,36903,36912,36933,36948,36954,36963,36984,37017,37077,37110,37125,37146,37155,37173,37179,37185,37194,37200,37203,37206,37209,37212,37215,37218,37221,37224,37227,37230,37233,37236,37239,37242,37245,37251,37266,37281,37287,37293,37302,37308,37317,37326,37332,37338,37341,37344,37350,37356,37362,37371,37377,37383,37395,37401,37404,37407,37413,37464,37476,37482,37488,37494,37497,37500,37503,37506,37509,37512,37518,37524,37533,37539,37542,37548,37608,37670,37744,37754,37814,37874,37883,37892,37901,37961,38003,38063,38123,38183,38210,38270,38330,38390,38450,38507,38516,38525,38585,38645,38687,38747,38762,38774,38789,38795,38801,38813,38822,38828,38834,38840,38846,38855,38861,38867,38927,38987,38993,38999,39005,39017,39026,39035,39044,39050,39056,39062,39068,39077,39086,39092,39098,39104,39107,39110,39119,39134,39143,39155,39197,39212,39242,39272,39293,39308,39326,39341,39353,39362,39368,39374,39377,39380,39386,39392,39398,39407,39413,39419,39422,39428,39440,39446,39449,39455,39467,39473,39479,39485,39494,39554,39590,39614,39638,39647,39653,39662,39668,39674,39680,39686,39692,39698,39704,39710,39719,39725,39731,39737,39740,39743,39749,39758,39776,39797,39806,39812,39815,39818,39821,39824,39830,39836,39842,39854,39866,39872,39878,39887,39899,39905,39911,39971,39989,40001,40007,40013,40016,40019,40022,40025,40028,40031,40034,40037,40040,40046,40058,40067,40073,40079,40082,40085,40091,40094,40100,40103,40106,40109,40112,40115,40118,40121,40124,40130,40142,40148,40154,40157,40160,40163,40166,40169,40172,40175,40178,40181,40184,40187,40190,40193,40196,40199,40202,40220,40244,40250,40256,40295,40301,40361,40397,40403,40409,40412,40415,40421,40433,40439,40445,40451,40460,40466,40472,40475,40478,40481,40484,40487,40490,40496,40499,40502,40505,40508,40511,40517,40523,40529,40535,40541,40544,40547,40550,40553,40559,40562,40565,40571,40577,40592,40604,40622,40628,40640,40649,40664,40688,40700,40712,40757,40784,40832,40877,40915,40986,40995,41023,41083,41096,41110,41140,41200,41260,41336,41384,41432,41447,41456,41465,41477,41495,41507,41516,41525,41537,41546,41606,41627,41645,41663,41723,41783,41799,41844,41904,41964,41985,42027,42101,42161,42200,42291,42351,42411,42471,42531,42591,42651,42711,42756,42762,42795,42822,42876,42900,42924,42984,43288,43294,43345,43372,43384,43396,43402,43405,43408,43411,43417,43429,43435,43438,43441,43444,43447,43450,43456,43468,43474,43477,43480,43483,43489,43498,43504,43510,43516,43528,43588,43600,43609,43630,43642,43702,43798,43858,43918,43978,44014,44074,44134,44229,44265,44277,44292,44304,44310,44316,44319,44325,44331,44334,44337,44340,44343,44346,44352,44358,44364,44376,44382,44391,44400,44409,44415,44424,44430,44436,44442,44445,44451,44460,44466,44475,44490,44505,44565,44666,44669,44675,44687,44735,44762,44777,44786,44792,44804,44810,44816,44819,44822,44825,44828,44831,44834,44837,44840,44843,44846,44849,44852,44855,44858,44861,44864,44867,44870,44873,44876,44879,44882,44885,44888,44891,44894,44897,44900,44903,44906,44909,44912,44915,44918,44921,44924,44927,44930,44933,44936,44939,44942,44945,44951,44957,44963,44969,44972,44975,44978,44981,44984,44987,44990,44996,45002,45008,45014,45020,45023,45026,45029,45035,45041,45047,45050,45053,45056,45059,45062,45065,45068,45071,45074,45077,45080,45083,45086,45089,45092,45098,45104,45107,45110,45113,45116,45119,45122,45125,45128,45131,45134,45137,45140,45143,45146,45149,45152,45155,45158,45161,45164,45167,45170,45173,45176,45179,45182,45185,45188,45191,45194,45197,45200,45203,45206,45209,45212,45215,45218,45221,45224,45227,45230,45233,45236,45239,45242,45245,45248,45251,45254,45257,45260,45263,45266,45269,45272,45275,45278,45281,45284,45287,45290,45293,45296,45299,45302,45305,45308,45311,45314,45317,45320,45323,45326,45329,45332,45335,45338,45341,45344,45347,45350,45353,45356,45359,45362,45365,45368,45371,45374,45377,45380,45383,45386,45389,45392,45395,45398,45401,45404,45407,45410,45413,45416,45419,45422,45425,45428,45431,45434,45437,45440,45443,45446,45449,45452,45455,45458,45461,45464,45467,45470,45473,45476,45479,45482,45485,45488,45491,45494,45500,45506,45512,45515,45518,45521,45524,45527,45530,45533,45536,45539,45542,45546,45549,45552,45587,45590,45593,45596,45599,45602,45605,45608,45611,45614,45617,45620,45623,45626,45629,45632,45635,45638,45641,45647,45653,45665,45686,45707,45722,45737,45749,45764,45782,45794,45806,45815,45821,45827,45833,45848,45875,45893,45929,45968,45992,46001,46010,46043,46067,46076,46085,46097,46109,46139,46151,46163,46190,46202,46208,46214,46217,46220,46223,46226,46229,46232,46235,46238,46241,46244,46247,46250,46253,46256,46259,46262,46265,46268,46271,46274,46277,46280,46286,46298,46319,46334,46349,46367,46379,46391,46400,46409,46415,46421,46427,46433,46439,46445,46451,46457,46466,46493,46502,46511,46520,46526,46535,46547,46559,46571,46595,46610,46622,46640,46649,46655,46664,46670,46676,46682,46691,46697,46700,46703,46706,46709,46712,46715,46718,46721,46724,46727,46730,46733,46736,46739,46742,46748,46766,46772,46778,46802,46823,46835,46844,46850,46856,46862,46868,46874,46880,46883,46886,46889,46892,46895,46898,46901,46907,46913,46919,46925,46931,46937,46943,46946,46949,46952,46955,46958,46964,46967,46970,46973,46976,46979,46982,46985,46988,46991,46994,47000,47012,47036,47057,47081,47117,47123,47129,47135,47144,47150,47156,47162,47168,47174,47180,47189,47198,47204,47210,47216,47222,47228,47234,47240,47246,47252,47258,47264,47267,47273,47282,47291,47300,47309,47330,47342,47354,47366,47372,47378,47384,47390,47396,47405,47414,47420,47426,47435,47456,47465,47474,47486,47492,47498,47504,47507,47513,47519,47528,47534,47540,47549,47555,47561,47564,47567,47570,47573,47582,47588,47594,47597,47600,47603,47606,47609,47612,47618,47630,47636,47642,47648,47660,47681,47690,47699,47705,47711,47732,47738,47798]]},"geometry":{"type":"MultiLineString","coordinates":[[[51.54064,35.72234],[51.54069,35.72275],[51.54112,35.723],[51.54156,35.72329],[51.54193,35.72351],[51.54251,35.72377],[51.54289,35.72399],[51.54338,35.72414],[51.54316,35.72415],[51.54338,35.72448],[51.54431,35.72504],[51.54463,35.72535],[51.54494,35.72561],[51.54545,35.72577],[51.54577,35.72576],[51.5515,35.73267],[51.55309,35.73099],[51.55311,35.731],[51.55345,35.73069],[51.5532,35.731],[51.55286,35.73129],[51.55236,35.73162],[51.55199,35.73201],[51.55164,35.73242],[51.55136,35.73277],[51.55106,35.73311],[51.55077,35.73345],[51.55047,35.73377],[51.55008,35.73412],[51.54951,35.73412],[51.54891,35.73416],[51.54831,35.73389],[51.54785,35.7336],[51.5474,35.73334],[51.547,35.73309],[51.5466,35.7328],[51.5461,35.7325],[51.5457,35.73226],[51.54521,35.7323],[51.54481,35.73264],[51.54429,35.73297],[51.54389,35.73315],[51.54337,35.73323],[51.54259,35.73331],[51.54183,35.73337],[51.5411,35.73348],[51.54035,35.7336],[51.53961,35.73375],[51.5388,35.73387],[51.53829,35.73394],[51.53782,35.734],[51.53714,35.73406],[51.53644,35.73416],[51.53582,35.73425],[51.53531,35.73432],[51.53485,35.73437],[51.53425,35.73446],[51.53344,35.73457],[51.53299,35.73462],[51.53248,35.73468],[51.53193,35.73476],[51.53143,35.73482],[51.53093,35.73488],[51.53039,35.73499],[51.5299,35.73507],[51.52977,35.73502],[51.52918,35.73505],[51.52867,35.73513],[51.52815,35.73524],[51.52752,35.73535],[51.527,35.73543],[51.52636,35.73552],[51.5256,35.73562],[51.52479,35.73569],[51.52399,35.7358],[51.52353,35.73586],[51.52304,35.73593],[51.52254,35.73599],[51.52208,35.73606],[51.52126,35.73618],[51.52063,35.73632],[51.52053,35.73681],[51.52084,35.73743],[51.52124,35.73807],[51.52148,35.73839],[51.52172,35.73871],[51.52209,35.73922],[51.52161,35.73881],[51.52118,35.73826],[51.52094,35.73794],[51.52069,35.73757],[51.52047,35.73719],[51.52027,35.73681],[51.52005,35.73645],[51.51981,35.73611],[51.5196,35.73578],[51.51921,35.73523],[51.51897,35.73484],[51.51866,35.73445],[51.51837,35.73404],[51.51818,35.73371],[51.51796,35.7334],[51.51765,35.73301],[51.51719,35.73286],[51.51644,35.73293],[51.51598,35.73301],[51.51545,35.73307],[51.51493,35.73312],[51.51438,35.73319],[51.5138,35.73327],[51.5132,35.73336],[51.51262,35.73344],[51.51205,35.73354],[51.51148,35.73364],[51.51094,35.73371],[51.51047,35.73379],[51.50968,35.7339],[51.50877,35.73399],[51.50826,35.73401],[51.50777,35.73407],[51.50729,35.73414],[51.50685,35.73421],[51.50592,35.73434],[51.50541,35.73441],[51.50495,35.73447],[51.50422,35.73455],[51.50362,35.73463],[51.50297,35.73475],[51.50232,35.73484],[51.50174,35.73491],[51.5012,35.73498],[51.5007,35.73506],[51.50012,35.73517],[51.49962,35.73523],[51.49914,35.73526],[51.49871,35.73532],[51.49827,35.73538],[51.49774,35.73547],[51.4973,35.7355],[51.49685,35.73554],[51.49638,35.7356],[51.4959,35.73569],[51.49544,35.73573],[51.49498,35.73575],[51.49452,35.73582],[51.49404,35.73595],[51.49354,35.73601],[51.49296,35.73607],[51.49226,35.73613],[51.49155,35.7362],[51.4908,35.73637],[51.48994,35.73651],[51.48946,35.73658],[51.48893,35.73667],[51.4884,35.73675],[51.48783,35.73685],[51.48724,35.73695],[51.48665,35.73708],[51.48607,35.73717],[51.48551,35.73724],[51.48495,35.7373],[51.48443,35.73739],[51.48392,35.7375],[51.48339,35.73759],[51.48285,35.73765],[51.4823,35.73772],[51.48172,35.73778],[51.4811,35.73788],[51.48046,35.73799],[51.47983,35.73812],[51.47923,35.73823],[51.47865,35.73835],[51.47809,35.73847],[51.47757,35.73857],[51.47676,35.73877],[51.47605,35.73892],[51.47522,35.73906],[51.47443,35.7392],[51.47399,35.73927],[51.47352,35.73936],[51.47302,35.73945],[51.47246,35.73952],[51.47189,35.73959],[51.47138,35.73971],[51.4709,35.7398],[51.47042,35.73994],[51.4699,35.74003],[51.46936,35.74012],[51.46884,35.7402],[51.46833,35.74026],[51.46778,35.74033],[51.46719,35.74041],[51.4667,35.74045],[51.46623,35.7405],[51.46573,35.74055],[51.46523,35.74058],[51.4647,35.74058],[51.46411,35.74058],[51.46354,35.74065],[51.46295,35.74079],[51.46234,35.74097],[51.46175,35.74116],[51.46117,35.74133],[51.46058,35.7414],[51.46002,35.74141],[51.45926,35.74133],[51.45876,35.74123],[51.45826,35.74117],[51.4577,35.74118],[51.45717,35.74122],[51.4567,35.74126],[51.4562,35.74132],[51.45567,35.74138],[51.45518,35.74143],[51.45457,35.74149],[51.45409,35.74153],[51.45358,35.74157],[51.45304,35.74159],[51.45253,35.7416],[51.45209,35.74168],[51.45142,35.74182],[51.45072,35.74186],[51.44989,35.74191],[51.44917,35.74194],[51.4487,35.74197],[51.44817,35.74198],[51.44748,35.74199],[51.44671,35.74202],[51.44594,35.74211],[51.44511,35.74229],[51.44469,35.74243],[51.44388,35.74262],[51.44302,35.74272],[51.4425,35.7427],[51.44198,35.74271],[51.44147,35.74272],[51.44097,35.74273],[51.44047,35.74272],[51.43998,35.74274],[51.43948,35.74274],[51.43898,35.74275],[51.4385,35.74276],[51.43802,35.74275],[51.4375,35.74272],[51.437,35.74271],[51.43649,35.74269],[51.43597,35.74263],[51.43544,35.74251],[51.43489,35.74237],[51.43435,35.74218],[51.43383,35.74193],[51.43332,35.74164],[51.43278,35.74133],[51.43219,35.74106],[51.43154,35.74084],[51.43085,35.74069],[51.43017,35.74057],[51.42949,35.74052],[51.42884,35.74049],[51.42822,35.74047],[51.42764,35.74045],[51.42705,35.74044],[51.42646,35.74042],[51.42585,35.7404],[51.42521,35.74039],[51.42455,35.74037],[51.42388,35.74035],[51.4232,35.74031],[51.42252,35.74029],[51.42183,35.74026],[51.42114,35.74025],[51.42051,35.74022],[51.41992,35.7402],[51.4193,35.74018],[51.41866,35.74016],[51.41801,35.74016],[51.41737,35.7402],[51.41675,35.74032],[51.41619,35.74055],[51.41569,35.74086],[51.40703,35.74401],[51.40624,35.74418],[51.40579,35.74425],[51.4053,35.74428],[51.40393,35.74401],[51.403,35.74388],[51.4025,35.74373],[51.40205,35.74355],[51.40154,35.74339],[51.40103,35.74314],[51.40056,35.74284],[51.40008,35.74251],[51.39958,35.74222],[51.39908,35.74195],[51.39854,35.74172],[51.39801,35.74155],[51.39744,35.74141],[51.39687,35.74133],[51.39628,35.74128],[51.39562,35.74129],[51.39491,35.74135],[51.39419,35.74148],[51.39348,35.74169],[51.39279,35.74192],[51.39212,35.74218],[51.39147,35.74244],[51.39083,35.74267],[51.39021,35.74292],[51.3896,35.74311],[51.38899,35.74329],[51.38838,35.74341],[51.38776,35.74349],[51.38714,35.74353],[51.38648,35.74351],[51.3858,35.74342],[51.38513,35.74333],[51.38443,35.74314],[51.38372,35.74297],[51.38303,35.74279],[51.38235,35.74263],[51.38168,35.74247],[51.38101,35.74232],[51.38038,35.7422],[51.37978,35.74209],[51.37919,35.74198],[51.3786,35.74187],[51.37799,35.74177],[51.37736,35.74165],[51.37673,35.74155],[51.37606,35.74145],[51.37531,35.74132],[51.37456,35.7412],[51.3738,35.74106],[51.37306,35.74092],[51.37233,35.74077],[51.37162,35.74059],[51.37093,35.74043],[51.3703,35.74029],[51.36968,35.74015],[51.3692,35.74005],[51.36843,35.74017],[51.36825,35.74074],[51.3689,35.74118],[51.36957,35.74083],[51.36984,35.74009],[51.36995,35.73962],[51.37005,35.7391],[51.37015,35.73859],[51.37026,35.73805],[51.37036,35.73751],[51.37047,35.73697],[51.3706,35.73645],[51.3707,35.73592],[51.3708,35.73539],[51.37094,35.73486],[51.37104,35.73434],[51.37111,35.73386],[51.37114,35.73336],[51.37111,35.73287],[51.37104,35.73242],[51.37091,35.73197],[51.37076,35.73151],[51.37058,35.73106],[51.37031,35.73062],[51.36996,35.7302],[51.3696,35.72984],[51.36923,35.72945],[51.36886,35.72911],[51.3685,35.72879],[51.36815,35.72846],[51.36776,35.72809],[51.36737,35.72772],[51.36699,35.72737],[51.36663,35.72702],[51.36629,35.7267],[51.36597,35.72637],[51.36564,35.72605],[51.36531,35.72576],[51.36499,35.72549],[51.3647,35.72519],[51.36438,35.72492],[51.3639,35.72449],[51.36334,35.72456],[51.36267,35.72487],[51.36205,35.72496],[51.36157,35.72498],[51.361,35.725],[51.36031,35.72521],[51.35966,35.72541],[51.35908,35.72562],[51.35845,35.72583],[51.35769,35.72606],[51.35685,35.72631],[51.35603,35.72655],[51.35533,35.72662],[51.35489,35.72658],[51.35442,35.72654],[51.35382,35.72638],[51.3531,35.72611],[51.35227,35.72582],[51.3518,35.72566],[51.35135,35.72549],[51.35092,35.72534],[51.35047,35.72518],[51.35006,35.725],[51.34969,35.72481],[51.34913,35.72457],[51.3485,35.72427],[51.34793,35.72402],[51.34743,35.72386],[51.34676,35.7237],[51.34607,35.72361],[51.34532,35.72362],[51.34451,35.72369],[51.34388,35.72373],[51.34323,35.72377],[51.34254,35.72385],[51.34177,35.72394],[51.34132,35.72398],[51.34084,35.72401],[51.34034,35.72408],[51.33986,35.72418],[51.3394,35.72431],[51.33895,35.72446],[51.33851,35.72461],[51.33809,35.72474],[51.33763,35.72479],[51.33719,35.72472],[51.33679,35.72458],[51.33639,35.72439],[51.33576,35.72405],[51.33524,35.72387],[51.33505,35.72339],[51.3351,35.72286],[51.33495,35.72247],[51.33492,35.72199],[51.33505,35.72163],[51.33526,35.72115],[51.3354,35.72078],[51.33548,35.72023],[51.33559,35.71968],[51.33563,35.71916],[51.33565,35.71875],[51.33514,35.71878],[51.33468,35.71883],[51.33475,35.71891],[51.33478,35.71889],[51.33451,35.71882],[51.33462,35.71897],[51.33456,35.71904],[51.33463,35.71889],[51.33406,35.719],[51.33353,35.7191],[51.33295,35.71918],[51.33241,35.71924],[51.33185,35.71927],[51.33139,35.71934],[51.33083,35.71943],[51.33038,35.71943],[51.33041,35.71903],[51.33049,35.71874],[51.33046,35.71863],[51.33048,35.71863],[51.33033,35.71898],[51.33031,35.71935],[51.33059,35.71955],[51.33029,35.71984],[51.33021,35.72031],[51.33023,35.72072],[51.33073,35.72081],[51.33131,35.72081],[51.33193,35.72084],[51.3325,35.72083],[51.33309,35.7209],[51.33357,35.72104],[51.33395,35.72135],[51.33376,35.72149],[51.33367,35.72141],[51.33311,35.7215],[51.33252,35.72149],[51.33187,35.72145],[51.3312,35.72141],[51.33056,35.72136],[51.33019,35.72159],[51.33017,35.72177],[51.33005,35.72171],[51.33012,35.7216],[51.33002,35.7218],[51.32996,35.72181],[51.32995,35.72179],[51.33001,35.72177],[51.33002,35.72179],[51.33014,35.72174],[51.33012,35.7221],[51.33005,35.72264],[51.32999,35.72304],[51.3295,35.72312],[51.32895,35.72312],[51.32846,35.72336],[51.32798,35.72344],[51.32745,35.72333],[51.32702,35.72319],[51.32657,35.72304],[51.32615,35.72285],[51.32581,35.72286],[51.32586,35.72301],[51.32594,35.72292],[51.32568,35.72258],[51.32522,35.7223],[51.32462,35.72221],[51.32419,35.7221],[51.32388,35.72171],[51.32362,35.7213],[51.3234,35.72096],[51.32342,35.72108],[51.32342,35.72111],[51.32352,35.72119],[51.32351,35.72116],[51.32351,35.72116],[51.32341,35.7208],[51.32318,35.72049],[51.32322,35.72044],[51.32333,35.72047],[51.32317,35.72052],[51.323,35.72017],[51.32282,35.71979],[51.32263,35.71936],[51.32244,35.71892],[51.32232,35.71857],[51.32229,35.71858],[51.32224,35.71848],[51.32221,35.71846],[51.32218,35.71845],[51.32221,35.7185],[51.32229,35.7186],[51.32217,35.71835],[51.32168,35.71837],[51.3212,35.71855],[51.32091,35.71896],[51.32069,35.71931],[51.32048,35.71981],[51.32048,35.72033],[51.3203,35.72044],[51.32024,35.7204],[51.32025,35.72058],[51.32033,35.7211],[51.32057,35.72153],[51.32074,35.72168],[51.32059,35.72172],[51.32077,35.72189],[51.32108,35.72232],[51.32123,35.72246],[51.32127,35.72262],[51.32102,35.72299],[51.32108,35.72353],[51.32129,35.72402],[51.32154,35.72445],[51.32172,35.72485],[51.3215,35.72488],[51.32152,35.72497],[51.32154,35.72493],[51.32169,35.72498],[51.32195,35.72554],[51.32188,35.72591],[51.32205,35.72583],[51.32204,35.72581],[51.32196,35.7259],[51.32208,35.72588],[51.32191,35.72592],[51.32138,35.72605],[51.32098,35.72628],[51.32055,35.72619],[51.32013,35.72602],[51.3199,35.72586],[51.3198,35.72594],[51.31954,35.72564],[51.31934,35.72525],[51.31916,35.72487],[51.31899,35.72449],[51.31886,35.72412],[51.3188,35.72396],[51.3186,35.7243],[51.31867,35.72425],[51.31878,35.72389],[51.31852,35.72352],[51.3184,35.72305],[51.31823,35.72268],[51.3181,35.7223],[51.31793,35.72207],[51.31793,35.72219],[51.31795,35.72199],[51.3178,35.72165],[51.31766,35.72118],[51.31743,35.72071],[51.31723,35.72032],[51.31711,35.71996],[51.31686,35.71944],[51.31665,35.719],[51.31652,35.71865],[51.31648,35.71882],[51.31639,35.71906],[51.31633,35.71896],[51.31629,35.71856],[51.31609,35.7182],[51.31551,35.71804],[51.31489,35.71802],[51.31418,35.718],[51.3137,35.71799],[51.31307,35.71797],[51.31238,35.71798],[51.31177,35.71798],[51.31184,35.71847],[51.31197,35.71891],[51.31217,35.71946],[51.3124,35.72002],[51.31255,35.72022],[51.31243,35.72021],[51.31241,35.72012],[51.3126,35.72049],[51.31285,35.72082],[51.31313,35.7212],[51.31332,35.72154],[51.31359,35.72203],[51.3139,35.72239],[51.31407,35.72277],[51.31405,35.72297],[51.31401,35.72295],[51.31398,35.72297],[51.31391,35.72315],[51.31396,35.7233],[51.314,35.72328],[51.31376,35.72343],[51.31329,35.72346],[51.31286,35.72364],[51.31241,35.72375],[51.31187,35.72385],[51.31132,35.72396],[51.31091,35.72413],[51.31066,35.72397],[51.31068,35.72408],[51.31079,35.72417],[51.31072,35.72428],[51.31073,35.72429],[51.31058,35.72392],[51.31055,35.7235],[51.31037,35.72306],[51.31014,35.72241],[51.31007,35.72205],[51.30997,35.72167],[51.3104,35.72156],[51.31093,35.72148],[51.31154,35.7214],[51.312,35.72131],[51.31245,35.72121],[51.3124,35.72081],[51.31241,35.72041],[51.31286,35.72016],[51.31348,35.71991],[51.31405,35.71972],[51.31453,35.71976],[51.31479,35.72007],[51.31499,35.7204],[51.31505,35.72054],[51.31489,35.72057],[51.31477,35.72055],[51.31478,35.72052],[51.31488,35.7206],[51.31478,35.72056],[51.31513,35.7209],[51.31536,35.72132],[51.31562,35.7219],[51.31588,35.72241],[51.31605,35.72287],[51.31626,35.72329],[51.31617,35.72366],[51.31571,35.72379],[51.3152,35.72387],[51.31469,35.72394],[51.31426,35.72414],[51.31443,35.72462],[51.31466,35.7251],[51.31496,35.72567],[51.31522,35.7262],[51.31545,35.72664],[51.31563,35.72713],[51.3159,35.72763],[51.31611,35.72812],[51.316,35.72825],[51.31595,35.72849],[51.31611,35.72844],[51.31586,35.7281],[51.31569,35.72759],[51.31549,35.72704],[51.31516,35.7266],[51.3149,35.72603],[51.31461,35.72538],[51.31435,35.72476],[51.31409,35.72424],[51.31375,35.72406],[51.31333,35.72424],[51.31293,35.72442],[51.31256,35.72456],[51.31259,35.72458],[51.31276,35.72469],[51.31262,35.72456],[51.3126,35.72452],[51.31235,35.72471],[51.31182,35.7248],[51.3113,35.72485],[51.31097,35.7251],[51.31112,35.72564],[51.31126,35.72599],[51.31133,35.72645],[51.31148,35.72686],[51.31161,35.72727],[51.31176,35.72771],[51.31186,35.72816],[51.31189,35.72854],[51.31186,35.72859],[51.31182,35.72851],[51.31177,35.72848],[51.31189,35.72859],[51.31188,35.72859],[51.31212,35.72892],[51.31258,35.72888],[51.31314,35.72879],[51.31355,35.72881],[51.31357,35.72885],[51.31352,35.72886],[51.3134,35.72885],[51.31339,35.72831],[51.31326,35.72781],[51.31315,35.72734],[51.313,35.72689],[51.31286,35.72644],[51.31271,35.72583],[51.31257,35.72531],[51.31246,35.72494],[51.31227,35.7246],[51.31171,35.72477],[51.31125,35.72484],[51.31082,35.72497],[51.3104,35.72513],[51.30994,35.72534],[51.30973,35.7257],[51.30987,35.72627],[51.31,35.72684],[51.31008,35.72745],[51.31018,35.72784],[51.30992,35.72738],[51.30979,35.72665],[51.30959,35.72596],[51.30938,35.7253],[51.30912,35.72458],[51.309,35.7242],[51.30873,35.72356],[51.3086,35.72317],[51.30848,35.72276],[51.30836,35.72235],[51.30828,35.72194],[51.30819,35.72154],[51.30801,35.72098],[51.30751,35.72089],[51.30688,35.72103],[51.30621,35.72117],[51.30539,35.72133],[51.30496,35.72143],[51.30491,35.72193],[51.30504,35.72229],[51.30517,35.72286],[51.30528,35.72322],[51.30545,35.72356],[51.3055,35.72395],[51.30558,35.72397],[51.30551,35.72422],[51.30551,35.72415],[51.30549,35.72414],[51.30558,35.7245],[51.30559,35.72472],[51.30602,35.72482],[51.30653,35.72464],[51.30699,35.72449],[51.3074,35.72432],[51.30758,35.72424],[51.30767,35.72422],[51.30769,35.7242],[51.30769,35.72421],[51.30756,35.72385],[51.30709,35.72399],[51.30653,35.72412],[51.30602,35.72421],[51.30556,35.72436],[51.30577,35.72468],[51.3058,35.72513],[51.30597,35.72548],[51.30574,35.72572],[51.30597,35.72582],[51.30594,35.72581],[51.30597,35.7259],[51.30604,35.7264],[51.30665,35.72629],[51.30708,35.72613],[51.30768,35.72593],[51.30833,35.72571],[51.309,35.72548],[51.30852,35.72574],[51.30818,35.72607],[51.30827,35.72648],[51.30842,35.72698],[51.30851,35.72737],[51.30862,35.72775],[51.30875,35.72821],[51.30884,35.72864],[51.309,35.72912],[51.30904,35.72951],[51.30898,35.72955],[51.30896,35.72954],[51.30887,35.72958],[51.30914,35.7298],[51.30925,35.73025],[51.30936,35.73064],[51.30873,35.73077],[51.30816,35.73083],[51.30817,35.73123],[51.3082,35.73136],[51.3081,35.73122],[51.30757,35.73132],[51.30729,35.7309],[51.3071,35.73022],[51.30697,35.72984],[51.30682,35.72942],[51.30669,35.72895],[51.30653,35.72838],[51.30656,35.72802],[51.30647,35.72787],[51.30637,35.72791],[51.30632,35.72791],[51.30642,35.72789],[51.30627,35.72735],[51.30611,35.72689],[51.30556,35.72676],[51.30492,35.72698],[51.30449,35.72715],[51.30408,35.72732],[51.30355,35.72751],[51.30315,35.72765],[51.30272,35.72783],[51.30241,35.72812],[51.30249,35.72853],[51.30263,35.72889],[51.30246,35.72926],[51.30242,35.72964],[51.30259,35.72984],[51.30284,35.73016],[51.30261,35.72982],[51.30193,35.72987],[51.30147,35.73003],[51.30122,35.7297],[51.30107,35.72916],[51.30089,35.72869],[51.30014,35.72876],[51.29937,35.72902],[51.29893,35.72917],[51.29845,35.72935],[51.29793,35.72956],[51.29738,35.72974],[51.29682,35.72992],[51.29625,35.73007],[51.29568,35.73015],[51.29508,35.73018],[51.29449,35.73019],[51.29384,35.73016],[51.29319,35.73],[51.29255,35.72973],[51.29192,35.72944],[51.29133,35.72921],[51.29088,35.72901],[51.29032,35.72874],[51.28988,35.72893],[51.28958,35.72937],[51.28914,35.72989],[51.28889,35.7303],[51.28852,35.73071],[51.28806,35.73119],[51.28783,35.73153],[51.28748,35.73194],[51.28708,35.73242],[51.28664,35.73295],[51.28634,35.73324],[51.28598,35.73353],[51.28538,35.73364],[51.2849,35.73334],[51.28427,35.733],[51.28383,35.73307],[51.28334,35.73338],[51.28293,35.73371],[51.2828,35.73429],[51.28303,35.73495],[51.28317,35.73533],[51.28327,35.7357],[51.28337,35.73614],[51.28346,35.73652],[51.28359,35.73697],[51.28371,35.73752],[51.28387,35.73805],[51.28406,35.73874],[51.28417,35.73912],[51.28428,35.73952],[51.28441,35.73993],[51.28455,35.74034],[51.2847,35.74078],[51.28484,35.7412],[51.28503,35.74183],[51.28524,35.74225],[51.28591,35.7423],[51.28676,35.74211],[51.28721,35.74202],[51.28789,35.74189],[51.28805,35.7419],[51.288,35.74189],[51.2882,35.74202],[51.28814,35.74157],[51.28797,35.74176],[51.28822,35.74186],[51.28871,35.74168],[51.28871,35.7411],[51.28884,35.74071],[51.28886,35.74077],[51.28892,35.74039],[51.28881,35.74039],[51.28873,35.74062],[51.28889,35.74039],[51.28891,35.74001],[51.28897,35.73967],[51.28896,35.7396],[51.28893,35.73961],[51.28893,35.7396],[51.28935,35.73946],[51.28996,35.73947],[51.29009,35.73909],[51.29021,35.73886],[51.29025,35.739],[51.29017,35.73862],[51.29017,35.73859],[51.29015,35.73822],[51.29011,35.73776],[51.29015,35.73722],[51.29011,35.73662],[51.29007,35.73621],[51.29042,35.73598],[51.29102,35.73585],[51.29162,35.73609],[51.29231,35.73626],[51.29303,35.73645],[51.29365,35.73659],[51.29387,35.73699],[51.29384,35.73741],[51.29387,35.7379],[51.2939,35.73784],[51.29385,35.73805],[51.29387,35.73845],[51.29386,35.73886],[51.29364,35.73924],[51.29361,35.73968],[51.29354,35.74011],[51.29356,35.7405],[51.29295,35.74079],[51.29224,35.74095],[51.29147,35.74109],[51.29067,35.74127],[51.28991,35.74142],[51.28925,35.74157],[51.28876,35.74166],[51.28818,35.74177],[51.28752,35.74189],[51.28665,35.74205],[51.28619,35.74215],[51.28576,35.74226],[51.28533,35.74243],[51.28535,35.74281],[51.28545,35.7432],[51.28557,35.7436],[51.2856,35.74397],[51.28574,35.74436],[51.28584,35.74475],[51.28603,35.74512],[51.28614,35.74552],[51.28624,35.74588],[51.28632,35.74625],[51.28641,35.74661],[51.28672,35.74689],[51.28726,35.7468],[51.28793,35.74666],[51.28875,35.74652],[51.2892,35.74645],[51.28966,35.74633],[51.29038,35.74598],[51.29091,35.74558],[51.29127,35.74531],[51.29165,35.74508],[51.29229,35.74475],[51.29306,35.74441],[51.29344,35.74421],[51.29404,35.7439],[51.29467,35.74362],[51.29545,35.74334],[51.2959,35.74323],[51.29645,35.74311],[51.29615,35.74339],[51.29552,35.74353],[51.29491,35.74377],[51.29474,35.74426],[51.29476,35.74464],[51.2948,35.74465],[51.29514,35.74441],[51.2948,35.74465],[51.29475,35.74512],[51.29461,35.74551],[51.29419,35.74574],[51.29392,35.74531],[51.29439,35.74498],[51.29454,35.74446],[51.29441,35.7441],[51.29393,35.74425],[51.2933,35.74455],[51.29293,35.74474],[51.29245,35.74499],[51.29177,35.74533],[51.29132,35.74556],[51.29086,35.74581],[51.29014,35.74621],[51.28928,35.7465],[51.28878,35.74659],[51.28827,35.7467],[51.28762,35.74681],[51.28699,35.74692],[51.28653,35.74688],[51.28634,35.74643],[51.28621,35.74597],[51.28605,35.74529],[51.28588,35.74484],[51.28575,35.74442],[51.28562,35.74402],[51.2855,35.74366],[51.28529,35.74301],[51.28514,35.74248],[51.28492,35.74199],[51.28477,35.74159],[51.28464,35.74112],[51.28455,35.74072],[51.28444,35.74023],[51.28428,35.73983],[51.28403,35.73932],[51.28389,35.7388],[51.28375,35.73841],[51.28367,35.73833],[51.2832,35.73853],[51.28322,35.73788],[51.28327,35.73725],[51.28313,35.73657],[51.28308,35.73617],[51.28298,35.73576],[51.28287,35.73535],[51.28274,35.73492],[51.28259,35.73453],[51.28247,35.73418],[51.28238,35.7338],[51.28227,35.7334],[51.28215,35.73301],[51.28198,35.73245],[51.28177,35.73201],[51.28229,35.73154],[51.28281,35.73104],[51.28335,35.7305],[51.28367,35.73018],[51.28397,35.72986],[51.28443,35.72933],[51.2847,35.72904],[51.28522,35.72853],[51.28558,35.7283],[51.28602,35.7281],[51.28657,35.72796],[51.28714,35.72787],[51.28775,35.72785],[51.28838,35.72788],[51.28895,35.72797],[51.28942,35.72809],[51.28994,35.72827],[51.29036,35.7285],[51.29087,35.72871],[51.2917,35.72903],[51.29217,35.72921],[51.29267,35.72942],[51.29318,35.72963],[51.29372,35.72978],[51.29428,35.72982],[51.29486,35.72982],[51.29545,35.72981],[51.29608,35.72981],[51.29673,35.72974],[51.29734,35.72957],[51.29791,35.72939],[51.29845,35.72916],[51.29901,35.72895],[51.29952,35.72877],[51.30003,35.72858],[51.30046,35.7284],[51.30088,35.72827],[51.30137,35.72808],[51.30209,35.72783],[51.30268,35.72764],[51.30318,35.72745],[51.30361,35.72728],[51.30369,35.72729],[51.30413,35.72713],[51.30467,35.72695],[51.30544,35.72664],[51.30587,35.72649],[51.3063,35.7263],[51.30694,35.7261],[51.30741,35.72587],[51.30793,35.72568],[51.3085,35.72549],[51.30909,35.7252],[51.30921,35.72471],[51.30903,35.72407],[51.30878,35.72335],[51.30864,35.723],[51.30852,35.72263],[51.30842,35.7222],[51.30831,35.72181],[51.30823,35.72144],[51.30815,35.72107],[51.30795,35.72035],[51.30783,35.71991],[51.30771,35.71946],[51.30758,35.71903],[51.30745,35.71863],[51.30732,35.71825],[51.30723,35.71775],[51.30728,35.71728],[51.30729,35.71676],[51.30729,35.71627],[51.30729,35.71562],[51.30731,35.71523],[51.30732,35.71484],[51.30736,35.71443],[51.30742,35.71404],[51.30762,35.71335],[51.30773,35.71299],[51.30784,35.71264],[51.30786,35.71208],[51.30748,35.71172],[51.30715,35.71145],[51.30691,35.71107],[51.30698,35.71055],[51.30693,35.71013],[51.30692,35.70973],[51.307,35.70926],[51.30702,35.70889],[51.30703,35.70845],[51.30697,35.70808],[51.30648,35.70806],[51.30615,35.70773],[51.30632,35.70738],[51.30601,35.70765],[51.30632,35.70724],[51.30611,35.70802],[51.30602,35.70796],[51.30611,35.7075],[51.30631,35.70707],[51.30628,35.70731],[51.30597,35.70767],[51.30583,35.70831],[51.30603,35.70797],[51.30561,35.70797],[51.30541,35.70802],[51.30555,35.70779],[51.30601,35.70788],[51.3066,35.70793],[51.30694,35.7076],[51.307,35.70724],[51.30699,35.70687],[51.30701,35.70642],[51.30695,35.70604],[51.30698,35.70559],[51.307,35.70511],[51.30708,35.70466],[51.30675,35.70436],[51.30621,35.7042],[51.30598,35.70411],[51.30627,35.70372],[51.30587,35.70354],[51.30588,35.70317],[51.3058,35.70301],[51.30583,35.70321],[51.30594,35.70357],[51.30618,35.70277],[51.30591,35.70293],[51.30588,35.70323],[51.30573,35.7036],[51.30553,35.70323],[51.30557,35.70324],[51.3058,35.703],[51.30576,35.7026],[51.30579,35.70323],[51.30582,35.70312],[51.30583,35.70315],[51.30592,35.70306],[51.30588,35.70317],[51.30592,35.70312],[51.30572,35.70312],[51.3059,35.70297],[51.30582,35.70349],[51.30571,35.70392],[51.30583,35.70356],[51.3058,35.70302],[51.30569,35.70338],[51.30569,35.70375],[51.3056,35.70411],[51.30554,35.70427],[51.30586,35.70555],[51.30592,35.70507],[51.30586,35.7047],[51.30618,35.70439],[51.30681,35.70426],[51.3074,35.70388],[51.30824,35.70355],[51.3087,35.70334],[51.30918,35.70315],[51.30961,35.70299],[51.31013,35.70281],[51.31044,35.7032],[51.31043,35.70384],[51.31039,35.70421],[51.31039,35.70457],[51.31037,35.70498],[51.31035,35.70542],[51.31036,35.7058],[51.31034,35.7062],[51.31034,35.70678],[51.31032,35.70737],[51.31035,35.70773],[51.31034,35.70814],[51.31033,35.70855],[51.31035,35.70906],[51.31049,35.70941],[51.31103,35.70944],[51.31185,35.70949],[51.31258,35.7095],[51.31304,35.70956],[51.31302,35.70993],[51.31301,35.71042],[51.31296,35.71084],[51.31293,35.71124],[51.31292,35.71162],[51.31285,35.71173],[51.31292,35.71156],[51.31305,35.71158],[51.3129,35.7116],[51.31288,35.7117],[51.31291,35.71133],[51.31294,35.71138],[51.31275,35.71138],[51.31317,35.71112],[51.31288,35.71081],[51.31284,35.71041],[51.31282,35.70996],[51.31321,35.70955],[51.31366,35.70952],[51.31431,35.70957],[51.31479,35.70961],[51.31529,35.70958],[51.31544,35.70907],[51.31547,35.70871],[51.31548,35.70833],[51.31552,35.70794],[51.31555,35.70756],[51.31556,35.70718],[51.31561,35.70666],[51.31569,35.70616],[51.31571,35.70576],[51.31578,35.70535],[51.31575,35.70476],[51.31573,35.70428],[51.31574,35.70379],[51.31576,35.70313],[51.31576,35.70253],[51.31584,35.70202],[51.31588,35.70155],[51.31592,35.70119],[51.31596,35.70054],[51.31596,35.70011],[51.31589,35.69963],[51.31527,35.69958],[51.31464,35.69959],[51.31417,35.69977],[51.31377,35.69998],[51.31345,35.70028],[51.31317,35.7002],[51.31265,35.70246],[51.31225,35.70145],[51.31281,35.70076],[51.31309,35.70047],[51.31335,35.70011],[51.31372,35.69991],[51.31414,35.69976],[51.31475,35.69974],[51.31525,35.6998],[51.31561,35.69951],[51.31506,35.69933],[51.31423,35.6993],[51.31379,35.69931],[51.31332,35.69929],[51.31283,35.69929],[51.31236,35.69933],[51.31185,35.69933],[51.31131,35.69933],[51.31074,35.69933],[51.31013,35.69935],[51.30951,35.69944],[51.30891,35.69957],[51.30841,35.69984],[51.30807,35.70021],[51.30794,35.70068],[51.30796,35.70118],[51.30807,35.70169],[51.3083,35.70221],[51.30857,35.7027],[51.3089,35.70318],[51.30926,35.70366],[51.30958,35.70415],[51.30981,35.70467],[51.30996,35.70524],[51.31002,35.70585],[51.31,35.70645],[51.30998,35.70703],[51.30996,35.70761],[51.30997,35.7082],[51.30996,35.70877],[51.30994,35.70935],[51.30992,35.7099],[51.30983,35.71043],[51.30965,35.71096],[51.30942,35.71145],[51.30909,35.71187],[51.30874,35.71232],[51.30841,35.71277],[51.30806,35.7132],[51.30776,35.71366],[51.30757,35.71413],[51.30744,35.71463],[51.30739,35.71511],[51.30738,35.71557],[51.30739,35.71596],[51.30735,35.71661],[51.30735,35.71728],[51.30736,35.71784],[51.30746,35.71845],[51.30758,35.71885],[51.30771,35.71925],[51.30783,35.7197],[51.30796,35.72015],[51.30808,35.72056],[51.30819,35.72095],[51.30831,35.72133],[51.30851,35.72194],[51.30874,35.72259],[51.30892,35.72328],[51.30913,35.72399],[51.30929,35.72464],[51.30937,35.725],[51.30949,35.72537],[51.30962,35.72578],[51.30981,35.72648],[51.30999,35.7271],[51.31017,35.72772],[51.31026,35.72807],[51.31037,35.72845],[51.31047,35.72882],[51.31058,35.72919],[51.31069,35.7296],[51.31081,35.73002],[51.3109,35.73046],[51.311,35.73093],[51.31113,35.73141],[51.31127,35.73194],[51.31143,35.73247],[51.31157,35.73298],[51.31174,35.73347],[51.31192,35.73391],[51.31209,35.73432],[51.31246,35.7347],[51.31308,35.73513],[51.31345,35.73539],[51.31384,35.7356],[51.31426,35.73579],[51.31471,35.73598],[51.3152,35.73614],[51.31575,35.7363],[51.31631,35.73645],[51.31689,35.73659],[51.31749,35.73672],[51.3181,35.73685],[51.3187,35.73699],[51.31929,35.73716],[51.31991,35.73729],[51.32054,35.73742],[51.3212,35.73756],[51.32188,35.73771],[51.32255,35.73784],[51.32319,35.73802],[51.3238,35.73814],[51.32438,35.7383],[51.32498,35.73843],[51.32561,35.73853],[51.32623,35.73867],[51.32688,35.73882],[51.32753,35.73899],[51.3282,35.73916],[51.32888,35.73932],[51.32959,35.73948],[51.33031,35.73962],[51.33103,35.73977],[51.33169,35.73993],[51.33235,35.74005],[51.33302,35.74018],[51.33371,35.74028],[51.33443,35.74038],[51.33516,35.74049],[51.33587,35.74058],[51.33662,35.74063],[51.33739,35.74064],[51.3382,35.74061],[51.339,35.74056],[51.33981,35.74052],[51.34061,35.74048],[51.34142,35.74047],[51.34222,35.74048],[51.34297,35.74052],[51.34368,35.74059],[51.34437,35.74066],[51.34508,35.74073],[51.34581,35.74079],[51.34657,35.74083],[51.34733,35.74083],[51.34807,35.74079],[51.3488,35.74072],[51.34953,35.74062],[51.35024,35.7405],[51.35094,35.74037],[51.35165,35.74025],[51.35237,35.74013],[51.35309,35.74002],[51.35368,35.73992],[51.3542,35.73982],[51.35473,35.73972],[51.35532,35.73962],[51.35594,35.73952],[51.35654,35.73942],[51.35717,35.73928],[51.35783,35.73914],[51.35852,35.73906],[51.35923,35.73898],[51.35997,35.73888],[51.36072,35.73881],[51.36148,35.73876],[51.36224,35.73875],[51.363,35.73877],[51.36371,35.7388],[51.36435,35.73885],[51.36501,35.73893],[51.3656,35.73902],[51.36618,35.73914],[51.36677,35.73927],[51.36732,35.73939],[51.36787,35.73954],[51.36846,35.73969],[51.36909,35.73984],[51.36972,35.73999],[51.37037,35.74016],[51.37105,35.74033],[51.37171,35.74048],[51.37233,35.74061],[51.37294,35.74073],[51.37352,35.74086],[51.37413,35.74097],[51.37475,35.74107],[51.37535,35.74118],[51.37596,35.74128],[51.37656,35.7414],[51.37717,35.74151],[51.3778,35.74163],[51.37842,35.74174],[51.37905,35.74187],[51.37971,35.742],[51.38042,35.7422],[51.38116,35.74238],[51.38191,35.74252],[51.38265,35.74267],[51.38335,35.74283],[51.38403,35.74298],[51.38467,35.74313],[51.38532,35.74327],[51.38597,35.74339],[51.38658,35.74344],[51.38719,35.74347],[51.38782,35.74344],[51.38848,35.74337],[51.38913,35.74321],[51.3898,35.743],[51.39044,35.74271],[51.3911,35.74245],[51.39177,35.74219],[51.39244,35.74194],[51.39308,35.74171],[51.39366,35.74152],[51.3942,35.74138],[51.39475,35.74127],[51.39528,35.7412],[51.39582,35.74115],[51.39636,35.74114],[51.3969,35.74119],[51.3974,35.74126],[51.39812,35.74146],[51.3987,35.74161],[51.39942,35.74189],[51.39986,35.74215],[51.40034,35.74245],[51.40084,35.74278],[51.40138,35.74311],[51.40194,35.74339],[51.40258,35.74365],[51.40326,35.74384],[51.40393,35.74399],[51.40461,35.74407],[51.40532,35.74413],[51.40636,35.74408],[51.40722,35.74395],[51.40804,35.74381],[51.41636,35.74045],[51.41696,35.74015],[51.41762,35.74004],[51.41833,35.74005],[51.41907,35.74007],[51.4198,35.74009],[51.42054,35.74012],[51.42125,35.74013],[51.42195,35.74015],[51.4226,35.74018],[51.42327,35.74021],[51.42393,35.74024],[51.4246,35.74025],[51.42524,35.74028],[51.42588,35.7403],[51.42652,35.74032],[51.42714,35.74034],[51.42772,35.74035],[51.42818,35.74037],[51.42893,35.74037],[51.42954,35.74035],[51.43008,35.74039],[51.43053,35.74046],[51.43097,35.74054],[51.43141,35.74065],[51.43191,35.74078],[51.43244,35.74097],[51.43289,35.74121],[51.43328,35.74148],[51.4337,35.74173],[51.43421,35.74201],[51.43478,35.74222],[51.43522,35.74235],[51.43577,35.74249],[51.43636,35.74258],[51.43684,35.74264],[51.4373,35.74263],[51.43782,35.74261],[51.43847,35.74257],[51.43896,35.74257],[51.43947,35.7426],[51.44003,35.74259],[51.44048,35.74261],[51.44103,35.7426],[51.44149,35.74263],[51.44218,35.74264],[51.44266,35.7426],[51.44313,35.74266],[51.44366,35.74264],[51.44411,35.74257],[51.44455,35.74246],[51.44496,35.74231],[51.44546,35.7422],[51.44592,35.74213],[51.44637,35.74206],[51.44719,35.74197],[51.4477,35.74196],[51.44826,35.74196],[51.44886,35.74193],[51.44951,35.74189],[51.45018,35.74182],[51.45083,35.74175],[51.45145,35.74166],[51.45205,35.74159],[51.45261,35.74151],[51.4532,35.74146],[51.45375,35.7414],[51.45432,35.74134],[51.45489,35.7413],[51.45541,35.74127],[51.45592,35.74122],[51.45646,35.74116],[51.45704,35.74111],[51.45766,35.74107],[51.45832,35.74108],[51.45896,35.74116],[51.4596,35.74121],[51.46014,35.74126],[51.46083,35.74125],[51.46133,35.7412],[51.46183,35.74107],[51.4623,35.74091],[51.46273,35.74078],[51.46322,35.74068],[51.46375,35.74056],[51.4642,35.74049],[51.46474,35.74049],[51.46525,35.74045],[51.46578,35.74044],[51.46644,35.74038],[51.46692,35.74032],[51.46755,35.74022],[51.46825,35.74013],[51.46884,35.74004],[51.46941,35.73996],[51.47002,35.73989],[51.4705,35.7398],[51.47106,35.73971],[51.47156,35.73967],[51.47203,35.73957],[51.47268,35.73944],[51.47313,35.73937],[51.47358,35.73929],[51.47413,35.73918],[51.47465,35.73904],[51.47517,35.73893],[51.47573,35.7388],[51.47623,35.73875],[51.47672,35.73863],[51.47718,35.73835],[51.47776,35.73832],[51.47821,35.73825],[51.47876,35.73816],[51.47926,35.73807],[51.4799,35.73795],[51.48036,35.73787],[51.481,35.73772],[51.48174,35.73764],[51.48221,35.73761],[51.48267,35.73755],[51.48319,35.73749],[51.48373,35.73744],[51.48426,35.73735],[51.48484,35.73725],[51.48544,35.73714],[51.48608,35.73703],[51.48673,35.73694],[51.48737,35.73683],[51.48801,35.73673],[51.48867,35.73664],[51.48926,35.73654],[51.48983,35.73642],[51.49033,35.73636],[51.49094,35.73626],[51.49156,35.7361],[51.49209,35.73608],[51.49264,35.73599],[51.4931,35.73591],[51.49355,35.73577],[51.49405,35.73573],[51.49454,35.73568],[51.49499,35.73563],[51.49546,35.73555],[51.49594,35.73548],[51.49646,35.73541],[51.49703,35.73533],[51.49783,35.73522],[51.49828,35.73516],[51.49872,35.7351],[51.49919,35.73504],[51.49966,35.73497],[51.5001,35.73491],[51.50056,35.73486],[51.50101,35.73481],[51.50186,35.73468],[51.5026,35.73462],[51.50335,35.73452],[51.504,35.73445],[51.50475,35.73435],[51.50541,35.73425],[51.50622,35.73418],[51.50669,35.73411],[51.50716,35.73405],[51.50763,35.73398],[51.50812,35.7339],[51.50859,35.73383],[51.50946,35.73372],[51.50993,35.73367],[51.51041,35.73361],[51.51095,35.73357],[51.51151,35.7335],[51.5121,35.73342],[51.51268,35.73335],[51.51329,35.73329],[51.51387,35.73323],[51.5144,35.73316],[51.51484,35.73312],[51.51548,35.73303],[51.51593,35.73302],[51.51637,35.73295],[51.51684,35.73284],[51.51719,35.73263],[51.51711,35.73219],[51.51678,35.73178],[51.51648,35.73142],[51.51631,35.73108],[51.51664,35.73134],[51.51692,35.73174],[51.5172,35.73211],[51.51751,35.73258],[51.51784,35.7331],[51.51819,35.73359],[51.51846,35.734],[51.51868,35.73433],[51.51901,35.7348],[51.51939,35.73528],[51.51981,35.73589],[51.52023,35.73624],[51.52083,35.73619],[51.52154,35.73607],[51.52221,35.73595],[51.52286,35.73584],[51.52345,35.73575],[51.52405,35.73566],[51.52456,35.73557],[51.52531,35.73542],[51.52578,35.73536],[51.52651,35.73531],[51.52696,35.73524],[51.52748,35.73521],[51.52817,35.73509],[51.52864,35.73501],[51.52914,35.73498],[51.52968,35.73493],[51.53017,35.73485],[51.53079,35.73469],[51.53136,35.73463],[51.532,35.73459],[51.53267,35.73455],[51.53339,35.73447],[51.53405,35.73436],[51.53451,35.73431],[51.53512,35.73427],[51.53585,35.73414],[51.53668,35.73405],[51.53716,35.73397],[51.5377,35.73399],[51.53821,35.73393],[51.53869,35.73385],[51.53931,35.73367],[51.53985,35.73355],[51.54046,35.73351],[51.54126,35.7334],[51.54171,35.73335],[51.54257,35.73321],[51.54331,35.73309],[51.54392,35.73295],[51.5446,35.73262],[51.54506,35.73224],[51.54531,35.73191],[51.54568,35.73161],[51.54618,35.73103],[51.54645,35.73072],[51.54679,35.73038],[51.54713,35.73002],[51.54738,35.72971],[51.54768,35.72937],[51.54806,35.72894],[51.54857,35.72844],[51.54885,35.72813],[51.54915,35.72778],[51.54946,35.72742],[51.54979,35.72705],[51.5501,35.72669],[51.55037,35.72637],[51.55063,35.72602],[51.55065,35.72644],[51.55114,35.72666],[51.55171,35.72702],[51.55207,35.72727],[51.55255,35.72752],[51.55299,35.72779],[51.55349,35.7281],[51.55385,35.72835],[51.55422,35.72855],[51.55465,35.72879],[51.55458,35.72931],[51.55424,35.7297],[51.55417,35.72989]]]}},{"type":"Feature","properties":{"route":4,"color":"#d97706","times":[[23495,23516,23576,23636,23696,23756,23817,23877,23925,23985,24027,24087,24147,24207,24267,24327,24387,24447,24507,24567,24627,24687,24747,24807,24867,24927,24987,25047,25107,25167,25227,25287,25347,25407,25467,25527,25587,25647,25707,25767,25827,25887,25947,26007,26067,26127,26187,26248,26308,26368,26428,26488,26548,26608,26668,26728,26788,26848,26908,26968,27016,27076,27136,27196,27256,27316,27376,27436,27496,27556,27616,27676,27736,27796,27856,27916,27976,28036,28051,28057,28066,28075,28081,28087,28093,28099,28105,28117,28123,28129,28135,28141,28147,28153,28159,28162,28165,28168,28171,28174,28177,28180,28183,28186,28189,28192,28195,28198,28201,28204,28207,28210,28213,28216,28219,28222,28225,28228,28231,28234,28237,28240,28243,28246,28252,28258,28267,28273,28276,28279,28282,28285,28288,28291,28294,28297,28300,28306,28327,28333,28339,28345,28351,28357,28363,28369,28378,28384,28390,28393,28399,28417,28429,28489,28549,28609,28669,28729,28789,28849,28909,28969,29029,29089,29149,29158,29167,29173,29179,29185,29191,29203,29212,29230,29239,29245,29251,29260,29278,29287,29299,29311,29371,29431,29491,29551,29611,29671,29731,29791,29809,29824,29833,29839,29845,29905,29965,30025,30085,30145,30205,30265,30325,30385,30445,30505,30562,30622,30682,30742,30802,30862,30922,31009,31012,31057,31066,31072,31078,31084,31090,31099,31105,31153,31162,31171,31177,31183,31189,31195,31210,31270,31330,31390,31450,31510,31558,31564,31570,31576,31588,31606,31666,31726,31786,31846,31906,31966,32026,32044,32059,32119,32179,32236,32296,32356,32416,32476,32536,32596,32656,32716,32776,32836,32896,32956,33016,33076,33121,33136,33148,33175,33193,33202,33208,33217,33223,33229,33241,33247,33253,33268,33277,33283,33289,33298,33310,33325,33379,33397,33409,33418,33433,33442,33451,33460,33466,33481,33499,33508,33568,33628,33688,33742,33757,33763,33769,33778,33784,33793,33802,33811,33817,33823,33829,33868,33880,33889,33895,33904,33916,33922,33931,33940,33946,33955,33961,33967,33973,33979,33985,33994,34000,34009,34015,34021,34030,34036,34045,34105,34165,34225,34285,34312,34318,34327,34336,34345,34354,34363,34414,34474,34534,34594,34654,34714,34774,34834,34894,34954,34975,34990,35002,35017,35026,35038,35092,35116,35176,35236,35296,35356,35416,35476,35530,35539,35548,35599,35614,35674,35734,35779,35785,35800,35860,35869,35875,35881,35887,35896,35911,35920,35929,35938,35944,35950,35956,35962,35968,35974,35980,35986,35992,35998,36004,36010,36016,36022,36031,36040,36046,36052,36058,36064,36070,36076,36082,36088,36094,36121,36127,36136,36160,36169,36175,36181,36187,36193,36214,36223,36232,36238,36244,36253,36259,36265,36280,36289,36295,36301,36322,36334,36346,36406,36466,36526,36574,36580,36586,36592,36598,36604,36610,36619,36628,36640,36649,36655,36661,36670,36676,36688,36748,36808,36868,36919,36943,36961,36970,36979,36985,37003,37015,37024,37036,37096,37156,37216,37276,37336,37396,37426,37432,37438,37444,37459,37468,37474,37486,37504,37510,37516,37522,37528,37534,37540,37549,37558,37567,37576,37606,37666,37726,37747,37759,37765,37771,37798,37810,37822,37828,37834,37843,37849,37855,37864,37873,37879,37885,37900,37912,37948,37960,37966,37975,37981,37999,38011,38020,38032,38041,38050,38062,38122,38182,38242,38302,38362,38422,38482,38542,38602,38662,38746,38806,38866,38927,38987,39041,39071,39131,39191,39227,39239,39299,39359,39419,39431,39446,39461,39470,39488,39500,39509,39518,39524,39530,39539,39548,39554,39560,39569,39581,39587,39596,39608,39617,39629,39641,39653,39665,39674,39683,39695,39707,39713,39722,39728,39734,39740,39749,39764,39770,39776,39836,39896,39956,40004,40010,40019,40031,40043,40073,40121,40139,40190,40250,40271,40298,40358,40418,40427,40436,40448,40454,40460,40466,40475,40487,40493,40505,40514,40550,40610,40670,40730,40790,40850,40910,40970,41030,41090,41141,41150,41168,41177,41189,41195,41204,41222,41228,41240,41249,41255,41264,41279,41285,41291,41297,41303,41324,41345,41351,41357,41363,41372,41378,41387,41396,41402,41408,41414,41474,41534,41594,41654,41714,41723,41729,41735,41741,41759,41771,41783,41795,41822,41840,41900,41960,42020,42080,42140,42201,42261,42282,42312,42330,42336,42342,42348,42375,42408,42417,42423,42429,42444,42498,42558,42597,42603,42663,42678,42684,42690,42696,42699,42702,42705,42708,42711,42714,42717,42723,42732,42738,42750,42759,42765,42774,42780,42840,42900,42960,43020,43080,43140,43161,43173,43182,43194,43209,43224,43284,43344,43404,43464,43491,43503,43515,43575,43635,43695,43755,43815,43875,43899,43908,43920,43926,43941,43950,43962,43971,43983,43989,43995,44001,44007,44013,44019,44025,44037,44043,44064,44100,44109,44121,44181,44241,44301,44358,44370,44388,44403,44412,44418,44424,44433,44442,44451,44457,44463,44469,44475,44481,44490,44550,44610,44670,44730,44790,44850,44910,44970,45030,45090,45150,45210,45270,45330,45390,45450,45510,45570,45630,45690,45750,45810,45870,45930,45975,45987,45999,46008,46017,46026,46035,46044,46053,46074,46080,46092,46104,46110,46119,46128,46134,46140,46146,46152,46158,46164,46170,46173,46179,46185,46191,46197,46203,46242,46248,46254,46263,46269,46275,46290,46302,46311,46326,46332,46338,46344,46350,46359,46365,46374,46383,46443,46503,46563,46623,46683,46743,46803,46815,46821,46830,46836,46839,46845,46851,46857,46863,46875,46884,46890,46896,46905,46914,46923,46938,46947,46953,46959,46968,46974,46992,46998,47004,47010,47016,47022,47028,47037,47094,47154,47214,47274,47334,47394,47454,47469,47478,47493,47502,47511,47517,47541,47601,47661,47716,47761,47821,47845,47851,47857,47863,47872,47881,47887,47893,47899,47905,47914,47929,47941,47947,47953,47959,47965,47983,47992,48001,48007,48016,48022,48028,48034,48040,48046,48052,48058,48061,48064,48067,48070,48073,48076,48079,48085,48091,48097,48103,48106,48109,48112,48115,48118,48121,48124,48127,48130,48133,48136,48142,48151,48157,48163,48172,48187,48193,48199,48205,48211,48217,48223,48229,48253,48262,48322,48382,48442,48499,48505,48511,48517,48526,48538,48544,48550,48556,48562,48604,48613,48622,48634,48640,48646,48658,48664,48724,48784,48844,48904,48964,49024,49084,49144,49204,49264,49282,49300,49306,49318,49330,49336,49345,49351,49357,49363,49369,49375,49381,49390,49396,49402,49408,49411,49414,49420,49426,49429,49432,49438,49465,49471,49477,49480,49483,49486,49492,49513,49519,49525,49528,49531,49534,49537,49543,49603,49639,49645,49651,49657,49663,49669,49684,49693,49699,49705,49723,49735,49741,49747,49753,49759,49765,49771,49777,49783,49792,49798,49801,49804,49807,49810,49813,49822,49828,49834,49837,49840,49843,49846,49849,49852,49858,49873,49879,49885,49891,49897,49903,49909,49918,49924,49933,49939,49948,50008,50068]]},"geometry":{"type":"MultiLineString","coordinates":[[[51.55412,35.72942],[51.55418,35.7298],[51.55414,35.72995],[51.55408,35.73001],[51.55416,35.72994],[51.55418,35.72998],[51.55418,35.73002],[51.55409,35.72996],[51.55432,35.72961],[51.55442,35.72944],[51.55421,35.72977],[51.55411,35.72982],[51.55416,35.72975],[51.55412,35.7298],[51.55415,35.72978],[51.55412,35.72979],[51.55412,35.72984],[51.55411,35.72986],[51.55409,35.72981],[51.55414,35.72985],[51.55413,35.72986],[51.55415,35.72978],[51.55415,35.72984],[51.55408,35.72982],[51.55403,35.72974],[51.55411,35.72982],[51.55408,35.72988],[51.55398,35.72989],[51.55391,35.72989],[51.5539,35.72993],[51.55395,35.72995],[51.55395,35.72996],[51.55397,35.72998],[51.55404,35.73001],[51.55402,35.73003],[51.55404,35.73003],[51.55407,35.73016],[51.55407,35.73016],[51.55407,35.73008],[51.55406,35.73007],[51.55406,35.73005],[51.55406,35.73005],[51.55406,35.73005],[51.55406,35.73006],[51.55406,35.73006],[51.55406,35.73006],[51.55406,35.73006],[51.5541,35.73005],[51.5541,35.73005],[51.55411,35.73005],[51.55412,35.73006],[51.5541,35.73013],[51.55411,35.73013],[51.55412,35.73019],[51.55419,35.73011],[51.55381,35.73018],[51.55371,35.73021],[51.55368,35.73019],[51.55365,35.73019],[51.55367,35.73018],[51.55399,35.72992],[51.55421,35.72994],[51.55412,35.73001],[51.55419,35.72998],[51.55417,35.72999],[51.55391,35.72981],[51.55392,35.72993],[51.55392,35.72978],[51.55389,35.72983],[51.55387,35.7299],[51.55406,35.72978],[51.55412,35.7297],[51.554,35.72986],[51.55397,35.72984],[51.55396,35.72983],[51.55402,35.72997],[51.55403,35.72994],[51.554,35.72995],[51.5543,35.72965],[51.55464,35.7293],[51.5549,35.729],[51.55519,35.72864],[51.55554,35.72819],[51.55591,35.72775],[51.55627,35.72735],[51.5566,35.727],[51.55685,35.72669],[51.55623,35.72646],[51.5556,35.72632],[51.55502,35.72619],[51.55446,35.72611],[51.55382,35.72603],[51.5533,35.72598],[51.5526,35.72592],[51.55167,35.72585],[51.55116,35.72581],[51.55062,35.72577],[51.55007,35.72573],[51.54952,35.72569],[51.54895,35.72565],[51.54838,35.72561],[51.54781,35.72557],[51.54725,35.72552],[51.54668,35.72548],[51.54611,35.72546],[51.54553,35.72543],[51.54493,35.72541],[51.54434,35.72538],[51.54376,35.72534],[51.54318,35.7253],[51.54261,35.72527],[51.54205,35.72521],[51.54148,35.72516],[51.54092,35.72511],[51.54037,35.72506],[51.53982,35.72503],[51.5393,35.72499],[51.53883,35.72494],[51.53836,35.72492],[51.53788,35.72491],[51.5374,35.7249],[51.53691,35.72488],[51.53644,35.72484],[51.536,35.7248],[51.53536,35.72472],[51.53491,35.72477],[51.53471,35.72536],[51.53468,35.72603],[51.53465,35.7264],[51.53464,35.72679],[51.53468,35.72721],[51.53479,35.72762],[51.53498,35.72803],[51.53519,35.72843],[51.53539,35.72882],[51.53558,35.7292],[51.53576,35.72955],[51.53603,35.73],[51.53566,35.72957],[51.5354,35.72913],[51.53497,35.72904],[51.53427,35.72915],[51.53369,35.72914],[51.53312,35.72888],[51.53251,35.72856],[51.53197,35.72829],[51.53139,35.72799],[51.53081,35.72768],[51.53015,35.72732],[51.52978,35.72712],[51.52916,35.72681],[51.5288,35.72707],[51.52888,35.72743],[51.52888,35.72726],[51.5288,35.72736],[51.52884,35.72742],[51.52887,35.72738],[51.52884,35.72736],[51.52887,35.72738],[51.52883,35.72741],[51.52885,35.72734],[51.52881,35.72714],[51.52885,35.72724],[51.52885,35.72724],[51.52873,35.72683],[51.52835,35.72665],[51.52786,35.72636],[51.52742,35.72628],[51.52675,35.72638],[51.5261,35.72644],[51.52562,35.72648],[51.52563,35.72684],[51.5254,35.72723],[51.52489,35.7272],[51.52435,35.72728],[51.52393,35.72739],[51.52349,35.72742],[51.52297,35.72749],[51.52236,35.72766],[51.52187,35.72764],[51.52127,35.72761],[51.5209,35.72781],[51.52058,35.72806],[51.52031,35.72809],[51.52023,35.72801],[51.52024,35.72806],[51.52024,35.72807],[51.52024,35.72806],[51.52025,35.72806],[51.52023,35.72803],[51.5203,35.72843],[51.52032,35.72887],[51.52047,35.72933],[51.52057,35.72969],[51.52063,35.73006],[51.52068,35.73039],[51.52061,35.7304],[51.52057,35.73045],[51.52061,35.73048],[51.5206,35.73049],[51.52065,35.73046],[51.52063,35.73049],[51.52064,35.7305],[51.52067,35.73043],[51.52063,35.73046],[51.52059,35.73048],[51.52079,35.73085],[51.52075,35.7309],[51.5208,35.73089],[51.52042,35.73082],[51.52055,35.73071],[51.52056,35.73076],[51.52076,35.73046],[51.52103,35.73022],[51.52082,35.7309],[51.52064,35.7305],[51.52047,35.73],[51.52038,35.72963],[51.52027,35.72926],[51.5202,35.72883],[51.52012,35.72842],[51.52005,35.72789],[51.51994,35.72746],[51.51994,35.727],[51.51982,35.72653],[51.51967,35.7261],[51.51958,35.7257],[51.51955,35.7253],[51.51948,35.72489],[51.51941,35.72444],[51.5188,35.72428],[51.51848,35.72427],[51.51847,35.7242],[51.51848,35.72418],[51.51854,35.72418],[51.51853,35.72414],[51.51805,35.72429],[51.51757,35.72434],[51.51691,35.72444],[51.51643,35.72454],[51.51636,35.72494],[51.51644,35.72545],[51.51635,35.72563],[51.51634,35.72566],[51.51632,35.72566],[51.5163,35.72567],[51.51622,35.7256],[51.51609,35.72559],[51.516,35.7257],[51.51547,35.72562],[51.51499,35.72588],[51.51469,35.72578],[51.51444,35.7257],[51.514,35.72572],[51.51393,35.72594],[51.51387,35.72584],[51.51384,35.72579],[51.51395,35.72562],[51.51401,35.72566],[51.51394,35.72571],[51.51392,35.72554],[51.51393,35.72577],[51.51393,35.72575],[51.5139,35.72579],[51.51388,35.72576],[51.51387,35.72574],[51.51392,35.72575],[51.51397,35.72557],[51.51354,35.7255],[51.513,35.72553],[51.51256,35.72573],[51.51238,35.72608],[51.51289,35.7262],[51.51341,35.72624],[51.51387,35.72609],[51.5145,35.72599],[51.51522,35.72588],[51.5159,35.7258],[51.51639,35.72589],[51.51651,35.72633],[51.51658,35.72673],[51.51673,35.72709],[51.51719,35.72716],[51.51777,35.72715],[51.51838,35.72715],[51.51895,35.72719],[51.51944,35.72701],[51.51988,35.72702],[51.52008,35.72741],[51.52023,35.72779],[51.52032,35.72821],[51.52037,35.72865],[51.52006,35.72891],[51.51957,35.72907],[51.51893,35.72908],[51.51825,35.72922],[51.5178,35.72934],[51.51734,35.72952],[51.51737,35.73002],[51.51739,35.73039],[51.51729,35.73058],[51.51731,35.7306],[51.51738,35.73051],[51.51718,35.73012],[51.51748,35.7298],[51.51808,35.72971],[51.51869,35.72964],[51.51926,35.72964],[51.51988,35.72956],[51.52041,35.72944],[51.52044,35.72906],[51.52032,35.72863],[51.52027,35.72826],[51.52023,35.72787],[51.52011,35.72738],[51.5201,35.72702],[51.51995,35.72663],[51.51981,35.72613],[51.51972,35.72573],[51.51969,35.72527],[51.519,35.72529],[51.51839,35.72538],[51.51787,35.72546],[51.51736,35.72552],[51.51687,35.72558],[51.51644,35.72569],[51.51595,35.72576],[51.51542,35.72582],[51.51476,35.72588],[51.51431,35.72594],[51.51375,35.72601],[51.51304,35.7261],[51.51245,35.72617],[51.51172,35.72626],[51.51097,35.72639],[51.51027,35.72648],[51.50992,35.72621],[51.50978,35.7258],[51.50961,35.72539],[51.50969,35.72524],[51.50967,35.72536],[51.50973,35.72543],[51.50973,35.72536],[51.5096,35.72481],[51.50952,35.72445],[51.50945,35.724],[51.50932,35.72355],[51.50916,35.72314],[51.50909,35.72269],[51.50903,35.72229],[51.50893,35.72194],[51.50892,35.72193],[51.50895,35.72188],[51.50889,35.722],[51.50883,35.72188],[51.50889,35.72191],[51.50893,35.72194],[51.50888,35.7218],[51.50887,35.72183],[51.50885,35.72185],[51.50888,35.72145],[51.50883,35.72105],[51.50876,35.72062],[51.5082,35.72063],[51.50761,35.72077],[51.50714,35.72086],[51.50662,35.72107],[51.50617,35.72113],[51.50607,35.72109],[51.50611,35.72112],[51.5062,35.7212],[51.5062,35.72123],[51.50614,35.72101],[51.50614,35.72119],[51.50569,35.7211],[51.50521,35.72119],[51.50471,35.72125],[51.50429,35.72143],[51.50447,35.72183],[51.50456,35.72211],[51.50456,35.72219],[51.50517,35.7221],[51.50562,35.72201],[51.50606,35.72202],[51.50633,35.7223],[51.50684,35.72219],[51.50728,35.72207],[51.50771,35.72192],[51.50825,35.72191],[51.50876,35.72183],[51.50887,35.72147],[51.50881,35.72108],[51.50879,35.72068],[51.50834,35.72038],[51.50766,35.72011],[51.50704,35.71993],[51.5065,35.71971],[51.50585,35.71958],[51.50512,35.71933],[51.50444,35.71912],[51.50378,35.71895],[51.50309,35.7187],[51.5025,35.71849],[51.50191,35.71834],[51.50119,35.71815],[51.50048,35.71789],[51.49973,35.71764],[51.49925,35.71748],[51.49877,35.71729],[51.49813,35.71709],[51.49761,35.71692],[51.49709,35.71679],[51.49642,35.71663],[51.49574,35.71637],[51.495,35.71612],[51.49424,35.71586],[51.49345,35.71566],[51.49269,35.71546],[51.49205,35.71522],[51.49162,35.71507],[51.49121,35.71491],[51.4907,35.71482],[51.4902,35.71465],[51.48962,35.71452],[51.48909,35.71433],[51.4885,35.71413],[51.48794,35.71391],[51.48744,35.71379],[51.48727,35.71424],[51.48731,35.7147],[51.48736,35.7151],[51.48741,35.71554],[51.48744,35.71597],[51.48745,35.71639],[51.48745,35.71675],[51.48748,35.7172],[51.48757,35.71767],[51.48754,35.71811],[51.4876,35.71855],[51.48761,35.71892],[51.48763,35.71934],[51.48768,35.71973],[51.4877,35.72017],[51.4877,35.72038],[51.48757,35.72044],[51.48757,35.72059],[51.48716,35.72078],[51.48664,35.7208],[51.48604,35.72085],[51.4855,35.72088],[51.48506,35.72095],[51.48455,35.72103],[51.48402,35.72106],[51.48342,35.72109],[51.48294,35.72111],[51.48277,35.7207],[51.48276,35.72017],[51.48272,35.71977],[51.48274,35.71935],[51.48269,35.71888],[51.48257,35.71838],[51.48252,35.71801],[51.4826,35.71789],[51.48258,35.7178],[51.48256,35.71777],[51.48253,35.71738],[51.48287,35.7171],[51.4834,35.71703],[51.48389,35.71704],[51.48443,35.71702],[51.48488,35.71701],[51.48523,35.71743],[51.48522,35.71795],[51.48523,35.71836],[51.48521,35.71876],[51.48521,35.71872],[51.48525,35.71871],[51.48517,35.71881],[51.48518,35.71881],[51.48519,35.71882],[51.48518,35.71882],[51.48517,35.71923],[51.48516,35.71968],[51.48516,35.72014],[51.48522,35.72055],[51.48497,35.72086],[51.48505,35.72133],[51.4851,35.7217],[51.48519,35.72206],[51.4853,35.72245],[51.48535,35.72289],[51.48543,35.7234],[51.48553,35.72386],[51.4856,35.72431],[51.48568,35.72479],[51.48578,35.72516],[51.48588,35.72553],[51.48593,35.72597],[51.48599,35.72648],[51.48607,35.7269],[51.48612,35.72726],[51.48613,35.72736],[51.48617,35.72738],[51.48613,35.72775],[51.48556,35.72794],[51.48512,35.72805],[51.48456,35.72814],[51.48411,35.72794],[51.4841,35.72745],[51.48405,35.72703],[51.48398,35.72662],[51.48382,35.72613],[51.48377,35.72561],[51.48364,35.72504],[51.4835,35.72445],[51.48341,35.72404],[51.4833,35.72355],[51.48323,35.72308],[51.48309,35.72256],[51.48306,35.72215],[51.48297,35.72174],[51.48288,35.72128],[51.48228,35.72124],[51.48165,35.72136],[51.48106,35.7215],[51.48046,35.72158],[51.48108,35.72131],[51.48134,35.72089],[51.48112,35.72051],[51.48106,35.71994],[51.48112,35.71957],[51.48111,35.71916],[51.48099,35.71878],[51.481,35.71861],[51.48092,35.71855],[51.48097,35.71853],[51.4808,35.71854],[51.48088,35.71856],[51.48081,35.7185],[51.48071,35.7184],[51.48099,35.71861],[51.48076,35.7184],[51.48054,35.71819],[51.48099,35.71852],[51.48088,35.71854],[51.48092,35.71831],[51.48069,35.71847],[51.48075,35.71836],[51.4811,35.71812],[51.48078,35.71838],[51.48085,35.71835],[51.48082,35.71852],[51.48097,35.71896],[51.48108,35.71952],[51.48127,35.71983],[51.48124,35.71987],[51.4813,35.71999],[51.48139,35.72036],[51.4814,35.72078],[51.48186,35.72099],[51.4824,35.72092],[51.48288,35.721],[51.48289,35.72144],[51.48294,35.72181],[51.48295,35.72223],[51.48312,35.72274],[51.48323,35.7233],[51.48339,35.72373],[51.4839,35.72356],[51.48437,35.72351],[51.48481,35.72348],[51.48525,35.72346],[51.48549,35.7239],[51.48559,35.72432],[51.48576,35.72481],[51.486,35.72511],[51.48651,35.72503],[51.48696,35.72497],[51.48752,35.72483],[51.48799,35.7249],[51.48854,35.72495],[51.48902,35.72481],[51.48961,35.72474],[51.49007,35.72485],[51.49018,35.72537],[51.49027,35.72583],[51.49039,35.72632],[51.49051,35.72688],[51.49064,35.72743],[51.49075,35.72794],[51.49077,35.72836],[51.4902,35.72855],[51.48965,35.7287],[51.48921,35.72879],[51.48904,35.72872],[51.48906,35.72876],[51.48891,35.7289],[51.48949,35.7288],[51.49001,35.72863],[51.49049,35.7285],[51.49087,35.72827],[51.49136,35.72814],[51.49178,35.72831],[51.49192,35.72866],[51.49206,35.72907],[51.49215,35.72942],[51.49219,35.72956],[51.49224,35.72999],[51.49235,35.73041],[51.49232,35.7305],[51.49232,35.73063],[51.49246,35.73109],[51.49253,35.73154],[51.49209,35.73182],[51.49156,35.73192],[51.49112,35.73206],[51.49061,35.73221],[51.49002,35.73215],[51.48951,35.73231],[51.4889,35.73244],[51.48841,35.73211],[51.48821,35.73178],[51.48819,35.73142],[51.48828,35.73108],[51.48837,35.73094],[51.4884,35.73091],[51.48836,35.73101],[51.48808,35.73103],[51.4881,35.73124],[51.48809,35.73125],[51.48808,35.73124],[51.48809,35.73124],[51.48843,35.73162],[51.48829,35.73197],[51.48812,35.73231],[51.48756,35.73246],[51.48696,35.73248],[51.48636,35.73254],[51.48585,35.73262],[51.48521,35.73279],[51.48469,35.73285],[51.48423,35.73281],[51.48384,35.73262],[51.48353,35.73234],[51.48309,35.73198],[51.48267,35.73184],[51.48218,35.73188],[51.48167,35.73193],[51.48099,35.73203],[51.48034,35.73211],[51.47991,35.7322],[51.47944,35.73229],[51.47897,35.73234],[51.47833,35.73242],[51.47785,35.73251],[51.47738,35.73271],[51.4774,35.73308],[51.47754,35.73344],[51.47775,35.73395],[51.4779,35.73434],[51.47806,35.73469],[51.47821,35.73505],[51.47832,35.7353],[51.47817,35.73511],[51.47836,35.73528],[51.47824,35.73525],[51.47821,35.73522],[51.47801,35.73482],[51.47787,35.73443],[51.47766,35.73401],[51.4775,35.73358],[51.47702,35.73339],[51.47649,35.73346],[51.47594,35.7336],[51.47545,35.73386],[51.47501,35.73405],[51.47449,35.73416],[51.4745,35.73418],[51.47455,35.73424],[51.4745,35.7342],[51.47453,35.73421],[51.47461,35.73416],[51.47441,35.73416],[51.4746,35.73439],[51.47479,35.73479],[51.47531,35.73449],[51.47581,35.73414],[51.47626,35.73402],[51.4767,35.73388],[51.47718,35.73385],[51.47738,35.73352],[51.47725,35.73317],[51.47707,35.73271],[51.47688,35.73235],[51.47676,35.73194],[51.47662,35.73159],[51.47645,35.73125],[51.47644,35.73127],[51.47665,35.73159],[51.47688,35.73197],[51.47695,35.73229],[51.47645,35.73252],[51.47573,35.73255],[51.47501,35.73246],[51.47421,35.73233],[51.47367,35.73232],[51.47315,35.73229],[51.47261,35.73224],[51.47207,35.73218],[51.47153,35.73214],[51.47101,35.73211],[51.47052,35.73207],[51.46978,35.73201],[51.46914,35.73192],[51.46853,35.73192],[51.46806,35.73196],[51.46823,35.73233],[51.46845,35.73269],[51.4687,35.73322],[51.46886,35.73359],[51.46897,35.73371],[51.46898,35.73378],[51.46892,35.73396],[51.46893,35.73406],[51.46893,35.73405],[51.46894,35.73402],[51.46909,35.73436],[51.46937,35.73471],[51.46953,35.73505],[51.4696,35.73543],[51.46923,35.7357],[51.46883,35.73585],[51.46868,35.736],[51.46841,35.7362],[51.4686,35.73613],[51.46841,35.73615],[51.46815,35.73581],[51.46798,35.73543],[51.46779,35.73499],[51.46768,35.73475],[51.46764,35.73481],[51.46767,35.73484],[51.46762,35.73483],[51.4677,35.73457],[51.46744,35.73457],[51.46726,35.73417],[51.46708,35.73377],[51.46759,35.73349],[51.46804,35.73332],[51.46853,35.7335],[51.46883,35.73385],[51.46903,35.73423],[51.46919,35.73464],[51.46948,35.73506],[51.46961,35.73558],[51.46977,35.7361],[51.46993,35.73649],[51.47016,35.73683],[51.47032,35.73718],[51.47048,35.73756],[51.4706,35.73791],[51.47041,35.73829],[51.46995,35.73852],[51.46951,35.73858],[51.46895,35.73879],[51.4684,35.73885],[51.46795,35.73898],[51.46778,35.73897],[51.46791,35.73895],[51.46781,35.73884],[51.46733,35.7389],[51.46685,35.73885],[51.46644,35.73863],[51.46607,35.73837],[51.46562,35.73796],[51.46522,35.73772],[51.46497,35.73734],[51.46464,35.73698],[51.46429,35.73661],[51.46391,35.73628],[51.46364,35.73598],[51.46329,35.73566],[51.46294,35.7353],[51.46266,35.7349],[51.46258,35.73443],[51.46211,35.73412],[51.46183,35.73401],[51.46184,35.73401],[51.46183,35.73401],[51.46181,35.73401],[51.46181,35.73401],[51.4618,35.734],[51.46177,35.73401],[51.46182,35.73395],[51.46183,35.73395],[51.46184,35.73394],[51.46183,35.73394],[51.46183,35.73406],[51.46185,35.73398],[51.46196,35.73396],[51.4619,35.7341],[51.46188,35.73412],[51.46188,35.73412],[51.46187,35.73412],[51.46187,35.73413],[51.46187,35.73413],[51.46188,35.73413],[51.46188,35.73412],[51.46188,35.73412],[51.46188,35.73412],[51.46229,35.73388],[51.46275,35.73388],[51.46333,35.73373],[51.46388,35.73368],[51.46443,35.73355],[51.46494,35.73349],[51.46555,35.7334],[51.46601,35.73339],[51.46644,35.73326],[51.46646,35.7328],[51.46628,35.7324],[51.46627,35.73204],[51.46685,35.73188],[51.46737,35.73176],[51.46795,35.7317],[51.46858,35.73181],[51.46925,35.73187],[51.46976,35.73191],[51.47025,35.73193],[51.47088,35.73199],[51.47154,35.73208],[51.47218,35.73215],[51.47298,35.73222],[51.47343,35.73228],[51.47425,35.73235],[51.47496,35.73244],[51.47571,35.73247],[51.47637,35.73246],[51.47683,35.73244],[51.47749,35.73244],[51.47815,35.73233],[51.4788,35.73224],[51.47934,35.73217],[51.47991,35.73211],[51.48044,35.73204],[51.48088,35.73194],[51.48138,35.73183],[51.48186,35.73177],[51.48186,35.73137],[51.48152,35.73103],[51.481,35.73058],[51.48056,35.73024],[51.48018,35.72993],[51.47966,35.72949],[51.47926,35.72923],[51.47879,35.72892],[51.4783,35.72888],[51.47824,35.72885],[51.47836,35.72886],[51.47852,35.72889],[51.4785,35.72887],[51.47846,35.72884],[51.47851,35.72883],[51.47854,35.72879],[51.47896,35.72892],[51.47938,35.72919],[51.47984,35.72938],[51.48018,35.72968],[51.48046,35.73002],[51.48086,35.73039],[51.48134,35.7308],[51.48192,35.73131],[51.48239,35.73163],[51.48281,35.73177],[51.48336,35.73166],[51.48381,35.73163],[51.48426,35.73158],[51.48489,35.73152],[51.48542,35.73133],[51.48594,35.73127],[51.48575,35.73163],[51.4853,35.73172],[51.48525,35.7321],[51.48532,35.73253],[51.48486,35.7328],[51.4843,35.73295],[51.48441,35.73348],[51.48488,35.7339],[51.48537,35.73431],[51.48583,35.7347],[51.48629,35.73509],[51.48688,35.73555],[51.48733,35.73592],[51.48778,35.73601],[51.48795,35.73566],[51.48778,35.73573],[51.4878,35.73574],[51.4878,35.73573],[51.48781,35.73581],[51.48778,35.73573],[51.48777,35.73556],[51.4877,35.73508],[51.48757,35.73463],[51.48804,35.73444],[51.48858,35.73439],[51.48911,35.73435],[51.48956,35.7343],[51.4899,35.73405],[51.4899,35.73373],[51.48979,35.73355],[51.49034,35.73371],[51.48974,35.7335],[51.48984,35.73352],[51.48994,35.73405],[51.49003,35.73461],[51.4901,35.73517],[51.49025,35.73574],[51.49035,35.73616],[51.49109,35.73616],[51.49166,35.73612],[51.49227,35.73605],[51.49289,35.73595],[51.49346,35.7359],[51.49394,35.73583],[51.4944,35.73578],[51.49493,35.73576],[51.49549,35.73569],[51.49619,35.73561],[51.4969,35.73553],[51.49759,35.73542],[51.49808,35.73534],[51.49866,35.7353],[51.49918,35.73525],[51.49968,35.73516],[51.50023,35.73512],[51.50087,35.73509],[51.50161,35.73499],[51.50213,35.73491],[51.5027,35.73486],[51.50337,35.73477],[51.50391,35.73469],[51.50458,35.73454],[51.50502,35.73446],[51.50553,35.7344],[51.50607,35.73432],[51.50664,35.73426],[51.50722,35.7342],[51.50773,35.73413],[51.50817,35.73407],[51.50891,35.73402],[51.50939,35.73397],[51.50983,35.73391],[51.51055,35.7338],[51.51102,35.73374],[51.51151,35.73367],[51.51204,35.73358],[51.51262,35.73353],[51.51321,35.73345],[51.51382,35.73336],[51.51444,35.73329],[51.51505,35.73322],[51.51563,35.73318],[51.51619,35.73311],[51.51664,35.73304],[51.5172,35.73285],[51.51722,35.73248],[51.51698,35.73215],[51.51669,35.73172],[51.51642,35.73134],[51.51694,35.73169],[51.51727,35.73211],[51.51758,35.73248],[51.51797,35.7327],[51.51867,35.73264],[51.51951,35.73253],[51.52031,35.73241],[51.52093,35.73234],[51.5211,35.73197],[51.52103,35.73156],[51.52103,35.73149],[51.5209,35.73137],[51.52079,35.73137],[51.52077,35.73093],[51.52072,35.73048],[51.5207,35.7301],[51.52062,35.72974],[51.52052,35.72928],[51.52041,35.72882],[51.52038,35.72846],[51.52024,35.72805],[51.52013,35.72765],[51.52006,35.72727],[51.52004,35.72683],[51.51995,35.72628],[51.51989,35.72587],[51.5198,35.72545],[51.51964,35.72499],[51.51958,35.72458],[51.51918,35.72435],[51.51872,35.72438],[51.51844,35.72433],[51.51856,35.72426],[51.51859,35.72427],[51.51822,35.72424],[51.51815,35.72428],[51.51842,35.72433],[51.51834,35.72439],[51.51837,35.72427],[51.5185,35.72428],[51.51848,35.72424],[51.51903,35.72425],[51.51948,35.72436],[51.51958,35.72472],[51.51966,35.72513],[51.51967,35.72557],[51.51977,35.72597],[51.52031,35.72639],[51.52103,35.72643],[51.52189,35.72664],[51.52248,35.72664],[51.52307,35.72658],[51.52385,35.7265],[51.52457,35.72641],[51.52527,35.72645],[51.52562,35.72688],[51.52572,35.72751],[51.52596,35.72818],[51.52615,35.72853],[51.52636,35.72886],[51.52663,35.72941],[51.52702,35.73009],[51.52721,35.73042],[51.52738,35.73076],[51.52762,35.7312],[51.52806,35.73145],[51.52867,35.73132],[51.52953,35.73122],[51.53,35.73118],[51.53048,35.73113],[51.53097,35.73108],[51.53169,35.73101],[51.53232,35.7309],[51.53297,35.73084],[51.53381,35.73073],[51.53426,35.73067],[51.5347,35.7306],[51.53516,35.73057],[51.5356,35.73054],[51.53606,35.73032],[51.53604,35.73029],[51.53642,35.73063],[51.53674,35.73114],[51.53699,35.7316],[51.53723,35.73206],[51.53755,35.73265],[51.5378,35.73312],[51.53803,35.73345],[51.53863,35.7336],[51.53915,35.73358],[51.5397,35.73358],[51.54025,35.73367],[51.54076,35.7336],[51.54123,35.73356],[51.54182,35.73346],[51.54253,35.73334],[51.54319,35.73331],[51.54372,35.73324],[51.54433,35.73292],[51.54489,35.73249],[51.54509,35.73215],[51.54541,35.73183],[51.54586,35.73141],[51.54612,35.73109],[51.54645,35.73077],[51.54677,35.73045],[51.54705,35.73012],[51.5473,35.7298],[51.54755,35.72947],[51.54789,35.72904],[51.54844,35.72846],[51.54873,35.72813],[51.54904,35.72779],[51.54938,35.72745],[51.54968,35.7271],[51.54997,35.72676],[51.55027,35.72645],[51.55057,35.72604],[51.55067,35.72643],[51.5511,35.72674],[51.55168,35.72707],[51.55223,35.72741],[51.55281,35.7278],[51.55333,35.7281],[51.55383,35.72835],[51.55423,35.7286],[51.55463,35.72886],[51.55475,35.72923],[51.55441,35.72961],[51.55405,35.72989],[51.55418,35.72996],[51.55421,35.73009]]]}},{"type":"Feature","properties":{"route":5,"color":"#0891b2","times":[[19888,19895,19904,19910,19916,19925,19934,19940,19946,19953,19959,19965,19971,19977,19983,19986,19992,19995,19998,20001,20004,20007,20010,20013,20016,20019,20022,20025,20028,20031,20034,20037,20040,20043,20046,20049,20052,20055,20058,20061,20064,20067,20070,20073,20076,20079,20082,20085,20088,20094,20100,20103,20109,20112,20118,20124,20130,20136,20145,20154,20160,20166,20172,20178,20181,20184,20187,20190,20193,20196,20199,20202,20205,20208,20211,20214,20217,20220,20223,20226,20229,20232,20235,20238,20241,20244,20247,20250,20253,20256,20259,20262,20265,20268,20271,20274,20277,20280,20283,20286,20289,20292,20295,20298,20301,20304,20307,20310,20313,20316,20319,20322,20325,20328,20331,20334,20337,20340,20343,20346,20349,20352,20355,20358,20361,20364,20367,20370,20373,20376,20379,20382,20385,20388,20391,20394,20397,20400,20403,20406,20409,20412,20415,20418,20421,20424,20427,20430,20433,20436,20442,20448,20454,20460,20466,20472,20478,20484,20487,20490,20493,20496,20499,20502,20505,20508,20511,20517,20523,20529,20541,20550,20559,20565,20571,20577,20583,20589,20595,20601,20607,20619,20625,20631,20637,20643,20658,20667,20673,20679,20685,20691,20697,20703,20709,20715,20721,20727,20730,20736,20742,20748,20763,20772,20781,20787,20793,20799,20805,20811,20817,20820,20826,20832,20838,20844,20850,20853,20856,20859,20862,20868,20874,20880,20886,20892,20898,20904,20910,20916,20922,20934,20943,20949,20955,20958,20961,20964,20967,20970,20973,20976,20979,20982,20985,20988,20991,20994,21000,21006,21012,21015,21018,21021,21024,21027,21030,21033,21036,21039,21042,21045,21048,21051,21054,21057,21060,21063,21066,21069,21072,21075,21078,21081,21084,21087,21090,21093,21096,21099,21102,21105,21108,21111,21114,21117,21120,21123,21126,21129,21132,21135,21138,21141,21144,21147,21150,21153,21156,21159,21162,21165,21168,21171,21174,21177,21180,21183,21186,21189,21192,21195,21198,21201,21204,21207,21210,21213,21216,21219,21222,21225,21228,21231,21234,21237,21240,21243,21246,21249,21252,21255,21258,21261,21264,21267,21270,21273,21276,21279,21282,21285,21288,21291,21294,21297,21300,21303,21306,21309,21312,21315,21318,21321,21324,21327,21330,21333,21336,21339,21342,21345,21348,21351,21354,21357,21360,21363,21369,21375,21381,21387,21393,21396,21399,21402,21405,21408,21411,21414,21417,21420,21423,21426,21429,21432,21435,21438,21441,21444,21447,21450,21453,21456,21459,21462,21465,21468,21471,21474,21477,21480,21483,21486,21489,21492,21495,21498,21501,21504,21507,21510,21513,21516,21519,21522,21525,21528,21531,21534,21537,21540,21543,21546,21549,21552,21555,21558,21561,21564,21567,21570,21573,21576,21579,21582,21585,21588,21591,21594,21597,21600,21603,21606,21609,21612,21615,21618,21621,21624,21627,21630,21633,21636,21639,21642,21645,21648,21651,21654,21657,21660,21663,21666,21669,21672,21675,21678,21681,21684,21687,21690,21693,21696,21699,21702,21705,21708,21711,21714,21717,21720,21723,21726,21729,21732,21735,21738,21741,21744,21747,21750,21753,21756,21759,21762,21765,21768,21771,21774,21777,21780,21783,21789,21795,21801,21807,21813,21816,21819,21822,21825,21828,21831,21834,21837,21840,21843,21846,21849,21852,21855,21858,21861,21864,21867,21870,21873,21876,21879,21882,21885,21888,21891,21894,21897,21900,21903,21906,21909,21912,21915,21918,21921,21924,21927,21930,21933,21936,21939,21942,21945,21948,21951,21954,21957,21960,21963,21966,21969,21972,21975,21978,21981,21984,21987,21990,21993,21996,22002,22008,22011,22014,22017,22020,22023,22026,22029,22032,22035,22038,22041,22044,22047,22050,22053,22056,22059,22062,22065,22068,22071,22074,22077,22080,22086,22092,22098,22104,22110,22113,22116,22119,22122,22125,22128,22131,22134,22137,22140,22143,22149,22155,22161,22167,22173,22176,22179,22182,22185,22188,22191,22194,22197,22200,22203,22206,22209,22212,22215,22218,22221,22224,22227,22230,22236,22239,22242,22245,22248,22251,22254,22257,22260,22263,22266,22269,22272,22275,22278,22281,22284,22287,22290,22293,22296,22299,22302,22305,22308,22311,22314,22317,22320,22323,22326,22329,22332,22335,22338,22341,22344,22347,22350,22353,22356,22359,22362,22365,22368,22371,22374,22377,22380,22383,22386,22389,22392,22395,22398,22401,22404,22407,22410,22413,22416,22419,22422,22425,22428,22431,22434,22437,22440,22443,22446,22449,22452,22455,22458,22461,22464,22467,22470,22473,22476,22479,22482,22485,22488,22491,22494,22497,22500,22503,22506,22509,22512,22515,22518,22521,22524,22527,22530,22533,22536,22542,22551,22557,22566,22572,22578,22584,22590,22596,22602,22605,22608,22614,22623,22629,22635,22641,22647,22653,22656,22659,22662,22665,22668,22671,22674,22677,22680,22683,22686,22689,22692,22695,22698,22701,22704,22707,22710,22713,22716,22719,22722,22725,22728,22731,22734,22737,22740,22743,22746,22749,22752,22755,22758,22761,22764,22767,22770,22773,22776,22779,22782,22785,22788,22791,22794,22797,22800,22803,22806,22809,22812,22815,22818,22821,22824,22827,22830,22833,22836,22839,22842,22845,22848,22851,22854,22857,22860,22887,22938,22944,22950,22956,22959,22962,22965,22968,22971,22974,22977,22980,22983,22986,22989,22992,22995,22998,23001,23004,23007,23010,23013,23016,23019,23022,23025,23028,23031,23034,23037,23040,23043,23046,23049,23052,23055,23058,23061,23064,23067,23070,23073,23076,23079,23082,23085,23088,23091,23094,23097,23157,23184,23190,23250,23310,23370,23430,23490,23550,23610,23670,23730,23790,23850,23898,23958,24018,24078,24138,24174,24234,24294,24354,24414,24474,24516,24522,24528,24531,24534,24537,24540,24543,24546,24549,24552,24555,24558,24561,24564,24567,24570,24573,24576,24579,24582,24585,24588,24591,24594,24597,24600,24603,24606,24609,24612,24615,24621,24627,24633,24639,24645,24651,24654,24657,24663,24669,24675,24681,24690,24696,24699,24702,24705,24708,24711,24714,24717,24720,24723,24726,24729,24732,24735,24738,24741,24744,24747,24750,24753,24756,24759,24762,24765,24768,24771,24774,24777,24780,24783,24786,24789,24792,24795,24798,24801,24804,24807,24810,24813,24816,24819,24822,24825,24828,24831,24834,24837,24840,24843,24846,24849,24852,24855,24858,24861,24864,24867,24870,24873,24876,24879,24882,24885,24888,24891,24894,24897,24900,24903,24906,24909,24912,24915,24918,24921,24924,24927,24930,24933,24936,24939,24942,24945,24948,24951,24954,24957,24960,24963,24966,24969,24972,24975,24978,24981,24984,24987,24990,24993,24996,24999,25002,25005,25008,25011,25014,25017,25020,25023,25026,25029,25032,25035,25038,25041,25044,25047,25050,25053,25056,25059,25062,25065,25068,25071,25074,25077,25080,25083,25086,25089,25092,25095,25098,25101,25104,25107,25110,25113,25119,25125,25128,25131,25134,25137,25140,25143,25146,25149,25152,25155,25158,25161,25164,25167,25170,25173,25176,25179,25182,25185,25188,25191,25194,25197,25203,25209,25212,25215,25218,25221,25224,25227,25230,25233,25236,25239,25242,25245,25248,25251,25254,25257,25260,25263,25266,25269,25272,25275,25278,25281,25284,25287,25290,25293,25296,25299,25302,25305,25308,25311,25314,25317,25320,25323,25326,25329,25332,25335,25338,25341,25344,25347,25350,25353,25356,25359,25362,25365,25368,25371,25374,25377,25380,25383,25386,25389,25392,25395,25398,25401,25404,25407,25410,25413,25416,25419,25422,25425,25428,25431,25434,25437,25440,25443,25446,25449,25452,25455,25458,25461,25464,25467,25470,25473,25476,25479,25482,25485,25488,25491,25494,25497,25500,25503,25506,25509,25512,25515,25518,25521,25524,25527,25530,25533,25536,25539,25542,25545,25548,25551,25554,25557,25560,25563,25566,25569,25572,25575,25578,25581,25584,25587,25590,25593,25596,25599,25602,25605,25608,25611,25614,25617,25620,25623,25626,25629,25632,25635,25638,25641,25644,25647,25650,25653,25656,25659,25662,25665,25668,25671,25674,25677,25680,25683,25686,25689,25692,25695,25698,25701,25704,25707,25710,25713,25716,25719,25722,25725,25728,25731,25734,25737,25740,25743,25746,25749,25752,25755,25758,25761,25764,25767,25770,25773,25776,25779,25782,25785,25788,25791,25794,25797,25800,25803,25806,25809,25812,25815,25818,25821,25824,25827,25830,25833,25836,25839,25845,25851,25857,25860,25863,25866,25869,25872,25875,25878,25881,25884,25887,25890,25893,25896,25899,25902,25905,25908,25911,25914,25917,25920,25923,25926,25929,25932,25935,25938,25941,25944,25947,25950,25953,25956,25959,25962,25965,25968,25971,25974,25977,25980,25983,25986,25989,25992,25995,25998,26001,26004,26007,26010,26013,26016,26019,26022,26025,26028,26031,26034,26037,26040,26043,26046,26049,26052,26055,26058,26061,26064,26067,26070,26073,26076,26079,26082,26085,26088,26091,26094,26097,26100,26103,26106,26109,26112,26115,26118,26121,26124,26127,26130,26133,26136,26139,26142,26145,26148,26151,26154,26157,26160,26163,26166,26169,26172,26175,26178,26181,26184,26187,26190,26193,26196,26199,26202,26205,26208,26211,26214,26217,26220,26223,26226,26229,26232,26235,26238,26241,26244,26247,26250,26253,26256,26259,26262,26265,26268,26271,26274,26277,26280,26283,26286,26289,26292,26295,26298,26301,26304,26307,26310,26313,26316,26319,26322,26325,26328,26331,26334,26337,26340,26343,26346,26349,26352,26355,26358,26361,26364,26367,26370,26373,26376,26379,26382,26385,26388,26391,26394,26397,26400,26403,26406,26409,26412,26415,26418,26421,26424,26427,26430,26433,26436,26439,26442,26445,26448,26451,26454,26457,26460,26463,26466],[37755,37758,37761,37764,37767,37770,37773,37776,37779,37782,37785,37788,37791,37794,37797,37800,37803,37806,37809,37812,37815,37818,37821,37824,37827,37830,37833,37836,37839,37842,37845,37848,37851,37854,37857,37860,37863,37866,37869,37872,37875,37878,37881,37884,37887,37890,37893,37896,37899,37902,37905,37908,37911,37914,37917,37920,37923,37926,37929,37932,37935,37938,37941,37944,37947,37950,37953,37956,37959,37962,37965,37968,37971,37974,37977,37980,37983,37986,37989,37992,37995,37998,38004,38019,38025,38031,38034,38037,38040,38043,38046,38049,38055,38061,38094,38103,38112,38121,38133,38145,38163,38169,38172,38175,38178,38181,38184,38187,38193,38205,38211,38214,38217,38220,38223,38229,38235,38295,38355,38415,38475,38535,38595,38616,38625,38637,38697,38757,38817,38877,38937,38997,39036,39045,39066,39072,39078,39084,39090,39096,39102,39108,39114,39120,39126,39132,39138,39141,39144,39147,39153,39159,39165,39171,39177,39180,39183,39186,39189,39192,39195,39204,39210,39216,39222,39225,39228,39234,39237,39240,39243,39246,39249,39255,39258,39261,39264,39267,39270,39273,39276,39279,39282,39285,39288,39291,39294,39297,39300,39303,39306,39312,39321,39327,39333,39342,39348,39357,39366,39375,39381,39387,39393,39399,39405,39408,39411,39417,39423,39429,39435,39438,39441,39444,39447,39450,39453,39456,39459,39462,39465,39468,39471,39474,39477,39480,39483,39486,39489,39492,39495,39501,39507,39510,39513,39516,39519,39522,39525,39528,39531,39534,39537,39540,39543,39546,39549,39552,39555,39558,39561,39564,39567,39570,39573,39576,39579,39582,39585,39588,39591,39594,39597,39600,39603,39606,39609,39612,39615,39618,39621,39624,39627,39630,39633,39636,39639,39642,39645,39648,39651,39654,39657,39660,39663,39666,39669,39672,39675,39678,39681,39684,39687,39690,39693,39696,39699,39702,39705,39708,39711,39714,39717,39720,39723,39726,39729,39732,39735,39738,39741,39744,39747,39750,39753,39756,39759,39762,39765,39768,39771,39774,39777,39780,39783,39786,39789,39792,39795,39798,39801,39804,39807,39810,39813,39816,39819,39822,39825,39828,39831,39834,39837,39840,39843,39846,39849,39852,39855,39858,39861,39864,39867,39870,39873,39876,39879,39882,39885,39888,39891,39894,39897,39900,39903,39906,39909,39912,39915,39918,39921,39924,39927,39930,39933,39936,39939,39942,39945,39948,39951,39954,39957,39960,39963,39966,39969,39972,39975,39978,39981,39984,39987,39990,39993,39996,39999,40002,40005,40008,40011,40014,40017,40020,40023,40026,40029,40032,40035,40038,40041,40044,40047,40050,40053,40056,40059,40062,40065,40068,40074,40128,40131,40134,40137,40140,40143,40146,40149,40152,40155,40158,40161,40164,40167,40170,40173,40176,40179,40182,40185,40188,40191,40194,40197,40200,40203,40206,40209,40212,40215,40218,40221,40224,40227,40230,40233,40236,40239,40242,40245,40248,40251,40254,40257,40260,40263,40266,40269,40272,40275,40278,40281,40284,40287,40290,40293,40296,40299,40302,40305,40308,40311,40314,40317,40320,40323,40326,40329,40332,40335,40338,40341,40344,40347,40350,40353,40356,40362,40368,40371,40374,40377,40380,40383,40386,40389,40395,40401,40407,40410,40413,40416,40419,40422,40425,40428,40431,40434,40437,40440,40443,40446,40449,40452,40455,40458,40461,40464,40467,40470,40473,40476,40479,40482,40485,40488,40491,40494,40497,40500,40503,40506,40509,40512,40515,40518,40521,40524,40527,40530,40533,40536,40539,40542,40545,40548,40551,40554,40557,40560,40563,40566,40569,40572,40575,40578,40581,40584,40587,40590,40593,40596,40599,40602,40605,40608,40611,40614,40617,40620,40623,40626,40629,40632,40635,40638,40641,40644,40647,40653,40662,40668,40674,40680,40686,40689,40692,40695,40698,40701,40704,40707,40710,40713,40716,40719,40722,40725,40728,40731,40734,40737,40740,40743,40746,40749,40752,40755,40758,40761,40764,40767,40770,40773,40776,40779,40782,40785,40788,40791,40794,40797,40800,40803,40806,40809,40827,40833,40836,40839,40842,40845,40848,40851,40854,40857,40860,40863,40866,40869,40872,40875,40881,40890,40896,40899,40902,40905,40908,40911,40914,40917,40920,40923,40926,40929,40932,40935,40938,40944,40950,40956,40959,40962,40965,40968,40971,40974,40977,40980,40986,40989,40992,40995,40998,41001,41004,41007,41010,41013,41016,41022,41028,41031,41034,41037,41040,41046,41052,41058,41064,41070,41076,41082,41088,41094,41097,41100,41103,41106,41109,41112,41115,41118,41121,41124,41130,41136,41139,41142,41145,41148,41151,41154,41157,41160,41169,41175,41181,41184,41187,41190,41193,41196,41199,41202,41205,41208,41211,41214,41217,41220,41223,41226,41229,41232,41235,41238,41241,41244,41247,41250,41253,41256,41259,41262,41265,41268,41271,41274,41277,41280,41283,41286,41289,41292,41295,41298,41301,41304,41307,41310,41313,41316,41319,41322,41325,41328,41331,41334,41337,41340,41343,41346,41349,41352,41355,41358,41361,41364,41367,41370,41373,41376,41379,41382,41385,41388,41391,41394,41397,41400,41403,41406,41409,41412,41415,41418,41421,41424,41427,41430,41433,41436,41439,41442,41445,41448,41451,41454,41457,41460,41463,41466,41469,41472,41475,41478,41481,41484,41487,41490,41493,41496,41499,41502,41505,41508,41511,41514,41517,41520,41523,41526,41529,41532,41535,41538,41541,41544,41547,41550,41553,41556,41559,41562,41565,41568,41571,41574,41577,41580,41583,41586,41589,41592,41595,41598,41601,41604,41607,41610,41613,41616,41619,41622,41625,41628,41631,41634,41637,41640,41643,41646,41649,41652,41655,41658,41661,41664,41667,41670,41673,41676,41679,41682,41685,41688,41691,41694,41697,41700,41703,41706,41709,41712,41715,41718,41721,41724,41727,41730,41733,41736,41739,41742,41745,41748,41751,41754,41757,41760,41763,41766,41769,41772,41775,41778,41781,41784,41787,41790,41793,41799,41829,41841,41850,41856,41859,41862,41865,41868,41871,41874,41877,41880,41883,41886,41889,41892,41895,41898,41901,41904,41907,41910,41913,41916,41919,41922,41925,41928,41931,41934,41937,41940,41943,41946,41949,41952,41955,41958,41961,41964,41967,41970,41973,41976,41979,41982,41985,41988,41991,41994,41997,42000,42003,42006,42009,42012,42015,42018,42021,42024,42027,42030,42033,42036,42039,42042,42045,42048,42051,42054,42057,42060,42063,42066,42069,42072,42075,42078,42081,42084,42087,42090,42093,42096,42099,42102,42105,42108,42111,42114,42117,42120,42123,42126,42129,42132,42135,42138,42141,42144,42147,42150,42153,42156,42159,42162,42165,42168,42171,42174,42177,42180,42183,42186,42189,42192,42195,42198,42201,42204,42207,42210,42213,42216,42219,42222,42225,42228,42231,42234,42237,42240,42243,42246,42249,42252,42255,42258,42261,42264,42267,42270,42276,42294,42303,42309,42315,42321,42327,42336,42348,42357,42369,42378,42390,42396,42402,42408,42414,42423,42432,42438,42447,42453,42459,42465,42471,42477,42483,42489,42495,42498,42501,42504,42507,42510,42513,42516,42519,42522,42525,42528,42531,42534,42537,42540,42543,42546,42549,42552,42555,42558,42561,42564,42567,42570,42573,42579,42585,42600,42609,42615,42624,42630,42636,42642,42648,42654,42660,42666,42672,42678,42684,42690,42696,42702,42708,42714,42720,42726,42732,42738,42744,42750,42756,42762,42768,42789,42798,42810,42822,42828,42837,42846,42855,42861,42867,42873,42876,42879,42882,42885,42888,42891,42894,42897,42900,42903,42906,42909,42912,42915,42918,42921,42924,42930,42936,42942,42948,42954,42960,42963,42966,42969,42972,42975,42978,42981,42984,42987,42990,42993,42996,42999,43002,43005,43008,43011,43014,43017,43020,43023,43026,43029,43032,43035,43038,43041,43044,43047,43050,43053,43056,43059,43062,43065,43068,43071,43074,43077,43083,43089,43095,43101,43107,43110,43113,43119,43122,43128,43131,43134,43137,43140,43143,43146,43149,43152,43155,43161,43170,43176,43182,43191,43197,43209,43224,43236,43254,43266,43281,43290,43299,43326,43335,43359,43374,43395,43404,43422,43437,43449,43458,43467,43476,43485,43491,43497,43500,43503,43509,43515,43518,43524,43527,43530,43533,43536,43539,43542,43545,43548,43551,43554,43557,43560,43563,43566,43569,43572,43575,43578,43581,43584,43587,43590,43593,43596,43599,43602,43605,43608,43611,43614,43617,43620,43623,43626,43629,43632,43635,43638,43641,43644,43647,43650,43653,43656,43659,43662,43665,43668,43671,43674,43677,43680,43683,43686,43689,43692,43695,43698,43701,43704,43707,43710,43713,43716,43719,43722,43725,43728,43731,43734,43737,43740,43743,43746,43749,43752,43755,43758,43761,43764,43767,43770,43773,43776,43779,43782,43785,43788,43791,43794,43797,43800,43803,43806,43809,43812,43815,43818,43821,43824,43827,43830,43833,43836,43839,43842,43845,43848,43851,43854,43857,43860,43863,43866,43869,43872,43875,43878,43881,43884,43887,43890,43893,43899,43914,43920,43923,43926,43932,43938,43944,43950,43953,43956,43959,43962,43965,43968,43974,43980,43983,43986,43989,43992,43995,43998,44001,44007,44013,44016,44019,44022,44025,44031,44043,44049,44052,44055,44058,44061,44067,44073,44079,44088,44094,44100,44106,44112,44118,44124,44127,44133,44142,44148,44151,44157,44163,44166,44169,44175,44181,44187,44193,44199,44205,44211,44217,44223,44229,44244,44256,44265,44271,44277,44283,44289,44295,44304,44310,44313,44319,44328,44340,44400,44460,44520]]},"geometry":{"type":"MultiLineString","coordinates":[[[51.55323,35.73113],[51.55373,35.73072],[51.55432,35.73034],[51.55465,35.72999],[51.55517,35.72965],[51.55494,35.72934],[51.55457,35.72903],[51.5541,35.729],[51.55346,35.72889],[51.55267,35.72876],[51.55196,35.72869],[51.5515,35.72856],[51.55093,35.72846],[51.55018,35.7284],[51.54931,35.72832],[51.54886,35.72828],[51.54799,35.72818],[51.54747,35.72812],[51.54694,35.72807],[51.54637,35.72803],[51.5458,35.72796],[51.54521,35.72791],[51.54462,35.72787],[51.54403,35.72783],[51.5434,35.72782],[51.54277,35.72778],[51.54214,35.72774],[51.54152,35.72769],[51.54091,35.7276],[51.54029,35.72751],[51.53967,35.72741],[51.53901,35.72741],[51.53837,35.72739],[51.53772,35.72733],[51.53706,35.72727],[51.53641,35.72722],[51.53576,35.72718],[51.53512,35.72713],[51.53448,35.72707],[51.53384,35.72699],[51.53319,35.72692],[51.53255,35.72687],[51.53192,35.72684],[51.5313,35.72679],[51.53076,35.72667],[51.53022,35.72664],[51.52967,35.7266],[51.52916,35.72653],[51.5287,35.72646],[51.52785,35.72638],[51.52695,35.72632],[51.5265,35.72626],[51.52564,35.72612],[51.52518,35.7261],[51.52435,35.72598],[51.5236,35.72589],[51.52283,35.72584],[51.52238,35.72578],[51.52222,35.72541],[51.52212,35.72503],[51.52192,35.72462],[51.52176,35.72426],[51.52223,35.72255],[51.52129,35.72242],[51.52078,35.72233],[51.5203,35.72222],[51.51982,35.72212],[51.51929,35.72206],[51.51871,35.72201],[51.51809,35.72196],[51.51744,35.72189],[51.51677,35.72179],[51.51611,35.72165],[51.51545,35.72146],[51.5148,35.72121],[51.51416,35.72091],[51.51354,35.72056],[51.51295,35.72015],[51.5124,35.7197],[51.51188,35.71921],[51.51137,35.71869],[51.51085,35.71818],[51.51035,35.71768],[51.50985,35.71718],[51.50935,35.71669],[51.50888,35.71619],[51.50841,35.71569],[51.50796,35.71516],[51.50752,35.71465],[51.5071,35.71415],[51.50669,35.71363],[51.50625,35.71308],[51.50579,35.71252],[51.50532,35.71191],[51.50488,35.7113],[51.50449,35.71066],[51.50418,35.71001],[51.5039,35.70936],[51.50364,35.70871],[51.50337,35.70806],[51.50311,35.70742],[51.50285,35.70679],[51.50256,35.70615],[51.50225,35.70551],[51.50193,35.70488],[51.50164,35.70424],[51.50137,35.70361],[51.50111,35.703],[51.50088,35.70239],[51.50065,35.70178],[51.50039,35.70117],[51.50008,35.70055],[51.49972,35.69996],[51.49936,35.69941],[51.49899,35.69886],[51.4986,35.69831],[51.49817,35.69777],[51.49773,35.69725],[51.49731,35.69676],[51.49689,35.69627],[51.49648,35.69578],[51.4961,35.69528],[51.49571,35.69479],[51.49531,35.6943],[51.49491,35.69381],[51.4945,35.69331],[51.4941,35.69282],[51.49377,35.69226],[51.49352,35.6917],[51.4933,35.69115],[51.49311,35.69057],[51.49294,35.69],[51.49281,35.68945],[51.49275,35.6889],[51.49273,35.68835],[51.49271,35.68778],[51.49271,35.68722],[51.4927,35.68666],[51.49269,35.6861],[51.49269,35.68554],[51.4927,35.68499],[51.49269,35.68448],[51.49268,35.684],[51.49266,35.68352],[51.49264,35.68306],[51.49263,35.6826],[51.49261,35.68214],[51.4926,35.68169],[51.49259,35.68126],[51.49257,35.68086],[51.49251,35.68017],[51.49247,35.67964],[51.49244,35.67925],[51.49243,35.67874],[51.49243,35.67818],[51.49242,35.67774],[51.49241,35.67721],[51.4924,35.67651],[51.49239,35.67611],[51.49238,35.67573],[51.49236,35.67533],[51.49235,35.67492],[51.49232,35.6745],[51.49231,35.67408],[51.4923,35.67364],[51.49229,35.67321],[51.49227,35.67281],[51.49225,35.67214],[51.49222,35.67154],[51.49221,35.67107],[51.4922,35.67066],[51.4922,35.67027],[51.49219,35.66986],[51.49217,35.6693],[51.49217,35.66865],[51.49215,35.66807],[51.49207,35.66749],[51.49191,35.66687],[51.49175,35.66634],[51.4916,35.66582],[51.49144,35.66537],[51.49128,35.66492],[51.49116,35.66457],[51.49104,35.6642],[51.49091,35.66384],[51.49078,35.66344],[51.49065,35.66308],[51.49049,35.6626],[51.49037,35.66222],[51.49023,35.66183],[51.49005,35.66131],[51.48985,35.6607],[51.48967,35.66018],[51.48949,35.65962],[51.48927,35.65901],[51.48905,35.65839],[51.48875,35.65778],[51.48831,35.65715],[51.48805,35.65683],[51.48779,35.65621],[51.48785,35.65557],[51.48782,35.65515],[51.48774,35.65472],[51.48761,35.65432],[51.48743,35.65374],[51.48723,35.65311],[51.487,35.65248],[51.48681,35.65192],[51.48665,35.65142],[51.48649,35.65095],[51.48627,35.65033],[51.48616,35.64996],[51.48595,35.64929],[51.48572,35.64862],[51.4855,35.64807],[51.4853,35.64749],[51.48513,35.64679],[51.48506,35.64637],[51.485,35.64593],[51.48495,35.64552],[51.48489,35.64512],[51.48479,35.64442],[51.4847,35.64372],[51.4846,35.64306],[51.48452,35.64247],[51.48444,35.64192],[51.48437,35.64135],[51.48427,35.6407],[51.4842,35.64004],[51.48412,35.63937],[51.48406,35.63895],[51.48395,35.63854],[51.48377,35.63809],[51.48343,35.63755],[51.48286,35.63702],[51.48248,35.63679],[51.48203,35.6366],[51.48156,35.63645],[51.48101,35.63642],[51.48048,35.63645],[51.47996,35.63655],[51.47945,35.63672],[51.47897,35.63694],[51.47852,35.63715],[51.47808,35.63735],[51.47765,35.63756],[51.47723,35.63776],[51.47684,35.63794],[51.47606,35.63819],[51.47522,35.63823],[51.47436,35.63809],[51.47393,35.63793],[51.4735,35.63767],[51.4731,35.63733],[51.47273,35.63692],[51.47237,35.63648],[51.47199,35.63606],[51.47158,35.6357],[51.47113,35.63537],[51.47067,35.63507],[51.4702,35.63479],[51.46973,35.63455],[51.46925,35.63434],[51.46879,35.63418],[51.46834,35.63402],[51.46785,35.63383],[51.46737,35.63363],[51.46691,35.63342],[51.46646,35.63323],[51.46605,35.63305],[51.46562,35.63288],[51.46519,35.63269],[51.46473,35.63251],[51.46427,35.63233],[51.46382,35.63216],[51.46337,35.63201],[51.46289,35.63184],[51.46237,35.63168],[51.46183,35.63151],[51.46128,35.63136],[51.46074,35.63122],[51.46018,35.6311],[51.45962,35.63098],[51.45905,35.63087],[51.45848,35.63074],[51.45791,35.63063],[51.45744,35.63051],[51.45698,35.6304],[51.4565,35.63028],[51.456,35.63015],[51.45545,35.63003],[51.45485,35.62993],[51.45423,35.62985],[51.45359,35.62978],[51.45292,35.62973],[51.45226,35.62969],[51.45158,35.62967],[51.45088,35.62965],[51.45016,35.62965],[51.44944,35.62965],[51.44871,35.62964],[51.44797,35.62962],[51.44721,35.6296],[51.44644,35.62955],[51.44565,35.62948],[51.44484,35.6294],[51.44403,35.6293],[51.44325,35.62919],[51.44249,35.62907],[51.44177,35.62896],[51.44109,35.62882],[51.44038,35.62868],[51.43966,35.6285],[51.43892,35.62832],[51.43818,35.62813],[51.43744,35.62791],[51.4367,35.62768],[51.43596,35.62745],[51.43523,35.62719],[51.43453,35.62692],[51.43382,35.62664],[51.43311,35.62633],[51.43239,35.62601],[51.43167,35.62568],[51.43096,35.62533],[51.43027,35.62497],[51.42959,35.62459],[51.42893,35.62421],[51.42828,35.62381],[51.42765,35.62341],[51.42703,35.62301],[51.42643,35.6226],[51.42582,35.62217],[51.42524,35.62173],[51.42472,35.62132],[51.42423,35.62096],[51.42379,35.6206],[51.42334,35.6202],[51.42288,35.6198],[51.4224,35.61938],[51.4219,35.61895],[51.42136,35.61852],[51.42082,35.61813],[51.42027,35.61774],[51.41967,35.61737],[51.41905,35.61702],[51.41841,35.61669],[51.41776,35.61639],[51.41713,35.61613],[51.41648,35.61589],[51.41583,35.61568],[51.41519,35.6155],[51.41456,35.61534],[51.41397,35.61521],[51.41338,35.61509],[51.41278,35.61499],[51.41219,35.6149],[51.41159,35.61483],[51.41097,35.61477],[51.41038,35.61471],[51.40978,35.61464],[51.40921,35.61457],[51.40865,35.61451],[51.40809,35.61449],[51.40753,35.61448],[51.40696,35.61448],[51.4064,35.61448],[51.40591,35.61449],[51.40516,35.61449],[51.40449,35.61451],[51.40379,35.61451],[51.40303,35.61451],[51.40221,35.61451],[51.40176,35.6145],[51.40126,35.6145],[51.40073,35.61449],[51.40017,35.61449],[51.39961,35.61449],[51.39903,35.61448],[51.39844,35.61448],[51.39784,35.61447],[51.39723,35.61447],[51.3966,35.61446],[51.39594,35.61445],[51.39527,35.61444],[51.39457,35.61443],[51.39387,35.61443],[51.39317,35.61443],[51.3925,35.61442],[51.39189,35.61441],[51.39135,35.61441],[51.39075,35.61441],[51.39011,35.61441],[51.38943,35.61442],[51.38873,35.61442],[51.38805,35.61441],[51.38737,35.61441],[51.38669,35.61442],[51.386,35.61442],[51.38532,35.61443],[51.38464,35.61443],[51.38397,35.61443],[51.38329,35.61443],[51.38262,35.61444],[51.38196,35.61445],[51.38131,35.61445],[51.38065,35.61445],[51.38001,35.61444],[51.37937,35.61442],[51.37873,35.6144],[51.37809,35.61436],[51.37746,35.61432],[51.37682,35.61428],[51.37619,35.61424],[51.37554,35.61416],[51.37488,35.61407],[51.3742,35.61401],[51.37353,35.61393],[51.3729,35.61383],[51.3723,35.61371],[51.37174,35.61361],[51.37119,35.61351],[51.37064,35.6134],[51.37007,35.61327],[51.36948,35.61313],[51.36888,35.61298],[51.3683,35.61282],[51.36773,35.61266],[51.36717,35.6125],[51.36662,35.61234],[51.36606,35.61219],[51.36554,35.61205],[51.36503,35.6119],[51.3645,35.61174],[51.36394,35.61158],[51.36333,35.61141],[51.36272,35.61124],[51.3621,35.61108],[51.36147,35.61098],[51.36079,35.61087],[51.36008,35.61073],[51.35941,35.61057],[51.35872,35.61041],[51.35802,35.61025],[51.35733,35.61008],[51.35668,35.60989],[51.35605,35.60972],[51.35545,35.60954],[51.35486,35.60938],[51.35428,35.60923],[51.35373,35.60909],[51.3532,35.60894],[51.35264,35.60883],[51.35207,35.60872],[51.35148,35.60863],[51.35089,35.60854],[51.35028,35.60846],[51.34968,35.60841],[51.34911,35.60837],[51.34852,35.60833],[51.3479,35.60831],[51.34725,35.60832],[51.34658,35.60835],[51.34591,35.60839],[51.34521,35.60845],[51.34454,35.60853],[51.34389,35.60862],[51.34319,35.60872],[51.34248,35.60885],[51.34175,35.609],[51.34106,35.60916],[51.34038,35.60934],[51.33973,35.60953],[51.33909,35.60975],[51.33846,35.60997],[51.33781,35.61021],[51.33716,35.61049],[51.33653,35.6108],[51.33592,35.61112],[51.33535,35.61143],[51.33481,35.61174],[51.33429,35.61208],[51.33379,35.61241],[51.33331,35.61277],[51.33283,35.61312],[51.33238,35.61346],[51.33195,35.61382],[51.33155,35.61417],[51.33118,35.61451],[51.33083,35.61483],[51.33049,35.61516],[51.33016,35.6155],[51.32981,35.61587],[51.32946,35.61627],[51.32911,35.61668],[51.32876,35.61709],[51.32839,35.61751],[51.32803,35.61792],[51.32771,35.61833],[51.32737,35.61874],[51.32705,35.61911],[51.32675,35.61945],[51.32648,35.61977],[51.32604,35.62032],[51.32571,35.6208],[51.32531,35.62124],[51.32494,35.62167],[51.32446,35.62225],[51.32421,35.62256],[51.32394,35.62287],[51.32365,35.6232],[51.32335,35.62356],[51.32303,35.62393],[51.32271,35.62432],[51.32239,35.6247],[51.32206,35.62507],[51.32176,35.62541],[51.32147,35.62574],[51.32118,35.62605],[51.32089,35.62636],[51.32058,35.62667],[51.32029,35.62697],[51.31998,35.62727],[51.31967,35.62756],[51.31932,35.62787],[51.31898,35.62818],[51.31863,35.62846],[51.31824,35.62878],[51.31781,35.62911],[51.31735,35.62944],[51.3169,35.62976],[51.31644,35.63006],[51.316,35.63036],[51.31553,35.63064],[51.31507,35.63093],[51.31461,35.63119],[51.31415,35.63144],[51.3137,35.63169],[51.31326,35.63194],[51.3128,35.63219],[51.31233,35.63244],[51.31185,35.63269],[51.31136,35.63294],[51.31089,35.63318],[51.31041,35.63344],[51.30991,35.6337],[51.30942,35.63395],[51.30893,35.63419],[51.30843,35.63443],[51.30791,35.63469],[51.30738,35.63496],[51.30683,35.63524],[51.30629,35.63552],[51.30575,35.6358],[51.3052,35.63608],[51.30463,35.63637],[51.30406,35.63666],[51.30348,35.63696],[51.30291,35.63726],[51.30233,35.63755],[51.30175,35.63785],[51.30119,35.63813],[51.30063,35.6384],[51.30009,35.63867],[51.29956,35.63894],[51.29906,35.6392],[51.2986,35.63942],[51.29818,35.63965],[51.29777,35.63986],[51.29709,35.6402],[51.29639,35.64055],[51.296,35.64074],[51.29561,35.64094],[51.2952,35.64114],[51.29477,35.64135],[51.29434,35.64155],[51.2939,35.64175],[51.29345,35.64198],[51.29297,35.6422],[51.29249,35.64242],[51.29201,35.64265],[51.29157,35.64287],[51.29113,35.64308],[51.29069,35.64328],[51.29027,35.64349],[51.28983,35.64369],[51.2894,35.64389],[51.28896,35.6441],[51.28851,35.6443],[51.28807,35.64451],[51.28762,35.64471],[51.28718,35.6449],[51.28674,35.64511],[51.28631,35.64529],[51.28591,35.64547],[51.28516,35.6458],[51.28451,35.6461],[51.28393,35.64634],[51.28325,35.64664],[51.28245,35.64699],[51.28202,35.64717],[51.28154,35.64737],[51.28105,35.64757],[51.28056,35.64778],[51.28005,35.648],[51.27956,35.64821],[51.27907,35.64841],[51.2786,35.6486],[51.27815,35.64879],[51.27771,35.64898],[51.27732,35.64915],[51.27674,35.6494],[51.27628,35.6496],[51.27585,35.64979],[51.27515,35.65009],[51.27434,35.65039],[51.27391,35.65058],[51.27346,35.65076],[51.27298,35.65095],[51.27252,35.65114],[51.27206,35.65131],[51.27161,35.65147],[51.27114,35.65164],[51.27068,35.65182],[51.27019,35.65201],[51.26969,35.6522],[51.26919,35.6524],[51.26868,35.65259],[51.26819,35.65278],[51.26768,35.65297],[51.26715,35.65317],[51.26664,35.65337],[51.26615,35.65356],[51.26571,35.65373],[51.2653,35.65389],[51.26452,35.65417],[51.26411,35.65433],[51.26369,35.65449],[51.26325,35.65466],[51.2628,35.65483],[51.26233,35.65499],[51.26184,35.65517],[51.26134,35.65535],[51.26083,35.65555],[51.26029,35.65574],[51.25977,35.65593],[51.25926,35.6561],[51.25876,35.65628],[51.25828,35.65646],[51.25782,35.65663],[51.25735,35.65679],[51.25689,35.65696],[51.25644,35.65713],[51.25602,35.65729],[51.25558,35.65745],[51.25514,35.65761],[51.2547,35.65777],[51.25425,35.65793],[51.2538,35.6581],[51.25334,35.65828],[51.25286,35.65846],[51.25237,35.65864],[51.25187,35.65882],[51.25137,35.65899],[51.25088,35.65918],[51.25039,35.65935],[51.24991,35.65953],[51.24942,35.65971],[51.24889,35.6599],[51.24837,35.66008],[51.24786,35.66026],[51.24733,35.66043],[51.24681,35.66063],[51.24632,35.6608],[51.24584,35.66097],[51.24539,35.66114],[51.24495,35.66129],[51.24452,35.66144],[51.2441,35.6616],[51.24365,35.66176],[51.24321,35.66193],[51.24279,35.6621],[51.24236,35.66228],[51.24192,35.66247],[51.24147,35.66266],[51.24101,35.66287],[51.24057,35.6631],[51.24013,35.66332],[51.23971,35.66354],[51.23929,35.66379],[51.23889,35.66404],[51.23849,35.66429],[51.23813,35.66458],[51.23775,35.66486],[51.23738,35.66515],[51.23698,35.66546],[51.23659,35.66579],[51.2362,35.66615],[51.23585,35.6665],[51.2355,35.66686],[51.23516,35.66723],[51.23482,35.66761],[51.23451,35.66799],[51.23423,35.66837],[51.23398,35.66876],[51.23372,35.66912],[51.23348,35.6695],[51.23325,35.6699],[51.23302,35.67034],[51.23281,35.67079],[51.23263,35.67126],[51.23243,35.67173],[51.23224,35.67223],[51.23209,35.67274],[51.23197,35.67326],[51.23186,35.67377],[51.23178,35.67426],[51.23172,35.67471],[51.23168,35.67513],[51.23166,35.67555],[51.23165,35.67598],[51.23164,35.67643],[51.23165,35.67688],[51.23167,35.67735],[51.23171,35.67782],[51.23177,35.67828],[51.23185,35.67875],[51.23197,35.67921],[51.23208,35.67966],[51.23221,35.68011],[51.23235,35.68051],[51.23249,35.68089],[51.23264,35.68124],[51.23281,35.6816],[51.23302,35.68197],[51.23319,35.68232],[51.23346,35.68282],[51.23365,35.68317],[51.23382,35.68352],[51.23416,35.68396],[51.2345,35.68438],[51.23497,35.68483],[51.2356,35.68524],[51.23639,35.6852],[51.23686,35.68469],[51.23671,35.68402],[51.23651,35.68367],[51.23623,35.68334],[51.23567,35.68304],[51.23508,35.68306],[51.23445,35.68324],[51.23367,35.68349],[51.23288,35.68374],[51.23219,35.68398],[51.23144,35.68421],[51.23101,35.68435],[51.23055,35.68451],[51.23005,35.6847],[51.22952,35.68491],[51.22901,35.68512],[51.2285,35.68532],[51.22799,35.68551],[51.22748,35.6857],[51.22696,35.6859],[51.22643,35.68611],[51.22587,35.68633],[51.22528,35.68655],[51.22467,35.68679],[51.22407,35.68702],[51.22345,35.68727],[51.22281,35.68752],[51.22214,35.68779],[51.22145,35.68806],[51.22076,35.68835],[51.22007,35.68863],[51.2194,35.6889],[51.21872,35.68918],[51.21803,35.68945],[51.21734,35.68973],[51.21665,35.69002],[51.21595,35.69031],[51.21523,35.6906],[51.21451,35.69089],[51.21381,35.69117],[51.21311,35.69145],[51.21239,35.69175],[51.21163,35.69204],[51.2109,35.69235],[51.21016,35.69264],[51.20949,35.69294],[51.20882,35.69324],[51.20813,35.69353],[51.20743,35.69382],[51.20673,35.69411],[51.20602,35.6944],[51.20532,35.6947],[51.20459,35.69498],[51.20386,35.69527],[51.20311,35.69557],[51.20237,35.69587],[51.20162,35.69617],[51.20087,35.69648],[51.20011,35.69679],[51.19934,35.69711],[51.19857,35.69741],[51.1978,35.69771],[51.19703,35.698],[51.19629,35.69829],[51.19555,35.69858],[51.19482,35.69888],[51.19411,35.69916],[51.19338,35.69945],[51.19265,35.69975],[51.19188,35.70006],[51.19109,35.70038],[51.19028,35.7007],[51.18952,35.70101],[51.18877,35.7013],[51.18801,35.70159],[51.18726,35.70191],[51.18653,35.70221],[51.18589,35.70246],[51.18536,35.70268],[51.18493,35.70286],[51.1845,35.70305],[51.18404,35.70323],[51.18341,35.7035],[51.18267,35.7038],[51.18188,35.70406],[51.18142,35.70421],[51.18092,35.70436],[51.18039,35.7045],[51.17983,35.70466],[51.17922,35.70481],[51.17859,35.70495],[51.17794,35.70511],[51.17726,35.70527],[51.17653,35.70544],[51.17579,35.70562],[51.17502,35.7058],[51.17424,35.706],[51.17343,35.70619],[51.17261,35.70639],[51.17178,35.7066],[51.17097,35.70681],[51.17015,35.707],[51.16932,35.7072],[51.16849,35.7074],[51.16766,35.70759],[51.16687,35.70776],[51.16609,35.70792],[51.16531,35.70809],[51.16454,35.70828],[51.16378,35.7085],[51.16302,35.70874],[51.16227,35.70899],[51.16153,35.70924],[51.16079,35.70949],[51.16004,35.70975],[51.15928,35.71],[51.15853,35.71025],[51.15778,35.71049],[51.15704,35.71072],[51.15631,35.71097],[51.15555,35.71122],[51.15481,35.71147],[51.15408,35.71173],[51.15334,35.71199],[51.15261,35.71225],[51.15193,35.71246],[51.15128,35.71271],[51.15061,35.713],[51.1499,35.71326],[51.14921,35.7135],[51.14862,35.71371],[51.1482,35.71387],[51.14795,35.71399],[51.14739,35.71416],[51.14676,35.71437],[51.14669,35.71443],[51.14669,35.71443],[51.14669,35.71443],[51.14669,35.71443],[51.14669,35.71443],[51.14669,35.71443],[51.1467,35.71443],[51.1467,35.71443],[51.14669,35.71443],[51.1467,35.71443],[51.1467,35.71442],[51.14622,35.7146],[51.146,35.71469],[51.146,35.71469],[51.14583,35.71475],[51.14565,35.71482],[51.1452,35.71497],[51.14519,35.71529],[51.14518,35.71532],[51.14507,35.7154],[51.14507,35.7154],[51.14507,35.7154],[51.14474,35.71513],[51.14418,35.71531],[51.14332,35.71559],[51.14285,35.71579],[51.14236,35.71601],[51.14186,35.71624],[51.14133,35.71651],[51.1408,35.71679],[51.14027,35.7171],[51.13972,35.71744],[51.13918,35.71781],[51.13864,35.71818],[51.13811,35.71858],[51.13759,35.719],[51.13707,35.7194],[51.13653,35.71981],[51.13599,35.72023],[51.13546,35.72065],[51.13493,35.72105],[51.13441,35.72146],[51.13389,35.72186],[51.13336,35.72228],[51.13284,35.72272],[51.13232,35.72317],[51.1318,35.72362],[51.13129,35.72408],[51.1308,35.72454],[51.13033,35.725],[51.1299,35.72541],[51.12949,35.72579],[51.12912,35.72613],[51.1288,35.72643],[51.12826,35.72692],[51.12784,35.72745],[51.12769,35.72807],[51.12788,35.7286],[51.1281,35.72906],[51.12842,35.72973],[51.12862,35.7301],[51.1288,35.73045],[51.12879,35.73102],[51.12822,35.73116],[51.12747,35.7313],[51.12685,35.73142],[51.12639,35.7315],[51.12582,35.73171],[51.12542,35.73186],[51.12498,35.73204],[51.12451,35.73227],[51.12405,35.73254],[51.12356,35.73282],[51.12302,35.7331],[51.12245,35.73338],[51.12186,35.73367],[51.12127,35.73396],[51.12066,35.73426],[51.12008,35.73459],[51.11953,35.73493],[51.11902,35.73525],[51.11846,35.73554],[51.11787,35.73583],[51.11726,35.73613],[51.11665,35.73644],[51.11602,35.73676],[51.11537,35.73706],[51.11469,35.73732],[51.11396,35.73754],[51.1132,35.73775],[51.11243,35.73797],[51.11166,35.7382],[51.11091,35.73843],[51.11014,35.73864],[51.10933,35.73885],[51.10853,35.73909],[51.10774,35.73932],[51.10695,35.73958],[51.10615,35.73982],[51.10534,35.74002],[51.10452,35.74018],[51.10369,35.74031],[51.10284,35.74043],[51.102,35.74056],[51.10115,35.74068],[51.10031,35.74083],[51.09948,35.74101],[51.09868,35.74119],[51.09787,35.74136],[51.09706,35.74153],[51.09624,35.74169],[51.09544,35.74186],[51.09463,35.74202],[51.09384,35.74218],[51.09306,35.74233],[51.09228,35.74248],[51.0915,35.74263],[51.0907,35.74279],[51.08992,35.74294],[51.08914,35.74312],[51.08836,35.74331],[51.08762,35.74352],[51.08688,35.74375],[51.08617,35.74401],[51.08552,35.74435],[51.0849,35.74472],[51.08428,35.74512],[51.08366,35.74552],[51.08306,35.74591],[51.08247,35.74627],[51.08191,35.74664],[51.08137,35.74698],[51.08084,35.74732],[51.08032,35.74766],[51.07979,35.748],[51.07927,35.74833],[51.07872,35.74863],[51.07815,35.74894],[51.07753,35.74923],[51.07689,35.74952],[51.07626,35.74981],[51.07565,35.75008],[51.07506,35.75034],[51.07454,35.75056],[51.07398,35.75073],[51.07341,35.75096],[51.0728,35.75122],[51.07217,35.75148],[51.07156,35.75175],[51.07105,35.75198],[51.07051,35.75219],[51.06995,35.75242],[51.06936,35.75266],[51.06875,35.75292],[51.06814,35.75319],[51.06751,35.75345],[51.06691,35.75371],[51.06633,35.75397],[51.06576,35.75424],[51.06519,35.7545],[51.06464,35.75478],[51.06407,35.75505],[51.06351,35.75532],[51.06293,35.7556],[51.06234,35.75587],[51.06175,35.75614],[51.06116,35.75641],[51.06058,35.75669],[51.06,35.75696],[51.05942,35.75724],[51.05882,35.75749],[51.05823,35.75776],[51.05764,35.75803],[51.05705,35.7583],[51.05643,35.75858],[51.05582,35.75888],[51.05523,35.75917],[51.05468,35.7595],[51.05415,35.75986],[51.05363,35.76024],[51.05313,35.76064],[51.05262,35.76104],[51.05205,35.7614],[51.05143,35.76174],[51.05078,35.76205],[51.05013,35.76236],[51.04947,35.76266],[51.04881,35.76298],[51.04815,35.7633],[51.0475,35.76361],[51.04687,35.76389],[51.04623,35.76418],[51.0456,35.76447],[51.04496,35.76475],[51.04436,35.76503],[51.04379,35.76531],[51.04323,35.76562],[51.04268,35.76597],[51.04218,35.76637],[51.04171,35.76681],[51.04125,35.76726],[51.04079,35.76772],[51.04036,35.76816],[51.03995,35.76859],[51.03956,35.76899],[51.03922,35.76932],[51.03893,35.7696],[51.03843,35.76994],[51.03782,35.77047],[51.03747,35.77082],[51.03712,35.77119],[51.03674,35.7716],[51.03638,35.77199],[51.03601,35.77237],[51.03564,35.77276],[51.03528,35.77316],[51.0349,35.77357],[51.03454,35.77399],[51.03422,35.7744],[51.03396,35.77481],[51.03371,35.77524],[51.03337,35.77565],[51.03298,35.77602],[51.03253,35.77638],[51.03209,35.77676],[51.03169,35.77716],[51.03131,35.77756],[51.03096,35.77796],[51.03062,35.77833],[51.03032,35.77868],[51.03001,35.77902],[51.02969,35.77934],[51.02942,35.77963],[51.02891,35.78022],[51.0283,35.78078],[51.02796,35.78108],[51.02761,35.7814],[51.02725,35.78172],[51.02691,35.78203],[51.02657,35.78233],[51.02618,35.78265],[51.02578,35.78299],[51.02537,35.78335],[51.02499,35.7837],[51.02463,35.78403],[51.02426,35.78435],[51.02387,35.78468],[51.02349,35.78503],[51.02309,35.78538],[51.02269,35.78575],[51.0223,35.78613],[51.02194,35.78652],[51.02159,35.78687],[51.02123,35.78717],[51.02088,35.78747],[51.02059,35.78779],[51.0203,35.78814],[51.02002,35.7885],[51.01973,35.78885],[51.0194,35.78917],[51.01895,35.78938],[51.01838,35.78945],[51.01776,35.78948],[51.01709,35.78953],[51.01642,35.78966],[51.01572,35.78981],[51.01497,35.78993],[51.01419,35.79004],[51.01341,35.79014],[51.01262,35.79024],[51.01185,35.79032],[51.01107,35.79037],[51.01031,35.79041],[51.00954,35.79045],[51.00879,35.79049],[51.00806,35.79053],[51.0073,35.79058],[51.00655,35.79062],[51.00582,35.79066],[51.00511,35.7907],[51.00442,35.79073],[51.00373,35.79077],[51.00301,35.79081],[51.00229,35.79085],[51.00159,35.79089],[51.00091,35.79094],[51.00023,35.79097],[50.99954,35.791],[50.99887,35.79104],[50.9982,35.79108],[50.99753,35.79112],[50.99685,35.79116],[50.99619,35.7912],[50.99554,35.79123],[50.99488,35.79127],[50.99422,35.79132],[50.99355,35.79138],[50.99289,35.79145],[50.99222,35.79154],[50.99157,35.79165],[50.99093,35.79178],[50.99029,35.7919],[50.98965,35.79203],[50.98901,35.79218],[50.98837,35.79233],[50.98772,35.7925],[50.98706,35.79268],[50.98641,35.79288],[50.98576,35.79308],[50.98515,35.79328],[50.98454,35.7935],[50.98393,35.79371],[50.98333,35.79393],[50.98274,35.79417],[50.98214,35.7944],[50.98154,35.79466],[50.98094,35.79492],[50.98033,35.79519],[50.97971,35.79547],[50.9791,35.79575],[50.97851,35.79603],[50.97795,35.79629],[50.9774,35.79655],[50.97686,35.79681],[50.97633,35.79708],[50.9758,35.79737],[50.97527,35.79765],[50.97471,35.79795],[50.97414,35.79827],[50.97355,35.79861],[50.97295,35.79899],[50.97235,35.79939],[50.9718,35.79984],[50.97129,35.80029],[50.97081,35.80075],[50.97038,35.80123],[50.96999,35.80173],[50.96968,35.80223],[50.96938,35.80271],[50.96909,35.80317],[50.96878,35.80362],[50.96844,35.80406],[50.96805,35.80448],[50.9676,35.80489],[50.96712,35.8053],[50.96661,35.80572],[50.96609,35.80619],[50.96554,35.80666],[50.96495,35.80713],[50.96434,35.80758],[50.96368,35.80804],[50.963,35.80849],[50.96231,35.80892],[50.96159,35.80931],[50.96085,35.8097],[50.9601,35.81008],[50.95934,35.81046],[50.95861,35.81083],[50.95788,35.81119],[50.95717,35.81155],[50.95647,35.8119],[50.95575,35.81224],[50.95503,35.81255],[50.95431,35.81284],[50.9536,35.8131],[50.9529,35.81336],[50.95219,35.8136],[50.95148,35.81382],[50.95075,35.81403],[50.95001,35.81423],[50.94925,35.81441],[50.94847,35.81458],[50.94771,35.81475],[50.94694,35.81489],[50.94615,35.81502],[50.94534,35.81515],[50.94454,35.81528],[50.94374,35.8154],[50.94294,35.81552],[50.94215,35.81564],[50.94136,35.81576],[50.94056,35.81587],[50.93978,35.816],[50.93903,35.81612],[50.93827,35.81623],[50.93752,35.81635],[50.93678,35.81646],[50.93604,35.81658],[50.93532,35.81669],[50.93461,35.8168],[50.93391,35.81691],[50.93319,35.81702],[50.93245,35.81715],[50.93169,35.81727],[50.93091,35.81739],[50.93013,35.81752],[50.92936,35.81765],[50.92858,35.81777],[50.92778,35.81789],[50.92697,35.81803],[50.92619,35.81821],[50.92542,35.8184],[50.92467,35.81861],[50.92393,35.81883],[50.92322,35.81907],[50.92255,35.81932],[50.9219,35.8196],[50.92127,35.8199],[50.92063,35.82021],[50.92,35.82053],[50.91939,35.82088],[50.91879,35.82124],[50.9182,35.82162],[50.91763,35.82203],[50.91706,35.82245],[50.91652,35.82288],[50.91599,35.82333],[50.91547,35.82378],[50.91498,35.82426],[50.91451,35.82475],[50.91407,35.82526],[50.91364,35.82579],[50.91324,35.82632],[50.91286,35.82686],[50.9125,35.8274],[50.91217,35.82795],[50.91188,35.8285],[50.91161,35.82906],[50.91137,35.8296],[50.91115,35.83014],[50.91095,35.83068],[50.91078,35.83121],[50.91064,35.83172],[50.91051,35.83223],[50.9104,35.83272],[50.91031,35.83321],[50.91024,35.83368],[50.91019,35.83414],[50.91016,35.83457],[50.91014,35.83496],[50.91012,35.83533],[50.91009,35.83571],[50.91005,35.83609],[50.91002,35.83649],[50.91,35.83687],[50.90998,35.83743],[50.90994,35.83793],[50.90988,35.83862],[50.90984,35.83902],[50.90982,35.83943],[50.90979,35.83985],[50.90975,35.8403],[50.90971,35.84078],[50.90968,35.84127],[50.90966,35.84179],[50.90965,35.84234],[50.90962,35.84291],[50.90958,35.84348],[50.90955,35.84405],[50.90951,35.84459],[50.90948,35.84511],[50.90946,35.84559],[50.90942,35.84607],[50.90939,35.84654],[50.90937,35.847],[50.90933,35.84746],[50.9093,35.84791],[50.90927,35.84835],[50.90925,35.8488],[50.90923,35.84925],[50.90919,35.84969],[50.90916,35.85014],[50.90912,35.85062],[50.90908,35.85103],[50.90904,35.8514],[50.90901,35.85176],[50.90899,35.85213],[50.90893,35.85253],[50.90887,35.85294],[50.90881,35.85336],[50.90873,35.85379],[50.90863,35.85424],[50.90853,35.8547],[50.90841,35.85519],[50.90826,35.85571],[50.9081,35.85624],[50.90793,35.85679],[50.90772,35.85736],[50.9075,35.85794],[50.90726,35.85852],[50.907,35.85912],[50.90671,35.8597],[50.90641,35.86029],[50.90609,35.86086],[50.90575,35.86143],[50.9054,35.862],[50.90505,35.86255],[50.90468,35.8631],[50.90428,35.86363],[50.90389,35.86415],[50.90347,35.86467],[50.90304,35.86518],[50.90259,35.86568],[50.90212,35.86618],[50.90164,35.86668],[50.90116,35.86718],[50.9007,35.8677],[50.90022,35.86822],[50.89973,35.86873],[50.89923,35.86925],[50.89872,35.86975],[50.89821,35.87025],[50.89769,35.87074],[50.89716,35.87122],[50.89665,35.87167],[50.89618,35.87208],[50.89569,35.87247],[50.89518,35.87286],[50.89466,35.87327],[50.89411,35.87367],[50.89354,35.8741],[50.89296,35.87454],[50.89237,35.87499],[50.89178,35.87544],[50.89118,35.87588],[50.89061,35.87631],[50.89006,35.87672],[50.88951,35.87714],[50.88895,35.87755],[50.88838,35.87797],[50.88781,35.8784],[50.88721,35.87884],[50.88661,35.87929],[50.88599,35.87975],[50.88536,35.88022],[50.88471,35.8807],[50.88406,35.88119],[50.88341,35.88169],[50.88277,35.88217],[50.88213,35.88263],[50.88152,35.8831],[50.8809,35.88356],[50.88028,35.88403],[50.87966,35.8845],[50.87904,35.88497],[50.87841,35.88543],[50.87779,35.8859],[50.87718,35.88636],[50.87656,35.88683],[50.87594,35.88729],[50.87533,35.88774],[50.87472,35.8882],[50.87412,35.88865],[50.87352,35.8891],[50.87292,35.88955],[50.87232,35.89],[50.87172,35.89045],[50.87112,35.8909],[50.87052,35.89135],[50.86993,35.8918],[50.86932,35.89224],[50.86873,35.89268],[50.86815,35.89312],[50.86757,35.89356],[50.86699,35.894],[50.86641,35.89444],[50.86582,35.89488],[50.86523,35.89531],[50.86463,35.89576],[50.86403,35.89621],[50.86344,35.89666],[50.86284,35.89711],[50.86223,35.89756],[50.86162,35.89801],[50.861,35.89845],[50.86036,35.89889],[50.8597,35.89932],[50.85905,35.89975],[50.85838,35.90017],[50.85769,35.90057],[50.85699,35.90097],[50.85627,35.90136],[50.85555,35.90174],[50.85482,35.90212],[50.85408,35.90247],[50.85333,35.90281],[50.85258,35.90315],[50.85183,35.90346],[50.85108,35.90375],[50.85034,35.90404],[50.84959,35.90431],[50.84885,35.90458],[50.8481,35.90485],[50.84736,35.90512],[50.84662,35.9054],[50.84586,35.90568],[50.84509,35.90597],[50.84431,35.90625],[50.84353,35.90654],[50.84275,35.90682],[50.84197,35.90711],[50.84119,35.9074],[50.84042,35.90769],[50.83965,35.90797],[50.83887,35.90826],[50.8381,35.90855],[50.83734,35.90883],[50.83658,35.90912],[50.83582,35.9094],[50.83506,35.90968],[50.8343,35.90996],[50.83354,35.91024],[50.83278,35.91053],[50.83202,35.91081],[50.83126,35.9111],[50.83048,35.91139],[50.8297,35.91168],[50.82892,35.91197],[50.82813,35.91224],[50.82733,35.91249],[50.82653,35.91272],[50.82572,35.91295],[50.82491,35.91316],[50.82409,35.91337],[50.82326,35.91356],[50.82243,35.91374],[50.82158,35.9139],[50.82073,35.91406],[50.81986,35.91421],[50.81899,35.91434],[50.81811,35.91445],[50.81723,35.91455],[50.81635,35.91464],[50.81547,35.91472],[50.8146,35.91477],[50.81372,35.91483],[50.81285,35.91488],[50.81197,35.91493],[50.8111,35.91499],[50.81024,35.91504],[50.80938,35.91509],[50.80852,35.91515],[50.80766,35.91521],[50.80678,35.91526],[50.8059,35.91532],[50.80503,35.91538],[50.80416,35.91543],[50.80331,35.91549],[50.80247,35.91554],[50.80164,35.9156],[50.80079,35.91566]],[[50.80025,35.89623],[50.80085,35.89595],[50.80143,35.89567],[50.80206,35.89538],[50.80271,35.89508],[50.80339,35.8948],[50.8041,35.89451],[50.80484,35.89422],[50.80559,35.89392],[50.80634,35.8936],[50.80713,35.89327],[50.8079,35.89293],[50.80868,35.89259],[50.80948,35.89225],[50.81025,35.89189],[50.81104,35.89154],[50.81183,35.89118],[50.81262,35.89083],[50.81343,35.89048],[50.81424,35.89012],[50.81507,35.88976],[50.81589,35.8894],[50.81671,35.88902],[50.81753,35.88866],[50.81833,35.88831],[50.81915,35.88795],[50.81997,35.8876],[50.8208,35.88724],[50.82163,35.88687],[50.82245,35.8865],[50.82328,35.88613],[50.82411,35.88579],[50.82493,35.88543],[50.82575,35.88507],[50.82653,35.8847],[50.82727,35.8843],[50.828,35.88396],[50.82876,35.88362],[50.82951,35.8833],[50.83013,35.88305],[50.83069,35.88282],[50.8313,35.88257],[50.83196,35.88229],[50.83266,35.882],[50.83338,35.88169],[50.83408,35.88139],[50.83478,35.88108],[50.83551,35.88076],[50.83624,35.88042],[50.83698,35.88008],[50.83772,35.87976],[50.83847,35.87945],[50.83921,35.87913],[50.83993,35.87882],[50.84065,35.87853],[50.84139,35.87824],[50.84213,35.87796],[50.84284,35.87769],[50.84354,35.8774],[50.84427,35.87709],[50.84502,35.87677],[50.84575,35.87643],[50.84649,35.87613],[50.84723,35.87582],[50.84797,35.8755],[50.84869,35.87517],[50.84944,35.87487],[50.85021,35.87454],[50.85099,35.87422],[50.85179,35.8739],[50.85257,35.87356],[50.85336,35.87323],[50.85414,35.87291],[50.85493,35.87259],[50.85572,35.87225],[50.85652,35.87192],[50.85731,35.87159],[50.8581,35.87126],[50.85888,35.87095],[50.85963,35.87066],[50.86028,35.87039],[50.86077,35.87018],[50.86121,35.86993],[50.86164,35.86974],[50.86214,35.86957],[50.86289,35.86926],[50.86331,35.86909],[50.86373,35.8689],[50.86419,35.8687],[50.86465,35.8685],[50.86509,35.86832],[50.86549,35.86813],[50.86613,35.86785],[50.86653,35.86759],[50.86664,35.86724],[50.86636,35.86678],[50.86608,35.8663],[50.86586,35.86596],[50.86568,35.86562],[50.86544,35.86527],[50.8652,35.86483],[50.86487,35.86426],[50.86466,35.86392],[50.86444,35.86357],[50.8642,35.86319],[50.86395,35.86281],[50.86371,35.86245],[50.86349,35.86211],[50.8632,35.86162],[50.86355,35.86211],[50.86393,35.86271],[50.86414,35.86305],[50.86438,35.86343],[50.86461,35.8638],[50.86483,35.86414],[50.86519,35.86474],[50.86546,35.86516],[50.86565,35.86525],[50.86565,35.86526],[50.86568,35.86525],[50.86566,35.86539],[50.86568,35.86533],[50.86568,35.86534],[50.86592,35.86577],[50.86612,35.86611],[50.86636,35.86645],[50.86648,35.86661],[50.86648,35.86661],[50.86648,35.86662],[50.86648,35.86662],[50.86648,35.86662],[50.86648,35.86662],[50.8668,35.867],[50.86722,35.86713],[50.86776,35.86714],[50.86821,35.86701],[50.86873,35.86681],[50.86932,35.86656],[50.86993,35.86632],[50.87054,35.86608],[50.87108,35.86583],[50.87158,35.86563],[50.87224,35.86532],[50.87295,35.86502],[50.8734,35.86483],[50.87385,35.86465],[50.87459,35.86434],[50.87503,35.86415],[50.87549,35.86398],[50.87591,35.86381],[50.87662,35.8635],[50.87733,35.86321],[50.87801,35.86292],[50.87842,35.86273],[50.87908,35.86245],[50.87954,35.86225],[50.88006,35.86204],[50.8806,35.86181],[50.88113,35.86159],[50.88164,35.86137],[50.88204,35.8612],[50.88248,35.86098],[50.88303,35.86077],[50.88373,35.86049],[50.88453,35.86018],[50.88498,35.85999],[50.88539,35.85982],[50.88619,35.85948],[50.88666,35.85927],[50.88716,35.85904],[50.88768,35.8588],[50.88818,35.85854],[50.88857,35.85835],[50.8891,35.85813],[50.88954,35.858],[50.89003,35.8578],[50.89056,35.8576],[50.89108,35.85738],[50.89164,35.85714],[50.89222,35.85689],[50.89281,35.85665],[50.89339,35.85639],[50.89397,35.85614],[50.89453,35.8559],[50.89508,35.85567],[50.89563,35.85544],[50.89617,35.85521],[50.8967,35.85498],[50.89722,35.85474],[50.8977,35.85452],[50.8981,35.85435],[50.89854,35.85412],[50.89909,35.85385],[50.89954,35.85366],[50.89995,35.8535],[50.90057,35.85326],[50.90104,35.85305],[50.90156,35.85283],[50.90207,35.8526],[50.90249,35.85242],[50.90295,35.85225],[50.90348,35.85196],[50.90419,35.85168],[50.90486,35.85144],[50.90563,35.85112],[50.90604,35.85096],[50.90645,35.85078],[50.90722,35.85045],[50.90787,35.85018],[50.90844,35.84991],[50.90885,35.84935],[50.9089,35.84898],[50.90895,35.84857],[50.90899,35.84812],[50.90903,35.84762],[50.90907,35.84706],[50.9091,35.84649],[50.90914,35.84592],[50.90917,35.8453],[50.90921,35.84465],[50.90924,35.84396],[50.90927,35.84328],[50.90931,35.84259],[50.90935,35.84189],[50.90939,35.84119],[50.90942,35.84052],[50.90945,35.83989],[50.90947,35.83934],[50.90948,35.83884],[50.90948,35.83835],[50.90946,35.83791],[50.9095,35.83736],[50.90966,35.83671],[50.90978,35.83627],[50.90985,35.8358],[50.90993,35.83529],[50.90998,35.83475],[50.91003,35.83418],[50.9101,35.83358],[50.91019,35.83297],[50.91031,35.83236],[50.91045,35.83175],[50.91061,35.83116],[50.9108,35.83058],[50.91102,35.82997],[50.91127,35.82936],[50.91155,35.82875],[50.91186,35.82814],[50.91221,35.82753],[50.9126,35.82693],[50.913,35.82633],[50.91343,35.82577],[50.91388,35.82524],[50.91435,35.82473],[50.91481,35.82423],[50.9153,35.82378],[50.91581,35.82333],[50.91635,35.82286],[50.91691,35.8224],[50.91746,35.82197],[50.91802,35.82157],[50.91859,35.8212],[50.91919,35.82083],[50.91982,35.82048],[50.92047,35.82015],[50.9211,35.81986],[50.92174,35.81957],[50.92242,35.81929],[50.92312,35.81902],[50.92384,35.81878],[50.92456,35.81854],[50.92529,35.81833],[50.92602,35.81815],[50.92677,35.81799],[50.92751,35.81786],[50.92829,35.81773],[50.92908,35.81761],[50.9299,35.81749],[50.93072,35.81736],[50.93152,35.81723],[50.93231,35.81709],[50.93308,35.81698],[50.93388,35.81687],[50.93469,35.81674],[50.9355,35.81662],[50.93625,35.8165],[50.93702,35.81638],[50.93777,35.81626],[50.93851,35.81614],[50.93922,35.81603],[50.93991,35.81593],[50.94064,35.81582],[50.94139,35.8157],[50.94215,35.81558],[50.94288,35.81546],[50.94359,35.81535],[50.94431,35.81525],[50.94503,35.81512],[50.94579,35.815],[50.94656,35.81487],[50.94734,35.81474],[50.94811,35.81458],[50.94887,35.81439],[50.94966,35.81419],[50.95043,35.81397],[50.95119,35.81375],[50.95194,35.81353],[50.95268,35.81329],[50.95341,35.81302],[50.9541,35.81275],[50.95478,35.81249],[50.95546,35.81221],[50.95614,35.81191],[50.95679,35.8116],[50.95744,35.81128],[50.9581,35.81095],[50.95875,35.81064],[50.95936,35.81032],[50.95995,35.81003],[50.96052,35.80975],[50.96111,35.80946],[50.96171,35.80913],[50.9623,35.80879],[50.96288,35.80845],[50.96346,35.80807],[50.96401,35.8077],[50.96456,35.80731],[50.96508,35.80691],[50.96558,35.80651],[50.96604,35.80611],[50.96648,35.8057],[50.96692,35.80527],[50.96734,35.80483],[50.96776,35.80437],[50.96817,35.80385],[50.96855,35.80333],[50.96888,35.80277],[50.96917,35.8022],[50.96948,35.80166],[50.96983,35.80117],[50.97027,35.80069],[50.97079,35.80024],[50.97138,35.79987],[50.972,35.79948],[50.97263,35.79908],[50.97327,35.79868],[50.97393,35.7983],[50.97459,35.79792],[50.97528,35.79753],[50.97599,35.79715],[50.97671,35.79678],[50.97744,35.79643],[50.97818,35.79608],[50.97894,35.79572],[50.97972,35.79537],[50.98049,35.79503],[50.98126,35.79471],[50.98204,35.79437],[50.98283,35.79404],[50.98363,35.79373],[50.98443,35.79344],[50.98523,35.79317],[50.98603,35.7929],[50.98681,35.79264],[50.98759,35.79243],[50.98837,35.79221],[50.98916,35.79201],[50.98996,35.79183],[50.9908,35.79168],[50.99163,35.79154],[50.99246,35.79141],[50.99331,35.7913],[50.99418,35.79121],[50.99504,35.79114],[50.9959,35.79108],[50.99674,35.79102],[50.99754,35.79097],[50.99831,35.79096],[50.99912,35.79093],[50.99994,35.79088],[51.00079,35.79083],[51.00164,35.79077],[51.0025,35.79072],[51.0034,35.79067],[51.00428,35.79062],[51.00516,35.79057],[51.00606,35.79053],[51.00698,35.79049],[51.00791,35.79042],[51.00883,35.79037],[51.00973,35.79031],[51.0106,35.79027],[51.01147,35.79019],[51.01233,35.7901],[51.01317,35.78999],[51.01399,35.78987],[51.0148,35.78971],[51.01557,35.78956],[51.01631,35.78939],[51.017,35.78923],[51.01765,35.78907],[51.01827,35.78888],[51.01888,35.7887],[51.01944,35.78849],[51.01988,35.78832],[51.02029,35.78807],[51.02065,35.78779],[51.02095,35.78745],[51.02126,35.7871],[51.02159,35.78672],[51.02198,35.78634],[51.02236,35.78598],[51.02274,35.78564],[51.02313,35.78528],[51.02352,35.78494],[51.02392,35.78456],[51.02429,35.78421],[51.02468,35.78384],[51.02504,35.78351],[51.02537,35.78324],[51.02569,35.78293],[51.02607,35.78261],[51.02637,35.78234],[51.02672,35.78203],[51.0271,35.78171],[51.0275,35.78139],[51.0279,35.78102],[51.02831,35.78062],[51.02869,35.78024],[51.02909,35.77981],[51.02947,35.77938],[51.02987,35.77896],[51.03028,35.77858],[51.0307,35.77815],[51.03112,35.77772],[51.03153,35.77725],[51.03197,35.77673],[51.0324,35.77623],[51.03285,35.77573],[51.03332,35.77522],[51.0338,35.7747],[51.0343,35.77416],[51.03476,35.77364],[51.03522,35.77314],[51.03566,35.77265],[51.03606,35.7722],[51.0365,35.77174],[51.03694,35.7713],[51.03739,35.77082],[51.03787,35.77031],[51.03837,35.76978],[51.03888,35.7693],[51.03939,35.76881],[51.03989,35.7683],[51.0404,35.76778],[51.04091,35.76724],[51.04145,35.7667],[51.042,35.76615],[51.04255,35.76563],[51.04311,35.76512],[51.04372,35.76463],[51.04442,35.76422],[51.04518,35.76383],[51.04593,35.76349],[51.04669,35.76319],[51.04749,35.76283],[51.0483,35.76245],[51.0491,35.76206],[51.04993,35.76167],[51.05075,35.76127],[51.05158,35.76086],[51.05241,35.76043],[51.05322,35.76001],[51.05399,35.75962],[51.05474,35.75921],[51.05548,35.75884],[51.0562,35.7585],[51.05692,35.75816],[51.05763,35.75782],[51.05834,35.7575],[51.05906,35.75718],[51.05978,35.75686],[51.06049,35.75652],[51.06119,35.75618],[51.06188,35.75587],[51.06256,35.75554],[51.06321,35.75524],[51.06383,35.75496],[51.06443,35.75469],[51.06503,35.75441],[51.06563,35.75411],[51.06622,35.75383],[51.06679,35.75357],[51.06736,35.75332],[51.06793,35.75307],[51.06849,35.75283],[51.06901,35.75261],[51.0695,35.7524],[51.07022,35.7521],[51.07102,35.75177],[51.07149,35.75159],[51.07192,35.75139],[51.07235,35.7512],[51.07279,35.751],[51.07321,35.7508],[51.07358,35.75057],[51.07391,35.75032],[51.07453,35.74996],[51.0752,35.74969],[51.07599,35.74936],[51.0764,35.74917],[51.07686,35.74898],[51.07734,35.74876],[51.07782,35.74853],[51.07832,35.74828],[51.07884,35.74801],[51.07935,35.74771],[51.07987,35.74738],[51.08041,35.74703],[51.08098,35.74666],[51.08155,35.74628],[51.08212,35.74594],[51.08271,35.74565],[51.0833,35.74536],[51.08386,35.74502],[51.08442,35.74467],[51.08501,35.7443],[51.08563,35.74395],[51.08629,35.74361],[51.08699,35.74334],[51.08773,35.74315],[51.0885,35.74294],[51.0893,35.74276],[51.09011,35.74259],[51.09094,35.74243],[51.09179,35.74226],[51.09266,35.74209],[51.09353,35.74191],[51.0944,35.74173],[51.09529,35.74155],[51.09618,35.74137],[51.09707,35.74115],[51.09796,35.74096],[51.09882,35.74079],[51.09968,35.74061],[51.10054,35.74044],[51.10138,35.74028],[51.1022,35.74018],[51.10301,35.74007],[51.10382,35.73995],[51.10462,35.73985],[51.10543,35.73969],[51.10621,35.73949],[51.10697,35.73927],[51.10771,35.73905],[51.10844,35.73883],[51.10918,35.73861],[51.1099,35.73839],[51.11062,35.73819],[51.11135,35.73797],[51.11208,35.73776],[51.11281,35.73754],[51.11355,35.73732],[51.11423,35.73711],[51.11494,35.73683],[51.11566,35.73652],[51.11639,35.73619],[51.11709,35.73585],[51.11777,35.73553],[51.11844,35.73519],[51.11913,35.73484],[51.11982,35.73448],[51.12049,35.73415],[51.12112,35.73384],[51.12169,35.73357],[51.12221,35.73331],[51.1227,35.7331],[51.12318,35.73287],[51.12366,35.73262],[51.12408,35.73233],[51.12443,35.73197],[51.12476,35.73159],[51.12511,35.73116],[51.12545,35.73072],[51.12578,35.73026],[51.12609,35.72982],[51.12638,35.72939],[51.12668,35.72897],[51.12695,35.72859],[51.12717,35.72824],[51.12744,35.72795],[51.12784,35.72837],[51.12807,35.7288],[51.12826,35.7292],[51.1285,35.72958],[51.12888,35.73025],[51.12909,35.7306],[51.12947,35.73084],[51.12996,35.73087],[51.13049,35.73079],[51.13105,35.73069],[51.13165,35.73056],[51.13228,35.73042],[51.13295,35.7303],[51.13365,35.73016],[51.13437,35.73004],[51.13513,35.72991],[51.13591,35.72976],[51.1367,35.72961],[51.13751,35.72945],[51.13833,35.7293],[51.13915,35.72914],[51.13996,35.72898],[51.14075,35.72883],[51.14154,35.72868],[51.14234,35.72853],[51.14314,35.72838],[51.14395,35.72822],[51.14478,35.72807],[51.14562,35.72791],[51.14646,35.72775],[51.14731,35.72758],[51.14816,35.72741],[51.14901,35.72725],[51.14984,35.72709],[51.15065,35.72692],[51.15148,35.72678],[51.15229,35.72663],[51.1531,35.72648],[51.15389,35.72633],[51.15464,35.72619],[51.15539,35.72604],[51.15612,35.72588],[51.15683,35.72575],[51.15755,35.72561],[51.15821,35.72547],[51.15873,35.72538],[51.15812,35.72565],[51.15729,35.72584],[51.15682,35.72595],[51.1563,35.72608],[51.15576,35.72619],[51.15521,35.72629],[51.15469,35.7264],[51.15423,35.72649],[51.15378,35.72663],[51.15328,35.72676],[51.15273,35.72687],[51.15218,35.72698],[51.15165,35.72708],[51.15112,35.72718],[51.15061,35.72728],[51.15015,35.72736],[51.14959,35.7275],[51.14959,35.728],[51.14975,35.72862],[51.14986,35.72907],[51.14997,35.72951],[51.1501,35.72995],[51.15024,35.73041],[51.15038,35.73089],[51.15052,35.73139],[51.15067,35.73192],[51.15082,35.73246],[51.15098,35.733],[51.15114,35.73356],[51.1513,35.73411],[51.15146,35.73464],[51.15161,35.73515],[51.15173,35.73563],[51.1519,35.7362],[51.15205,35.73677],[51.15221,35.73742],[51.15234,35.7378],[51.15248,35.73823],[51.15261,35.73866],[51.15274,35.73908],[51.15286,35.7395],[51.15297,35.73988],[51.15305,35.74024],[51.15315,35.7406],[51.15335,35.74134],[51.15348,35.74177],[51.15363,35.74223],[51.15376,35.74274],[51.15388,35.74323],[51.15399,35.74372],[51.15411,35.74416],[51.15428,35.74461],[51.15442,35.74504],[51.15455,35.74546],[51.15468,35.74586],[51.15514,35.7463],[51.15591,35.74617],[51.15642,35.74607],[51.15694,35.74597],[51.15742,35.74584],[51.15779,35.74564],[51.15846,35.74566],[51.15926,35.74555],[51.15995,35.74575],[51.16036,35.74627],[51.16107,35.74632],[51.16172,35.74617],[51.16212,35.74601],[51.1627,35.74577],[51.1635,35.74547],[51.16396,35.74526],[51.16444,35.74507],[51.16497,35.74486],[51.16554,35.74465],[51.16613,35.74442],[51.16676,35.74417],[51.16741,35.74391],[51.16807,35.74364],[51.16866,35.74339],[51.16914,35.7432],[51.16954,35.74297],[51.16938,35.74251],[51.16918,35.74215],[51.16895,35.74175],[51.16869,35.74131],[51.16842,35.74082],[51.16813,35.74033],[51.16787,35.73986],[51.16759,35.73942],[51.1674,35.73909],[51.16739,35.73866],[51.16767,35.73904],[51.16801,35.73968],[51.16824,35.74007],[51.16847,35.7405],[51.1687,35.74094],[51.16893,35.74139],[51.16919,35.74185],[51.16945,35.74233],[51.16972,35.74281],[51.16998,35.74331],[51.17026,35.74382],[51.17053,35.74433],[51.17081,35.74485],[51.1711,35.74538],[51.17139,35.74591],[51.17168,35.74644],[51.172,35.74697],[51.17233,35.74751],[51.17266,35.74804],[51.173,35.74858],[51.17332,35.74912],[51.17364,35.74967],[51.17394,35.75024],[51.17422,35.75082],[51.17451,35.7514],[51.1748,35.75198],[51.17507,35.75257],[51.17535,35.75317],[51.17563,35.75377],[51.17591,35.75437],[51.17618,35.75497],[51.17641,35.75559],[51.17664,35.75619],[51.17686,35.75676],[51.17707,35.75727],[51.1773,35.75768],[51.17765,35.75792],[51.17813,35.75795],[51.17867,35.75787],[51.17925,35.75777],[51.1799,35.75765],[51.18061,35.75749],[51.18135,35.75731],[51.18213,35.75711],[51.18294,35.75691],[51.18379,35.7567],[51.18466,35.75649],[51.18556,35.75628],[51.18648,35.75609],[51.1874,35.75593],[51.18834,35.75585],[51.18928,35.75584],[51.19022,35.75592],[51.19116,35.75609],[51.19208,35.75632],[51.193,35.75657],[51.1939,35.75683],[51.19479,35.75708],[51.19568,35.75729],[51.19656,35.75745],[51.19737,35.75757],[51.19813,35.75771],[51.19888,35.75785],[51.19968,35.75793],[51.20048,35.75799],[51.2013,35.75807],[51.20212,35.75814],[51.20293,35.75818],[51.20375,35.75818],[51.20457,35.75819],[51.20537,35.7582],[51.20618,35.75819],[51.20697,35.75816],[51.20777,35.75811],[51.20857,35.75806],[51.20937,35.75799],[51.21019,35.75791],[51.211,35.75782],[51.21183,35.75772],[51.21267,35.75763],[51.21352,35.75753],[51.21438,35.75742],[51.21523,35.75732],[51.21608,35.75721],[51.21694,35.7571],[51.21783,35.75699],[51.21872,35.75688],[51.21963,35.75675],[51.22053,35.75664],[51.22141,35.75657],[51.22229,35.75654],[51.22318,35.75658],[51.22402,35.75664],[51.22476,35.75674],[51.22542,35.75687],[51.22602,35.75707],[51.22665,35.75719],[51.22727,35.75729],[51.22787,35.75737],[51.2284,35.7574],[51.22889,35.75741],[51.22941,35.75747],[51.22998,35.75754],[51.23058,35.75763],[51.23121,35.75772],[51.23187,35.75782],[51.23255,35.75791],[51.23326,35.75802],[51.23398,35.75813],[51.23473,35.75826],[51.2355,35.7584],[51.23626,35.75854],[51.23699,35.75868],[51.23763,35.75879],[51.23821,35.75896],[51.23879,35.75912],[51.2394,35.75924],[51.24002,35.75937],[51.24066,35.7595],[51.24133,35.75964],[51.24203,35.75977],[51.24275,35.75991],[51.24348,35.76007],[51.24423,35.76021],[51.24495,35.76036],[51.24569,35.76048],[51.24641,35.76055],[51.247,35.76053],[51.24755,35.76043],[51.24816,35.76032],[51.24882,35.76015],[51.24954,35.75994],[51.25027,35.75971],[51.25097,35.75949],[51.2516,35.75929],[51.25219,35.75911],[51.25271,35.75886],[51.25329,35.75857],[51.25402,35.75837],[51.25482,35.75828],[51.2556,35.75826],[51.25628,35.7583],[51.25686,35.75822],[51.25743,35.75812],[51.25796,35.75803],[51.2585,35.75793],[51.25903,35.75785],[51.25957,35.75779],[51.26009,35.75779],[51.26066,35.75774],[51.26121,35.75769],[51.26174,35.75766],[51.2623,35.75763],[51.26293,35.75758],[51.26362,35.75749],[51.26434,35.75739],[51.26508,35.75729],[51.26585,35.75715],[51.26662,35.75696],[51.26738,35.75671],[51.26813,35.75639],[51.26882,35.756],[51.2695,35.7556],[51.27018,35.75521],[51.27088,35.75486],[51.27161,35.75456],[51.27238,35.75433],[51.27318,35.75417],[51.27401,35.75406],[51.27486,35.754],[51.27572,35.75397],[51.27661,35.75393],[51.27749,35.7539],[51.27839,35.75386],[51.27926,35.75383],[51.28011,35.75382],[51.28096,35.75378],[51.28177,35.75376],[51.28256,35.75373],[51.28331,35.75369],[51.28399,35.75366],[51.28462,35.75365],[51.28525,35.75363],[51.28588,35.75363],[51.28652,35.75361],[51.28718,35.75357],[51.28785,35.75353],[51.28853,35.75351],[51.28925,35.75348],[51.28999,35.75345],[51.29073,35.75344],[51.29147,35.75342],[51.29223,35.75338],[51.29299,35.75335],[51.29377,35.75333],[51.29456,35.75331],[51.29537,35.75328],[51.29618,35.75327],[51.29697,35.75325],[51.29772,35.75324],[51.29849,35.75323],[51.29929,35.75322],[51.30009,35.75321],[51.30083,35.75322],[51.30152,35.75319],[51.30209,35.75318],[51.30268,35.75316],[51.30335,35.75316],[51.3038,35.75317],[51.30432,35.75319],[51.30497,35.7532],[51.30542,35.75319],[51.30594,35.75318],[51.30649,35.75317],[51.30712,35.75315],[51.30779,35.75315],[51.30849,35.75316],[51.30921,35.75315],[51.30995,35.75317],[51.31073,35.75317],[51.31151,35.75317],[51.3123,35.75315],[51.3131,35.75314],[51.31388,35.75312],[51.31466,35.7531],[51.31542,35.75306],[51.31616,35.75303],[51.3169,35.75298],[51.31763,35.75292],[51.31835,35.75286],[51.31906,35.75278],[51.31974,35.75272],[51.32043,35.75262],[51.32111,35.75251],[51.32177,35.75241],[51.32239,35.7523],[51.32299,35.75219],[51.32362,35.75207],[51.32429,35.75196],[51.32497,35.75186],[51.32563,35.75177],[51.32627,35.75168],[51.32688,35.75162],[51.32749,35.75155],[51.32813,35.75147],[51.32872,35.75143],[51.32931,35.75132],[51.3299,35.75125],[51.3305,35.75118],[51.33108,35.75113],[51.33166,35.75109],[51.3322,35.75105],[51.33271,35.75102],[51.33324,35.75099],[51.3338,35.75096],[51.33437,35.75093],[51.33496,35.75092],[51.33558,35.75093],[51.33622,35.75093],[51.33687,35.75093],[51.3375,35.75095],[51.33814,35.75098],[51.33879,35.751],[51.33947,35.75102],[51.3402,35.75104],[51.34096,35.75108],[51.34175,35.7511],[51.34256,35.75113],[51.34337,35.75114],[51.34417,35.75115],[51.34498,35.75113],[51.34579,35.75112],[51.34658,35.75109],[51.34734,35.75106],[51.34808,35.75103],[51.34879,35.75099],[51.34953,35.75094],[51.35029,35.75089],[51.35105,35.75083],[51.35181,35.75076],[51.35255,35.75068],[51.35327,35.75059],[51.35399,35.7505],[51.35471,35.75039],[51.35545,35.75028],[51.35621,35.75017],[51.35698,35.75005],[51.35775,35.74994],[51.35849,35.74984],[51.3592,35.74975],[51.3599,35.74967],[51.36057,35.7496],[51.36122,35.74955],[51.36187,35.7495],[51.36252,35.74944],[51.36322,35.74939],[51.36398,35.74934],[51.36475,35.74929],[51.3655,35.74924],[51.36627,35.7492],[51.36703,35.74917],[51.36778,35.74914],[51.36851,35.74912],[51.36922,35.74912],[51.36991,35.74914],[51.37061,35.74917],[51.37132,35.74922],[51.37206,35.74927],[51.37283,35.74933],[51.37365,35.74939],[51.37446,35.74946],[51.37526,35.74954],[51.37608,35.7496],[51.37686,35.74966],[51.37761,35.74972],[51.37835,35.74976],[51.37907,35.7498],[51.37978,35.74983],[51.38044,35.74987],[51.38105,35.74993],[51.38173,35.74998],[51.38238,35.75003],[51.38299,35.75007],[51.38359,35.7501],[51.38417,35.75014],[51.38478,35.75018],[51.3854,35.75022],[51.38598,35.75026],[51.38654,35.75031],[51.38712,35.75036],[51.38772,35.75041],[51.38836,35.75044],[51.38901,35.75046],[51.38965,35.75048],[51.39027,35.75052],[51.39089,35.75057],[51.39155,35.75059],[51.39221,35.75064],[51.39288,35.75068],[51.39349,35.7508],[51.39415,35.75084],[51.39482,35.75087],[51.39549,35.75092],[51.39617,35.75099],[51.39683,35.75103],[51.39745,35.75108],[51.39804,35.7511],[51.39866,35.75111],[51.39926,35.75114],[51.39991,35.75118],[51.40039,35.75122],[51.40092,35.75135],[51.40154,35.75132],[51.40216,35.75126],[51.40261,35.75122],[51.40307,35.75121],[51.4036,35.75121],[51.40409,35.75122],[51.40453,35.75123],[51.40503,35.75122],[51.4055,35.75118],[51.40599,35.75125],[51.40651,35.75126],[51.40724,35.75128],[51.40791,35.7513],[51.4084,35.75133],[51.40888,35.75142],[51.40955,35.75147],[51.41021,35.75152],[51.41077,35.7516],[51.41117,35.75177],[51.41166,35.75181],[51.41224,35.75187],[51.41273,35.75195],[51.41338,35.75202],[51.41409,35.7521],[51.41489,35.75213],[51.41586,35.75207],[51.41643,35.75195],[51.41699,35.7518],[51.41754,35.75159],[51.41809,35.75133],[51.41862,35.75103],[51.41918,35.75069],[51.41976,35.75033],[51.42037,35.74999],[51.42104,35.74968],[51.42179,35.74943],[51.42258,35.74924],[51.42339,35.74915],[51.42423,35.74912],[51.4251,35.74913],[51.42595,35.74914],[51.42678,35.74915],[51.42756,35.74916],[51.42833,35.74918],[51.4291,35.7492],[51.42988,35.74921],[51.43066,35.74923],[51.43143,35.74923],[51.43217,35.74924],[51.43286,35.74924],[51.43349,35.74924],[51.43406,35.74924],[51.43486,35.74927],[51.43556,35.74933],[51.4361,35.74944],[51.43667,35.74962],[51.43711,35.74976],[51.43773,35.74993],[51.43823,35.75007],[51.43886,35.75025],[51.43942,35.75038],[51.43988,35.75052],[51.44051,35.75059],[51.44113,35.75065],[51.44176,35.75069],[51.44231,35.75071],[51.44279,35.75074],[51.44343,35.75077],[51.44411,35.75081],[51.44468,35.75086],[51.44515,35.7509],[51.4457,35.75095],[51.44632,35.75102],[51.44683,35.75119],[51.44732,35.75133],[51.44794,35.7515],[51.44845,35.75166],[51.44904,35.75203],[51.44967,35.75237],[51.45022,35.75266],[51.4507,35.75294],[51.45121,35.7533],[51.45171,35.7536],[51.45212,35.75384],[51.45246,35.75414],[51.45281,35.75448],[51.45319,35.7547],[51.45366,35.75477],[51.45418,35.75496],[51.45476,35.75517],[51.45528,35.75535],[51.45596,35.75561],[51.45677,35.75588],[51.45725,35.756],[51.45776,35.75611],[51.45827,35.7562],[51.45879,35.75629],[51.45931,35.75637],[51.45981,35.75641],[51.4603,35.75644],[51.46078,35.75649],[51.46127,35.75653],[51.46177,35.75657],[51.46228,35.75659],[51.46281,35.75661],[51.46337,35.75664],[51.46392,35.75666],[51.46447,35.75668],[51.465,35.7567],[51.4655,35.75671],[51.46616,35.7567],[51.46666,35.75656],[51.46666,35.75611],[51.46605,35.75607],[51.46571,35.75649],[51.46569,35.75705],[51.46567,35.75745],[51.46567,35.75782],[51.46565,35.75822],[51.46565,35.75866],[51.46569,35.75912],[51.46575,35.75958],[51.46583,35.76004],[51.46592,35.76049],[51.46601,35.76093],[51.46612,35.76134],[51.46624,35.76175],[51.46635,35.76218],[51.46647,35.76261],[51.4666,35.76304],[51.46673,35.76349],[51.46686,35.76394],[51.46701,35.7644],[51.46723,35.76485],[51.46743,35.76523],[51.4676,35.76559],[51.46778,35.76596],[51.46797,35.76635],[51.46817,35.76673],[51.46839,35.76714],[51.46862,35.76756],[51.46882,35.768],[51.46904,35.76843],[51.46931,35.76886],[51.46964,35.76923],[51.47003,35.76953],[51.47045,35.76979],[51.47089,35.77002],[51.47135,35.77025],[51.4718,35.77052],[51.47222,35.77085],[51.47259,35.77128],[51.47292,35.77172],[51.47322,35.77206],[51.47354,35.77235],[51.47414,35.77284],[51.47466,35.77316],[51.47526,35.7735],[51.47578,35.774],[51.47623,35.77456],[51.47639,35.7749],[51.47654,35.77524],[51.47677,35.77595],[51.47687,35.77632],[51.47705,35.77702],[51.47715,35.77739],[51.47726,35.77777],[51.47741,35.77814],[51.47759,35.77853],[51.47781,35.77894],[51.47813,35.77931],[51.4785,35.77968],[51.47889,35.78001],[51.47928,35.78029],[51.47978,35.78065],[51.48017,35.7811],[51.48041,35.78146],[51.48066,35.78179],[51.48099,35.78222],[51.48121,35.78254],[51.48147,35.78292],[51.4818,35.78333],[51.48203,35.78366],[51.48225,35.78399],[51.48244,35.78436],[51.48274,35.78471],[51.48298,35.78504],[51.48321,35.78544],[51.48348,35.78589],[51.48378,35.78625],[51.48399,35.78666],[51.4842,35.78704],[51.48435,35.78742],[51.48454,35.78776],[51.48489,35.78802],[51.48537,35.78794],[51.48579,35.7878],[51.48629,35.7876],[51.48683,35.78738],[51.48733,35.78717],[51.4878,35.78697],[51.48838,35.78674],[51.48915,35.7864],[51.48956,35.78622],[51.48998,35.78605],[51.4907,35.78587],[51.49151,35.78569],[51.49196,35.78562],[51.49277,35.78558],[51.49324,35.7856],[51.49374,35.78563],[51.49428,35.7857],[51.49485,35.78577],[51.49544,35.78586],[51.49605,35.78596],[51.49668,35.78606],[51.49733,35.78614],[51.49798,35.78619],[51.49864,35.78624],[51.49932,35.78625],[51.50002,35.78621],[51.50075,35.78608],[51.50145,35.78589],[51.50216,35.7857],[51.50288,35.78549],[51.50357,35.7853],[51.50428,35.78511],[51.50497,35.78492],[51.5056,35.78474],[51.50621,35.78457],[51.50682,35.78439],[51.50744,35.78422],[51.50808,35.78405],[51.50873,35.78387],[51.50939,35.78368],[51.51005,35.78348],[51.51073,35.78327],[51.51143,35.78305],[51.51215,35.78283],[51.51288,35.78258],[51.5136,35.7823],[51.51429,35.78197],[51.51495,35.78159],[51.51555,35.78119],[51.5161,35.78077],[51.51662,35.78038],[51.51715,35.77998],[51.5177,35.77958],[51.51826,35.77917],[51.51883,35.77879],[51.51946,35.77844],[51.52013,35.77816],[51.52082,35.77793],[51.52155,35.77774],[51.52229,35.77761],[51.52305,35.77755],[51.5238,35.77751],[51.52456,35.77746],[51.52534,35.77741],[51.52613,35.77736],[51.52694,35.77731],[51.52777,35.77726],[51.52861,35.7772],[51.52945,35.77714],[51.53029,35.77709],[51.53112,35.77704],[51.53195,35.77699],[51.53277,35.77693],[51.53358,35.77687],[51.53436,35.7768],[51.53513,35.77672],[51.53588,35.77661],[51.53663,35.77649],[51.53734,35.77637],[51.53811,35.7762],[51.53889,35.77603],[51.53968,35.77585],[51.54048,35.77564],[51.54127,35.7754],[51.54206,35.77516],[51.54283,35.77491],[51.54358,35.77465],[51.54433,35.77438],[51.54508,35.77412],[51.54583,35.77385],[51.54659,35.77358],[51.54734,35.77331],[51.54809,35.77305],[51.54883,35.77278],[51.54959,35.77251],[51.55036,35.77224],[51.55115,35.77197],[51.55196,35.77169],[51.55276,35.77141],[51.55356,35.77112],[51.55436,35.77083],[51.55516,35.77055],[51.55596,35.77027],[51.55677,35.76998],[51.55757,35.76966],[51.55832,35.76929],[51.55906,35.76891],[51.55977,35.7685],[51.56047,35.76805],[51.56115,35.76759],[51.56182,35.76712],[51.5625,35.76664],[51.5632,35.76617],[51.56392,35.76572],[51.56466,35.76529],[51.56538,35.76485],[51.5661,35.76442],[51.56682,35.76396],[51.56751,35.76349],[51.56818,35.76301],[51.56884,35.76251],[51.56949,35.76202],[51.57014,35.76151],[51.57079,35.76101],[51.57146,35.76051],[51.57212,35.76],[51.57277,35.75949],[51.5734,35.75899],[51.57398,35.75849],[51.5745,35.75799],[51.57496,35.75747],[51.57536,35.75697],[51.57569,35.75648],[51.57597,35.75601],[51.5762,35.75556],[51.57636,35.75514],[51.57646,35.75476],[51.57656,35.75422],[51.57673,35.75382],[51.57697,35.7534],[51.57724,35.75308],[51.57755,35.75279],[51.57815,35.75233],[51.57876,35.75196],[51.57921,35.75158],[51.57879,35.7511],[51.57842,35.75084],[51.57802,35.75057],[51.57763,35.75031],[51.57727,35.75005],[51.57698,35.74977],[51.57667,35.74944],[51.57627,35.749],[51.5763,35.74839],[51.57651,35.74803],[51.57677,35.74765],[51.57702,35.74728],[51.57707,35.74687],[51.57691,35.74646],[51.57673,35.74604],[51.57656,35.74566],[51.5762,35.74513],[51.57552,35.74522],[51.57502,35.74538],[51.57446,35.74554],[51.57392,35.74569],[51.57346,35.74583],[51.57289,35.74597],[51.57255,35.74574],[51.57232,35.74516],[51.57213,35.74475],[51.57194,35.74435],[51.57184,35.74394],[51.5719,35.74354],[51.57216,35.74309],[51.57246,35.74278],[51.57276,35.74245],[51.57298,35.74205],[51.57276,35.74173],[51.57221,35.74138],[51.5715,35.741],[51.57114,35.74076],[51.57065,35.74048],[51.56994,35.74008],[51.56954,35.73986],[51.56897,35.7395],[51.56847,35.7392],[51.56779,35.73876],[51.56741,35.73851],[51.56673,35.73811],[51.56603,35.73771],[51.56567,35.7375],[51.56531,35.73727],[51.56465,35.73684],[51.56407,35.7365],[51.56368,35.73631],[51.56314,35.73599],[51.56261,35.73566],[51.56197,35.73528],[51.56146,35.73497],[51.56097,35.73467],[51.56035,35.73432],[51.55995,35.73405],[51.55958,35.73385],[51.55908,35.73354],[51.55857,35.73325],[51.55798,35.73291],[51.55739,35.73259],[51.55686,35.73231],[51.55636,35.73204],[51.55594,35.73181],[51.55532,35.73145],[51.55461,35.73106],[51.55424,35.73085],[51.55368,35.73057],[51.55376,35.73011],[51.55418,35.72999],[51.55418,35.73002],[51.55418,35.73002],[51.55418,35.73002]]]}},{"type":"Feature","properties":{"route":6,"color":"#e11d48","times":[[23668,23728,23788,23848,23908,23968,24028,24088,24148,24208,24268,24328,24388,24448,24508,24568,24628,24688,24748,24808,24868,24928,24988,25036,25093,25132,25192,25252,25312,25372,25432,25486,25546,25606,25666,25726,25786,25846,25897,25957,26017,26077,26137,26197,26257,26317,26377,26437,26497,26557,26617,26677,26737,26797,26857,26917,26977,27037,27097,27157,27208,27268,27328,27388,27415,27427,27436,27442,27448,27454,27460,27466,27472,27478,27484,27490,27496,27502,27508,27514,27520,27526,27532,27538,27544,27550,27556,27562,27568,27574,27580,27589,27601,27661,27721,27733,27739,27745,27751,27757,27763,27769,27775,27781,27787,27793,27796,27799,27802,27805,27808,27811,27814,27820,27826,27829,27832,27835,27838,27844,27856,27862,27868,27874,27880,27886,27892,27898,27907,27913,27919,27925,27931,27937,27943,27949,27955,27961,27967,27976,27988,27994,28000,28006,28012,28018,28024,28030,28036,28042,28048,28054,28060,28063,28066,28069,28072,28075,28078,28081,28084,28087,28090,28093,28096,28099,28102,28105,28108,28111,28114,28117,28120,28123,28126,28129,28132,28135,28138,28141,28144,28147,28150,28153,28156,28159,28162,28165,28168,28171,28174,28177,28180,28183,28186,28189,28192,28195,28198,28201,28204,28207,28210,28213,28216,28219,28222,28225,28228,28231,28234,28237,28240,28243,28246,28249,28252,28255,28258,28261,28264,28267,28270,28273,28276,28279,28282,28285,28288,28291,28294,28297,28300,28303,28306,28309,28312,28315,28318,28321,28324,28327,28330,28333,28336,28339,28342,28345,28348,28351,28354,28357,28360,28363,28366,28369,28372,28375,28378,28381,28384,28387,28390,28393,28396,28399,28402,28405,28408,28411,28414,28417,28420,28423,28426,28432,28438,28441,28444,28447,28450,28453,28456,28459,28462,28465,28468,28471,28474,28477,28480,28483,28486,28492,28501,28510,28519,28525,28531,28537,28540,28543,28546,28549,28552,28555,28558,28561,28564,28567,28570,28573,28576,28579,28582,28585,28588,28591,28594,28597,28600,28603,28606,28609,28612,28615,28618,28621,28624,28627,28630,28633,28636,28639,28642,28645,28648,28651,28654,28657,28660,28663,28666,28669,28672,28675,28678,28681,28684,28687,28690,28693,28696,28699,28705,28711,28717,28723,28729,28738,28744,28750,28756,28762,28768,28774,28780,28786,28792,28798,28804,28816,28825,28831,28837,28843,28849,28855,28864,28876,28903,28909,28915,28921,28927,28933,28939,28945,28951,28960,28969,28975,28981,28987,28996,29002,29008,29014,29020,29026,29032,29047,29056,29065,29071,29077,29086,29146,29206,29239,29299,29359,29419,29479,29539,29599,29659,29677,29683,29692,29701,29713,29719,29728,29734,29740,29767,29782,29830,29890,29950,30010,30070,30094,30142,30157,30172,30232,30292,30337,30397,30457,30517,30526,30532,30544,30556,30616,30676,30736,30796,30856,30916,30976,31015,31115,31159,31193,31330,31638,31650,31698,31758,31818,31954,32553,32592,32601,32649,32685,32745,32805,32865,32925,32985,33045,33075,33129,33189,33249,33285,33345,33387,33447,33507,33567,33627,33687,33741,33757,33763,33769,33775,33781,33790,33796,33802,33808,33828,33901,33918,33978,34038,34098,34158,34218],[35058,35459,35841,35901,35961,36021,36081,36141,36201,36261,36321,36381,36396,36402,36408,36414,36420,36426,36432,36438,36444,36450,36456,36462,36468,36471,36474,36477,36480,36483,36486,36492,36541,36559,36580,36642,36675,36703,36763,36775,36784,36793,36811,36871,36931,36993,37053,37083,37143,37203,37263,37323,37344,37365,37368,37371,37377,37383,37392,37404,37410,37434,37477,37826,37850,37874,37880,37895,37922,37940,37949,38060,38120,38180,38240,38300,38360,38420,38480,38540,38600,38660,38690,38750,38807,38816,38828,38840,38849,38873,38891,38951,39011,39071,39131,39191,39251,39311,39371,39431,39491,39551,39611,39671,39713,39722,39731,39767,39788,39794,39800,39806,39812,39818,39824,39833,39842,39854,39872,39881,39887,39893,39899,39905,39911,39971,39995,40001,40007,40013,40019,40025,40031,40034,40037,40040,40043,40046,40049,40052,40055,40058,40061,40064,40067,40070,40073,40076,40079,40082,40085,40091,40097,40103,40109,40115,40121,40127,40133,40139,40142,40145,40148,40151,40154,40157,40160,40163,40166,40169,40172,40175,40178,40181,40184,40187,40190,40193,40196,40199,40202,40205,40208,40211,40214,40217,40220,40223,40226,40229,40232,40235,40238,40241,40244,40247,40250,40253,40256,40262,40268,40271,40274,40277,40280,40283,40286,40289,40292,40295,40298,40301,40304,40307,40310,40313,40316,40319,40322,40325,40328,40331,40337,40349,40370,40388,40427,40442,40466,40517,40559,40589,40607,40649,40673,40694,40712,40721,40733,40742,40751,40760,40766,40772,40784,40790,40796,40802,40808,40814,40820,40823,40826,40829,40832,40835,40838,40841,40844,40847,40850,40853,40856,40859,40862,40865,40868,40871,40874,40877,40880,40883,40886,40889,40892,40895,40898,40901,40904,40907,40910,40913,40916,40919,40922,40925,40928,40931,40934,40937,40940,40943,40946,40949,40952,40955,40958,40961,40964,40967,40970,40973,40976,40979,40982,40985,40988,40991,40994,40997,41000,41003,41006,41009,41012,41015,41018,41021,41024,41027,41030,41033,41036,41039,41042,41045,41048,41051,41054,41057,41060,41063,41066,41069,41072,41075,41078,41081,41084,41087,41090,41093,41096,41099,41102,41105,41108,41111,41114,41117,41120,41123,41126,41129,41132,41135,41138,41141,41144,41147,41150,41153,41156,41159,41162,41165,41168,41171,41174,41177,41180,41183,41186,41189,41192,41198,41204,41225,41231,41237,41243,41249,41255,41261,41267,41270,41273,41276,41282,41291,41297,41303,41306,41312,41315,41318,41324,41330,41336,41339,41342,41345,41348,41354,41363,41366,41369,41372,41375,41381,41387,41393,41399,41405,41408,41411,41417,41426,41432,41438,41444,41450,41459,41468,41480,41486,41492,41498,41504,41516,41522,41528,41534,41543,41552,41561,41570,41576,41582,41588,41597,41603,41609,41615,41621,41627,41636,41645,41651,41657,41663,41669,41672,41678,41687,41693,41753]]},"geometry":{"type":"MultiLineString","coordinates":[[[51.55416,35.72993],[51.5544,35.72994],[51.55441,35.72993],[51.55441,35.72996],[51.55422,35.72987],[51.55434,35.72981],[51.55432,35.72981],[51.55433,35.72984],[51.55437,35.72983],[51.55437,35.72982],[51.55437,35.72982],[51.55438,35.72982],[51.55437,35.72982],[51.55437,35.72982],[51.55437,35.72982],[51.55437,35.72982],[51.55436,35.72982],[51.55437,35.72982],[51.55419,35.72982],[51.55423,35.72987],[51.55423,35.72987],[51.55422,35.72986],[51.55417,35.72993],[51.55453,35.73018],[51.55416,35.72996],[51.55449,35.73028],[51.55457,35.73025],[51.55454,35.73033],[51.55454,35.73025],[51.55457,35.73022],[51.55453,35.73014],[51.55401,35.72982],[51.55416,35.72986],[51.55417,35.72992],[51.55421,35.72993],[51.55423,35.72993],[51.55423,35.72993],[51.5544,35.73002],[51.55396,35.72998],[51.55394,35.72992],[51.55398,35.72994],[51.55392,35.72988],[51.55399,35.72982],[51.55397,35.7298],[51.554,35.72987],[51.55448,35.73001],[51.55422,35.72991],[51.55399,35.72983],[51.55399,35.72996],[51.55397,35.72997],[51.55397,35.72995],[51.55397,35.72994],[51.55396,35.72993],[51.55397,35.72987],[51.55394,35.72997],[51.55395,35.72997],[51.55399,35.72994],[51.55399,35.72995],[51.55397,35.72997],[51.55394,35.73],[51.55439,35.73004],[51.55443,35.73005],[51.55421,35.72989],[51.55402,35.72991],[51.55375,35.73027],[51.55403,35.73065],[51.55456,35.7309],[51.55498,35.73115],[51.55549,35.73143],[51.556,35.73174],[51.55659,35.73207],[51.55716,35.73238],[51.55766,35.73267],[51.55817,35.73297],[51.55875,35.73329],[51.55935,35.73363],[51.55996,35.73396],[51.56054,35.73429],[51.56108,35.73462],[51.56163,35.73496],[51.56219,35.73527],[51.56273,35.73559],[51.56318,35.73585],[51.56359,35.7361],[51.56401,35.73638],[51.56449,35.73667],[51.56502,35.73697],[51.56555,35.73729],[51.56601,35.73757],[51.56641,35.73782],[51.56678,35.73806],[51.56727,35.73836],[51.56769,35.73864],[51.56782,35.73869],[51.56782,35.73869],[51.56836,35.73908],[51.56891,35.7394],[51.56958,35.73976],[51.57025,35.74015],[51.57084,35.74048],[51.5713,35.74076],[51.5718,35.74104],[51.57239,35.74139],[51.57293,35.74179],[51.57301,35.74235],[51.57259,35.74291],[51.57232,35.74323],[51.57209,35.74358],[51.57201,35.74396],[51.57209,35.74435],[51.57225,35.74472],[51.57241,35.74508],[51.57256,35.74545],[51.573,35.74586],[51.57371,35.7457],[51.57414,35.74557],[51.5746,35.74544],[51.57507,35.7453],[51.57552,35.74516],[51.57616,35.74498],[51.57645,35.7453],[51.57663,35.74576],[51.57686,35.74629],[51.57708,35.74687],[51.57697,35.74745],[51.57658,35.74804],[51.5763,35.74869],[51.5764,35.7491],[51.57681,35.74953],[51.57723,35.7499],[51.57775,35.75032],[51.57834,35.75075],[51.57885,35.75113],[51.57923,35.75146],[51.57911,35.7518],[51.57863,35.75209],[51.57813,35.75238],[51.57773,35.75268],[51.57742,35.75302],[51.57749,35.7534],[51.57794,35.75372],[51.57822,35.75401],[51.57836,35.75439],[51.5783,35.75476],[51.578,35.75512],[51.57758,35.75549],[51.57729,35.75585],[51.57693,35.75609],[51.57639,35.7562],[51.57606,35.75664],[51.57573,35.75714],[51.57528,35.75768],[51.57471,35.75823],[51.57436,35.75851],[51.57398,35.7588],[51.5736,35.7591],[51.5732,35.75942],[51.57279,35.75975],[51.57236,35.76009],[51.57193,35.76042],[51.5715,35.76075],[51.57107,35.76108],[51.57063,35.76141],[51.57019,35.76174],[51.56974,35.76209],[51.56927,35.76244],[51.5688,35.7628],[51.56831,35.76317],[51.56783,35.76352],[51.56731,35.76389],[51.56677,35.76424],[51.56622,35.76458],[51.56566,35.76492],[51.56509,35.76526],[51.56452,35.76559],[51.56396,35.76593],[51.5634,35.76627],[51.56285,35.76664],[51.56231,35.767],[51.56177,35.76738],[51.56121,35.76775],[51.56064,35.76812],[51.56007,35.76849],[51.55947,35.76886],[51.55886,35.7692],[51.55823,35.76951],[51.55759,35.76981],[51.55697,35.77008],[51.55629,35.77033],[51.55558,35.7706],[51.55486,35.77086],[51.55413,35.7711],[51.55342,35.77136],[51.55269,35.77161],[51.55197,35.77186],[51.55123,35.77211],[51.5505,35.77236],[51.54975,35.77262],[51.54901,35.77288],[51.54827,35.77314],[51.54754,35.7734],[51.5468,35.77366],[51.54605,35.77393],[51.5453,35.77419],[51.54455,35.77446],[51.54382,35.77472],[51.54311,35.77496],[51.54243,35.77519],[51.54176,35.7754],[51.54108,35.7756],[51.54038,35.77579],[51.53968,35.77597],[51.53896,35.77613],[51.53822,35.7763],[51.53747,35.77645],[51.5367,35.77658],[51.53591,35.77671],[51.53512,35.77682],[51.53429,35.77692],[51.53344,35.77701],[51.53257,35.77708],[51.53166,35.77714],[51.53076,35.77718],[51.52985,35.77724],[51.52892,35.7773],[51.528,35.77736],[51.52709,35.77742],[51.52619,35.77748],[51.5253,35.77753],[51.5244,35.77758],[51.52348,35.77763],[51.52256,35.7777],[51.52166,35.77782],[51.52078,35.77804],[51.51996,35.77836],[51.51918,35.77873],[51.51847,35.77915],[51.51782,35.77961],[51.51719,35.78009],[51.51657,35.78055],[51.51597,35.78099],[51.51536,35.78143],[51.51476,35.78183],[51.51413,35.7822],[51.51346,35.7825],[51.51277,35.78278],[51.51205,35.783],[51.51133,35.78324],[51.51058,35.78347],[51.50983,35.7837],[51.50906,35.78393],[51.50828,35.78415],[51.5075,35.78435],[51.50673,35.78455],[51.50595,35.78476],[51.50518,35.78497],[51.50442,35.78519],[51.50369,35.7854],[51.50298,35.78559],[51.5023,35.78577],[51.5016,35.78596],[51.50089,35.78614],[51.50014,35.78629],[51.49937,35.78637],[51.49857,35.78637],[51.49781,35.78632],[51.4971,35.78626],[51.49641,35.78617],[51.4957,35.78606],[51.49499,35.78594],[51.49427,35.78583],[51.49357,35.78574],[51.49294,35.7857],[51.49236,35.7857],[51.49189,35.78574],[51.49108,35.78587],[51.49022,35.7861],[51.48977,35.78627],[51.48928,35.78649],[51.48878,35.78671],[51.48823,35.78696],[51.48767,35.78719],[51.48709,35.78744],[51.48649,35.7877],[51.48587,35.78798],[51.48524,35.78826],[51.48463,35.78853],[51.48406,35.78877],[51.48351,35.78902],[51.48293,35.78927],[51.48236,35.78952],[51.48183,35.78975],[51.48141,35.78994],[51.4809,35.79016],[51.48036,35.79035],[51.47979,35.79047],[51.47925,35.79054],[51.4788,35.79054],[51.47806,35.79048],[51.47716,35.79039],[51.47668,35.79035],[51.47618,35.79032],[51.47562,35.7903],[51.475,35.79032],[51.47435,35.79037],[51.47367,35.79046],[51.47303,35.7906],[51.4724,35.79077],[51.47179,35.79095],[51.4712,35.79115],[51.4706,35.79133],[51.46999,35.7915],[51.46936,35.79165],[51.4687,35.79176],[51.46805,35.79187],[51.46737,35.79196],[51.46672,35.79207],[51.4661,35.79219],[51.4655,35.79234],[51.46493,35.79251],[51.46437,35.79269],[51.4638,35.79287],[51.46323,35.79303],[51.46264,35.79316],[51.46202,35.79326],[51.46141,35.79331],[51.46081,35.7933],[51.46021,35.79324],[51.45961,35.79312],[51.45903,35.79295],[51.45849,35.79273],[51.45797,35.79247],[51.45745,35.79218],[51.45692,35.79186],[51.45638,35.79152],[51.45586,35.79119],[51.45535,35.79088],[51.45487,35.79057],[51.45438,35.79026],[51.45388,35.78995],[51.45339,35.78967],[51.45291,35.78938],[51.45244,35.78912],[51.45199,35.78888],[51.45156,35.78866],[51.45114,35.78846],[51.45074,35.78827],[51.45034,35.78809],[51.44992,35.78791],[51.44951,35.78776],[51.44908,35.7876],[51.44864,35.78742],[51.44819,35.78724],[51.44773,35.78706],[51.44706,35.78681],[51.44638,35.78658],[51.44559,35.78631],[51.4448,35.78608],[51.44419,35.78591],[51.44358,35.78576],[51.4431,35.78564],[51.44259,35.78552],[51.442,35.7854],[51.44128,35.78527],[51.44056,35.78512],[51.43987,35.78497],[51.43914,35.78482],[51.43836,35.78469],[51.43757,35.7846],[51.43689,35.78451],[51.43633,35.78442],[51.4361,35.7848],[51.43604,35.7854],[51.43599,35.7859],[51.43593,35.78646],[51.43585,35.78698],[51.43579,35.78745],[51.43574,35.78783],[51.43572,35.78823],[51.43565,35.78864],[51.43563,35.78822],[51.43571,35.78768],[51.43577,35.78708],[51.43584,35.78652],[51.4359,35.78598],[51.43594,35.78548],[51.43595,35.78502],[51.43596,35.78453],[51.43599,35.78402],[51.43597,35.78358],[51.436,35.78307],[51.436,35.78263],[51.43601,35.78218],[51.43603,35.78172],[51.43606,35.78125],[51.43606,35.78081],[51.43606,35.78026],[51.43606,35.7797],[51.43606,35.77913],[51.43607,35.77859],[51.43605,35.7782],[51.43558,35.77854],[51.43509,35.77877],[51.43458,35.77891],[51.43411,35.77899],[51.43368,35.77911],[51.43323,35.77927],[51.43299,35.77922],[51.43309,35.77909],[51.43275,35.77936],[51.43306,35.77912],[51.43281,35.77935],[51.43285,35.77954],[51.43308,35.77947],[51.43285,35.77948],[51.43283,35.7795],[51.43301,35.77925],[51.43268,35.77887],[51.43259,35.77851],[51.43248,35.77806],[51.43249,35.77759],[51.43261,35.77718],[51.43275,35.77683],[51.43286,35.77646],[51.43301,35.77609],[51.43314,35.77574],[51.43324,35.77535],[51.43347,35.77496],[51.43357,35.7746],[51.4335,35.77447],[51.43347,35.77433],[51.43346,35.77437],[51.43347,35.77427],[51.43358,35.77464],[51.4331,35.77446],[51.43284,35.77408],[51.43246,35.77383],[51.43234,35.77396],[51.4323,35.77397],[51.43204,35.77367],[51.43197,35.77361],[51.43189,35.77359],[51.43162,35.77358],[51.43106,35.77342],[51.43064,35.7733],[51.43024,35.77311],[51.43017,35.77274],[51.43007,35.77268],[51.43009,35.77275],[51.43005,35.77282],[51.43014,35.7726],[51.43004,35.77278],[51.43015,35.7726],[51.43015,35.77268],[51.42992,35.773],[51.43177,35.76911],[51.43247,35.76791],[51.43234,35.76827],[51.43246,35.76823],[51.4432,35.76075],[51.43877,35.76171],[51.43862,35.76207],[51.43847,35.76228],[51.43827,35.76247],[51.43559,35.76428],[51.42912,35.76692],[51.4287,35.76719],[51.4284,35.76754],[51.42848,35.7671],[51.42864,35.76676],[51.42852,35.76676],[51.4286,35.76681],[51.4286,35.7668],[51.42863,35.76674],[51.42859,35.76667],[51.42862,35.76667],[51.42808,35.76668],[51.42762,35.76669],[51.42758,35.76659],[51.42749,35.76677],[51.42779,35.7665],[51.42767,35.76652],[51.42791,35.76684],[51.42762,35.76666],[51.42751,35.76668],[51.42748,35.76665],[51.42736,35.76676],[51.42738,35.76691],[51.42718,35.76657],[51.42708,35.76606],[51.42682,35.76554],[51.42641,35.76535],[51.42607,35.76502],[51.4257,35.76476],[51.42627,35.76447],[51.42682,35.76432],[51.42747,35.76406],[51.42794,35.7642],[51.42913,35.76425],[51.42929,35.76432],[51.42971,35.76412],[51.43015,35.76407],[51.43046,35.76416],[51.4308,35.76402],[51.43095,35.76395],[51.43101,35.7639]],[[51.44218,35.7603],[51.44326,35.75781],[51.43942,35.75707],[51.43963,35.75684],[51.43965,35.75679],[51.43957,35.75677],[51.43959,35.75677],[51.4396,35.75677],[51.4396,35.75685],[51.43958,35.75676],[51.43958,35.75678],[51.43975,35.7565],[51.43949,35.7561],[51.4394,35.75565],[51.43942,35.75515],[51.43935,35.75455],[51.43927,35.75405],[51.43918,35.75357],[51.4391,35.75317],[51.43895,35.75279],[51.43884,35.75229],[51.4387,35.75178],[51.43849,35.75132],[51.43832,35.75082],[51.43818,35.75017],[51.43805,35.74983],[51.43788,35.74948],[51.43768,35.74915],[51.43752,35.74872],[51.4373,35.74826],[51.43713,35.74789],[51.43681,35.74734],[51.4372,35.74713],[51.43773,35.74715],[51.44371,35.7533],[51.44373,35.75302],[51.44395,35.75337],[51.44397,35.75374],[51.444,35.75375],[51.44458,35.75382],[51.44523,35.75388],[51.4458,35.75393],[51.44624,35.75401],[51.44605,35.75395],[51.44602,35.75391],[51.44597,35.75402],[51.44619,35.75411],[51.44598,35.75378],[51.44612,35.75411],[51.44616,35.75404],[51.44611,35.75387],[51.44599,35.75379],[51.44575,35.75343],[51.44523,35.75279],[51.44518,35.75227],[51.44512,35.75189],[51.44505,35.75153],[51.44503,35.75113],[51.445,35.75057],[51.44471,35.75029],[51.44444,35.74995],[51.44422,35.74958],[51.44411,35.74921],[51.4439,35.74813],[51.44389,35.74855],[51.44428,35.7488],[51.44461,35.74924],[51.44423,35.7495],[51.44431,35.74997],[51.44481,35.75011],[51.44531,35.75023],[51.44719,35.75002],[51.44707,35.74998],[51.44709,35.75002],[51.44703,35.75007],[51.44701,35.74999],[51.44712,35.74983],[51.44704,35.74992],[51.44689,35.75004],[51.44683,35.74999],[51.44698,35.74978],[51.44702,35.74965],[51.44714,35.75007],[51.4474,35.75037],[51.44709,35.75004],[51.44705,35.74965],[51.44693,35.74929],[51.44674,35.74889],[51.44642,35.74852],[51.44605,35.74826],[51.446,35.74788],[51.44614,35.74759],[51.4464,35.74734],[51.44656,35.74725],[51.44658,35.7472],[51.44658,35.74719],[51.44665,35.7472],[51.4467,35.74731],[51.44654,35.74729],[51.44657,35.74728],[51.4466,35.74721],[51.44661,35.74732],[51.44666,35.7471],[51.44667,35.74712],[51.44718,35.74701],[51.44774,35.74679],[51.44832,35.74675],[51.44878,35.74668],[51.4492,35.74686],[51.44936,35.74725],[51.4494,35.74773],[51.44936,35.74822],[51.44929,35.74875],[51.44921,35.74927],[51.44916,35.74967],[51.44911,35.75006],[51.44906,35.75044],[51.449,35.75084],[51.44917,35.75123],[51.44957,35.75171],[51.45,35.75205],[51.45049,35.75236],[51.45091,35.7526],[51.45139,35.75285],[51.45183,35.75313],[51.45207,35.75329],[51.45252,35.7536],[51.45299,35.75392],[51.45362,35.75426],[51.45415,35.75458],[51.45477,35.75489],[51.4555,35.7552],[51.45631,35.75552],[51.45678,35.75568],[51.45728,35.75585],[51.45779,35.75601],[51.45829,35.75611],[51.45877,35.75619],[51.45926,35.75628],[51.45975,35.75635],[51.46025,35.75641],[51.46078,35.75647],[51.4613,35.75654],[51.46181,35.75658],[51.4623,35.7566],[51.46278,35.75661],[51.46328,35.75663],[51.46379,35.75662],[51.4643,35.75663],[51.46481,35.75663],[51.4653,35.75664],[51.46599,35.75662],[51.46646,35.75659],[51.46682,35.75635],[51.46655,35.75597],[51.46593,35.75608],[51.46572,35.75651],[51.46572,35.7571],[51.46574,35.75777],[51.46572,35.75846],[51.46574,35.75887],[51.46578,35.75931],[51.46586,35.75983],[51.46596,35.7603],[51.46606,35.76082],[51.46618,35.76131],[51.4663,35.76175],[51.46642,35.7622],[51.46656,35.76266],[51.4667,35.76311],[51.46685,35.76356],[51.46699,35.76402],[51.46715,35.76447],[51.46735,35.76488],[51.46755,35.76523],[51.46776,35.76561],[51.46798,35.76602],[51.4682,35.76644],[51.46842,35.76686],[51.46863,35.76725],[51.46883,35.76765],[51.46904,35.76804],[51.46926,35.76842],[51.46953,35.76876],[51.46986,35.76907],[51.47026,35.76933],[51.4707,35.76959],[51.47115,35.76985],[51.47159,35.77012],[51.472,35.77043],[51.47237,35.77079],[51.47273,35.77117],[51.47303,35.77158],[51.47338,35.77197],[51.47379,35.77233],[51.47424,35.77266],[51.47471,35.77296],[51.47516,35.77324],[51.47553,35.77352],[51.47603,35.77405],[51.47648,35.77466],[51.47665,35.77506],[51.47677,35.77549],[51.47686,35.77591],[51.47695,35.77634],[51.47705,35.77677],[51.47715,35.77719],[51.47725,35.77759],[51.47738,35.77799],[51.47756,35.77837],[51.47785,35.77876],[51.47823,35.77915],[51.47868,35.77952],[51.47915,35.77989],[51.47962,35.78023],[51.48008,35.78059],[51.48046,35.78101],[51.48078,35.78144],[51.48104,35.78187],[51.48131,35.78226],[51.48155,35.78263],[51.48176,35.78299],[51.48209,35.78354],[51.48235,35.78392],[51.48256,35.78424],[51.4828,35.78458],[51.48302,35.78492],[51.48324,35.78527],[51.48346,35.78562],[51.48372,35.78594],[51.4839,35.78632],[51.4841,35.78667],[51.48429,35.78703],[51.48457,35.78743],[51.48475,35.78777],[51.48515,35.78794],[51.48555,35.7877],[51.486,35.78751],[51.48653,35.78726],[51.48697,35.78705],[51.48754,35.78684],[51.48809,35.78658],[51.48861,35.78637],[51.48901,35.78618],[51.48947,35.78585],[51.48993,35.78555],[51.49054,35.78545],[51.49122,35.78543],[51.49194,35.78533],[51.49266,35.78529],[51.4935,35.7853],[51.49394,35.78533],[51.49441,35.78543],[51.4949,35.78551],[51.49541,35.78564],[51.49595,35.78573],[51.49649,35.78583],[51.49706,35.78595],[51.49765,35.78601],[51.49824,35.78607],[51.49884,35.78615],[51.49945,35.78616],[51.50006,35.78612],[51.50066,35.786],[51.50124,35.78582],[51.50184,35.78563],[51.50245,35.78544],[51.50307,35.78524],[51.5037,35.78501],[51.50434,35.78478],[51.50497,35.7846],[51.5056,35.78443],[51.50627,35.78425],[51.50694,35.78409],[51.5076,35.78394],[51.50828,35.78376],[51.50898,35.78358],[51.50971,35.78336],[51.51042,35.78314],[51.51114,35.78289],[51.51187,35.78264],[51.51258,35.78243],[51.51329,35.78217],[51.51398,35.78188],[51.51463,35.78153],[51.5153,35.7811],[51.51591,35.78069],[51.51652,35.78025],[51.51707,35.77986],[51.51763,35.77943],[51.51826,35.77901],[51.51894,35.77856],[51.51971,35.7781],[51.52052,35.77772],[51.52135,35.77748],[51.52219,35.7773],[51.523,35.77727],[51.52378,35.77732],[51.52463,35.77726],[51.52549,35.77719],[51.52636,35.77716],[51.52723,35.77713],[51.52814,35.77706],[51.52906,35.77698],[51.53003,35.77678],[51.53091,35.77671],[51.53184,35.77654],[51.53271,35.77649],[51.53358,35.77645],[51.53442,35.77636],[51.53525,35.77627],[51.53608,35.77615],[51.53691,35.77605],[51.53774,35.7759],[51.53858,35.77576],[51.53941,35.7756],[51.54025,35.77533],[51.54106,35.77515],[51.54187,35.77494],[51.54268,35.77473],[51.5435,35.77446],[51.54429,35.77416],[51.54508,35.77388],[51.5459,35.77364],[51.54672,35.77332],[51.54753,35.77302],[51.5483,35.77276],[51.54904,35.77251],[51.54979,35.77223],[51.55055,35.77198],[51.55132,35.77174],[51.55206,35.77152],[51.5528,35.7713],[51.55354,35.77101],[51.55426,35.77078],[51.55499,35.77052],[51.55571,35.77023],[51.55642,35.76996],[51.55709,35.76971],[51.55772,35.7694],[51.55836,35.76911],[51.55902,35.7688],[51.55967,35.76849],[51.56035,35.76807],[51.561,35.76761],[51.56164,35.76716],[51.56231,35.76668],[51.56297,35.76622],[51.56365,35.76581],[51.56441,35.76537],[51.56514,35.76494],[51.56586,35.7645],[51.56658,35.76408],[51.56727,35.76363],[51.56791,35.76314],[51.56853,35.76262],[51.56916,35.76212],[51.56981,35.76156],[51.5704,35.76105],[51.57093,35.76066],[51.57142,35.76034],[51.57188,35.76003],[51.57231,35.75973],[51.57272,35.75944],[51.57313,35.75914],[51.57355,35.75882],[51.57401,35.75843],[51.57444,35.75804],[51.57481,35.75769],[51.57514,35.75731],[51.57547,35.75687],[51.57575,35.75644],[51.57601,35.756],[51.57624,35.75556],[51.5764,35.75517],[51.57653,35.75458],[51.57662,35.75415],[51.57684,35.75367],[51.57721,35.75315],[51.57776,35.75266],[51.57838,35.75227],[51.57891,35.75194],[51.57915,35.75151],[51.57875,35.75103],[51.57805,35.75054],[51.57765,35.75029],[51.57727,35.75002],[51.57696,35.74972],[51.57651,35.74923],[51.57627,35.74876],[51.57634,35.74837],[51.57668,35.74778],[51.5769,35.74747],[51.57698,35.74675],[51.57685,35.74637],[51.57671,35.74598],[51.57643,35.74539],[51.576,35.74505],[51.57524,35.74527],[51.57477,35.74541],[51.57425,35.74556],[51.57371,35.74574],[51.57321,35.74589],[51.57278,35.74597],[51.57245,35.74547],[51.57232,35.74513],[51.57214,35.74474],[51.57194,35.74435],[51.57179,35.744],[51.57192,35.74335],[51.57233,35.74291],[51.57272,35.74242],[51.57293,35.74201],[51.57251,35.74149],[51.57211,35.74126],[51.57166,35.741],[51.57111,35.74073],[51.57066,35.74045],[51.56992,35.74003],[51.56935,35.73971],[51.56882,35.73944],[51.56837,35.7392],[51.56795,35.73891],[51.56746,35.73864],[51.56708,35.73837],[51.56665,35.73804],[51.56619,35.73773],[51.56583,35.73751],[51.56547,35.7373],[51.56491,35.73699],[51.56428,35.73662],[51.5638,35.73634],[51.56339,35.73613],[51.56286,35.73581],[51.56235,35.73551],[51.56191,35.73528],[51.56147,35.73499],[51.56095,35.73472],[51.56046,35.73439],[51.56004,35.73414],[51.5596,35.73383],[51.55927,35.73356],[51.55884,35.73337],[51.55839,35.73321],[51.55788,35.73299],[51.55744,35.73269],[51.55699,35.73242],[51.55653,35.73205],[51.55621,35.73178],[51.55573,35.73151],[51.5553,35.73136],[51.55467,35.73113],[51.5543,35.73092],[51.55369,35.73057],[51.55358,35.7302],[51.55398,35.72981],[51.55416,35.72995]]]}},{"type":"Feature","properties":{"route":7,"color":"#4f46e5","times":[[23528,23531,23534,23546,23549,23552,23555,23561,23612,23621,23627,23633,23636,23639,23642,23645,23648,23651,23654,23657,23663,23669,23675,23681,23687,23696,23702,23708,23711,23714,23717,23720,23723,23726,23729,23732,23735,23738,23741,23744,23747,23750,23753,23756,23759,23762,23765,23768,23771,23774,23777,23780,23783,23786,23789,23792,23795,23798,23801,23804,23807,23810,23813,23819,23825,23828,23834,23840,23846,23852,23858,23864,23870,23876,23882,23888,23897,23903,23909,23915,23942,23963,23972,23978,23984,23990,23996,24002,24008,24014,24020,24026,24032,24041,24053,24062,24068,24074,24080,24086,24098,24104,24110,24116,24122,24128,24134,24140,24146,24152,24158,24164,24170,24176,24182,24188,24194,24203,24209,24215,24221,24227,24233,24239,24245,24251,24257,24266,24272,24281,24287,24293,24302,24317,24323,24329,24335,24341,24347,24353,24359,24365,24371,24377,24407,24416,24422,24428,24434,24440,24455,24464,24470,24476,24482,24488,24521,24527,24545,24607,24667,24727,24787,24847,24856,24865,24874,24892,24901,24907,24913,24919,24925,24931,24937,24946,24955,24964,24973,24982,24988,24994,25000,25006,25012,25018,25027,25036,25042,25048,25057,25063,25069,25078,25105,25129,25189,25249,25309,25369,25429,25489,25519,25555,25606,25666,25726,25786,25846,25906,25966,26026,26086,26146,26191,26215,26230,26236,26242,26251,26257,26263,26272,26287,26293,26299,26305,26365,26425,26485,26545,26590,26650,26710,26770,26830,26890,26950,27010,27070,27130,27190,27244,27268,27274,27280,27286,27292,27295,27301,27346,27355,27364,27370,27376,27382,27388,27394,27442,27502,27544,27550,27556,27565,27574,27586,27646,27706,27766,27826,27886,27946,28006,28066,28126,28186,28246,28306,28366,28426,28486,28546,28579,28588,28594,28600,28606,28612,28618,28624,28630,28636,28642,28648,28654,28660,28669,28678,28699,28708,28717,28723,28729,28735,28741,28747,28756,28816,28876,28936,28990,29052,29106,29135,29150,29159,29165,29174,29204,29219,29234,29294,29354,29369,29396,29408,29423,29432,29492,29552,29612,29672,29732,29792,29852,29882,29894,29903,29909,29921,29930,29942,30002,30062,30122,30140,30152,30176,30182,30191,30197,30203,30212,30272,30332,30392,30452,30512,30572,30632,30692,30752,30812,30872,31056,31118,31178,31238,31250,31259,31268,31277,31283,31289,31295,31301,31307,31316,31322,31328,31340,31352,31373,31382,31388,31394,31400,31412,31421,31430,31436,31445,31460,31490,31499,31505,31511,31529,31544,31556,31565,31574,31595,31613,31631,31649,31667,31691,31700,31709,31724,31736,31751,31757,31763,31769,31778,31790,31796,31805,31814,31826,31838,31844,31850,31862,31919,31934,31988,32012,32048,32063,32075,32087,32105,32114,32126,32132,32138,32144,32153,32165,32171,32180,32189,32201,32207,32216,32222,32249,32264,32273,32285,32291,32306,32318,32324,32331,32334,32340,32343,32349,32361,32421,32481,32541,32547,32553,32559,32571,32577,32586,32595,32601,32607,32661,32682,32688,32697,32700,32703,32709,32721,32748,32808,32868,32928,32990,33047,33059,33065,33074,33083,33089,33107,33113,33152,33158,33167,33173,33188,33203,33224,33230,33263],[34957,35017,35077,35089,35104,35113,35152,35170,35176,35182,35191,35197,35206,35215,35224,35233,35242,35260,35278,35287,35293,35299,35305,35311,35317,35323,35329,35338,35398,35410,35419,35425,35431,35437,35443,35449,35455,35461,35470,35482,35509,35530,35539,35548,35560,35605,35614,35854,35890,35899,35911,35944,35998,36007,36013,36025,36040,36046,36055,36064,36073,36079,36085,36094,36100,36106,36112,36118,36136,36139,36145,36151,36157,36163,36166,36172,36178,36184,36190,36196,36214,36229,36241,36256,36265,36277,36298,36310,36319,36346,36355,36415,36473,36485,36578,36638,36665,36741,36816,36876,37176,37236,37284,37293,37302,37308,37314,37338,37356,37380,37401,37413,37425,37479,37512,37533,37551,37563,37572,37575,37581,37587,37593,37599,37605,37650,37656,37665,37674,37686,37746,37835,38078,38147,38207,38231,38246,38258,38267,38282,38318,38412,38472,38502,38514,38526,38550,38571,38592,38598,38604,38610,38616,38622,38628,38664,38682,38691,38697,38706,38712,38718,38724,38730,38742,38748,38757,38766,38814,38820,38829,38841,38853,38874,38880,38886,38895,38907,38913,38922,38928,38937,38949,38955,38961,38967,38973,38979,38985,38991,38997,39003,39009,39015,39018,39021,39027,39033,39039,39048,39054,39060,39066,39072,39078,39138,39180,39192,39201,39207,39210,39213,39219,39225,39228,39231,39234,39237,39240,39243,39246,39249,39252,39258,39264,39270,39276,39279,39282,39285,39288,39291,39294,39297,39300,39303,39306,39309,39312,39315,39318,39321,39324,39327,39330,39333,39336,39339,39342,39345,39348,39351,39354,39357,39360,39363,39366,39369,39372,39375,39378,39381,39384,39387,39390,39393,39396,39399,39402,39405,39408,39411,39414,39417,39420,39423,39426,39429,39432,39435,39438,39441,39444,39447,39450,39453,39456,39459,39462,39465,39468,39471,39474,39477,39480,39483,39486,39489,39492,39495,39498,39501,39504,39507,39510,39513,39516,39519,39522,39528,39534,39540,39546,39552,39558,39567,39585,39600,39612,39621,39636,39642,39648,39654,39660,39663,39669,39675,39681,39684,39687,39693,39696,39699,39702,39705,39708,39714,39720,39726,39732,39738,39744,39747,39750,39753,39756,39759,39765,39771,39777,39783,39789,39795,39804,39810,39819,39828,39837,39846,39852,39858,39864,39870,39876,39882,39888,39894,39900,39906,39912,39918,39924,39927,39930,39933,39936,39939,39942,39945,39948,39951,39954,39957,39960,39963,39966,39969,39975,39981,39987,39993,39999,40005,40011,40014,40020,40026,40032,40038,40041,40044,40047,40050,40053,40056,40059,40062,40065,40068,40071,40074,40077,40080,40083,40086,40089,40092,40098,40104,40110,40116,40122,40125,40128,40131,40134,40137,40140,40143,40146,40149,40152,40155,40158,40161,40164,40167,40170,40173,40176,40179,40182,40185,40188,40191,40194,40197,40200,40203,40206,40209,40212,40215,40218,40221,40224,40227,40230,40233,40236,40239,40242,40245,40248,40251,40254,40257,40260,40263,40266,40269,40272,40275,40278,40281,40284,40287,40290,40293,40296,40299,40302,40305,40308,40311,40314,40317,40320,40323,40326,40329,40332,40335,40338,40341,40344,40347,40350,40353,40356,40359,40362,40365,40368,40371,40374,40377,40383,40389,40395,40401,40410,40416,40422,40428,40446,40452,40458,40464,40470,40476,40482,40488,40497,40521,40536,40545,40551,40557,40572,40581,40587,40593,40599,40605,40611,40617,40623,40629,40635,40641,40647,40653,40659,40662,40665,40668,40671,40674,40677,40680,40683,40686,40689,40692,40695,40698,40701,40704,40707,40710,40713,40716,40719,40722,40725,40728,40731,40734,40737,40740,40743,40746,40749,40752,40755,40758,40764,40809,40815,40821,40830,40845,40851,40857,40869,40878,40887,40899,40905,40914]]},"geometry":{"type":"MultiLineString","coordinates":[[[51.47931,35.66543],[51.4788,35.66553],[51.47826,35.66574],[51.4747,35.66894],[51.47418,35.66898],[51.47371,35.66906],[51.47325,35.66914],[51.47265,35.6692],[51.47221,35.66925],[51.47149,35.66932],[51.47071,35.66944],[51.46987,35.66955],[51.46943,35.66963],[51.469,35.6697],[51.46856,35.66979],[51.46811,35.66987],[51.46765,35.66996],[51.46718,35.67006],[51.4667,35.67015],[51.46625,35.67025],[51.46557,35.67054],[51.46502,35.67091],[51.46446,35.67116],[51.46381,35.67127],[51.46322,35.67116],[51.46254,35.67107],[51.46183,35.67113],[51.46095,35.67121],[51.46048,35.67128],[51.45995,35.67137],[51.45937,35.67147],[51.45878,35.6716],[51.45816,35.6717],[51.45753,35.67178],[51.4569,35.67184],[51.45628,35.67191],[51.45567,35.67196],[51.45508,35.67202],[51.45451,35.67207],[51.45392,35.67216],[51.45328,35.6723],[51.4527,35.67246],[51.45211,35.67262],[51.45155,35.67275],[51.451,35.67284],[51.45048,35.67292],[51.44998,35.67302],[51.44947,35.67312],[51.44895,35.67321],[51.4484,35.67332],[51.44785,35.67343],[51.44733,35.67354],[51.44682,35.67366],[51.44632,35.67376],[51.44583,35.67387],[51.44534,35.67397],[51.44484,35.67405],[51.44431,35.67411],[51.44378,35.67415],[51.44329,35.67418],[51.44282,35.67417],[51.44234,35.67419],[51.44185,35.67419],[51.44104,35.67421],[51.44021,35.67423],[51.43977,35.67425],[51.43897,35.6743],[51.43832,35.67441],[51.43785,35.67447],[51.4374,35.67458],[51.43691,35.67466],[51.43642,35.67474],[51.43586,35.67485],[51.4352,35.67493],[51.43458,35.67506],[51.434,35.67517],[51.43335,35.67532],[51.43264,35.67548],[51.43198,35.6756],[51.43135,35.67572],[51.4309,35.67585],[51.43032,35.6758],[51.43021,35.67542],[51.43011,35.67488],[51.43005,35.67435],[51.42993,35.67378],[51.42982,35.67323],[51.42975,35.6728],[51.4297,35.67243],[51.42965,35.67198],[51.42953,35.67156],[51.4294,35.67107],[51.42928,35.67055],[51.42925,35.6701],[51.42913,35.66972],[51.42871,35.66956],[51.42827,35.66953],[51.42766,35.66947],[51.42701,35.6694],[51.42643,35.66934],[51.42592,35.66925],[51.42547,35.66918],[51.425,35.66914],[51.42436,35.66905],[51.42366,35.66894],[51.42304,35.66887],[51.42256,35.6688],[51.4219,35.66871],[51.42132,35.66863],[51.42087,35.66857],[51.42025,35.66851],[51.41952,35.66846],[51.41874,35.66841],[51.41821,35.66838],[51.41771,35.6683],[51.41707,35.66823],[51.4166,35.66821],[51.41596,35.66833],[51.4155,35.66821],[51.41507,35.66787],[51.41459,35.66782],[51.41392,35.66779],[51.4132,35.66779],[51.41244,35.66776],[51.4117,35.6677],[51.41095,35.66767],[51.41029,35.66764],[51.40967,35.66761],[51.40921,35.66754],[51.40864,35.66752],[51.40805,35.66744],[51.40745,35.66747],[51.40694,35.66745],[51.40643,35.66746],[51.40599,35.66741],[51.40537,35.66739],[51.40465,35.66736],[51.40393,35.66733],[51.40321,35.6673],[51.4025,35.66729],[51.40197,35.66727],[51.40141,35.66724],[51.40074,35.66721],[51.40006,35.66719],[51.3995,35.6671],[51.39883,35.66713],[51.39819,35.66713],[51.39744,35.66712],[51.39667,35.6671],[51.39623,35.66715],[51.39578,35.66697],[51.39579,35.66644],[51.39583,35.66596],[51.39589,35.66541],[51.39599,35.66481],[51.39603,35.66439],[51.39612,35.66385],[51.39617,35.66346],[51.39627,35.66311],[51.39645,35.66307],[51.39638,35.66284],[51.3965,35.66289],[51.39637,35.66302],[51.39677,35.663],[51.39731,35.66294],[51.39792,35.66292],[51.39838,35.66291],[51.39891,35.66287],[51.39941,35.66275],[51.39998,35.66275],[51.40057,35.66271],[51.40109,35.66267],[51.40169,35.66265],[51.40234,35.6626],[51.40298,35.66259],[51.40345,35.66262],[51.40406,35.66262],[51.40452,35.66258],[51.40508,35.66248],[51.40524,35.66205],[51.40528,35.66151],[51.40517,35.66094],[51.40507,35.66033],[51.40494,35.65977],[51.40489,35.65935],[51.40481,35.65899],[51.40458,35.65862],[51.40387,35.65866],[51.40331,35.65874],[51.40274,35.6588],[51.4022,35.65888],[51.40173,35.65895],[51.40123,35.659],[51.40072,35.65902],[51.40024,35.65908],[51.3997,35.6591],[51.39958,35.65913],[51.39983,35.65909],[51.3998,35.65906],[51.39979,35.65903],[51.39968,35.65915],[51.39959,35.65918],[51.39914,35.65917],[51.39868,35.65928],[51.39852,35.65962],[51.39855,35.65968],[51.39859,35.65964],[51.39842,35.65944],[51.3984,35.65946],[51.3985,35.65952],[51.3985,35.65953],[51.39856,35.65958],[51.39863,35.65973],[51.39863,35.65972],[51.39819,35.65986],[51.39766,35.66],[51.39735,35.66027],[51.39692,35.66072],[51.39661,35.6611],[51.39645,35.66154],[51.3964,35.66193],[51.39634,35.66243],[51.3963,35.66289],[51.39692,35.66303],[51.39742,35.66299],[51.39789,35.66293],[51.39836,35.66292],[51.39865,35.66309],[51.39879,35.66306],[51.39887,35.66313],[51.39881,35.66313],[51.39876,35.66276],[51.39884,35.66304],[51.39879,35.66307],[51.39888,35.66327],[51.3988,35.66307],[51.39881,35.66297],[51.39872,35.66298],[51.39887,35.66316],[51.39892,35.66312],[51.39886,35.66322],[51.39865,35.66307],[51.39875,35.66342],[51.39878,35.66385],[51.39885,35.66429],[51.39896,35.66485],[51.39903,35.66537],[51.39916,35.66594],[51.39924,35.6663],[51.3993,35.6668],[51.39937,35.66726],[51.39946,35.66776],[51.39952,35.66814],[51.3996,35.66858],[51.39968,35.66908],[51.39976,35.66957],[51.39979,35.66994],[51.39987,35.67032],[51.40001,35.67067],[51.39994,35.67071],[51.39999,35.67111],[51.40004,35.67147],[51.4001,35.67189],[51.40017,35.67228],[51.4002,35.67269],[51.40028,35.67304],[51.40027,35.67311],[51.40049,35.67307],[51.40064,35.67307],[51.40048,35.67316],[51.4004,35.67315],[51.40063,35.67302],[51.40066,35.67296],[51.4006,35.67296],[51.40056,35.67291],[51.40053,35.67292],[51.40058,35.67322],[51.4006,35.67306],[51.40038,35.67301],[51.40037,35.67304],[51.40033,35.67305],[51.40024,35.67318],[51.40033,35.67355],[51.40044,35.67408],[51.40051,35.67453],[51.40058,35.67498],[51.40062,35.67545],[51.40069,35.67592],[51.40079,35.67644],[51.40087,35.67692],[51.40096,35.67744],[51.40105,35.67801],[51.40116,35.67852],[51.40125,35.67901],[51.40132,35.67939],[51.40139,35.67977],[51.40154,35.68028],[51.40166,35.68072],[51.40176,35.68119],[51.40167,35.68158],[51.40184,35.68195],[51.40198,35.6823],[51.40207,35.68275],[51.40216,35.68315],[51.40227,35.6836],[51.4023,35.68407],[51.40234,35.68445],[51.40216,35.68474],[51.40215,35.68484],[51.40211,35.68492],[51.40208,35.68455],[51.40211,35.68482],[51.40256,35.68467],[51.40287,35.68438],[51.40338,35.6842],[51.4039,35.68393],[51.40426,35.68371],[51.40477,35.68344],[51.40459,35.68302],[51.40433,35.6826],[51.40415,35.68224],[51.40395,35.68204],[51.40398,35.68202],[51.40376,35.68168],[51.40416,35.68142],[51.40469,35.68124],[51.40498,35.68162],[51.40519,35.68199],[51.4054,35.68203],[51.40541,35.682],[51.40553,35.68203],[51.40545,35.68208],[51.40544,35.68204],[51.40545,35.68201],[51.40546,35.68198],[51.40571,35.68231],[51.40594,35.68268],[51.40617,35.6831],[51.40643,35.68355],[51.4069,35.68372],[51.40737,35.68365],[51.40779,35.68352],[51.40793,35.6836],[51.40793,35.68348],[51.40804,35.68355],[51.40854,35.68335],[51.409,35.68316],[51.40919,35.68272],[51.40912,35.6823],[51.40903,35.68177],[51.40893,35.68132],[51.40887,35.68095],[51.40882,35.68047],[51.40881,35.68027],[51.40886,35.6802],[51.4088,35.6801],[51.4087,35.68023],[51.40874,35.68022],[51.40887,35.68017],[51.4088,35.68016],[51.40873,35.6802],[51.40873,35.68034],[51.40869,35.68017],[51.40881,35.68025],[51.40872,35.68017],[51.40886,35.68016],[51.40879,35.68024],[51.40884,35.68012],[51.40849,35.67982],[51.40795,35.67975],[51.40745,35.67971],[51.40692,35.67964],[51.40636,35.67971],[51.40581,35.67988],[51.40525,35.68003],[51.40455,35.68019],[51.40394,35.68034],[51.40325,35.68043],[51.40261,35.68056],[51.40207,35.68074],[51.40188,35.68114],[51.40177,35.68155],[51.40175,35.68196],[51.40187,35.68232],[51.40195,35.68276],[51.40202,35.68328],[51.40197,35.68368],[51.40211,35.68411],[51.40212,35.68462],[51.4022,35.68509],[51.40228,35.68555],[51.40233,35.68612],[51.40241,35.68652],[51.40259,35.68687],[51.40267,35.68726],[51.4028,35.68766],[51.40289,35.68819],[51.40334,35.68837],[51.40381,35.6885],[51.40425,35.68864],[51.40483,35.68841],[51.40531,35.68817],[51.4057,35.68836],[51.40594,35.6887],[51.40633,35.68889],[51.40649,35.68924],[51.40658,35.68964],[51.40677,35.69013],[51.40687,35.69052],[51.40687,35.69103],[51.4071,35.69135],[51.40729,35.69168],[51.40777,35.69184],[51.40787,35.69265],[51.40788,35.69302],[51.40778,35.69343],[51.4077,35.69379],[51.40764,35.69423],[51.40765,35.69469],[51.40783,35.69514],[51.40793,35.69551],[51.40809,35.69591],[51.40827,35.69645],[51.40829,35.69718],[51.40838,35.69765],[51.4087,35.69806],[51.40893,35.69837],[51.4088,35.69878],[51.40864,35.69915],[51.40835,35.69944],[51.40825,35.69979],[51.40844,35.70013],[51.40877,35.70038],[51.40926,35.70048],[51.40971,35.70051],[51.4097,35.70005],[51.40964,35.69957],[51.4095,35.69898],[51.40942,35.69859],[51.40936,35.69821],[51.40943,35.69781],[51.40908,35.69754],[51.4085,35.69753],[51.40792,35.69746],[51.40733,35.69743],[51.40686,35.69749],[51.4063,35.69743],[51.40568,35.69739],[51.4051,35.69742],[51.40457,35.69739],[51.40413,35.69748],[51.40368,35.6976],[51.40327,35.69744],[51.40335,35.69703],[51.40304,35.69677],[51.40254,35.69682],[51.40207,35.6967],[51.40147,35.6965],[51.40112,35.69701],[51.40051,35.69677],[51.40022,35.69734],[51.39963,35.69723],[51.39917,35.69706],[51.39913,35.69712],[51.39907,35.69711],[51.39849,35.69712],[51.39805,35.69715],[51.39737,35.69699],[51.39666,35.69697],[51.39617,35.69706],[51.39572,35.69707],[51.39518,35.69718],[51.39467,35.69719],[51.39407,35.69717],[51.39348,35.69714],[51.39309,35.69734],[51.39267,35.69766],[51.39242,35.6982],[51.39232,35.69884],[51.39275,35.69955],[51.39315,35.69978],[51.39357,35.70032],[51.39405,35.70056],[51.39436,35.70021],[51.39444,35.70018],[51.39431,35.69995],[51.39437,35.69997],[51.39439,35.69999],[51.39442,35.69962],[51.39453,35.69912],[51.3946,35.69867],[51.39467,35.69828],[51.39471,35.69777],[51.39475,35.69738],[51.39486,35.69689],[51.39496,35.69651],[51.39502,35.69613],[51.39511,35.6957],[51.39515,35.69531],[51.39525,35.6948],[51.39543,35.69447],[51.39589,35.69444],[51.39612,35.69403],[51.3963,35.69347],[51.39612,35.69314]],[[51.39647,35.69293],[51.39631,35.69289],[51.3959,35.69301],[51.39546,35.69308],[51.39502,35.69319],[51.39456,35.69316],[51.39406,35.6933],[51.394,35.69289],[51.39407,35.69236],[51.39413,35.69196],[51.39394,35.69153],[51.39366,35.69119],[51.39372,35.69074],[51.39363,35.69025],[51.39365,35.68975],[51.39374,35.68931],[51.39358,35.68881],[51.39364,35.68845],[51.39377,35.68798],[51.3938,35.68734],[51.39394,35.68676],[51.39399,35.68626],[51.39404,35.68574],[51.39409,35.68525],[51.39414,35.68476],[51.39421,35.68433],[51.39426,35.68386],[51.39425,35.68342],[51.39408,35.68294],[51.39408,35.68247],[51.39407,35.68204],[51.39407,35.68167],[51.39388,35.68129],[51.39387,35.68084],[51.39389,35.68041],[51.39398,35.67985],[51.39402,35.67934],[51.39407,35.67896],[51.39414,35.67847],[51.39418,35.67793],[51.3947,35.67774],[51.39516,35.67784],[51.39562,35.67782],[51.39606,35.67779],[51.39652,35.67771],[51.39697,35.67775],[51.39744,35.67765],[51.39802,35.67749],[51.39851,35.67727],[51.39897,35.67712],[51.3994,35.67702],[51.39984,35.67711],[51.39974,35.67751],[51.39985,35.67787],[51.40017,35.67817],[51.40127,35.67916],[51.40184,35.67927],[51.40237,35.67951],[51.40279,35.67963],[51.40324,35.67948],[51.40397,35.67958],[51.40471,35.67942],[51.40544,35.67952],[51.40588,35.67945],[51.40645,35.67936],[51.40714,35.67926],[51.40758,35.67914],[51.40797,35.67949],[51.40801,35.67903],[51.40834,35.67878],[51.40825,35.67836],[51.40825,35.67791],[51.40822,35.67738],[51.40812,35.67688],[51.40807,35.6765],[51.40801,35.6759],[51.40797,35.67546],[51.40788,35.67492],[51.40779,35.67449],[51.4077,35.67408],[51.40757,35.67369],[51.40751,35.67332],[51.40726,35.67293],[51.4067,35.67272],[51.40606,35.6726],[51.40561,35.67255],[51.40514,35.67252],[51.40448,35.67241],[51.40392,35.67237],[51.40349,35.67227],[51.40284,35.67228],[51.40254,35.67238],[51.40037,35.67211],[51.40002,35.67235],[51.39963,35.67271],[51.39987,35.67274],[51.39997,35.67237],[51.39977,35.67207],[51.39989,35.67222],[51.39981,35.67231],[51.39972,35.67223],[51.39962,35.67231],[51.39917,35.6724],[51.3985,35.67247],[51.39798,35.67236],[51.39743,35.67242],[51.39689,35.67252],[51.3966,35.67217],[51.3966,35.6718],[51.39656,35.6714],[51.39658,35.67095],[51.39652,35.67046],[51.39662,35.67009],[51.39643,35.66972],[51.39626,35.66938],[51.3961,35.66904],[51.39606,35.66832],[51.3958,35.66801],[51.3955,35.66773],[51.39561,35.66736],[51.39575,35.66674],[51.39584,35.66611],[51.39595,35.6655],[51.39607,35.66484],[51.39613,35.66443],[51.39615,35.66401],[51.39622,35.66354],[51.39628,35.66312],[51.39669,35.66298],[51.39712,35.66285],[51.39737,35.66275],[51.39766,35.66285],[51.39781,35.6628],[51.39771,35.66307],[51.398,35.66294],[51.39845,35.66281],[51.39896,35.66272],[51.39939,35.66245],[51.39983,35.66222],[51.40027,35.66217],[51.40069,35.662],[51.40194,35.66262],[51.40228,35.66249],[51.40278,35.66232],[51.40318,35.66214],[51.40361,35.66205],[51.40406,35.66203],[51.4045,35.66203],[51.40496,35.66196],[51.40496,35.66154],[51.40491,35.66104],[51.40482,35.66054],[51.40478,35.66004],[51.40488,35.65951],[51.4049,35.65912],[51.40479,35.65873],[51.40512,35.65847],[51.40557,35.65838],[51.40606,35.65832],[51.40668,35.65826],[51.40733,35.65819],[51.40799,35.65814],[51.40856,35.65813],[51.40904,35.65813],[51.40949,35.65816],[51.40996,35.65821],[51.41071,35.6583],[51.41116,35.65838],[51.41167,35.65847],[51.41211,35.65854],[51.41263,35.6586],[51.4131,35.65861],[51.41357,35.65863],[51.41422,35.65869],[51.4149,35.65872],[51.41543,35.65874],[51.41605,35.65874],[51.41653,35.65875],[51.41687,35.65847],[51.41676,35.65788],[51.41661,35.65735],[51.41656,35.65692],[51.41643,35.6564],[51.41637,35.65602],[51.41635,35.65556],[51.41635,35.65512],[51.41638,35.65469],[51.41642,35.65408],[51.41648,35.65343],[51.41657,35.65273],[51.41675,35.65228],[51.41717,35.65207],[51.41779,35.65187],[51.41855,35.65159],[51.41898,35.65142],[51.4194,35.65128],[51.42017,35.65104],[51.42076,35.65089],[51.42126,35.65075],[51.42148,35.65035],[51.42143,35.64986],[51.4214,35.64928],[51.42136,35.64868],[51.42139,35.64807],[51.42141,35.6477],[51.42138,35.64773],[51.42139,35.64731],[51.42155,35.64694],[51.42228,35.64686],[51.42311,35.64676],[51.42355,35.6467],[51.42399,35.64666],[51.42481,35.64657],[51.42564,35.64648],[51.42609,35.64643],[51.42654,35.64637],[51.42699,35.64631],[51.42744,35.64627],[51.42791,35.64624],[51.4284,35.6462],[51.42889,35.64614],[51.42939,35.64609],[51.42988,35.64603],[51.43063,35.64593],[51.43143,35.64584],[51.43226,35.64574],[51.43312,35.64564],[51.43356,35.64559],[51.43402,35.64554],[51.4345,35.64547],[51.435,35.64542],[51.43552,35.64536],[51.43606,35.64529],[51.43661,35.64523],[51.43718,35.64518],[51.43775,35.64512],[51.43833,35.64507],[51.43892,35.64502],[51.43949,35.64498],[51.44005,35.64495],[51.44062,35.64493],[51.44121,35.64491],[51.44179,35.6449],[51.44236,35.6449],[51.44293,35.64492],[51.44351,35.64492],[51.44411,35.64495],[51.44472,35.64498],[51.44532,35.64503],[51.44594,35.64507],[51.44656,35.64514],[51.44718,35.64519],[51.44781,35.64526],[51.44843,35.64534],[51.44905,35.6454],[51.44966,35.64544],[51.45029,35.64548],[51.45093,35.6455],[51.45157,35.64551],[51.4522,35.64551],[51.45281,35.64549],[51.45342,35.64546],[51.45403,35.64542],[51.45462,35.64536],[51.45521,35.64528],[51.45581,35.64519],[51.45643,35.64509],[51.45705,35.64499],[51.45767,35.64485],[51.45828,35.6447],[51.45887,35.64453],[51.45945,35.64435],[51.46003,35.64415],[51.46061,35.64394],[51.46121,35.64371],[51.4618,35.64347],[51.46239,35.6432],[51.46298,35.64294],[51.46357,35.64267],[51.46418,35.64243],[51.46476,35.64223],[51.46531,35.64203],[51.46587,35.64184],[51.46641,35.64165],[51.46696,35.64148],[51.46751,35.64131],[51.46807,35.64116],[51.46863,35.641],[51.46919,35.64082],[51.46975,35.64064],[51.47032,35.64044],[51.47092,35.64024],[51.47152,35.64002],[51.47207,35.63975],[51.4726,35.63952],[51.47311,35.6392],[51.47354,35.63883],[51.47389,35.63839],[51.47426,35.63797],[51.47474,35.63766],[51.47526,35.63742],[51.47579,35.63726],[51.47634,35.6372],[51.47689,35.63716],[51.47744,35.63711],[51.47795,35.63702],[51.47844,35.63691],[51.47891,35.63678],[51.47934,35.63665],[51.48016,35.63644],[51.481,35.63635],[51.48184,35.63642],[51.48261,35.63667],[51.48321,35.63708],[51.48363,35.63754],[51.48387,35.63792],[51.48404,35.6383],[51.4842,35.6387],[51.48424,35.63909],[51.48431,35.63945],[51.48438,35.63995],[51.48443,35.64042],[51.4845,35.64093],[51.48457,35.64155],[51.48467,35.64226],[51.48474,35.64264],[51.48483,35.64319],[51.48489,35.64366],[51.485,35.64427],[51.48504,35.64464],[51.48507,35.64501],[51.48516,35.64578],[51.48522,35.64619],[51.48528,35.64661],[51.48535,35.64703],[51.48547,35.64745],[51.48557,35.64785],[51.48578,35.64847],[51.48602,35.64907],[51.48625,35.64976],[51.48648,35.65041],[51.4867,35.65106],[51.48693,35.65171],[51.48704,35.65209],[51.48716,35.65246],[51.4873,35.65282],[51.48742,35.65319],[51.48755,35.65355],[51.48779,35.65418],[51.48803,35.65483],[51.48821,35.65545],[51.48838,35.6561],[51.48861,35.65666],[51.48882,35.65715],[51.48899,35.65762],[51.48914,35.65804],[51.4893,35.65844],[51.48942,35.65888],[51.48953,35.65929],[51.48972,35.65981],[51.48987,35.66025],[51.49007,35.66076],[51.49021,35.6612],[51.49034,35.66161],[51.4905,35.66202],[51.49065,35.66247],[51.49086,35.66307],[51.49104,35.66371],[51.49126,35.6643],[51.49145,35.66492],[51.49165,35.66554],[51.49187,35.66619],[51.49211,35.66689],[51.49221,35.66725],[51.49229,35.66764],[51.49235,35.66806],[51.49236,35.66849],[51.49238,35.66893],[51.4924,35.66938],[51.49242,35.66982],[51.49242,35.67024],[51.49243,35.67063],[51.49243,35.67099],[51.49241,35.67137],[51.4924,35.67174],[51.49238,35.67211],[51.49238,35.6725],[51.49241,35.67287],[51.49242,35.67355],[51.49246,35.67414],[51.49253,35.67471],[51.49251,35.67531],[51.49253,35.67594],[51.49255,35.67663],[51.49258,35.67732],[51.49261,35.67772],[51.49266,35.67834],[51.49272,35.67886],[51.49271,35.67948],[51.4928,35.68012],[51.49283,35.6805],[51.49283,35.6809],[51.49286,35.6813],[51.4929,35.68167],[51.49292,35.68206],[51.49294,35.68246],[51.49295,35.68288],[51.49295,35.6833],[51.49295,35.68374],[51.49294,35.68419],[51.49294,35.68462],[51.49294,35.68502],[51.49296,35.6854],[51.49296,35.68578],[51.49296,35.68614],[51.49297,35.6865],[51.49298,35.68687],[51.49299,35.68723],[51.49303,35.68792],[51.49304,35.6886],[51.49303,35.68915],[51.49309,35.68973],[51.49325,35.6904],[51.49337,35.69077],[51.49351,35.69118],[51.49366,35.69165],[51.49384,35.69216],[51.49412,35.69261],[51.49443,35.69302],[51.49476,35.69339],[51.49511,35.69374],[51.49542,35.69411],[51.49573,35.69445],[51.49603,35.6948],[51.49632,35.69512],[51.49664,35.69549],[51.49695,35.69585],[51.49724,35.69621],[51.49754,35.69658],[51.49784,35.69692],[51.49813,35.69727],[51.49843,35.69763],[51.49872,35.69798],[51.49905,35.69833],[51.49937,35.6987],[51.4997,35.69909],[51.49998,35.69947],[51.50024,35.69989],[51.50046,35.70039],[51.50065,35.70087],[51.50085,35.70131],[51.50104,35.70179],[51.50123,35.70228],[51.50142,35.70275],[51.50157,35.70325],[51.50173,35.70374],[51.50191,35.70424],[51.50211,35.70472],[51.50231,35.70521],[51.50251,35.70567],[51.50272,35.70615],[51.50292,35.70664],[51.50314,35.70712],[51.50336,35.70757],[51.50356,35.70803],[51.50374,35.7085],[51.50393,35.70897],[51.50411,35.70941],[51.50432,35.70987],[51.50454,35.71035],[51.50477,35.7108],[51.50502,35.71126],[51.50531,35.71167],[51.50566,35.71205],[51.50598,35.71245],[51.5063,35.71283],[51.50665,35.7132],[51.50699,35.71358],[51.50733,35.71397],[51.50765,35.71437],[51.50797,35.71472],[51.50828,35.71511],[51.50858,35.71547],[51.5089,35.7158],[51.50922,35.71614],[51.50954,35.71651],[51.50988,35.71684],[51.51021,35.71719],[51.51054,35.71751],[51.51089,35.71785],[51.51123,35.71819],[51.51155,35.71852],[51.51188,35.71886],[51.51221,35.71916],[51.51258,35.71948],[51.51297,35.71975],[51.51335,35.72008],[51.51374,35.72038],[51.51417,35.72063],[51.51462,35.72086],[51.51507,35.72105],[51.5155,35.72121],[51.51595,35.72133],[51.51638,35.72145],[51.51683,35.72159],[51.51732,35.72167],[51.51781,35.72171],[51.51827,35.72175],[51.51913,35.72183],[51.51997,35.72184],[51.52078,35.72191],[51.52132,35.72188],[51.52087,35.72162],[51.5202,35.72158],[51.51942,35.72156],[51.51866,35.72161],[51.5191,35.72142],[51.51974,35.72146],[51.52041,35.72148],[51.52116,35.72151],[51.5219,35.72162],[51.52255,35.72196],[51.523,35.72238],[51.52326,35.72277],[51.52339,35.72313],[51.52364,35.72348],[51.52402,35.72369],[51.52475,35.72378],[51.52543,35.72382],[51.52587,35.72392],[51.52639,35.72392],[51.52689,35.72401],[51.5275,35.72403],[51.52815,35.72402],[51.52884,35.72401],[51.52952,35.72404],[51.53019,35.72404],[51.53087,35.72406],[51.53158,35.72412],[51.5323,35.72423],[51.53301,35.72433],[51.53379,35.72436],[51.53459,35.72441],[51.53539,35.72443],[51.53626,35.7245],[51.5367,35.72456],[51.53717,35.72462],[51.53765,35.72467],[51.53815,35.7247],[51.53866,35.72472],[51.53917,35.72477],[51.5397,35.7248],[51.54023,35.72479],[51.54075,35.72482],[51.5413,35.72483],[51.54183,35.72483],[51.54235,35.72486],[51.54287,35.72489],[51.54338,35.72493],[51.54389,35.72499],[51.54442,35.72505],[51.54495,35.72509],[51.54548,35.72514],[51.54598,35.72519],[51.54647,35.72523],[51.54698,35.7253],[51.54748,35.72535],[51.54797,35.72541],[51.54842,35.7255],[51.54887,35.72554],[51.54933,35.72557],[51.5498,35.72558],[51.55028,35.7256],[51.55077,35.72562],[51.55127,35.72566],[51.55177,35.72571],[51.55226,35.72574],[51.55271,35.72579],[51.55331,35.72588],[51.55292,35.72606],[51.55265,35.72637],[51.55225,35.72675],[51.55194,35.72707],[51.55244,35.72737],[51.55282,35.72758],[51.55316,35.72783],[51.55366,35.72806],[51.55404,35.72833],[51.55457,35.72861],[51.55474,35.72901],[51.55448,35.72932],[51.55419,35.72968]]]}},{"type":"Feature","properties":{"route":8,"color":"#65a30d","times":[[28619,28679,28739,28799,28859,28919,28979,29039,29099,29159,29219,29279,29339,29399,29459,29519,29579,29639,29699,29759,29819,29879,29939,29999,30059,30119,30179,30239,30299,30359,30419,30479,30539,30599,30659,30719,30779,30839,30899,30959,31019,31079,31139,31199,31259,31319,31379,31439,31499,31559,31619,31679,31739,31799,31859,31919,31979,32039,32099,32159,32219,32279,32339,32387,32399,32408,32414,32420,32426,32432,32438,32444,32450,32456,32462,32471,32477,32483,32489,32495,32501,32507,32516,32525,32531,32591,32609,32615,32630,32636,32642,32648,32660,32666,32672,32678,32684,32690,32696,32702,32708,32714,32720,32726,32732,32738,32744,32750,32756,32762,32768,32774,32780,32786,32792,32798,32816,32822,32828,32834,32840,32846,32852,32858,32867,32876,32882,32888,32894,32900,32906,32912,32918,32924,32930,32936,32942,32948,32954,32960,32966,32972,32978,32984,32990,32993,32996,32999,33002,33005,33008,33011,33014,33017,33020,33023,33026,33029,33032,33035,33038,33041,33044,33047,33050,33053,33056,33059,33062,33065,33068,33071,33074,33077,33080,33083,33086,33089,33092,33095,33098,33101,33104,33107,33110,33113,33116,33119,33122,33125,33128,33131,33134,33137,33140,33143,33146,33149,33152,33155,33158,33161,33164,33167,33170,33173,33176,33179,33182,33185,33188,33191,33194,33197,33200,33203,33206,33209,33212,33215,33218,33221,33224,33227,33230,33233,33236,33239,33242,33245,33248,33251,33254,33257,33260,33263,33266,33269,33272,33275,33278,33281,33284,33287,33290,33293,33296,33299,33302,33305,33308,33311,33314,33317,33320,33323,33326,33329,33332,33335,33338,33341,33344,33347,33350,33353,33356,33359,33362,33365,33368,33371,33374,33377,33380,33383,33386,33389,33392,33395,33398,33401,33404,33407,33410,33413,33416,33419,33422,33425,33428,33431,33434,33437,33443,33449,33455,33458,33461,33464,33467,33470,33473,33476,33479,33482,33485,33488,33491,33494,33497,33500,33503,33506,33509,33512,33515,33518,33521,33527,33533,33539,33542,33545,33548,33551,33557,33560,33563,33566,33569,33572,33575,33578,33581,33584,33587,33590,33593,33596,33599,33602,33605,33608,33611,33614,33617,33620,33623,33626,33629,33632,33635,33638,33641,33644,33647,33650,33653,33656,33659,33662,33668,33674,33680,33692,33698,33704,33710,33716,33722,33731,33737,33752,33764,33770,33776,33782,33788,33800,33806,33812,33818,33824,33830,33839,33848,33854,33860,33866,33875,33884,33914,33974,34034,34094,34154,34178,34202,34262,34322,34382,34442,34502,34562,34622,34634,34640,34646,34652,34658,34679,34691,34721,34730,34790,34850,34910,34970,35030,35090,35132,35171,35195,35210,35270,35330,35390,35450,35510,35570,35609,35669,35687,35696,35705,35765,35825,35885,35891,35897,35909,35960,35969,35975,35984,35990,35996,36002,36011,36056,36071,36077,36080,36083,36086,36089,36095,36101,36107,36110,36116,36140,36146,36152,36158,36164,36170,36176,36182,36188,36248,36287,36293,36299,36305,36365,36425,36449,36455,36461,36467,36473,36479,36485,36494,36500,36509,36521,36530,36536,36542,36548,36554,36560,36566,36578,36587,36593,36608,36626,36686,36746,36806,36866,36926,36986,37046,37106,37166,37226,37286,37346,37406,37466,37526,37547,37559,37568,37577,37586,37595,37607,37619,37625,37631,37652,37712,37772,37832,37892,37952,37988,38048,38087,38147,38207,38267,38327,38387,38447,38507,38540,38567,38588,38648,38708,38753,38783,38822,38858,38873,38933,38960,38975,39011,39029,39041,39050,39059,39119,39179,39221,39230,39236,39242,39248,39254,39260,39266,39272,39287,39293,39299,39305,39311,39314,39320,39329,39338,39344,39350,39356,39362,39368,39428,39488,39548,39608,39617,39629,39641,39650,39659,39677,39695,39704,39713,39722,39728,39734,39746,39806,39866,39926,39986,40046,40106,40166,40226,40271,40280,40289,40307,40319,40325,40334,40343,40349,40361,40367,40388,40397,40409,40421,40430,40442,40454,40460,40469,40478,40487,40496,40508,40514,40523,40529,40538,40544,40556,40616,40676,40736,40796,40856,40916,40976,41036,41096,41108,41114,41126,41186,41246,41306,41327,41336,41345,41405,41465,41525,41585,41645,41705,41765,41825,41885,41945,41954,41966,41975,41984,41993,41999,42005,42014,42026,42086,42146,42206,42266,42278,42284,42290,42299,42305,42311,42320,42338,42344,42350,42356,42416,42476,42536,42596,42656,42716,42776,42836,42896,42953,42968,42995,43055,43115,43175,43235,43295,43355,43415,43475,43535,43595,43655,43715,43775,43829,43835,43841,43847,43853,43859,43865,43871,43880,43886,43892,43898,43904,43910,43916,43922,43928,43937,43946,43955,43967,44027,44045,44105,44165,44225,44285,44324,44330,44336,44342,44348,44354,44360,44366,44381,44387,44393,44405,44414,44474,44534,44594,44654,44714,44774,44819,44825,44834,44843,44852,44867,44879,44891,44951,45002,45017,45077,45113,45119,45125,45134,45194,45254,45314,45323,45335,45395,45455,45515,45551,45557,45563,45572,45590,45599,45611,45626,45638,45647,45653,45659,45668,45683,45743,45803,45863,45923,45983,46043,46103,46163,46223,46283,46343,46403,46463,46523,46583,46643,46703,46763,46817,46823,46829,46835,46841,46847,46853,46859,46865,46871,46877,46886,46892,46898,46904,46910,46916,46922,46928,46934,46940,46946,46952,47012,47072,47132,47192,47252,47312,47372,47432,47492,47552,47612,47630,47651,47666,47726,47786,47846,47906,47966,47978,47993,48026,48035,48068,48128,48188,48248,48308,48368,48428,48488,48548,48608,48668,48728,48761,48770,48779,48788,48800,48809,48818,48830,48836,48842,48851,48863,48872,48881,48890,48899,48947,48956,48989,49010,49022,49031,49052,49112,49172,49232,49292,49352,49412,49472,49532,49592,49652,49712,49721,49727,49733,49748,49784,49793,49805,49826,49838,49847,49859,49871,49886,49895,49907,49913,49919,49931,49940,49946,49955,49964,49970,49976,49982,49991,50000,50009,50018,50027,50036,50096,50156,50216,50276,50336,50396,50447,50453,50462,50468,50480,50492,50501,50510,50516,50525,50531,50540,50549,50555,50561,50570,50576,50582,50588,50597,50603,50612,50624,50633,50693,50753,50813,50873,50927,50933,50948,50999,51008,51014,51023,51032,51044,51104,51164,51224,51284,51344,51404,51464,51524,51584,51644,51704,51764,51791,51800,51806,51812,51818,51830,51839,51848,51860,51869,51875,51881,51887,51896,51908,51920,51929,51935,51941,51950,51956,51962,51977,51998,52022,52037,52043,52049,52055,52061,52070,52076,52082,52088,52094,52100,52106,52112,52118,52124,52130,52136,52142,52145,52148,52151,52157,52160,52166,52172,52178,52181,52184,52187,52190,52193,52196,52199,52202,52205,52208,52211,52214,52217,52220,52223,52226,52229,52232,52235,52238,52241,52244,52250,52253,52256,52259,52262,52265,52268,52271,52274,52277,52280,52283,52286,52289,52292,52295,52298,52301,52307,52313,52319,52325,52331,52337,52343,52403,52463,52523,52583,52589,52598,52619,52634,52649,52658,52664,52670,52676,52679,52682,52688,52694,52700,52706,52709,52712,52715,52718,52721,52724,52727,52730,52733,52736,52739,52742,52745,52748,52754,52760,52763,52769,52775,52778,52781,52784,52787,52790,52793,52796,52799,52802,52805,52808,52811,52814,52817,52820,52823,52826,52829,52832,52835,52838,52841,52844,52847,52850,52853,52856,52859,52862,52865,52868,52871,52874,52877,52880,52883,52886,52889,52892,52895,52898,52901,52904,52907,52910,52913,52916,52919,52922,52925,52928,52931,52934,52937,52940,52943,52946,52949,52952,52955,52958,52961,52964,52967,52970,52973,52976,52979,52982,52985,52988,52991,52994,52997,53000,53003,53006,53009,53012,53015,53018,53021,53024,53030,53036,53042,53048,53054,53063,53069,53075,53078,53081,53087,53093,53099,53105,53111,53117,53123,53135,53141,53147,53153,53159,53165,53171,53177,53183,53189,53195,53201,53207,53216,53222,53228,53234,53240,53246,53252,53261,53270,53282,53291,53297,53303,53309,53318,53324,53330,53336,53342,53348,53354,53363,53369,53375,53381,53387,53393,53402,53408,53414,53420,53426,53432,53438,53444,53450,53456,53465,53471,53480,53489,53495,53501,53507,53513,53519,53525,53531,53546,53591,53651,53711,53771,53831,53891,53951,54011,54071,54131,54191,54251,54311,54371,54431,54491,54551,54611,54671,54731]]},"geometry":{"type":"MultiLineString","coordinates":[[[51.55403,35.72971],[51.55411,35.72992],[51.55412,35.72986],[51.5541,35.72978],[51.55393,35.72968],[51.55399,35.72975],[51.55406,35.72977],[51.55413,35.72976],[51.55392,35.72979],[51.5541,35.72984],[51.55416,35.7298],[51.5542,35.72973],[51.5542,35.72997],[51.5541,35.73002],[51.55417,35.72981],[51.5541,35.72984],[51.55412,35.72985],[51.55411,35.72996],[51.55422,35.73],[51.55423,35.72994],[51.55428,35.7302],[51.55425,35.73009],[51.55421,35.73007],[51.55408,35.7299],[51.55411,35.72994],[51.55409,35.73001],[51.55413,35.73003],[51.5541,35.73012],[51.55417,35.73008],[51.55417,35.73005],[51.55416,35.72997],[51.55419,35.73004],[51.55424,35.73004],[51.55416,35.72982],[51.55433,35.73],[51.55441,35.73011],[51.55445,35.73018],[51.55441,35.73013],[51.55438,35.73015],[51.55436,35.73011],[51.55433,35.73007],[51.55423,35.72998],[51.55399,35.72984],[51.55398,35.72979],[51.55406,35.72981],[51.55409,35.72982],[51.55415,35.72977],[51.55402,35.72977],[51.55412,35.72988],[51.55405,35.72979],[51.55406,35.72978],[51.55404,35.72978],[51.55409,35.72979],[51.55404,35.72986],[51.55415,35.72996],[51.55415,35.72994],[51.55414,35.72986],[51.55416,35.72997],[51.55408,35.72998],[51.55386,35.72986],[51.55389,35.72979],[51.55413,35.72989],[51.55415,35.72993],[51.55378,35.73016],[51.55393,35.73053],[51.55449,35.73087],[51.55499,35.73114],[51.55542,35.73143],[51.5559,35.73169],[51.55637,35.73204],[51.55696,35.73238],[51.55763,35.73261],[51.55827,35.73298],[51.5588,35.73329],[51.55932,35.73357],[51.55978,35.73382],[51.56015,35.73407],[51.56065,35.73434],[51.56122,35.73467],[51.56179,35.73502],[51.56231,35.73533],[51.56277,35.7356],[51.56316,35.73577],[51.56365,35.73609],[51.56403,35.73634],[51.56432,35.73653],[51.56489,35.73688],[51.5653,35.73713],[51.5658,35.73742],[51.56617,35.73766],[51.5666,35.73793],[51.56698,35.73817],[51.56737,35.7384],[51.56773,35.73865],[51.56822,35.73896],[51.56878,35.73931],[51.56937,35.73966],[51.56992,35.73997],[51.57039,35.74026],[51.57093,35.74057],[51.57149,35.74088],[51.5721,35.74123],[51.57267,35.74151],[51.57303,35.74195],[51.57293,35.74249],[51.57254,35.743],[51.57209,35.74358],[51.57208,35.74421],[51.57236,35.74482],[51.57262,35.74546],[51.57295,35.74585],[51.57351,35.74572],[51.57422,35.7455],[51.57499,35.74528],[51.57567,35.74509],[51.5761,35.74497],[51.57648,35.74532],[51.5766,35.74567],[51.5768,35.74612],[51.577,35.74656],[51.57713,35.74711],[51.57687,35.74766],[51.5765,35.74821],[51.5763,35.7487],[51.57647,35.74916],[51.57685,35.74955],[51.5773,35.74998],[51.57793,35.75043],[51.57852,35.75084],[51.57903,35.75121],[51.57927,35.75161],[51.57888,35.75196],[51.57831,35.75228],[51.57779,35.75265],[51.57742,35.75305],[51.57753,35.75341],[51.57793,35.75362],[51.57831,35.75405],[51.57838,35.75457],[51.57808,35.7551],[51.57757,35.75556],[51.57719,35.75603],[51.57657,35.75613],[51.57612,35.75655],[51.57574,35.75714],[51.57548,35.75746],[51.57519,35.7578],[51.57486,35.75813],[51.5745,35.75842],[51.57411,35.7587],[51.57372,35.759],[51.57332,35.75932],[51.57291,35.75965],[51.57248,35.75998],[51.57203,35.76032],[51.5716,35.76066],[51.57116,35.761],[51.57071,35.76134],[51.57026,35.76169],[51.5698,35.76204],[51.56934,35.7624],[51.56888,35.76275],[51.5684,35.76312],[51.56793,35.76348],[51.56744,35.76384],[51.56694,35.76418],[51.56642,35.7645],[51.56589,35.76482],[51.56535,35.76513],[51.56482,35.76545],[51.56428,35.76577],[51.56375,35.76608],[51.56323,35.7664],[51.56273,35.76673],[51.56226,35.76706],[51.56177,35.7674],[51.56128,35.76774],[51.5608,35.76808],[51.56032,35.7684],[51.55983,35.7687],[51.55933,35.76897],[51.55884,35.76924],[51.55837,35.76947],[51.55792,35.76968],[51.55746,35.76987],[51.55698,35.77007],[51.55647,35.77025],[51.55595,35.77044],[51.5554,35.77064],[51.55482,35.77084],[51.55423,35.77105],[51.55363,35.77126],[51.55302,35.77149],[51.55239,35.77171],[51.55176,35.77194],[51.55112,35.77216],[51.55049,35.77239],[51.54985,35.77261],[51.54921,35.77283],[51.54857,35.77305],[51.54795,35.77327],[51.54735,35.77349],[51.54675,35.7737],[51.54616,35.77392],[51.54558,35.77412],[51.545,35.77432],[51.54441,35.77452],[51.54383,35.77472],[51.54325,35.77493],[51.54266,35.77513],[51.54208,35.77531],[51.5415,35.77549],[51.5409,35.77566],[51.54028,35.77583],[51.53965,35.77599],[51.53899,35.77614],[51.53836,35.77628],[51.53772,35.77641],[51.53708,35.77652],[51.53644,35.77663],[51.53579,35.77673],[51.53512,35.77682],[51.53444,35.7769],[51.53375,35.77696],[51.53305,35.77703],[51.53234,35.77709],[51.53164,35.77714],[51.53093,35.77719],[51.53021,35.77724],[51.52953,35.77729],[51.52883,35.77733],[51.52814,35.77737],[51.52746,35.77742],[51.52679,35.77746],[51.52613,35.7775],[51.52546,35.77754],[51.52481,35.77758],[51.52415,35.77762],[51.5235,35.77766],[51.52286,35.77771],[51.52222,35.77775],[51.52161,35.77785],[51.52103,35.778],[51.52049,35.77817],[51.51997,35.77838],[51.51948,35.77861],[51.51899,35.77887],[51.51851,35.77918],[51.51804,35.7795],[51.51757,35.77985],[51.51711,35.78021],[51.51664,35.78056],[51.51615,35.78092],[51.51567,35.78128],[51.51517,35.78162],[51.51467,35.78193],[51.51414,35.78222],[51.5136,35.78247],[51.51303,35.78268],[51.51245,35.78288],[51.51184,35.78307],[51.51122,35.78327],[51.51059,35.78345],[51.50996,35.78365],[51.50933,35.78384],[51.5087,35.78402],[51.50807,35.7842],[51.50744,35.78438],[51.50681,35.78455],[51.50618,35.78472],[51.50556,35.78489],[51.50495,35.78506],[51.50435,35.78523],[51.50375,35.7854],[51.50315,35.78557],[51.50254,35.78574],[51.50192,35.78591],[51.5013,35.78607],[51.50068,35.78622],[51.50004,35.78633],[51.49943,35.78639],[51.49882,35.78638],[51.49822,35.78635],[51.49765,35.7863],[51.49709,35.78625],[51.49655,35.78618],[51.496,35.7861],[51.49545,35.78601],[51.49489,35.78592],[51.49433,35.78585],[51.49377,35.78579],[51.49321,35.78575],[51.49265,35.78573],[51.49215,35.78576],[51.49132,35.78587],[51.49069,35.78601],[51.49,35.78627],[51.48957,35.78643],[51.48913,35.78662],[51.48867,35.78681],[51.4882,35.78701],[51.48772,35.78722],[51.48725,35.78743],[51.48677,35.78763],[51.48626,35.78786],[51.48576,35.78808],[51.48524,35.78832],[51.48473,35.78855],[51.48423,35.78876],[51.48374,35.78898],[51.48323,35.78919],[51.48271,35.78941],[51.4822,35.78964],[51.4817,35.78985],[51.4812,35.79006],[51.48072,35.79024],[51.48026,35.79038],[51.47979,35.79048],[51.47934,35.79053],[51.47859,35.79054],[51.47786,35.79049],[51.47702,35.7904],[51.47655,35.79036],[51.47606,35.79031],[51.47562,35.79028],[51.47517,35.79027],[51.4743,35.79032],[51.47385,35.79039],[51.47337,35.7905],[51.47288,35.79062],[51.47241,35.79076],[51.47194,35.7909],[51.47146,35.79105],[51.47099,35.7912],[51.47051,35.79134],[51.47,35.79148],[51.46946,35.7916],[51.46893,35.79171],[51.46837,35.7918],[51.46782,35.79187],[51.46728,35.79196],[51.46675,35.79206],[51.46626,35.79215],[51.46579,35.79227],[51.46533,35.79243],[51.46489,35.79257],[51.46446,35.79272],[51.46401,35.79285],[51.46356,35.79296],[51.46309,35.79308],[51.46261,35.79317],[51.46209,35.79325],[51.46156,35.7933],[51.46102,35.79332],[51.46048,35.79328],[51.45993,35.7932],[51.45938,35.79306],[51.45886,35.79289],[51.45838,35.79268],[51.45793,35.79246],[51.45752,35.79224],[51.45714,35.79202],[51.45655,35.79166],[51.45608,35.79159],[51.45564,35.79166],[51.45503,35.7919],[51.45454,35.7921],[51.45399,35.79229],[51.45333,35.7924],[51.45276,35.79259],[51.45233,35.79281],[51.45193,35.79312],[51.45159,35.79336],[51.45122,35.79366],[51.45071,35.79397],[51.45034,35.79426],[51.44993,35.79456],[51.44951,35.79483],[51.44912,35.79508],[51.44863,35.79539],[51.44824,35.79575],[51.44809,35.79619],[51.44809,35.79659],[51.44803,35.79696],[51.44808,35.79745],[51.44854,35.79766],[51.44914,35.79778],[51.44972,35.79784],[51.45034,35.79786],[51.45094,35.79775],[51.45147,35.79765],[51.45206,35.79752],[51.45257,35.79735],[51.45283,35.79711],[51.45287,35.79707],[51.45298,35.7971],[51.45323,35.79699],[51.45367,35.797],[51.45418,35.79693],[51.45437,35.79682],[51.45446,35.79677],[51.45447,35.79676],[51.45447,35.79675],[51.45448,35.79673],[51.45449,35.79674],[51.45467,35.79704],[51.45516,35.79724],[51.45564,35.79735],[51.45616,35.79752],[51.45659,35.79759],[51.45702,35.79739],[51.45737,35.79708],[51.45734,35.79662],[51.45696,35.79635],[51.45671,35.79603],[51.45674,35.79587],[51.45672,35.79584],[51.45667,35.79582],[51.45665,35.7958],[51.45672,35.79581],[51.4567,35.79584],[51.45704,35.79629],[51.45737,35.79657],[51.45787,35.79662],[51.45837,35.79678],[51.45854,35.79693],[51.45848,35.79687],[51.45849,35.79684],[51.45849,35.79684],[51.45846,35.79683],[51.4583,35.79682],[51.45782,35.79675],[51.4576,35.79682],[51.45722,35.79702],[51.45691,35.7973],[51.45651,35.7976],[51.45636,35.79761],[51.45634,35.7976],[51.4559,35.79747],[51.45547,35.79735],[51.45503,35.79723],[51.45459,35.79708],[51.45427,35.79734],[51.45399,35.79786],[51.45387,35.79827],[51.45368,35.79883],[51.45347,35.79919],[51.45311,35.79946],[51.45272,35.79974],[51.45243,35.80011],[51.45211,35.80046],[51.45231,35.8009],[51.45303,35.80116],[51.45345,35.8013],[51.45388,35.80143],[51.45433,35.80156],[51.45479,35.80165],[51.45539,35.80174],[51.45588,35.80181],[51.45665,35.80188],[51.4571,35.80189],[51.45781,35.80186],[51.45722,35.80206],[51.45638,35.80204],[51.45553,35.80197],[51.45509,35.80189],[51.45442,35.80175],[51.45361,35.80154],[51.45282,35.8013],[51.45215,35.80103],[51.4517,35.80085],[51.45147,35.8008],[51.45104,35.80115],[51.45058,35.8015],[51.44989,35.80186],[51.44925,35.80213],[51.44911,35.80219],[51.4491,35.80222],[51.44877,35.80248],[51.44835,35.80268],[51.44792,35.80291],[51.44745,35.80308],[51.44713,35.80344],[51.44666,35.80365],[51.44629,35.80393],[51.44576,35.80398],[51.44524,35.80403],[51.44478,35.80404],[51.4443,35.8041],[51.44383,35.8041],[51.44366,35.80368],[51.44343,35.80333],[51.44324,35.80298],[51.44301,35.80254],[51.44267,35.80196],[51.44233,35.80151],[51.44197,35.80124],[51.44177,35.80159],[51.44169,35.80199],[51.44124,35.80186],[51.44091,35.80162],[51.44083,35.80161],[51.44082,35.80161],[51.4408,35.80161],[51.44078,35.80164],[51.44067,35.80152],[51.4407,35.80149],[51.44071,35.80158],[51.44064,35.80159],[51.44063,35.8016],[51.44063,35.80157],[51.44069,35.80163],[51.44067,35.80161],[51.44073,35.8017],[51.44072,35.80171],[51.44058,35.80163],[51.4411,35.80162],[51.44146,35.80187],[51.4413,35.80223],[51.44119,35.80263],[51.4416,35.80283],[51.44211,35.80289],[51.4426,35.80268],[51.44257,35.80214],[51.4424,35.80174],[51.44218,35.80139],[51.44205,35.80102],[51.4419,35.80076],[51.4419,35.80075],[51.44188,35.80073],[51.44188,35.80074],[51.44167,35.80033],[51.44139,35.80005],[51.44121,35.79977],[51.44101,35.79939],[51.44088,35.79928],[51.44074,35.79904],[51.44065,35.79894],[51.44065,35.79894],[51.44065,35.79894],[51.44062,35.79895],[51.4406,35.79897],[51.44054,35.79856],[51.44034,35.79822],[51.44029,35.79786],[51.44024,35.79763],[51.4402,35.79742],[51.44014,35.79702],[51.44003,35.79667],[51.43997,35.79629],[51.43981,35.7959],[51.43973,35.7955],[51.43951,35.7952],[51.43922,35.79485],[51.43894,35.79457],[51.43941,35.79451],[51.43988,35.79465],[51.44037,35.79483],[51.44087,35.79505],[51.44139,35.79521],[51.4417,35.79529],[51.44174,35.79535],[51.44223,35.79521],[51.44281,35.79523],[51.44307,35.79494],[51.4433,35.79444],[51.44352,35.79387],[51.44383,35.79323],[51.44413,35.79259],[51.4444,35.79197],[51.44456,35.79157],[51.44444,35.79207],[51.44422,35.79258],[51.44396,35.79318],[51.44373,35.79378],[51.4435,35.79444],[51.44336,35.7948],[51.4431,35.79518],[51.44322,35.79558],[51.44391,35.79562],[51.44449,35.79554],[51.44507,35.79539],[51.44559,35.79521],[51.44601,35.79505],[51.44633,35.79478],[51.44647,35.79472],[51.4465,35.79471],[51.44649,35.79471],[51.44679,35.7945],[51.44718,35.79417],[51.44678,35.79386],[51.44632,35.79371],[51.44584,35.79353],[51.44597,35.79315],[51.44562,35.79291],[51.44541,35.79252],[51.44552,35.79214],[51.44603,35.79218],[51.44659,35.79186],[51.44693,35.79141],[51.44731,35.791],[51.4475,35.79062],[51.44762,35.79033],[51.44762,35.79033],[51.44762,35.79033],[51.44762,35.79033],[51.44762,35.79033],[51.44763,35.79033],[51.44763,35.79033],[51.44763,35.79033],[51.44765,35.78995],[51.44708,35.78979],[51.4466,35.78966],[51.44649,35.78928],[51.44662,35.78875],[51.44674,35.78838],[51.44694,35.78792],[51.44713,35.78748],[51.44716,35.78705],[51.44692,35.78674],[51.4465,35.78661],[51.446,35.78641],[51.4455,35.78626],[51.44509,35.78612],[51.44455,35.78593],[51.44408,35.7858],[51.44359,35.78568],[51.44301,35.78557],[51.44249,35.78545],[51.44187,35.78534],[51.44127,35.78523],[51.4408,35.78526],[51.44088,35.7857],[51.44102,35.78614],[51.44119,35.7865],[51.44142,35.787],[51.44158,35.78735],[51.44179,35.78777],[51.44189,35.78817],[51.44217,35.78852],[51.44206,35.7886],[51.44207,35.78863],[51.44203,35.78855],[51.44202,35.78852],[51.44206,35.78856],[51.44205,35.78854],[51.44204,35.78855],[51.4421,35.78869],[51.44219,35.78851],[51.44193,35.78801],[51.44175,35.78767],[51.44129,35.78768],[51.44128,35.78768],[51.44127,35.78768],[51.44128,35.78769],[51.4408,35.78777],[51.44058,35.78815],[51.44047,35.7885],[51.4404,35.78856],[51.4404,35.78855],[51.44039,35.78853],[51.4404,35.78855],[51.44039,35.78853],[51.44039,35.78854],[51.4404,35.78855],[51.4404,35.78858],[51.44039,35.78853],[51.4405,35.78867],[51.4407,35.78904],[51.44044,35.78943],[51.43996,35.78957],[51.43942,35.78954],[51.43878,35.78975],[51.43834,35.78991],[51.43795,35.7901],[51.43749,35.79022],[51.4377,35.79056],[51.43779,35.79071],[51.43778,35.79075],[51.43778,35.79075],[51.43776,35.79076],[51.43799,35.79124],[51.43813,35.79181],[51.43832,35.79225],[51.4384,35.79271],[51.43832,35.79318],[51.43826,35.79359],[51.43837,35.79398],[51.43795,35.79417],[51.43737,35.79418],[51.43666,35.7941],[51.43606,35.79404],[51.43595,35.79402],[51.43593,35.79401],[51.43593,35.79401],[51.43593,35.79402],[51.43593,35.79402],[51.43593,35.79403],[51.43594,35.79403],[51.43594,35.79403],[51.43594,35.79403],[51.43532,35.79401],[51.43486,35.79404],[51.43459,35.79445],[51.43455,35.79472],[51.43453,35.79472],[51.43432,35.79475],[51.43434,35.79485],[51.43427,35.79481],[51.43428,35.7948],[51.43424,35.79486],[51.43444,35.7949],[51.43438,35.79483],[51.43434,35.79475],[51.43442,35.79472],[51.43441,35.79465],[51.43436,35.7946],[51.43416,35.79513],[51.43409,35.79555],[51.43402,35.79604],[51.43398,35.79667],[51.43397,35.79719],[51.43393,35.79762],[51.43384,35.79805],[51.43378,35.79845],[51.43367,35.79902],[51.43367,35.79954],[51.43371,35.80005],[51.43374,35.80051],[51.43378,35.80096],[51.43383,35.80144],[51.43389,35.80196],[51.43393,35.80243],[51.43396,35.80289],[51.43399,35.80328],[51.43397,35.80365],[51.43407,35.80409],[51.43422,35.80451],[51.43418,35.80474],[51.43419,35.80514],[51.4343,35.80517],[51.43431,35.80513],[51.43429,35.80512],[51.4343,35.80508],[51.43405,35.80544],[51.43398,35.80585],[51.43392,35.8063],[51.43388,35.80682],[51.43377,35.80732],[51.43368,35.80776],[51.43359,35.8083],[51.43352,35.80872],[51.43409,35.8087],[51.4345,35.80853],[51.43494,35.80838],[51.43548,35.8083],[51.43603,35.80833],[51.4363,35.80824],[51.4363,35.80824],[51.43631,35.80824],[51.43632,35.80824],[51.43633,35.80824],[51.43636,35.80824],[51.43637,35.80775],[51.4363,35.80732],[51.43628,35.80686],[51.43639,35.80645],[51.43588,35.80634],[51.43546,35.80618],[51.43539,35.80583],[51.4356,35.80542],[51.43554,35.80519],[51.43503,35.80511],[51.43456,35.80502],[51.43444,35.80498],[51.43491,35.80495],[51.43551,35.80503],[51.43612,35.80506],[51.43669,35.80515],[51.43686,35.80515],[51.43682,35.80523],[51.43739,35.80526],[51.43793,35.8054],[51.43844,35.80543],[51.43852,35.80544],[51.43858,35.80549],[51.43865,35.80559],[51.43911,35.80558],[51.43955,35.80564],[51.44003,35.8057],[51.44054,35.80586],[51.44092,35.80609],[51.44135,35.80625],[51.44182,35.8064],[51.44233,35.80651],[51.44283,35.80664],[51.44335,35.8069],[51.44383,35.80717],[51.44434,35.80739],[51.44479,35.80759],[51.44527,35.80768],[51.44565,35.80765],[51.44565,35.80766],[51.44565,35.80767],[51.44566,35.80769],[51.44566,35.80769],[51.44566,35.80769],[51.44566,35.80769],[51.44566,35.80769],[51.44566,35.80768],[51.44564,35.80767],[51.44561,35.80765],[51.44559,35.80765],[51.4456,35.80765],[51.4456,35.80765],[51.44559,35.80765],[51.44558,35.80765],[51.44559,35.80765],[51.44563,35.80766],[51.44614,35.80781],[51.44658,35.80798],[51.44714,35.80824],[51.44763,35.80855],[51.44804,35.80896],[51.44844,35.80939],[51.44889,35.80987],[51.44929,35.81033],[51.44968,35.81082],[51.45011,35.81132],[51.45049,35.81179],[51.45076,35.81221],[51.45105,35.81253],[51.45151,35.81287],[51.452,35.81304],[51.45259,35.81296],[51.45321,35.8129],[51.45376,35.81288],[51.45447,35.81281],[51.45524,35.81271],[51.45597,35.81256],[51.45671,35.81239],[51.45714,35.81227],[51.45729,35.8124],[51.45728,35.8124],[51.45725,35.81238],[51.45724,35.81237],[51.4573,35.81242],[51.4572,35.81236],[51.45731,35.81235],[51.45731,35.81238],[51.45728,35.81239],[51.45729,35.8124],[51.45749,35.81261],[51.45767,35.81294],[51.45785,35.81331],[51.45792,35.81377],[51.45814,35.81406],[51.45816,35.8141],[51.45817,35.81415],[51.45815,35.81415],[51.45807,35.81438],[51.45831,35.81475],[51.45859,35.81507],[51.45881,35.81548],[51.45911,35.81578],[51.45927,35.81613],[51.45929,35.81635],[51.45929,35.81635],[51.45929,35.81635],[51.45929,35.81636],[51.4593,35.81636],[51.4593,35.81636],[51.45928,35.81634],[51.45928,35.81634],[51.45928,35.81635],[51.45928,35.81635],[51.45926,35.81636],[51.45941,35.81597],[51.45972,35.8157],[51.46003,35.81532],[51.4603,35.81491],[51.46062,35.81446],[51.46089,35.81401],[51.4612,35.81372],[51.46121,35.81328],[51.46108,35.81292],[51.46094,35.81258],[51.46079,35.81216],[51.4613,35.812],[51.4618,35.81195],[51.46233,35.81192],[51.46279,35.8119],[51.46328,35.81183],[51.46388,35.81175],[51.46451,35.81172],[51.46503,35.81164],[51.46555,35.81155],[51.46617,35.81147],[51.4667,35.81142],[51.46714,35.81136],[51.46715,35.81136],[51.46715,35.81136],[51.46716,35.81136],[51.46716,35.81136],[51.46718,35.81136],[51.4672,35.81137],[51.46721,35.81137],[51.4672,35.81137],[51.4672,35.81137],[51.4672,35.81137],[51.4673,35.81135],[51.46784,35.81121],[51.46828,35.81112],[51.46871,35.81102],[51.46908,35.8108],[51.46902,35.81037],[51.46895,35.80989],[51.46876,35.80949],[51.46865,35.80911],[51.46877,35.80864],[51.46879,35.80824],[51.46877,35.80784],[51.46885,35.8074],[51.4684,35.8072],[51.46782,35.80719],[51.46755,35.80686],[51.46737,35.80653],[51.46729,35.80607],[51.46726,35.80564],[51.4673,35.80507],[51.46733,35.80467],[51.46714,35.8043],[51.46716,35.80373],[51.46719,35.8033],[51.46734,35.80293],[51.46747,35.80246],[51.46757,35.80208],[51.46776,35.80169],[51.46845,35.80164],[51.4689,35.80161],[51.46937,35.80159],[51.46989,35.80146],[51.47007,35.80149],[51.47006,35.80159],[51.47006,35.80155],[51.47014,35.80154],[51.47013,35.80152],[51.47002,35.80141],[51.46958,35.80153],[51.46911,35.8016],[51.46866,35.8016],[51.46821,35.80161],[51.46776,35.80162],[51.46844,35.80161],[51.46895,35.80159],[51.46955,35.80154],[51.46999,35.80148],[51.47055,35.80138],[51.47101,35.80137],[51.47162,35.80132],[51.47237,35.80131],[51.47298,35.80134],[51.47347,35.80134],[51.47391,35.80117],[51.47409,35.80065],[51.47431,35.80014],[51.47447,35.79967],[51.47469,35.79916],[51.47487,35.79881],[51.47497,35.79845],[51.47516,35.79801],[51.47526,35.79764],[51.4755,35.7974],[51.47551,35.7974],[51.47551,35.7974],[51.4755,35.79738],[51.47515,35.79715],[51.47466,35.79718],[51.47423,35.79693],[51.47411,35.79653],[51.47401,35.79607],[51.47387,35.79556],[51.47366,35.79512],[51.47345,35.79474],[51.4732,35.79434],[51.4731,35.79418],[51.47312,35.79415],[51.47311,35.79415],[51.47308,35.79411],[51.47306,35.79408],[51.47306,35.79409],[51.47305,35.79407],[51.47311,35.79413],[51.47316,35.79413],[51.47301,35.79415],[51.47304,35.79419],[51.47309,35.79404],[51.47329,35.7944],[51.47352,35.79481],[51.47372,35.79514],[51.47392,35.79554],[51.47403,35.79591],[51.47431,35.79623],[51.47483,35.79622],[51.47543,35.7961],[51.47583,35.79594],[51.47602,35.7955],[51.47618,35.79514],[51.47631,35.79479],[51.47645,35.79445],[51.47659,35.79409],[51.47671,35.79374],[51.4769,35.79331],[51.47711,35.79283],[51.47724,35.79243],[51.47737,35.79208],[51.47746,35.79163],[51.47734,35.79126],[51.47708,35.79095],[51.47676,35.79062],[51.47647,35.79034],[51.4762,35.78999],[51.47666,35.78993],[51.47724,35.79004],[51.47797,35.79017],[51.47867,35.79027],[51.47917,35.79032],[51.47985,35.79028],[51.48043,35.79014],[51.48112,35.78989],[51.48185,35.78959],[51.48255,35.78928],[51.48324,35.78898],[51.48395,35.78867],[51.4847,35.78836],[51.48546,35.78803],[51.4862,35.78771],[51.48698,35.78737],[51.48772,35.78705],[51.48847,35.78673],[51.48886,35.78656],[51.48926,35.78639],[51.48966,35.78621],[51.49045,35.78592],[51.49087,35.7858],[51.49164,35.78563],[51.49242,35.78555],[51.49329,35.78555],[51.49374,35.78558],[51.4942,35.78562],[51.49467,35.78567],[51.49513,35.78574],[51.4956,35.7858],[51.49604,35.78587],[51.49651,35.78595],[51.49698,35.78601],[51.49748,35.78605],[51.49795,35.78608],[51.49844,35.78611],[51.49892,35.78614],[51.49941,35.78614],[51.49991,35.78611],[51.50038,35.78604],[51.50086,35.78594],[51.50134,35.78583],[51.50181,35.7857],[51.50227,35.78557],[51.50271,35.78545],[51.50314,35.78533],[51.50356,35.78521],[51.50439,35.78498],[51.50482,35.78485],[51.50527,35.78473],[51.50572,35.78461],[51.50618,35.78449],[51.50665,35.78436],[51.50712,35.78423],[51.50759,35.7841],[51.50807,35.78397],[51.50852,35.78384],[51.50895,35.78372],[51.50938,35.78359],[51.50981,35.78346],[51.51024,35.78332],[51.51067,35.78319],[51.5111,35.78305],[51.51154,35.78291],[51.51196,35.78278],[51.51275,35.78253],[51.51351,35.78225],[51.51425,35.78191],[51.51495,35.78149],[51.51557,35.78106],[51.51609,35.78067],[51.51653,35.78033],[51.51669,35.78022],[51.51669,35.78022],[51.51669,35.78022],[51.51675,35.7802],[51.51714,35.77996],[51.51752,35.77964],[51.5179,35.77934],[51.51824,35.77911],[51.51863,35.77885],[51.51907,35.77858],[51.5196,35.77831],[51.52029,35.77804],[51.52106,35.77779],[51.52148,35.77768],[51.52191,35.77759],[51.52275,35.77747],[51.52356,35.77741],[51.52435,35.77737],[51.5252,35.77732],[51.52565,35.7773],[51.5261,35.77729],[51.52658,35.77726],[51.52704,35.77722],[51.52751,35.7772],[51.52802,35.77717],[51.52851,35.77713],[51.529,35.7771],[51.52949,35.77705],[51.52999,35.777],[51.53049,35.77695],[51.53098,35.7769],[51.53145,35.77686],[51.53189,35.77682],[51.53275,35.77676],[51.53363,35.7767],[51.53407,35.77667],[51.53495,35.77657],[51.53578,35.77649],[51.53622,35.77642],[51.53666,35.77636],[51.5371,35.7763],[51.53755,35.77622],[51.53802,35.77613],[51.53847,35.77603],[51.53892,35.77592],[51.53935,35.77581],[51.53979,35.77571],[51.54024,35.77559],[51.5407,35.77548],[51.54118,35.77536],[51.54168,35.77521],[51.54217,35.77505],[51.54266,35.77491],[51.54314,35.77474],[51.54363,35.77458],[51.54413,35.7744],[51.54463,35.77421],[51.54513,35.77403],[51.54564,35.77386],[51.54615,35.77368],[51.54667,35.77351],[51.5472,35.77331],[51.54769,35.77313],[51.54817,35.77297],[51.54862,35.77281],[51.54909,35.77267],[51.54959,35.77249],[51.55012,35.7723],[51.55068,35.77211],[51.55124,35.77192],[51.55178,35.77173],[51.55234,35.77152],[51.55291,35.77132],[51.55347,35.77111],[51.554,35.77093],[51.55451,35.77077],[51.55503,35.7706],[51.55555,35.77041],[51.55609,35.77023],[51.55665,35.77003],[51.55719,35.76982],[51.55773,35.76958],[51.55826,35.7693],[51.55879,35.76902],[51.55932,35.76874],[51.55984,35.76843],[51.56035,35.76812],[51.56083,35.7678],[51.56131,35.76748],[51.56181,35.76715],[51.56231,35.76679],[51.56282,35.76646],[51.56329,35.76614],[51.56381,35.76583],[51.56434,35.76552],[51.56488,35.76521],[51.56539,35.76488],[51.56591,35.76455],[51.56641,35.76422],[51.56691,35.7639],[51.56738,35.76358],[51.56785,35.76323],[51.56831,35.76286],[51.56878,35.76249],[51.56922,35.76214],[51.56967,35.7618],[51.57009,35.76148],[51.5705,35.76115],[51.57088,35.76084],[51.57128,35.76057],[51.57171,35.76024],[51.57214,35.75987],[51.5726,35.7595],[51.57304,35.75915],[51.57348,35.75879],[51.5739,35.75844],[51.5743,35.75809],[51.57466,35.75775],[51.57498,35.75742],[51.57522,35.75711],[51.57546,35.7568],[51.57585,35.75618],[51.57616,35.75562],[51.57635,35.75514],[51.57652,35.75459],[51.57669,35.75397],[51.57686,35.75363],[51.5771,35.75324],[51.57765,35.7527],[51.57799,35.75243],[51.57834,35.7522],[51.57903,35.7518],[51.57917,35.75136],[51.57869,35.751],[51.57812,35.75061],[51.57744,35.75014],[51.57685,35.74962],[51.57645,35.74926],[51.57623,35.74889],[51.57635,35.74844],[51.57662,35.74791],[51.57694,35.74741],[51.57702,35.74688],[51.57679,35.74628],[51.57654,35.74567],[51.5763,35.74518],[51.57578,35.74519],[51.57498,35.74545],[51.57417,35.74569],[51.57344,35.74591],[51.57289,35.74604],[51.57251,35.74576],[51.57235,35.74531],[51.57214,35.74478],[51.57195,35.74432],[51.57186,35.7439],[51.57194,35.74349],[51.57214,35.74316],[51.5724,35.74285],[51.57272,35.74248],[51.57299,35.74211],[51.57269,35.74163],[51.57219,35.7413],[51.57157,35.74103],[51.57116,35.74081],[51.57058,35.74052],[51.57005,35.74019],[51.56952,35.73981],[51.569,35.73946],[51.56843,35.7391],[51.568,35.73885],[51.56751,35.7385],[51.56713,35.73822],[51.56657,35.73786],[51.56591,35.73748],[51.56531,35.73717],[51.5647,35.73679],[51.56416,35.73646],[51.56374,35.73623],[51.56321,35.73595],[51.56261,35.73556],[51.56195,35.73518],[51.56141,35.73485],[51.56084,35.7345],[51.56019,35.73414],[51.55959,35.73382],[51.55908,35.73351],[51.55871,35.73329],[51.55817,35.733],[51.55769,35.73273],[51.5573,35.73251],[51.55685,35.73226],[51.55647,35.73205],[51.55606,35.73181],[51.55566,35.73162],[51.55531,35.73139],[51.55487,35.73113],[51.55431,35.73085],[51.55383,35.73058],[51.55365,35.73015],[51.55402,35.72995],[51.55409,35.72993],[51.55411,35.72989],[51.55406,35.72992],[51.55408,35.72991],[51.5541,35.72989],[51.55412,35.72985],[51.55412,35.72985],[51.55412,35.72977],[51.55412,35.72973],[51.55409,35.72966],[51.55411,35.72984],[51.5541,35.72987],[51.55413,35.72989],[51.55415,35.72986],[51.55416,35.72986],[51.55416,35.72986],[51.55416,35.72986],[51.55416,35.72986],[51.55416,35.72986]]]}},{"type":"Feature","properties":{"route":9,"color":"#ea580c","times":[[19411,19426,19429,19435,19475,19484,19544,19604,19664,19724,19784,19844,19904,19964,20024,20084,20144,20204,20264,20324,20384,20390,20396,20405,20414,20420,20426,20435,20441,20447,20453,20459,20465,20471,20477,20483,20489,20495,20507,20513,20519,20525,20531,20537,20543,20549,20555,20561,20567,20573,20579,20585,20591,20597,20603,20609,20615,20621,20627,20633,20639,20645,20651,20657,20666,20672,20678,20684,20687,20693,20708,20714,20720,20726,20732,20738,20744,20750,20756,20768,20774,20780,20786,20792,20798,20804,20810,20819,20825,20831,20837,20852,20864,20873,20879,20885,20891,20897,20903,20909,20915,20921,20927,20933,20936,20939,20942,20945,20948,20951,20954,20957,20960,20963,20966,20969,20972,20975,20978,20981,20984,20987,20990,20993,20996,20999,21002,21005,21008,21011,21014,21017,21020,21023,21026,21029,21032,21035,21038,21041,21044,21047,21050,21053,21056,21059,21062,21065,21068,21071,21074,21077,21080,21083,21086,21089,21092,21095,21098,21101,21104,21107,21110,21113,21116,21119,21122,21125,21128,21131,21134,21137,21140,21143,21146,21149,21152,21155,21158,21161,21164,21167,21170,21173,21176,21179,21182,21185,21188,21191,21194,21197,21200,21203,21206,21209,21212,21215,21218,21221,21224,21227,21230,21233,21236,21239,21242,21245,21248,21251,21254,21257,21260,21263,21266,21269,21272,21275,21278,21281,21284,21287,21290,21293,21296,21299,21302,21305,21308,21311,21314,21317,21320,21323,21326,21329,21332,21335,21338,21341,21347,21353,21356,21359,21365,21371,21377,21380,21383,21386,21389,21395,21401,21407,21413,21419,21425,21431,21434,21437,21440,21443,21446,21449,21452,21455,21458,21461,21464,21467,21470,21473,21476,21479,21482,21485,21488,21491,21494,21497,21500,21503,21506,21509,21512,21515,21518,21521,21524,21527,21530,21533,21536,21539,21542,21545,21548,21551,21554,21557,21560,21563,21566,21569,21572,21575,21578,21581,21584,21587,21590,21593,21596,21599,21602,21605,21608,21611,21617,21629,21635,21641,21647,21650,21653,21656,21659,21662,21665,21668,21671,21674,21677,21680,21683,21686,21689,21692,21695,21698,21701,21704,21707,21710,21713,21716,21719,21722,21725,21728,21731,21734,21737,21740,21743,21746,21749,21752,21755,21758,21761,21764,21767,21770,21773,21776,21779,21782,21785,21788,21791,21794,21797,21800,21803,21806,21809,21812,21815,21818,21821,21824,21827,21830,21833,21836,21839,21842,21845,21848,21851,21854,21857,21860,21863,21866,21869,21872,21875,21878,21881,21884,21887,21890,21893,21896,21902,21908,21914,21917,21920,21923,21926,21929,21932,21935,21938,21941,21944,21947,21950,21953,21956,21959,21962,21965,21968,21971,21974,21977,21980,21983,21986,21989,21992,21995,21998,22001,22004,22007,22010,22013,22016,22019,22022,22025,22028,22031,22034,22037,22040,22043,22046,22049,22052,22055,22058,22061,22064,22067,22070,22073,22076,22079,22082,22085,22088,22091,22094,22097,22100,22103,22106,22109,22112,22115,22118,22121,22124,22127,22130,22133,22136,22139,22142,22145,22148,22151,22154,22157,22160,22163,22166,22169,22172,22175,22178,22181,22184,22187,22190,22193,22196,22199,22202,22205,22208,22211,22214,22217,22220,22223,22226,22229,22232,22235,22238,22241,22244,22247,22250,22253,22256,22259,22262,22265,22268,22271,22274,22277,22280,22283,22286,22289,22292,22295,22298,22301,22304,22307,22310,22313,22316,22319,22322,22325,22328,22331,22334,22337,22340,22343,22346,22349,22352,22355,22358,22361,22364,22367,22370,22373,22376,22379,22382,22385,22388,22391,22394,22397,22400,22406,22412,22418,22424,22433,22442,22454,22460,22466,22472,22475,22478,22481,22484,22487,22490,22493,22496,22499,22502,22505,22508,22511,22514,22517,22520,22523,22526,22529,22532,22535,22538,22541,22544,22547,22550,22553,22556,22559,22562,22565,22568,22571,22574,22577,22580,22583,22586,22589,22592,22595,22598,22601,22604,22607,22610,22613,22616,22619,22622,22625,22628,22631,22634,22637,22640,22643,22646,22649,22652,22655,22658,22661,22664,22667,22670,22673,22676,22679,22682,22685,22688,22691,22694,22697,22700,22703,22706,22712,22718,22724,22730,22736,22742,22748,22754,22760,22763,22766,22769,22772,22775,22778,22781,22784,22787,22790,22793,22796,22799,22802,22805,22808,22811,22814,22817,22820,22823,22826,22829,22832,22835,22838,22841,22844,22847,22850,22853,22856,22859,22862,22865,22868,22871,22874,22877,22880,22883,22886,22889,22892,22895,22898,22901,22904,22907,22910,22913,22916,22919,22922,22925,22928,22931,22934,22937,22940,22943,22946,22949,22952,22955,22958,22961,22964,22967,22970,22973,22976,22979,22982,22985,22988,22991,22994,22997,23000,23003,23006,23009,23012,23015,23018,23021,23024,23027,23033,23039,23042,23045,23048,23051,23054,23057,23060,23063,23066,23069,23072,23078,23081,23084,23087,23093,23099,23105,23108,23111,23114,23117,23120,23123,23126,23129,23132,23135,23138,23141,23147,23153,23159,23168,23177,23183,23189,23195,23198,23201,23204,23207,23210,23213,23216,23219,23222,23225,23228,23231,23234,23237,23240,23243,23246,23249,23252,23255,23258,23261,23264,23267,23270,23273,23276,23279,23282,23285,23288,23291,23294,23297,23300,23303,23306,23309,23312,23315,23318,23321,23324,23327,23330,23333,23336,23339,23342,23345,23348,23351,23354,23357,23360,23363,23366,23369,23372,23375,23378,23381,23384,23420,23435,23441,23447,23453,23459,23465,23471,23483,23489,23495,23501,23504,23507,23510,23513,23516,23519,23522,23525,23528,23531,23534,23537,23540,23543,23546,23549,23552,23555,23558,23561,23564,23567,23570,23573,23576,23579,23582,23585,23588,23591,23594,23597,23600,23603,23606,23609,23612,23615,23618,23621,23624,23627,23633,23654,23687,23696,23705,23714,23723,23729,23735,23738,23741,23744,23747,23750,23753,23756,23759,23762,23765,23768,23771,23774,23777,23780,23783,23786,23789,23792,23795,23798,23801,23804,23807,23810,23813,23816,23819,23822,23825,23828,23831,23834,23837,23840,23843,23846,23849,23852,23855,23858,23861,23864,23870,23876,23885,23891,23897,23903,23909,23915,23921,23927,23930,23933,23936,23939,23942,23945,23948,23951,23954,23957,23960,23963,23966,23969,23972,23975,23978,23981,23984,23987,23990,23993,23996,23999,24002,24005,24008,24011,24014,24017,24020,24023,24026,24029,24032,24035,24038,24041,24044,24047,24050,24053,24056,24059,24062,24065,24068,24071,24074,24077,24080,24083,24086,24089,24092,24095,24098,24101,24104,24107,24110,24113,24116,24119,24122,24125,24128,24131,24134,24137,24140,24143,24146,24149,24152,24155,24158,24161,24164,24167,24170,24173,24176,24179,24182,24185,24188,24191,24194,24197,24200,24203,24206,24209,24212,24215,24218,24221,24224,24227,24230,24233,24236,24239,24242,24245,24248,24251,24254,24257,24260,24263,24266,24269,24272,24275,24278,24281,24284,24287,24290,24293,24296,24299,24302,24305,24308,24311,24314,24317,24320,24323,24326,24329,24332,24335,24338,24341,24344,24347,24350,24353,24356,24359,24362,24365,24368,24371,24374,24377,24380,24383,24386,24389,24392,24395,24398,24401,24404,24407,24410,24413,24416,24419,24422,24425,24428,24431,24434,24437,24440,24443,24449,24455,24461,24464,24467,24470,24473,24476,24479,24482,24485,24491,24497,24503,24509,24515,24521,24524,24527,24530,24533,24536,24539,24545,24551,24557,24563,24569,24575,24581,24590,24599,24605,24611,24617,24623,24629,24635,24641,24644,24647,24653,24662,24668,24674,24680,24686,24692,24698,24704,24710,24719,24725,24731,24737,24743,24749,24758,24764,24770,24776,24782,24794,24800,24806,24812,24818,24824,24830,24836,24842,24848,24854,24860,24866,24872,24878,24881,24884,24887,24890,24896,24902,24908,24917,24923,24929,24941,24959,24968,24974,24980,24986,24992,24998,25004,25010,25016,25076,25136,25196,25256,25316,25373,25382,25388,25394,25403,25409,25415,25421,25472,25481,25487,25493,25499,25514,25520,25529,25589,25649,25709,25769,25823,25832,25838,25847,25859,25871,25877,25886,25895,25907,25916,25925,25931,25937,25943,26003,26063,26123,26183,26243,26303,26363,26381,26396,26405,26414,26426,26438,26450,26456,26462,26504,26510,26516,26522,26528,26534,26540,26549,26609,26669,26729,26789,26849,26909,26963,26969,26990,26996,27002,27008,27020,27029,27053,27062,27074,27098,27107,27113,27119,27125,27131,27146,27161,27170,27176,27188,27197,27203,27209,27215,27221,27227,27236,27251,27311,27371,27431,27491,27551,27611,27647,27653,27659,27665,27671,27683,27689,27695,27701,27710,27716,27725,27785,27845,27905,27962,27971,27980,27989,27995,28001,28007,28013,28019,28025,28031,28037,28043,28046,28052,28058,28064,28070,28076,28082,28088,28094,28112,28118,28124,28133,28139,28145,28151,28157,28163,28169,28175,28184,28190,28196,28202,28208,28214,28220,28226,28232,28238,28244,28250,28256,28262,28268,28274,28280,28292,28298,28304,28316,28325,28385,28445,28505,28565,28625,28685,28745,28805,28865,28925,28985,29045,29105,29165,29174,29180,29186,29192,29201,29207,29213,29219,29225,29231,29237,29249,29309,29360,29369,29375,29381,29387,29393,29399,29405,29414,29423,29429,29435,29444,29465,29474,29483,29489,29495,29504,29513,29522,29531,29591,29651,29711,29771,29780,29789,29801,29810,29816,29828,29837,29843,29849,29855,29861,29867,29873,29879,29885,29900,29906,29915,29924,29933,29942,29948,29957,29963,29969,29975,29984,30032,30092,30152,30212,30260,30269,30275,30281,30287,30293,30299,30305,30311,30317,30326,30332,30392,30452,30512,30572,30632,30659,30674,30683,30689,30701,30761,30821,30881,30899,30908,30914,30929,30941,30950,30959,30968,30974,30980,30986,30992,30998,31058,31106,31124,31151,31154,31157,31160,31166,31184,31199,31211,31271,31298,31316,31328,31352,31361,31367,31373,31379,31385,31394,31403,31412,31421,31481,31541,31601,31661,31721,31730,31736,31742,31748,31754,31760,31766,31772,31778,31784,31790,31799,31808,31814,31823,31841,31847,31853,31859,31865,31877,31883,31892,31952,32012,32072,32132,32192,32210,32219,32234,32243,32249,32255,32261,32267,32273,32279,32285,32291,32297,32303,32309,32315,32324,32333,32339,32345,32351,32357,32396,32456,32516,32570,32579,32585,32591,32597,32603,32609,32615,32621,32636,32642,32648,32654,32660,32669,32675,32684,32690,32696,32702,32708,32714,32720,32726,32747,32759,32765,32777,32837,32897,32951,32963,32969,32984,32993,32999,33008,33017,33026,33038,33098,33107,33113,33119,33128,33134,33140,33152,33158,33164,33173,33182,33188,33203,33263,33323,33383,33443,33503,33563,33623,33683,33743,33803,33863,33923,33983,34043,34049,34055,34067,34076,34085,34094,34100,34109,34118,34124,34127,34130,34136,34145,34154,34214,34274,34334,34394,34421,34427,34433,34439,34445,34451,34457,34463,34472,34481,34490,34496,34502,34508,34517,34526,34541,34601,34661,34679,34685,34691,34697,34703,34706,34709,34712,34715,34718,34721,34724,34727,34733,34739,34745,34754,34781,34790,34796,34802,34811,34823,34829,34835,34850,34859,34868,34877,34883,34901,34961,35000,35006,35018,35027,35048,35057,35117,35177,35237,35297,35357,35417,35477,35537,35597,35657,35717,35777,35837,35882,35888,35894,35900,35906,35912,35936,35942,35948,35957,35966,35972,35978,35990,35996,36002,36008,36014,36026,36032,36041,36050,36056,36062,36071,36077,36137,36197,36257,36317,36377,36437,36497,36557,36569,36578,36587,36614,36644,36704,36764,36824,36833,36848,36863,36869,36875,36881,36887,36893,36899,36908,36920,36929,36935,36941,36953,36965,36971,36977,36983,36992,37052,37112,37172,37232,37241,37247,37307,37328,37376,37382,37388,37394,37400,37406,37412,37418,37424,37430,37436,37442,37448,37451,37454,37457,37481,37493,37499,37505,37508,37511,37514,37517,37520,37523,37529,37535,37541,37544,37547,37553,37565,37586,37607,37625,37640,37658,37694,37706,37715,37721,37727,37733,37742,37751,37799,37805,37811,37820,37847,37856,37916,37931,37955,37976,38018,38057,38117,38168,38174,38180,38186,38192,38198,38204,38213,38273,38333,38393,38453,38513,38573,38633,38693,38753,38813,38873,38933,38993,39053,39113,39173,39233,39293,39353,39413,39473,39533,39593,39653,39683,39743,39776,39794,39803,39812,39818,39824,39830,39836,39842,39848,39854,39875,39890,39899,39911,39917,39929,39968,39986,40001,40016,40034,40043,40067,40091,40106,40124,40133,40145,40154,40172,40184,40190,40196,40202,40208,40211,40214,40220,40226,40232,40235,40238,40241,40244,40247,40256,40262,40268,40274,40280,40283,40289,40310,40319,40331,40340,40346,40355,40361,40367,40373,40382,40391,40397,40403,40409,40415,40421,40427,40433,40442,40451,40457,40463,40469,40475,40481,40484,40487,40490,40493,40496,40499,40502,40505,40508,40511,40514,40517,40520,40523,40526,40529,40532,40535,40538,40541,40544,40547,40550,40553,40556,40559,40562,40565,40568,40571,40574,40577,40580,40583,40586,40589,40592,40595,40598,40601,40604,40607,40610,40613,40616,40619,40622,40625,40628,40631,40634,40637,40640,40643,40646,40649,40652,40655,40658,40661,40664,40667,40670,40673,40676,40679,40682,40685,40688,40691,40694,40697,40700,40703,40706,40709,40712,40715,40718,40721,40724,40727,40730,40733,40736,40739,40742,40745,40748,40751,40754,40757,40760,40763,40766,40769,40772,40775,40778,40781,40784,40787,40790,40793,40796,40799,40802,40805,40808,40811,40814,40817,40820,40823,40826,40829,40832,40835,40838,40841,40844,40847,40850,40856,40862,40868,40874,40877,40880,40883,40886,40889,40895,40901,40907,40910,40913,40916,40919,40922,40925,40928,40931,40934,40937,40940,40943,40946,40949,40952,40955,40958,40961,40964,40967,40970,40973,40976,40979,40982,40985,40988,40991,40994,40997,41000,41003,41006,41009,41012,41015,41018,41021,41024,41027,41030,41033,41036,41039,41042,41045,41048,41051,41054,41057,41060,41063,41066,41069,41072,41075,41078,41081,41084,41087,41090,41093,41096,41099,41102,41105,41108,41111,41114,41117,41120,41123,41126,41129,41132,41135,41138,41141,41144,41147,41150,41153,41156,41162,41168,41174,41177,41180,41183,41189,41201,41207,41213,41216,41219,41222,41228,41234,41237,41240,41243,41246,41249,41252,41255,41258,41261,41264,41267,41270,41273,41276,41279,41282,41285,41288,41291,41294,41297,41300,41303,41306,41309,41312,41315,41318,41321,41324,41327,41330,41333,41336,41339,41342,41345,41348,41351,41354,41357,41360,41363,41369,41429,41447,41453,41459,41465,41468,41471,41474,41477,41480,41483,41486,41489,41492,41495,41498,41501,41504,41507,41510,41513,41516,41519,41522,41525,41528,41531,41534,41537,41540,41543,41546,41549,41552,41558,41564,41570,41573,41576,41579,41582,41585,41588,41591,41594,41597,41600,41603,41606,41612,41618,41624,41627,41630,41633,41636,41642,41648,41708,41768,41828,41867,41891,41897,41903,41906,41909,41912,41915,41918,41921,41927,41933,41939,41942,41945,41948,41951,41954,41957,41960,41963,41966,41969,41972,41975,41978,41981,41984,41987,41990,41993,41996,41999,42002,42005,42008,42011,42014,42017,42020,42023,42026,42029,42032,42035,42038,42041,42044,42047,42050,42053,42056,42059,42062,42065,42068,42071,42074,42077,42080,42083,42086,42089,42092,42095,42098,42101,42104,42107,42110,42113,42116,42119,42122,42125,42128,42131,42134,42137,42140,42143,42146,42149,42152,42155,42158,42161,42164,42167,42170,42173,42176,42179,42182,42185,42188,42191,42194,42197,42200,42203,42206,42209,42212,42215,42218,42221,42227,42233,42236,42239,42242,42245,42248,42251,42254,42260,42266,42272,42278,42284,42290,42296,42302,42308,42314,42320,42323,42326,42329,42332,42335,42338,42341,42344,42347,42350,42353,42356,42359,42362,42365,42368,42371,42374,42377,42380,42383,42386,42389,42392,42395,42398,42401,42404,42407,42410,42413,42416,42419,42422,42425,42428,42431,42434,42437,42440,42443,42446,42449,42452,42455,42458,42461,42464,42467,42470,42473,42476,42479,42482,42485,42488,42491,42494,42497,42500,42503,42506,42509,42512,42515,42518,42521,42524,42527,42530,42533,42536,42539,42542,42545,42548,42551,42554,42557,42560,42563,42566,42569,42572,42575,42578,42581,42584,42587,42590,42593,42596,42599,42602,42605,42608,42611,42614,42617,42620,42623,42626,42629,42632,42635,42638,42641,42644,42647,42650,42653,42656,42659,42662,42665,42668,42671,42674,42677,42680,42683,42686,42689,42692,42695,42698,42701,42704,42707,42710,42713,42716,42719,42722,42725,42728,42731,42734,42737,42740,42743,42746,42749,42752,42755,42758,42761,42764,42767,42770,42773,42776,42779,42782,42785,42788,42791,42794,42797,42800,42803,42806,42809,42812,42815,42818,42821,42824,42830,42842,42854,42860,42866,42869,42872,42875,42878,42881,42884,42887,42890,42893,42896,42899,42902,42905,42908,42911,42914,42917,42920,42923,42926,42929,42932,42935,42938,42941,42944,42947,42950,42953,42956,42959,42962,42965,42968,42971,42974,42977,42980,42983,42986,42989,42992,42995,42998,43001,43004,43007,43010,43013,43016,43019,43022,43025,43028,43031,43034,43037,43040,43043,43046,43049,43052,43055,43058,43061,43064,43067,43070,43073,43076,43079,43082,43085,43088,43091,43094,43097,43100,43103,43106,43109,43112,43115,43118,43121,43124,43127,43130,43133,43136,43139,43142,43145,43148,43151,43154,43157,43160,43163,43166,43169,43172,43175,43178,43181,43184,43187,43190,43193,43196,43199,43202,43205,43208,43211,43214,43217,43220,43223,43226,43229,43232,43235,43238,43241,43244,43247,43250,43253,43256,43259,43262,43265,43280,43289,43295,43301,43307,43313,43349,43373,43379,43406,43412,43421,43445,43481,43487,43493,43499,43505,43514,43523,43532,43556,43562,43568,43574,43580,43589,43595,43601,43607,43610,43616,43622,43628,43634,43640,43646,43655,43661,43667,43670,43673,43676,43679,43682,43685,43688,43691,43694,43697,43700,43703,43706,43709,43712,43715,43718,43721,43724,43727,43730,43733,43736,43739,43742,43745,43748,43754,43760,43769,43781,43790,43799,43805,43811,43817,43823,43829,43835,43841,43847,43853,43859,43865,43871,43877,43883,43889,43895,43901,43907,43913,43919,43925,43931,43940,43961,43967,43976,43985,43994,44003,44018,44033,44042,44048,44054,44060,44063,44066,44069,44072,44075,44078,44081,44084,44087,44090,44096,44099,44102,44105,44108,44111,44114,44117,44120,44123,44126,44129,44132,44135,44138,44141,44144,44147,44150,44153,44156,44159,44162,44165,44168,44171,44174,44177,44180,44183,44186,44189,44195,44201,44207,44219,44255,44279,44291,44300,44309,44318,44327,44333,44339,44345,44348,44351,44354,44357,44360,44363,44366,44369,44372,44375,44378,44381,44384,44387,44390,44393,44396,44399,44402,44405,44408,44411,44414,44417,44420,44423,44426,44429,44432,44435,44438,44441,44444,44447,44450,44453,44456,44459,44462,44465,44468,44471,44474,44477,44480,44483,44486,44489,44492,44495,44498,44501,44504,44507,44510,44513,44519,44525,44531,44534,44537,44540,44543,44549,44555,44564,44570,44576,44582,44588,44594,44600,44603,44606,44609,44612,44615,44618,44621,44624,44627,44630,44633,44636,44639,44642,44645,44648,44651,44654,44657,44660,44663,44669,44672,44675,44678,44681,44684,44687,44690,44693,44696,44699,44702,44705,44708,44711,44714,44717,44720,44723,44726,44729,44732,44735,44738,44741,44744,44747,44750,44753,44756,44759,44762,44765,44768,44771,44774,44777,44780,44783,44786,44789,44792,44795,44798,44801,44804,44807,44810,44813,44816,44819,44822,44825,44828,44831,44834,44837,44840,44843,44846,44849,44852,44855,44858,44861,44864,44867,44870,44873,44876,44879,44882,44885,44888,44891,44894,44897,44900,44903,44906,44909,44912,44915,44918,44921,44924,44927,44930,44933,44936,44939,44942,44945,44948,44951,44954,44957,44960,44963,44966,44969,44972,44975,44981,44987,44993,45002,45008,45014,45020,45026,45032,45038,45041,45044,45047,45050,45056,45062,45074,45080,45083,45086,45092,45095,45098,45101,45107,45116,45122,45125,45128,45131,45137,45146,45152,45158,45164,45170,45179,45185,45197,45203,45209,45215,45224,45230,45236,45242,45254,45260,45266,45272,45278,45284,45287,45290,45293,45299,45305,45314,45320,45326,45332,45338,45344,45350,45356,45362,45368,45374,45380,45386,45392,45398,45404,45410,45416,45428,45443,45470,45530,45590,45650]]},"geometry":{"type":"MultiLineString","coordinates":[[[51.54564,35.72978],[51.55235,35.7297],[51.5531,35.72983],[51.55372,35.72996],[51.55374,35.73037],[51.55416,35.73059],[51.55408,35.73056],[51.55406,35.73056],[51.55406,35.73056],[51.55406,35.73055],[51.55407,35.73056],[51.55407,35.73056],[51.55408,35.73056],[51.55408,35.73056],[51.55409,35.73056],[51.55409,35.73056],[51.5541,35.73055],[51.5541,35.73055],[51.55411,35.73055],[51.55411,35.73055],[51.55447,35.73078],[51.55486,35.73102],[51.55528,35.73127],[51.55573,35.73152],[51.55629,35.73183],[51.55677,35.73209],[51.5573,35.73238],[51.55773,35.73262],[51.55816,35.73286],[51.55862,35.73312],[51.55913,35.73343],[51.55967,35.73374],[51.56021,35.73406],[51.56078,35.73438],[51.56135,35.73472],[51.56197,35.73508],[51.5626,35.73545],[51.56309,35.73574],[51.56357,35.73602],[51.56393,35.73624],[51.56439,35.7365],[51.56486,35.7368],[51.56538,35.73711],[51.5659,35.73744],[51.56648,35.73777],[51.56706,35.73811],[51.56764,35.73846],[51.56822,35.73882],[51.56878,35.73921],[51.56926,35.73951],[51.56969,35.73976],[51.57017,35.74005],[51.57068,35.74036],[51.57122,35.74069],[51.57179,35.74102],[51.57236,35.74133],[51.57288,35.74169],[51.57305,35.74218],[51.57274,35.74271],[51.57227,35.74327],[51.57202,35.7439],[51.5722,35.74453],[51.57244,35.74511],[51.57269,35.74565],[51.57323,35.74579],[51.57371,35.74565],[51.57436,35.74546],[51.57513,35.74523],[51.57555,35.7451],[51.57611,35.74495],[51.57647,35.74525],[51.57662,35.74564],[51.57679,35.74606],[51.57699,35.74649],[51.57713,35.74696],[51.577,35.74745],[51.57666,35.74793],[51.57635,35.74848],[51.57634,35.74894],[51.57665,35.74931],[51.57696,35.74961],[51.57732,35.74997],[51.57775,35.7503],[51.57824,35.75063],[51.57874,35.75098],[51.57921,35.75136],[51.57918,35.75174],[51.57872,35.75199],[51.57823,35.75227],[51.57773,35.75263],[51.57744,35.75293],[51.57743,35.7533],[51.57776,35.75354],[51.57825,35.75394],[51.57839,35.75437],[51.57827,35.75481],[51.57792,35.75521],[51.57753,35.75561],[51.57718,35.75598],[51.57665,35.75609],[51.57619,35.7564],[51.57587,35.7569],[51.57545,35.75742],[51.57497,35.75798],[51.57467,35.75825],[51.57435,35.7585],[51.57401,35.75876],[51.57368,35.75903],[51.57332,35.7593],[51.57297,35.75958],[51.57261,35.75986],[51.57225,35.76015],[51.57187,35.76044],[51.57151,35.76073],[51.57113,35.76102],[51.57075,35.76131],[51.57038,35.7616],[51.56999,35.7619],[51.5696,35.7622],[51.56921,35.7625],[51.5688,35.76282],[51.56839,35.76313],[51.56798,35.76344],[51.56755,35.76376],[51.56712,35.76406],[51.56667,35.76435],[51.5662,35.76464],[51.56572,35.76492],[51.56525,35.76519],[51.56477,35.76548],[51.56429,35.76576],[51.5638,35.76605],[51.56332,35.76634],[51.56284,35.76666],[51.56237,35.76698],[51.56189,35.76731],[51.56141,35.76765],[51.56092,35.76799],[51.56043,35.76832],[51.55991,35.76865],[51.55938,35.76896],[51.55882,35.76925],[51.55824,35.76952],[51.55765,35.76978],[51.55711,35.77008],[51.55645,35.77032],[51.55577,35.77055],[51.55508,35.77077],[51.5544,35.771],[51.55371,35.77124],[51.55304,35.77146],[51.55235,35.7717],[51.55166,35.77193],[51.55098,35.77217],[51.55029,35.7724],[51.54962,35.77264],[51.54894,35.77288],[51.54825,35.77312],[51.54758,35.77336],[51.54689,35.77361],[51.54621,35.77385],[51.54552,35.77409],[51.54485,35.77434],[51.54416,35.77459],[51.54348,35.77484],[51.5428,35.77507],[51.5421,35.7753],[51.54141,35.77551],[51.54071,35.77571],[51.54,35.7759],[51.5393,35.77606],[51.5386,35.77622],[51.53789,35.77637],[51.53717,35.7765],[51.53645,35.77662],[51.53572,35.77673],[51.53498,35.77683],[51.53423,35.77692],[51.53347,35.77699],[51.53269,35.77706],[51.5319,35.77711],[51.53113,35.77716],[51.53037,35.77721],[51.5296,35.77724],[51.52884,35.77729],[51.52809,35.77735],[51.52733,35.77739],[51.52659,35.77744],[51.52585,35.77749],[51.52512,35.77754],[51.52438,35.77758],[51.52365,35.77763],[51.52292,35.77768],[51.5222,35.77775],[51.52148,35.77787],[51.52078,35.77806],[51.5201,35.77829],[51.51944,35.77858],[51.51882,35.77893],[51.51824,35.77932],[51.51768,35.77972],[51.51714,35.78013],[51.51662,35.78053],[51.51609,35.78092],[51.51557,35.78131],[51.51503,35.78167],[51.51448,35.78201],[51.5139,35.78231],[51.51329,35.78258],[51.51261,35.78281],[51.51191,35.78304],[51.51119,35.78326],[51.51046,35.78349],[51.50973,35.78371],[51.509,35.78392],[51.50827,35.78413],[51.50754,35.78433],[51.50682,35.78453],[51.5061,35.78473],[51.50538,35.78492],[51.50466,35.78512],[51.50394,35.78532],[51.50321,35.78552],[51.50249,35.78573],[51.50175,35.78592],[51.501,35.78611],[51.50024,35.78628],[51.49946,35.78637],[51.49867,35.78637],[51.49788,35.78631],[51.4971,35.78624],[51.49633,35.78615],[51.49557,35.78602],[51.49481,35.78589],[51.49405,35.78578],[51.49331,35.7857],[51.49262,35.78568],[51.492,35.78572],[51.49145,35.78581],[51.49097,35.78591],[51.49019,35.78616],[51.48944,35.78647],[51.48905,35.78664],[51.48866,35.78682],[51.48803,35.78714],[51.48738,35.78743],[51.48661,35.78776],[51.48622,35.78792],[51.48582,35.78809],[51.48542,35.78826],[51.48504,35.78845],[51.48445,35.78878],[51.4843,35.78917],[51.48472,35.78953],[51.48506,35.78925],[51.48491,35.78883],[51.48463,35.78827],[51.48428,35.78759],[51.4841,35.78721],[51.48388,35.78679],[51.48363,35.78632],[51.48332,35.78581],[51.483,35.7853],[51.48266,35.7848],[51.48233,35.7843],[51.48199,35.78378],[51.48163,35.78324],[51.48129,35.78269],[51.48094,35.78212],[51.48062,35.78153],[51.48023,35.781],[51.47975,35.78053],[51.47921,35.78013],[51.47867,35.77975],[51.47816,35.77935],[51.47772,35.77891],[51.47734,35.7784],[51.47708,35.77789],[51.4769,35.77739],[51.47677,35.77689],[51.47665,35.77639],[51.4765,35.77589],[51.47633,35.77538],[51.47612,35.77488],[51.47585,35.77442],[51.47554,35.77398],[51.47518,35.77358],[51.47475,35.77323],[51.47426,35.77292],[51.47375,35.77259],[51.47328,35.77221],[51.47286,35.77177],[51.47248,35.77129],[51.47206,35.7708],[51.47156,35.77036],[51.47099,35.77],[51.4704,35.76968],[51.46982,35.76935],[51.46935,35.76893],[51.46896,35.76845],[51.46866,35.76791],[51.46838,35.76735],[51.46809,35.76679],[51.46779,35.76623],[51.46749,35.76566],[51.4672,35.76509],[51.4669,35.76451],[51.46667,35.76388],[51.46649,35.76323],[51.46631,35.76258],[51.46614,35.76195],[51.46598,35.76132],[51.46582,35.76067],[51.46568,35.76004],[51.46558,35.75949],[51.46549,35.75897],[51.4654,35.75849],[51.46534,35.75812],[51.46523,35.75768],[51.46498,35.75721],[51.46446,35.75704],[51.46374,35.75695],[51.46287,35.75686],[51.46242,35.75682],[51.46193,35.75678],[51.46141,35.75673],[51.46086,35.75668],[51.46027,35.75661],[51.45964,35.75654],[51.459,35.75645],[51.45838,35.75632],[51.45774,35.75618],[51.4571,35.75602],[51.45647,35.75585],[51.45587,35.75566],[51.45535,35.75548],[51.45487,35.75529],[51.45439,35.75508],[51.4539,35.75485],[51.45335,35.75459],[51.45276,35.75427],[51.45218,35.75392],[51.4516,35.75353],[51.45102,35.75316],[51.45044,35.75281],[51.44984,35.75247],[51.44923,35.75218],[51.4486,35.75198],[51.44797,35.75176],[51.44735,35.75155],[51.44676,35.75138],[51.44619,35.75124],[51.44564,35.75113],[51.44513,35.75106],[51.44463,35.751],[51.44412,35.75096],[51.44363,35.75093],[51.44313,35.75091],[51.44263,35.7509],[51.44214,35.75087],[51.44167,35.75085],[51.4412,35.75082],[51.44072,35.75078],[51.44024,35.75073],[51.43975,35.75064],[51.43926,35.75052],[51.43877,35.75041],[51.43827,35.75026],[51.43779,35.7501],[51.43727,35.74992],[51.43674,35.74977],[51.43618,35.74963],[51.4356,35.74952],[51.43499,35.74944],[51.43436,35.74939],[51.43371,35.74937],[51.43303,35.74936],[51.43234,35.74936],[51.43164,35.74936],[51.43093,35.74936],[51.43023,35.74937],[51.42952,35.74937],[51.42881,35.74937],[51.4281,35.74937],[51.42739,35.74936],[51.42668,35.74936],[51.42597,35.74936],[51.42525,35.74936],[51.42455,35.74935],[51.42385,35.74934],[51.42316,35.74937],[51.42249,35.74946],[51.42184,35.7496],[51.42125,35.74978],[51.4207,35.75002],[51.4202,35.7503],[51.41973,35.75058],[51.4193,35.75086],[51.41888,35.75113],[51.41846,35.75138],[51.41803,35.7516],[51.41759,35.7518],[51.41714,35.75196],[51.41668,35.75207],[51.41622,35.75217],[51.41575,35.75225],[51.41494,35.75233],[51.41412,35.75233],[51.41325,35.75221],[51.41279,35.75213],[51.41233,35.75205],[51.41183,35.75196],[51.41134,35.75185],[51.41085,35.75171],[51.41033,35.75162],[51.40979,35.75156],[51.40924,35.75151],[51.40868,35.7515],[51.40812,35.75148],[51.40755,35.75147],[51.407,35.75147],[51.40644,35.75146],[51.4059,35.75146],[51.40537,35.75145],[51.40486,35.75145],[51.40435,35.75144],[51.40385,35.75143],[51.40335,35.75144],[51.40285,35.75144],[51.40236,35.75144],[51.40187,35.75142],[51.40138,35.7514],[51.40087,35.7514],[51.40035,35.75138],[51.39981,35.75138],[51.39925,35.75136],[51.39868,35.75133],[51.39809,35.75131],[51.39749,35.75128],[51.39688,35.75125],[51.39626,35.75122],[51.39564,35.75117],[51.39498,35.75113],[51.39433,35.75109],[51.39367,35.75103],[51.393,35.75097],[51.39232,35.75091],[51.39164,35.75086],[51.39094,35.75081],[51.39025,35.75075],[51.38956,35.7507],[51.38887,35.75066],[51.3882,35.7506],[51.38754,35.75054],[51.38688,35.75049],[51.38625,35.75045],[51.38566,35.75041],[51.38505,35.75037],[51.38441,35.75033],[51.38375,35.75028],[51.38308,35.75021],[51.38241,35.75016],[51.38175,35.7501],[51.38112,35.75006],[51.38055,35.75001],[51.38,35.74997],[51.37944,35.74994],[51.37885,35.74992],[51.37826,35.74989],[51.37765,35.74985],[51.37702,35.74982],[51.37636,35.74979],[51.37568,35.74976],[51.37499,35.74969],[51.37428,35.74961],[51.37355,35.74952],[51.3728,35.74945],[51.37208,35.74938],[51.3714,35.74933],[51.37074,35.74929],[51.3701,35.74925],[51.36945,35.74923],[51.36882,35.74922],[51.36817,35.74922],[51.36752,35.74923],[51.36686,35.74926],[51.36619,35.74929],[51.36553,35.74933],[51.36486,35.74938],[51.3642,35.74943],[51.36355,35.74948],[51.36292,35.74954],[51.36231,35.74959],[51.36172,35.74966],[51.36115,35.74972],[51.36057,35.74977],[51.36002,35.74982],[51.35947,35.74988],[51.35892,35.74995],[51.35835,35.75001],[51.35778,35.75009],[51.35719,35.75018],[51.35659,35.75027],[51.35597,35.75037],[51.35533,35.75046],[51.35466,35.75057],[51.35397,35.75068],[51.35325,35.75077],[51.35252,35.75085],[51.35178,35.75093],[51.35104,35.75102],[51.3503,35.75108],[51.34956,35.75114],[51.34886,35.75118],[51.34817,35.75121],[51.34748,35.75123],[51.34679,35.75125],[51.34608,35.75126],[51.34536,35.75127],[51.34463,35.75126],[51.34389,35.75125],[51.34314,35.75124],[51.34239,35.75123],[51.34165,35.7512],[51.34091,35.75118],[51.34019,35.75115],[51.33946,35.75113],[51.33872,35.7511],[51.338,35.75107],[51.33729,35.75105],[51.33661,35.75102],[51.3359,35.75102],[51.33518,35.75104],[51.33443,35.75106],[51.33369,35.75109],[51.33295,35.75113],[51.33221,35.75118],[51.33149,35.75122],[51.33077,35.75127],[51.33005,35.75134],[51.32931,35.75141],[51.32858,35.75149],[51.32784,35.75158],[51.3271,35.75166],[51.32638,35.75177],[51.32567,35.75188],[51.32496,35.75199],[51.32426,35.75211],[51.32357,35.75223],[51.32286,35.75233],[51.32214,35.75244],[51.32141,35.75256],[51.32069,35.75268],[51.31996,35.75279],[51.31924,35.75289],[51.31852,35.75298],[51.31777,35.75305],[51.317,35.7531],[51.31622,35.75315],[51.31537,35.75314],[51.31459,35.75317],[51.31382,35.75321],[51.31306,35.75324],[51.3123,35.75325],[51.31157,35.75326],[51.31091,35.75326],[51.31029,35.75325],[51.30968,35.75325],[51.30907,35.75324],[51.3085,35.75325],[51.30796,35.75327],[51.3072,35.75327],[51.30663,35.75326],[51.30598,35.75328],[51.30546,35.75329],[51.30486,35.75331],[51.30437,35.7533],[51.30371,35.75331],[51.30311,35.75331],[51.30237,35.75334],[51.30148,35.75336],[51.30099,35.75336],[51.30049,35.75338],[51.29996,35.7534],[51.29942,35.7534],[51.29885,35.75341],[51.29827,35.75342],[51.29767,35.75342],[51.29706,35.75342],[51.29645,35.75342],[51.29583,35.75343],[51.2952,35.75343],[51.29456,35.75344],[51.29391,35.75346],[51.29326,35.75348],[51.29258,35.7535],[51.29189,35.75353],[51.29119,35.75355],[51.2905,35.75358],[51.28986,35.75359],[51.28923,35.75362],[51.28862,35.75364],[51.28803,35.75366],[51.28741,35.75369],[51.28677,35.75371],[51.28612,35.75374],[51.28544,35.75376],[51.28476,35.75379],[51.28412,35.75381],[51.28349,35.75384],[51.28282,35.75387],[51.28214,35.75389],[51.28145,35.75392],[51.28075,35.75395],[51.28003,35.75397],[51.27931,35.754],[51.2786,35.75401],[51.27787,35.75405],[51.27717,35.75408],[51.27648,35.7541],[51.27581,35.75412],[51.27514,35.75415],[51.27447,35.75418],[51.27383,35.75423],[51.2732,35.75432],[51.27259,35.75443],[51.27197,35.7546],[51.27137,35.7548],[51.27081,35.75505],[51.27026,35.75533],[51.26973,35.75563],[51.26924,35.75592],[51.26877,35.75618],[51.26829,35.75644],[51.26779,35.75668],[51.26728,35.75687],[51.26677,35.75703],[51.26624,35.75717],[51.26571,35.75729],[51.26517,35.75739],[51.26462,35.75745],[51.26406,35.75754],[51.26351,35.7576],[51.26296,35.75766],[51.26241,35.75772],[51.26188,35.7578],[51.26138,35.7579],[51.26091,35.758],[51.26047,35.75814],[51.26,35.75831],[51.25953,35.75848],[51.25907,35.75867],[51.2586,35.75886],[51.25812,35.75905],[51.25762,35.75924],[51.2571,35.75942],[51.25659,35.75959],[51.2561,35.75974],[51.25563,35.75987],[51.25487,35.76005],[51.25428,35.76031],[51.25388,35.76067],[51.25387,35.76119],[51.25429,35.76156],[51.25485,35.76164],[51.2554,35.76151],[51.25575,35.76105],[51.25543,35.76049],[51.25512,35.76023],[51.25481,35.75994],[51.25451,35.75961],[51.25422,35.75923],[51.25397,35.75882],[51.25375,35.75838],[51.25358,35.75793],[51.25346,35.75747],[51.25337,35.75702],[51.25333,35.75658],[51.25333,35.75612],[51.25337,35.75564],[51.25342,35.7552],[51.25348,35.75481],[51.25354,35.75444],[51.25358,35.75404],[51.25363,35.75363],[51.25369,35.75321],[51.25373,35.75278],[51.25378,35.75236],[51.25382,35.75193],[51.25385,35.75151],[51.25388,35.75109],[51.2539,35.75063],[51.25393,35.75015],[51.25396,35.74964],[51.254,35.74914],[51.25403,35.74863],[51.25408,35.74812],[51.25413,35.7476],[51.25418,35.74709],[51.25424,35.74657],[51.25429,35.74605],[51.25432,35.74553],[51.25433,35.745],[51.25436,35.74449],[51.2544,35.74399],[51.25442,35.74351],[51.2544,35.74305],[51.25436,35.7426],[51.25433,35.74213],[51.25429,35.74164],[51.25421,35.74113],[51.25411,35.74063],[51.25399,35.74011],[51.25384,35.73959],[51.2537,35.73909],[51.25355,35.73859],[51.2534,35.73807],[51.25324,35.73755],[51.25308,35.73702],[51.25294,35.73648],[51.25285,35.73594],[51.25283,35.73539],[51.25283,35.73484],[51.25283,35.73428],[51.25282,35.73371],[51.25283,35.73315],[51.25283,35.73258],[51.25283,35.732],[51.25282,35.73143],[51.25282,35.73085],[51.25281,35.73025],[51.25282,35.72966],[51.25283,35.72906],[51.25285,35.72847],[51.25289,35.72787],[51.25292,35.72727],[51.25294,35.72667],[51.25294,35.72607],[51.25292,35.72547],[51.25286,35.72487],[51.25278,35.72428],[51.2527,35.7237],[51.25261,35.72315],[51.25251,35.72261],[51.25241,35.72209],[51.25233,35.72154],[51.25228,35.72097],[51.25223,35.72039],[51.2522,35.7198],[51.25218,35.71923],[51.25215,35.71865],[51.25211,35.71809],[51.25208,35.71752],[51.25205,35.71696],[51.25202,35.7164],[51.25198,35.71586],[51.25197,35.71546],[51.25198,35.71495],[51.25206,35.71428],[51.25212,35.71389],[51.25218,35.71348],[51.25224,35.71305],[51.25231,35.71263],[51.25238,35.71222],[51.25245,35.71181],[51.2525,35.71143],[51.25254,35.71105],[51.25257,35.71068],[51.25259,35.7103],[51.25255,35.70994],[51.25196,35.70943],[51.25155,35.70927],[51.25117,35.70906],[51.25085,35.70878],[51.25015,35.70849],[51.24941,35.70862],[51.24858,35.70878],[51.24812,35.70886],[51.24764,35.70895],[51.24712,35.70904],[51.24658,35.70915],[51.24603,35.70926],[51.24545,35.70937],[51.24488,35.70947],[51.24433,35.70958],[51.24381,35.70967],[51.24332,35.70974],[51.24284,35.7098],[51.24239,35.70987],[51.24154,35.70998],[51.24066,35.71011],[51.23995,35.71024],[51.23942,35.71034],[51.23878,35.71047],[51.23828,35.71056],[51.23762,35.71069],[51.23678,35.71084],[51.23632,35.71093],[51.23583,35.71101],[51.23531,35.71111],[51.23477,35.71121],[51.23421,35.71131],[51.23362,35.71142],[51.233,35.71154],[51.23236,35.71165],[51.2317,35.71176],[51.23102,35.71189],[51.23031,35.71202],[51.22958,35.71216],[51.22884,35.7123],[51.22807,35.71244],[51.2273,35.71258],[51.22652,35.71273],[51.22575,35.71289],[51.22496,35.71305],[51.22418,35.71319],[51.22339,35.71334],[51.22261,35.71348],[51.22183,35.71363],[51.22107,35.71377],[51.22031,35.71392],[51.21955,35.71406],[51.21882,35.7142],[51.21809,35.71435],[51.21736,35.71448],[51.21663,35.71462],[51.21592,35.71475],[51.2152,35.71488],[51.21449,35.71501],[51.2138,35.71514],[51.21312,35.71527],[51.21245,35.7154],[51.21177,35.71553],[51.2111,35.71566],[51.21041,35.71579],[51.20971,35.71592],[51.209,35.71605],[51.20828,35.71619],[51.20755,35.71634],[51.20681,35.71649],[51.20607,35.71662],[51.20535,35.71676],[51.20463,35.71689],[51.20391,35.71703],[51.2032,35.71716],[51.20249,35.7173],[51.20177,35.71743],[51.20106,35.71757],[51.20035,35.71769],[51.19964,35.71782],[51.19893,35.71796],[51.19822,35.7181],[51.19752,35.71823],[51.19684,35.71836],[51.19617,35.71849],[51.1955,35.71861],[51.19486,35.71873],[51.19425,35.71885],[51.19371,35.71896],[51.19326,35.71905],[51.1928,35.71913],[51.19228,35.71922],[51.19176,35.71932],[51.19125,35.71943],[51.19066,35.71954],[51.19,35.71966],[51.18925,35.7198],[51.18868,35.7199],[51.1881,35.71999],[51.18762,35.72007],[51.18696,35.72019],[51.18612,35.72037],[51.18565,35.72047],[51.18516,35.72057],[51.18468,35.72066],[51.18418,35.72075],[51.18367,35.72085],[51.18314,35.72094],[51.1826,35.72104],[51.18206,35.72114],[51.18151,35.72124],[51.18094,35.72135],[51.18037,35.72146],[51.17978,35.72158],[51.1792,35.72169],[51.17864,35.7218],[51.17811,35.7219],[51.17759,35.722],[51.17704,35.72211],[51.17649,35.72221],[51.17592,35.72232],[51.17534,35.72243],[51.17475,35.72254],[51.17415,35.72266],[51.17354,35.72277],[51.17292,35.72288],[51.1723,35.723],[51.17168,35.72312],[51.17106,35.72323],[51.17044,35.72334],[51.16983,35.72346],[51.16923,35.72357],[51.16866,35.72368],[51.16809,35.72379],[51.16752,35.7239],[51.16694,35.72401],[51.16637,35.72412],[51.16579,35.72424],[51.1652,35.72435],[51.16461,35.72446],[51.16401,35.72458],[51.16341,35.7247],[51.16286,35.72481],[51.16242,35.7249],[51.16188,35.725],[51.16145,35.72507],[51.16099,35.72516],[51.16047,35.72524],[51.15992,35.72533],[51.15938,35.72543],[51.15875,35.72554],[51.15805,35.72567],[51.15716,35.72585],[51.15664,35.72595],[51.15612,35.72606],[51.15559,35.72616],[51.15503,35.72628],[51.15446,35.72638],[51.15386,35.72649],[51.15325,35.7266],[51.15261,35.72672],[51.15196,35.72683],[51.15128,35.72695],[51.1506,35.72708],[51.14991,35.72721],[51.14921,35.72736],[51.14851,35.72749],[51.14779,35.72763],[51.14706,35.72777],[51.14633,35.72791],[51.14559,35.72805],[51.14484,35.72819],[51.14408,35.72833],[51.14332,35.72848],[51.14255,35.72862],[51.14177,35.72877],[51.14099,35.72892],[51.1402,35.72907],[51.13944,35.72921],[51.1387,35.72935],[51.13799,35.72949],[51.13728,35.72962],[51.13656,35.72974],[51.13585,35.72987],[51.13512,35.73001],[51.1344,35.73016],[51.13369,35.7303],[51.133,35.73043],[51.13235,35.73056],[51.1317,35.73069],[51.13105,35.73082],[51.13041,35.73094],[51.12978,35.73106],[51.12917,35.73118],[51.12862,35.73129],[51.12814,35.73137],[51.12744,35.7315],[51.12692,35.73161],[51.12649,35.7317],[51.12595,35.73183],[51.12529,35.73204],[51.12469,35.73227],[51.12405,35.73261],[51.12332,35.733],[51.12263,35.73335],[51.12188,35.73371],[51.12147,35.73391],[51.12106,35.73411],[51.12063,35.73432],[51.12018,35.73455],[51.11971,35.73478],[51.11923,35.735],[51.11873,35.73524],[51.11822,35.73548],[51.11771,35.73573],[51.11718,35.73599],[51.11664,35.73627],[51.1161,35.73654],[51.11555,35.7368],[51.11499,35.73703],[51.11442,35.73722],[51.11384,35.73741],[51.11324,35.73758],[51.11263,35.73776],[51.11202,35.73795],[51.1114,35.73814],[51.11077,35.73833],[51.11012,35.73852],[51.10945,35.73872],[51.10879,35.73892],[51.10812,35.73913],[51.10745,35.73933],[51.10678,35.73953],[51.1061,35.73972],[51.10542,35.7399],[51.10472,35.74005],[51.104,35.74016],[51.10328,35.74026],[51.10256,35.74035],[51.10186,35.74045],[51.10116,35.74055],[51.10049,35.74067],[51.09983,35.7408],[51.09918,35.74093],[51.09855,35.74106],[51.09793,35.74118],[51.09732,35.74132],[51.09671,35.74145],[51.0961,35.74157],[51.0955,35.74169],[51.09491,35.74181],[51.09432,35.74194],[51.09373,35.74206],[51.09314,35.74218],[51.09256,35.74231],[51.09197,35.74243],[51.09137,35.74255],[51.09076,35.74267],[51.09015,35.7428],[51.08953,35.74292],[51.08892,35.74307],[51.0883,35.74323],[51.0877,35.7434],[51.08711,35.74358],[51.08653,35.74377],[51.08597,35.74398],[51.08545,35.74425],[51.08496,35.74455],[51.08447,35.74487],[51.08399,35.74518],[51.08349,35.7455],[51.08299,35.74583],[51.08248,35.74616],[51.08196,35.74649],[51.08143,35.74683],[51.08089,35.74717],[51.08038,35.74751],[51.07994,35.74779],[51.07952,35.74804],[51.0791,35.74828],[51.07864,35.74853],[51.07815,35.74878],[51.07762,35.74904],[51.07706,35.74929],[51.07647,35.74956],[51.07587,35.74983],[51.07526,35.75011],[51.07471,35.75035],[51.07425,35.75053],[51.07379,35.75072],[51.07334,35.7509],[51.07289,35.75111],[51.07244,35.75131],[51.072,35.75152],[51.07156,35.75172],[51.07111,35.75192],[51.07064,35.75211],[51.07016,35.7523],[51.06967,35.7525],[51.06918,35.75272],[51.06868,35.75294],[51.06818,35.75317],[51.06766,35.7534],[51.06714,35.75362],[51.06662,35.75385],[51.0661,35.7541],[51.06559,35.75434],[51.06507,35.75458],[51.06456,35.75482],[51.06406,35.75507],[51.06355,35.75531],[51.06304,35.75555],[51.06252,35.7558],[51.06202,35.75603],[51.06154,35.75626],[51.06105,35.75648],[51.06055,35.75671],[51.06003,35.75695],[51.05951,35.75719],[51.05897,35.75743],[51.05842,35.75768],[51.05786,35.75793],[51.05729,35.75818],[51.05673,35.75843],[51.05619,35.75867],[51.05565,35.7589],[51.05514,35.75916],[51.05466,35.75945],[51.05421,35.75976],[51.05376,35.76009],[51.05331,35.76044],[51.05285,35.76078],[51.05237,35.76112],[51.05186,35.76142],[51.05132,35.7617],[51.05075,35.76195],[51.05019,35.7622],[51.04963,35.76244],[51.04908,35.76269],[51.04854,35.76294],[51.048,35.7632],[51.04746,35.76345],[51.04693,35.76372],[51.04641,35.76399],[51.0459,35.76425],[51.04537,35.76452],[51.04483,35.76477],[51.0443,35.76501],[51.0438,35.76525],[51.04332,35.76548],[51.04285,35.76573],[51.04241,35.76602],[51.04201,35.76635],[51.04164,35.76671],[51.04127,35.76707],[51.04092,35.76744],[51.04061,35.76776],[51.04031,35.76807],[51.04004,35.76839],[51.03974,35.7687],[51.03943,35.769],[51.03913,35.7693],[51.03881,35.76959],[51.03851,35.76986],[51.0382,35.77015],[51.03789,35.77047],[51.03758,35.77081],[51.03726,35.77116],[51.03691,35.77152],[51.03657,35.77188],[51.03622,35.77227],[51.03586,35.77266],[51.03548,35.77305],[51.03511,35.77344],[51.03477,35.77382],[51.03446,35.77417],[51.03419,35.7745],[51.03395,35.77481],[51.03358,35.77541],[51.03305,35.77596],[51.03243,35.77646],[51.03214,35.77674],[51.03187,35.77704],[51.03159,35.77735],[51.03131,35.77765],[51.03104,35.77796],[51.03076,35.77825],[51.03049,35.77855],[51.03022,35.77884],[51.02973,35.77936],[51.02929,35.77984],[51.0289,35.78028],[51.02844,35.78074],[51.0279,35.78121],[51.02732,35.78175],[51.02701,35.78202],[51.0267,35.7823],[51.02637,35.78259],[51.02603,35.7829],[51.02568,35.78319],[51.02537,35.78346],[51.02484,35.78393],[51.0243,35.7844],[51.02372,35.78491],[51.02315,35.78542],[51.02264,35.7859],[51.02226,35.78632],[51.02199,35.78663],[51.02166,35.78692],[51.0212,35.78731],[51.02087,35.78763],[51.02056,35.78797],[51.02029,35.78829],[51.02002,35.78865],[51.01967,35.78907],[51.01918,35.78949],[51.01847,35.7899],[51.0181,35.79011],[51.01772,35.79032],[51.0171,35.79073],[51.01666,35.79111],[51.01623,35.79155],[51.01572,35.79205],[51.01519,35.79254],[51.01466,35.79302],[51.01416,35.79346],[51.01366,35.79392],[51.01322,35.79436],[51.01295,35.79467],[51.0127,35.79503],[51.01242,35.79546],[51.01208,35.79604],[51.01171,35.79669],[51.0114,35.79732],[51.01123,35.79776],[51.01109,35.79824],[51.01096,35.79876],[51.01082,35.79937],[51.01069,35.79996],[51.0106,35.80046],[51.01051,35.80098],[51.01049,35.8015],[51.01052,35.80205],[51.01053,35.80243],[51.01054,35.80294],[51.01055,35.80353],[51.0106,35.80408],[51.01071,35.80472],[51.01086,35.80528],[51.01115,35.80572],[51.0113,35.80621],[51.01116,35.80666],[51.01117,35.80722],[51.01113,35.80791],[51.01119,35.80865],[51.01125,35.80904],[51.01121,35.80942],[51.01108,35.80977],[51.01095,35.81011],[51.01059,35.81066],[51.01002,35.81096],[51.00951,35.8112],[51.00892,35.81148],[51.00841,35.81173],[51.00795,35.81198],[51.00755,35.81218],[51.00712,35.81238],[51.00655,35.81265],[51.006,35.81292],[51.00537,35.81329],[51.00469,35.81365],[51.00404,35.814],[51.00343,35.81431],[51.00288,35.81462],[51.0023,35.81495],[51.00189,35.81522],[51.00189,35.81523],[51.00189,35.81523],[51.00188,35.81523],[51.00188,35.81523],[51.00188,35.81523],[51.00133,35.81546],[51.00082,35.81574],[51.00041,35.81595],[50.99996,35.81617],[50.99946,35.81642],[50.99901,35.81665],[50.99849,35.81693],[50.9981,35.81717],[50.99771,35.81738],[50.9975,35.81775],[50.99737,35.81812],[50.99722,35.81855],[50.99703,35.81896],[50.99729,35.81936],[50.99768,35.81956],[50.99823,35.81975],[50.99834,35.81975],[50.99834,35.81975],[50.99835,35.81974],[50.99835,35.81974],[50.99828,35.82012],[50.99792,35.82057],[50.99774,35.82092],[50.99756,35.82126],[50.99746,35.82164],[50.99735,35.82201],[50.99719,35.82237],[50.99697,35.82285],[50.99677,35.82325],[50.99695,35.82363],[50.99727,35.82403],[50.9976,35.82446],[50.99784,35.82477],[50.9981,35.82507],[50.99836,35.8254],[50.9985,35.82562],[50.99851,35.82561],[50.99851,35.82559],[50.99851,35.8256],[50.99851,35.8256],[50.99851,35.82559],[50.99851,35.82559],[50.99905,35.82577],[50.99954,35.82572],[51.0001,35.82543],[51.00048,35.82523],[51.0007,35.82476],[51.00082,35.8244],[51.00115,35.82415],[51.00121,35.82378],[51.00128,35.82337],[51.00133,35.823],[51.00136,35.82264],[51.00144,35.82213],[51.00159,35.82159],[51.00173,35.82115],[51.00191,35.82072],[51.00208,35.82031],[51.00221,35.81995],[51.0022,35.81995],[51.0022,35.81995],[51.0022,35.81995],[51.0022,35.81995],[51.0022,35.81994],[51.0022,35.81994],[51.00238,35.81961],[51.00254,35.81923],[51.00227,35.81884],[51.00179,35.81869],[51.00129,35.81851],[51.00084,35.8184],[51.00041,35.81826],[50.99986,35.8181],[50.99945,35.81838],[50.99912,35.81874],[50.99886,35.81905],[50.99863,35.8194],[50.99842,35.81975],[50.99827,35.82018],[50.99798,35.82051],[50.99775,35.8209],[50.99759,35.82129],[50.99746,35.82168],[50.99729,35.82216],[50.99709,35.82266],[50.99688,35.82302],[50.99694,35.8235],[50.99747,35.82367],[50.998,35.82379],[50.99866,35.82394],[50.99934,35.82409],[50.99998,35.82422],[51.00057,35.82436],[51.00109,35.82445],[51.00114,35.82484],[51.00113,35.82483],[51.00113,35.82483],[51.00113,35.82483],[51.00113,35.82483],[51.00113,35.82483],[51.00113,35.82483],[51.00097,35.82532],[51.00079,35.82567],[51.00054,35.8261],[51.00027,35.82657],[51.00001,35.82701],[50.99979,35.82746],[50.99961,35.82785],[50.99942,35.82833],[50.99929,35.82874],[50.99913,35.82928],[50.99902,35.82964],[50.99889,35.83009],[50.99888,35.83022],[50.99888,35.83022],[50.99887,35.83022],[50.99881,35.83073],[50.99938,35.8309],[51.00001,35.83083],[51.00066,35.83082],[51.00114,35.83081],[51.00162,35.83079],[51.00212,35.83083],[51.00261,35.83086],[51.00307,35.83085],[51.00362,35.83083],[51.00435,35.83081],[51.00517,35.8308],[51.00603,35.83078],[51.00647,35.83077],[51.00729,35.83075],[51.0079,35.83072],[51.00866,35.8307],[51.00943,35.83067],[51.00995,35.83065],[51.01055,35.83062],[51.01131,35.83058],[51.01186,35.83055],[51.01127,35.83072],[51.01047,35.83075],[51.00994,35.83083],[51.00992,35.83132],[51.00996,35.83183],[51.01001,35.83239],[51.01005,35.83296],[51.01009,35.83353],[51.01012,35.83406],[51.01015,35.83457],[51.01017,35.83504],[51.01044,35.83539],[51.0109,35.83552],[51.01138,35.83553],[51.01203,35.83551],[51.01269,35.83548],[51.0134,35.83544],[51.01414,35.83541],[51.01484,35.83537],[51.01566,35.83536],[51.01646,35.8353],[51.01717,35.83526],[51.01778,35.83524],[51.01831,35.83521],[51.01887,35.83518],[51.01924,35.83498],[51.01943,35.83445],[51.01959,35.83397],[51.0199,35.83434],[51.02008,35.83472],[51.02026,35.83512],[51.02073,35.83518],[51.02118,35.83522],[51.0212,35.8353],[51.0212,35.8353],[51.02121,35.83529],[51.02121,35.83526],[51.02121,35.83525],[51.02121,35.83528],[51.02121,35.83529],[51.0212,35.83529],[51.0212,35.83529],[51.0212,35.83529],[51.0212,35.83529],[51.0212,35.83529],[51.0212,35.83529],[51.02105,35.83517],[51.02043,35.83524],[51.02009,35.83547],[51.01968,35.83563],[51.01922,35.83547],[51.01877,35.83532],[51.01832,35.83532],[51.01774,35.83533],[51.01721,35.83536],[51.0165,35.83538],[51.01565,35.83543],[51.01501,35.8355],[51.0149,35.83589],[51.01489,35.83596],[51.01487,35.83635],[51.01432,35.83646],[51.0137,35.83651],[51.013,35.83656],[51.01238,35.83658],[51.01194,35.8366],[51.01131,35.83663],[51.01078,35.83669],[51.01032,35.83693],[51.00975,35.83698],[51.0093,35.83703],[51.00883,35.83704],[51.00818,35.83706],[51.00792,35.83743],[51.00793,35.83784],[51.00795,35.83827],[51.00799,35.8387],[51.00801,35.83912],[51.00808,35.83963],[51.00812,35.84001],[51.00815,35.84042],[51.00814,35.84088],[51.00816,35.84104],[51.00816,35.84104],[51.00816,35.84104],[51.0081,35.84086],[51.0081,35.8405],[51.00808,35.84006],[51.00763,35.83991],[51.00701,35.83996],[51.00651,35.83998],[51.00599,35.84],[51.00551,35.83958],[51.00514,35.83914],[51.00478,35.83872],[51.00454,35.83841],[51.00418,35.83803],[51.00381,35.83761],[51.00338,35.83714],[51.00295,35.83669],[51.00245,35.83656],[51.00196,35.83677],[51.00167,35.83706],[51.00132,35.83746],[51.00097,35.83789],[51.00069,35.83826],[51.0003,35.83877],[51.00001,35.83914],[50.9997,35.83955],[50.9994,35.83998],[50.99915,35.84031],[50.99885,35.8407],[50.99876,35.84115],[50.99844,35.84142],[50.9985,35.84154],[50.9985,35.84154],[50.9985,35.84153],[50.99872,35.84118],[50.99934,35.84109],[50.9999,35.84106],[51.00053,35.84103],[51.00115,35.84099],[51.00174,35.84096],[51.00239,35.84092],[51.00305,35.84086],[51.00369,35.84084],[51.00407,35.84107],[51.00438,35.84142],[51.00463,35.84173],[51.00471,35.84189],[51.00471,35.8419],[51.00471,35.8419],[51.0047,35.8419],[51.0047,35.8419],[51.00497,35.8423],[51.00448,35.84255],[51.00387,35.84257],[51.0033,35.84257],[51.00289,35.84279],[51.00282,35.84286],[51.00282,35.84286],[51.00282,35.84286],[51.00271,35.84329],[51.00212,35.84339],[51.00153,35.84341],[51.00131,35.84378],[51.00155,35.8441],[51.00206,35.84412],[51.00261,35.84414],[51.00306,35.84428],[51.0031,35.84464],[51.00316,35.84506],[51.00322,35.84548],[51.00338,35.84596],[51.00354,35.84642],[51.00356,35.84665],[51.0037,35.84702],[51.0042,35.84705],[51.00359,35.84715],[51.00314,35.84718],[51.00267,35.84721],[51.00221,35.84728],[51.00156,35.84748],[51.00152,35.84699],[51.00149,35.84655],[51.0015,35.84612],[51.00137,35.84605],[51.00152,35.84647],[51.00161,35.84685],[51.00155,35.84733],[51.002,35.84735],[51.00264,35.84718],[51.00313,35.84713],[51.00363,35.84709],[51.00412,35.84706],[51.00458,35.84703],[51.00517,35.84694],[51.00567,35.84674],[51.00617,35.84652],[51.00667,35.84628],[51.00693,35.84613],[51.00691,35.84621],[51.00691,35.84621],[51.00691,35.8462],[51.00685,35.84623],[51.00634,35.84643],[51.00581,35.84666],[51.00532,35.84685],[51.00475,35.84702],[51.00413,35.84707],[51.0035,35.84711],[51.00279,35.84717],[51.00206,35.84731],[51.00144,35.84753],[51.00087,35.84774],[51.00026,35.84781],[50.99974,35.84792],[50.9997,35.84844],[50.99969,35.84889],[50.99941,35.84932],[50.99941,35.84882],[50.9994,35.84844],[50.99939,35.84803],[50.99937,35.84761],[50.99933,35.84722],[50.99881,35.84702],[50.99835,35.84705],[50.99783,35.84705],[50.99772,35.84712],[50.99772,35.84712],[50.99772,35.84713],[50.99772,35.84713],[50.99769,35.84716],[50.99831,35.84713],[50.99892,35.84712],[50.99936,35.84721],[50.99941,35.84774],[50.99945,35.84817],[50.99951,35.84862],[50.99937,35.8491],[50.99903,35.84942],[50.99865,35.84978],[50.99822,35.85019],[50.99777,35.85061],[50.99733,35.85099],[50.9969,35.85138],[50.99643,35.85166],[50.99585,35.8518],[50.9952,35.85183],[50.99477,35.85172],[50.99475,35.85113],[50.99475,35.85069],[50.99472,35.85021],[50.99469,35.84975],[50.99466,35.84937],[50.99468,35.84901],[50.99469,35.849],[50.99469,35.84901],[50.99463,35.84857],[50.99456,35.848],[50.99444,35.84754],[50.99419,35.84706],[50.99392,35.84667],[50.99368,35.8463],[50.99346,35.84577],[50.99337,35.84523],[50.99333,35.84474],[50.99383,35.84451],[50.99433,35.84447],[50.99485,35.84443],[50.99537,35.8444],[50.99589,35.84436],[50.99647,35.84432],[50.99693,35.84431],[50.99745,35.84414],[50.99747,35.84376],[50.99745,35.84322],[50.99731,35.84274],[50.99684,35.84257],[50.99618,35.8426],[50.99548,35.84265],[50.99492,35.84268],[50.99533,35.84252],[50.99549,35.84201],[50.99545,35.84163],[50.99546,35.84125],[50.99547,35.84125],[50.99547,35.84125],[50.99537,35.84087],[50.99534,35.84036],[50.99531,35.83996],[50.99566,35.83969],[50.99628,35.83963],[50.99674,35.83967],[50.99735,35.83966],[50.99797,35.83963],[50.99858,35.83964],[50.99872,35.83925],[50.99859,35.83954],[50.998,35.83958],[50.99754,35.83962],[50.99709,35.83969],[50.99644,35.83972],[50.99594,35.83973],[50.99546,35.83975],[50.99494,35.83975],[50.99435,35.83978],[50.9937,35.83983],[50.99324,35.83986],[50.99276,35.83988],[50.99223,35.83992],[50.99191,35.84021],[50.99194,35.84032],[50.99194,35.84032],[50.99194,35.84033],[50.99195,35.84034],[50.99195,35.84034],[50.99195,35.84034],[50.99195,35.84034],[50.99196,35.84035],[50.99195,35.84035],[50.99195,35.84034],[50.99196,35.84035],[50.99195,35.84034],[50.99196,35.84034],[50.99186,35.83997],[50.99183,35.83953],[50.99182,35.83911],[50.99247,35.83902],[50.993,35.83902],[50.99362,35.83896],[50.99422,35.83891],[50.9947,35.83888],[50.99515,35.83881],[50.99513,35.83818],[50.99505,35.83749],[50.99501,35.8371],[50.99498,35.83673],[50.99494,35.83615],[50.9949,35.83561],[50.99484,35.83526],[50.99484,35.83524],[50.99484,35.83524],[50.99484,35.83524],[50.99484,35.83531],[50.99497,35.83576],[50.99499,35.83613],[50.99503,35.83654],[50.99507,35.83699],[50.99511,35.83749],[50.99514,35.83802],[50.99519,35.83854],[50.99524,35.83897],[50.99525,35.83933],[50.99543,35.83971],[50.99594,35.8397],[50.99639,35.83966],[50.99687,35.83964],[50.99734,35.83963],[50.99788,35.83957],[50.99852,35.83954],[50.99874,35.8392],[50.99874,35.83919],[50.99874,35.83919],[50.99867,35.83863],[50.9986,35.8381],[50.99855,35.83758],[50.99848,35.83705],[50.99843,35.83642],[50.9984,35.83606],[50.99838,35.83568],[50.99836,35.83528],[50.99832,35.83485],[50.99826,35.83437],[50.99822,35.8339],[50.9982,35.83348],[50.99817,35.83311],[50.99814,35.83249],[50.99797,35.832],[50.99766,35.83159],[50.99785,35.83117],[50.99781,35.8308],[50.99754,35.83046],[50.99729,35.83017],[50.99705,35.82986],[50.99674,35.82957],[50.99622,35.82947],[50.99575,35.82939],[50.99527,35.8293],[50.99477,35.82913],[50.9943,35.82915],[50.99389,35.8293],[50.99375,35.82983],[50.99362,35.83023],[50.99354,35.83059],[50.99335,35.83088],[50.99359,35.83055],[50.99367,35.83018],[50.99371,35.82978],[50.99326,35.8297],[50.9928,35.82962],[50.9922,35.8295],[50.99184,35.82944],[50.99183,35.82943],[50.99182,35.82943],[50.99185,35.82942],[50.99187,35.82941],[50.99183,35.82941],[50.99177,35.82941],[50.99158,35.82999],[50.99152,35.83027],[50.99154,35.83036],[50.99155,35.83037],[50.99155,35.83035],[50.99156,35.83033],[50.99132,35.83078],[50.99117,35.83129],[50.99105,35.83173],[50.99088,35.83229],[50.99068,35.83293],[50.99052,35.83354],[50.99059,35.83304],[50.99076,35.83244],[50.99089,35.83201],[50.99068,35.83169],[50.99023,35.83165],[50.9897,35.8315],[50.98913,35.83138],[50.98899,35.83095],[50.98902,35.83042],[50.98904,35.82978],[50.98917,35.82913],[50.98936,35.82856],[50.98899,35.8282],[50.98848,35.82812],[50.98806,35.82777],[50.98793,35.82725],[50.98782,35.82683],[50.98771,35.82642],[50.9875,35.82601],[50.98726,35.82566],[50.98755,35.82542],[50.98755,35.82542],[50.98755,35.82542],[50.98755,35.82542],[50.98754,35.82542],[50.98754,35.82543],[50.98755,35.82543],[50.9876,35.82538],[50.98772,35.82491],[50.98781,35.82445],[50.98796,35.82396],[50.98805,35.8236],[50.98823,35.82326],[50.98819,35.82332],[50.98819,35.82332],[50.98834,35.82286],[50.98836,35.82249],[50.98785,35.82248],[50.98729,35.82271],[50.98682,35.82295],[50.9863,35.82325],[50.98583,35.82346],[50.98535,35.82364],[50.98489,35.82381],[50.98446,35.82396],[50.98393,35.82414],[50.9834,35.82432],[50.98276,35.82453],[50.98229,35.82467],[50.98185,35.82481],[50.98138,35.82495],[50.98075,35.82515],[50.98033,35.82527],[50.97986,35.82541],[50.97921,35.82562],[50.97887,35.82587],[50.97886,35.8259],[50.97885,35.82588],[50.97885,35.82587],[50.97877,35.82596],[50.97825,35.82628],[50.97774,35.82631],[50.97749,35.82614],[50.97775,35.82571],[50.97831,35.82556],[50.97877,35.8255],[50.9793,35.82541],[50.97983,35.8253],[50.98036,35.82519],[50.98086,35.82506],[50.98152,35.82486],[50.9823,35.82461],[50.983,35.82433],[50.98356,35.82403],[50.98407,35.82381],[50.98476,35.82355],[50.98556,35.82325],[50.98597,35.82306],[50.98637,35.82284],[50.98675,35.82261],[50.98733,35.82246],[50.98792,35.82229],[50.98842,35.82204],[50.98911,35.8217],[50.98951,35.8215],[50.98996,35.82129],[50.9904,35.82108],[50.99086,35.8209],[50.99127,35.8207],[50.99163,35.82049],[50.99233,35.82012],[50.99297,35.81979],[50.99371,35.81939],[50.9941,35.8192],[50.99449,35.819],[50.99515,35.81866],[50.9956,35.81841],[50.99601,35.81819],[50.99638,35.81797],[50.99683,35.81777],[50.99714,35.81746],[50.99727,35.81712],[50.99739,35.81671],[50.99753,35.81633],[50.99774,35.81585],[50.99795,35.81547],[50.99822,35.81503],[50.99859,35.8146],[50.9988,35.81419],[50.99898,35.81383],[50.99916,35.81339],[50.99924,35.81299],[50.99928,35.81261],[50.99926,35.81223],[50.99946,35.81259],[50.99937,35.81301],[50.9996,35.81339],[50.99982,35.81371],[51.0001,35.81402],[51.00042,35.81429],[51.00054,35.81465],[51.00092,35.81484],[51.00117,35.81504],[51.00122,35.81542],[51.00085,35.81562],[51.00033,35.8159],[50.9999,35.81614],[50.9995,35.81636],[50.99902,35.81663],[50.99858,35.81687],[50.99823,35.81711],[50.99788,35.81732],[50.99789,35.81732],[50.99791,35.81731],[50.99791,35.81731],[50.99792,35.81731],[50.99792,35.81731],[50.99792,35.81731],[50.99792,35.81731],[50.99792,35.81731],[50.99791,35.81731],[50.99792,35.81731],[50.99794,35.8173],[50.99801,35.81728],[50.99801,35.81728],[50.99801,35.81728],[50.99801,35.81728],[50.99802,35.81728],[50.99802,35.81728],[50.99802,35.81728],[50.99802,35.81728],[50.99801,35.81728],[50.99801,35.81728],[50.99799,35.81728],[50.99797,35.81726],[50.99749,35.81741],[50.99728,35.81722],[50.99736,35.81681],[50.99752,35.81631],[50.99775,35.8159],[50.99793,35.81551],[50.99814,35.81515],[50.99846,35.81465],[50.99881,35.8141],[50.99912,35.81355],[50.99928,35.81301],[50.9993,35.81261],[50.9993,35.81217],[50.99911,35.81183],[50.99881,35.81156],[50.99879,35.81115],[50.99896,35.81072],[50.99914,35.81034],[50.99938,35.80997],[50.99962,35.80963],[50.99981,35.80927],[51.00009,35.80891],[51.00055,35.80904],[51.00101,35.80927],[51.0014,35.80957],[51.00175,35.80979],[51.00212,35.81002],[51.00255,35.81012],[51.00297,35.80999],[51.00341,35.80984],[51.00383,35.80959],[51.00424,35.80925],[51.00454,35.80897],[51.00449,35.80861],[51.00415,35.80824],[51.00376,35.80781],[51.00337,35.80724],[51.00311,35.80661],[51.00292,35.80627],[51.00272,35.80595],[51.0024,35.80544],[51.00214,35.80498],[51.0018,35.80437],[51.0016,35.804],[51.00141,35.80362],[51.0012,35.80322],[51.00104,35.80282],[51.00099,35.80246],[51.00102,35.80194],[51.0011,35.80141],[51.00117,35.80099],[51.00124,35.80046],[51.00134,35.79974],[51.00137,35.79935],[51.00138,35.79893],[51.00122,35.79855],[51.00102,35.79812],[51.00113,35.79776],[51.00156,35.79731],[51.00169,35.79684],[51.00184,35.79628],[51.00193,35.79587],[51.00199,35.79537],[51.00208,35.79492],[51.00218,35.7945],[51.00228,35.79405],[51.00253,35.79357],[51.00288,35.79296],[51.00318,35.79244],[51.00336,35.79201],[51.00342,35.79141],[51.00336,35.79084],[51.00331,35.79046],[51.00322,35.78992],[51.00286,35.78949],[51.00225,35.78949],[51.00182,35.78999],[51.00216,35.79048],[51.00291,35.79056],[51.00379,35.79055],[51.00429,35.79054],[51.00483,35.7905],[51.0054,35.79044],[51.00601,35.7904],[51.00663,35.79038],[51.00727,35.79035],[51.00791,35.79032],[51.00855,35.79027],[51.00921,35.79024],[51.00987,35.7902],[51.01054,35.79017],[51.01123,35.79012],[51.01189,35.79007],[51.01256,35.78999],[51.01321,35.78989],[51.01385,35.78978],[51.01447,35.78968],[51.01508,35.78957],[51.01567,35.78945],[51.01624,35.78932],[51.01679,35.78919],[51.01734,35.78905],[51.01787,35.78891],[51.0184,35.78877],[51.01892,35.7886],[51.01942,35.78845],[51.01987,35.78829],[51.02025,35.78807],[51.0206,35.78778],[51.02091,35.78745],[51.02121,35.7871],[51.02154,35.78672],[51.02188,35.78636],[51.02223,35.78603],[51.0226,35.78571],[51.02297,35.78537],[51.02336,35.78502],[51.02375,35.78468],[51.02415,35.78432],[51.02456,35.78396],[51.02499,35.78358],[51.02543,35.7832],[51.02586,35.78279],[51.02631,35.78238],[51.02678,35.78198],[51.02725,35.78157],[51.02772,35.78116],[51.0282,35.78074],[51.02868,35.78031],[51.02912,35.77985],[51.02955,35.77939],[51.02998,35.77893],[51.03042,35.77845],[51.03086,35.77796],[51.03131,35.77745],[51.03176,35.77694],[51.03222,35.77643],[51.03267,35.77592],[51.03314,35.77541],[51.0336,35.77491],[51.03406,35.77441],[51.03453,35.7739],[51.03499,35.77341],[51.03544,35.77292],[51.03587,35.77243],[51.03628,35.77197],[51.03671,35.77153],[51.03716,35.77106],[51.03762,35.7706],[51.03808,35.77012],[51.03852,35.76967],[51.03896,35.76923],[51.03938,35.76884],[51.03975,35.76846],[51.04013,35.76805],[51.04053,35.76764],[51.04095,35.7672],[51.04139,35.76676],[51.04183,35.76633],[51.04229,35.7659],[51.04274,35.76546],[51.04322,35.76503],[51.04372,35.76463],[51.04429,35.76428],[51.0449,35.76397],[51.04553,35.76368],[51.04617,35.76339],[51.04682,35.7631],[51.04748,35.7628],[51.04814,35.76249],[51.04881,35.76218],[51.04948,35.76188],[51.05011,35.76159],[51.05072,35.7613],[51.05133,35.76099],[51.05194,35.76068],[51.05257,35.76035],[51.05321,35.76003],[51.05384,35.75969],[51.05446,35.75936],[51.05509,35.75903],[51.05573,35.75871],[51.05639,35.7584],[51.05706,35.7581],[51.05774,35.75779],[51.05843,35.75748],[51.05913,35.75717],[51.05982,35.75686],[51.06051,35.75653],[51.0612,35.75621],[51.06189,35.75589],[51.06258,35.75557],[51.06328,35.75524],[51.06398,35.75491],[51.06466,35.7546],[51.06531,35.75429],[51.06595,35.75399],[51.06656,35.75371],[51.06714,35.75345],[51.06765,35.75323],[51.06808,35.75304],[51.06851,35.75285],[51.06893,35.75267],[51.0696,35.75238],[51.07013,35.75216],[51.07078,35.75192],[51.07155,35.75159],[51.07197,35.75139],[51.07242,35.75118],[51.07288,35.75097],[51.07332,35.75076],[51.07368,35.75051],[51.07426,35.75015],[51.07488,35.74987],[51.07569,35.74952],[51.07614,35.74932],[51.07662,35.7491],[51.07713,35.74886],[51.07765,35.74862],[51.07816,35.74837],[51.07867,35.7481],[51.07919,35.7478],[51.07971,35.74748],[51.08023,35.74713],[51.08076,35.74678],[51.08126,35.74645],[51.08172,35.74614],[51.08216,35.74588],[51.08261,35.7457],[51.08307,35.7455],[51.08352,35.74524],[51.08399,35.74496],[51.08447,35.74465],[51.08498,35.74433],[51.08552,35.74402],[51.0861,35.74372],[51.08674,35.74346],[51.08743,35.74325],[51.08815,35.74305],[51.08889,35.74285],[51.08965,35.74267],[51.09041,35.74251],[51.09117,35.74236],[51.09193,35.74221],[51.09268,35.74207],[51.09343,35.74192],[51.09419,35.74175],[51.09494,35.7416],[51.09568,35.74145],[51.09642,35.74129],[51.09716,35.74114],[51.09789,35.74099],[51.09863,35.74084],[51.09937,35.74068],[51.10011,35.74053],[51.10086,35.74039],[51.10159,35.74029],[51.10228,35.74021],[51.10297,35.74013],[51.10366,35.74004],[51.10436,35.73996],[51.10507,35.73984],[51.10578,35.73967],[51.1065,35.73946],[51.10722,35.73922],[51.10793,35.73897],[51.10865,35.73875],[51.10934,35.73854],[51.11001,35.73833],[51.11068,35.73814],[51.11136,35.73794],[51.11203,35.73774],[51.1127,35.73753],[51.11337,35.73734],[51.11406,35.73714],[51.11473,35.73692],[51.11539,35.73667],[51.11603,35.73638],[51.11665,35.73607],[51.11725,35.73578],[51.11781,35.7355],[51.11835,35.73524],[51.11888,35.73497],[51.1194,35.73471],[51.11993,35.73445],[51.12046,35.73419],[51.12098,35.73394],[51.12147,35.73369],[51.12195,35.73345],[51.12241,35.73324],[51.12284,35.73304],[51.12326,35.73282],[51.12366,35.73257],[51.12402,35.73232],[51.12432,35.73203],[51.1246,35.7317],[51.12486,35.73138],[51.12512,35.73107],[51.12552,35.73052],[51.12589,35.73001],[51.12631,35.72944],[51.12652,35.72912],[51.12676,35.72879],[51.12699,35.72846],[51.12732,35.72798],[51.12784,35.7282],[51.12809,35.7287],[51.12844,35.72933],[51.12863,35.72966],[51.12883,35.72998],[51.12904,35.73032],[51.12961,35.73076],[51.13041,35.73071],[51.13085,35.73063],[51.13133,35.73054],[51.13184,35.73045],[51.13237,35.73034],[51.13291,35.73023],[51.13346,35.73013],[51.13403,35.73002],[51.13462,35.7299],[51.13522,35.7298],[51.13583,35.72969],[51.13646,35.72958],[51.1371,35.72946],[51.13774,35.72932],[51.13839,35.72917],[51.13905,35.72903],[51.13968,35.72897],[51.14034,35.72887],[51.141,35.72876],[51.14167,35.72866],[51.14233,35.72855],[51.143,35.72841],[51.14367,35.72829],[51.14433,35.72818],[51.14501,35.72806],[51.14569,35.72793],[51.14636,35.7278],[51.14704,35.72768],[51.14771,35.72757],[51.14838,35.72744],[51.14906,35.7273],[51.14973,35.72718],[51.15041,35.72706],[51.15109,35.72693],[51.15177,35.72681],[51.15246,35.72668],[51.15316,35.72654],[51.15387,35.72641],[51.15457,35.72627],[51.15527,35.72614],[51.15595,35.72601],[51.15661,35.72587],[51.15724,35.72576],[51.15777,35.72563],[51.15846,35.72548],[51.15867,35.72542],[51.15923,35.72533],[51.15983,35.72522],[51.16054,35.72508],[51.16141,35.72492],[51.1619,35.72483],[51.16242,35.72474],[51.16295,35.72464],[51.16349,35.72453],[51.16407,35.72442],[51.16466,35.7243],[51.16528,35.72419],[51.16592,35.72408],[51.16657,35.72395],[51.16722,35.72383],[51.1679,35.72371],[51.16859,35.72357],[51.16927,35.72344],[51.16994,35.72332],[51.17063,35.72319],[51.17131,35.72306],[51.17196,35.72293],[51.17261,35.72281],[51.17324,35.72269],[51.17386,35.72257],[51.17447,35.72245],[51.17505,35.72233],[51.17564,35.72222],[51.17624,35.7221],[51.17683,35.72199],[51.17744,35.72187],[51.17805,35.72176],[51.17869,35.72165],[51.17927,35.72151],[51.17988,35.72132],[51.18041,35.72116],[51.18119,35.72099],[51.18163,35.72091],[51.18209,35.72082],[51.18257,35.72073],[51.18307,35.72064],[51.18359,35.72055],[51.18413,35.72044],[51.18469,35.72034],[51.18525,35.72022],[51.1858,35.72011],[51.18634,35.72],[51.18687,35.71991],[51.18735,35.71982],[51.18802,35.71963],[51.18822,35.7192],[51.18807,35.71858],[51.18796,35.71821],[51.18784,35.7178],[51.18771,35.7174],[51.18759,35.71703],[51.1874,35.71641],[51.18722,35.71588],[51.18715,35.71571],[51.18715,35.71571],[51.18715,35.71571],[51.18705,35.71525],[51.18738,35.71557],[51.18754,35.71613],[51.18777,35.7168],[51.18791,35.71719],[51.18803,35.71756],[51.18813,35.71794],[51.18826,35.71833],[51.18838,35.71873],[51.18853,35.71909],[51.18904,35.71948],[51.18976,35.71933],[51.19064,35.71915],[51.19111,35.71905],[51.1916,35.71896],[51.19213,35.71886],[51.19267,35.71876],[51.19324,35.71865],[51.19382,35.71854],[51.19441,35.71844],[51.19502,35.71835],[51.19562,35.71826],[51.19626,35.71816],[51.19691,35.71804],[51.19756,35.71792],[51.19821,35.7178],[51.19887,35.71768],[51.19953,35.71755],[51.20018,35.71743],[51.20082,35.7173],[51.20146,35.71718],[51.20209,35.71706],[51.20272,35.71695],[51.20336,35.71683],[51.204,35.71672],[51.20464,35.7166],[51.20527,35.71648],[51.20589,35.71639],[51.20651,35.71627],[51.20713,35.71616],[51.20775,35.71605],[51.20837,35.71594],[51.20896,35.71586],[51.20951,35.7158],[51.21003,35.71574],[51.21056,35.71564],[51.21111,35.71553],[51.21167,35.71542],[51.21224,35.71531],[51.21281,35.71519],[51.21341,35.71508],[51.21401,35.71496],[51.21462,35.71485],[51.21525,35.71474],[51.21589,35.71462],[51.21653,35.71451],[51.21719,35.71439],[51.21785,35.71427],[51.21853,35.71414],[51.21921,35.71401],[51.21989,35.71388],[51.22058,35.71374],[51.22126,35.71362],[51.22195,35.71347],[51.22264,35.71334],[51.22332,35.71322],[51.22399,35.71309],[51.22466,35.71296],[51.22532,35.71283],[51.22597,35.71271],[51.2266,35.71261],[51.22722,35.7125],[51.22785,35.71237],[51.22848,35.71225],[51.22909,35.71214],[51.2297,35.71203],[51.23031,35.71191],[51.23092,35.71179],[51.23152,35.71168],[51.23212,35.71156],[51.23272,35.71144],[51.23331,35.71134],[51.2339,35.71124],[51.23448,35.71113],[51.23506,35.71102],[51.23565,35.7109],[51.23625,35.71079],[51.23684,35.71067],[51.2374,35.71056],[51.23795,35.71046],[51.23848,35.71035],[51.23902,35.71025],[51.23957,35.71017],[51.24013,35.71007],[51.24072,35.70996],[51.24133,35.70984],[51.24194,35.70973],[51.24255,35.70962],[51.24318,35.7095],[51.2438,35.70939],[51.24443,35.70927],[51.24506,35.70915],[51.24568,35.70903],[51.24629,35.70891],[51.24686,35.70878],[51.24741,35.70865],[51.24791,35.70852],[51.24871,35.70834],[51.24954,35.70817],[51.24999,35.70808],[51.25046,35.70799],[51.25096,35.70789],[51.25147,35.70779],[51.25198,35.70769],[51.25248,35.70759],[51.25294,35.70748],[51.25363,35.70719],[51.25358,35.70666],[51.25292,35.70653],[51.2527,35.70698],[51.25283,35.70752],[51.25302,35.7081],[51.25314,35.70878],[51.25323,35.70944],[51.25328,35.71008],[51.25328,35.71073],[51.25322,35.7114],[51.25314,35.71178],[51.25307,35.71221],[51.253,35.71266],[51.25293,35.71313],[51.25282,35.71362],[51.25273,35.71412],[51.25265,35.71462],[51.25258,35.71511],[51.25259,35.71563],[51.25262,35.71618],[51.25266,35.71674],[51.25272,35.7173],[51.25275,35.71785],[51.25278,35.7184],[51.25278,35.71896],[51.25279,35.71953],[51.25279,35.72009],[51.2528,35.72066],[51.25284,35.72124],[51.25288,35.72181],[51.25294,35.72239],[51.253,35.72296],[51.25304,35.72352],[51.25306,35.72404],[51.25311,35.72456],[51.25317,35.7251],[51.2532,35.72565],[51.25321,35.72621],[51.25321,35.72678],[51.25319,35.72734],[51.25314,35.72792],[51.25309,35.7285],[51.25305,35.72908],[51.253,35.72965],[51.25299,35.73022],[51.25301,35.73079],[51.25302,35.73135],[51.25302,35.73191],[51.25303,35.73248],[51.25303,35.73304],[51.25303,35.7336],[51.25303,35.73416],[51.25303,35.73473],[51.25303,35.73529],[51.25305,35.73586],[51.25311,35.73643],[51.25325,35.73698],[51.25341,35.73752],[51.25358,35.73806],[51.25375,35.7386],[51.25392,35.73915],[51.25411,35.73969],[51.25429,35.74023],[51.25446,35.74077],[51.25462,35.74132],[51.25476,35.74187],[51.25488,35.74242],[51.25496,35.74298],[51.25501,35.74354],[51.25502,35.7441],[51.25501,35.74466],[51.25499,35.7452],[51.25497,35.74573],[51.25492,35.74622],[51.25486,35.74672],[51.2548,35.74723],[51.25473,35.74775],[51.25466,35.74828],[51.2546,35.74883],[51.25451,35.74938],[51.25442,35.74994],[51.25433,35.75049],[51.25426,35.75106],[51.2542,35.75162],[51.25413,35.75219],[51.25409,35.75276],[51.25406,35.75331],[51.25404,35.75381],[51.25402,35.75427],[51.25397,35.75471],[51.25392,35.75514],[51.25388,35.75558],[51.25386,35.75602],[51.25384,35.75646],[51.25386,35.7569],[51.25396,35.75731],[51.25419,35.75763],[51.25452,35.75791],[51.25496,35.75809],[51.25549,35.75815],[51.25606,35.7582],[51.25662,35.75818],[51.25714,35.75811],[51.25765,35.75805],[51.25818,35.75798],[51.25874,35.75791],[51.25933,35.75784],[51.25994,35.75778],[51.26057,35.75772],[51.26121,35.75766],[51.26188,35.7576],[51.26257,35.75753],[51.26327,35.75746],[51.26396,35.75738],[51.26466,35.7573],[51.26538,35.7572],[51.26609,35.75706],[51.26678,35.75687],[51.26745,35.75664],[51.26806,35.75638],[51.26861,35.75609],[51.26915,35.75578],[51.26967,35.75548],[51.27018,35.75519],[51.27069,35.75493],[51.27121,35.7547],[51.27175,35.7545],[51.27231,35.75433],[51.27289,35.7542],[51.27347,35.7541],[51.27407,35.75404],[51.27469,35.75399],[51.27532,35.75395],[51.27597,35.75393],[51.27662,35.7539],[51.27727,35.75388],[51.27793,35.75386],[51.27859,35.75384],[51.27924,35.75383],[51.27989,35.7538],[51.28051,35.75378],[51.28113,35.75375],[51.28173,35.75373],[51.28232,35.7537],[51.2829,35.75368],[51.28348,35.75366],[51.28406,35.75364],[51.28462,35.75362],[51.28519,35.7536],[51.28577,35.75358],[51.28636,35.75356],[51.28695,35.75354],[51.28756,35.75353],[51.28819,35.7535],[51.28882,35.75349],[51.28945,35.75346],[51.29006,35.75344],[51.29068,35.75342],[51.2913,35.75339],[51.29192,35.75337],[51.2925,35.75335],[51.29306,35.75333],[51.29361,35.75331],[51.29416,35.7533],[51.29473,35.75328],[51.2953,35.75327],[51.29583,35.75327],[51.29637,35.75326],[51.29695,35.75326],[51.29755,35.75325],[51.29818,35.75324],[51.29881,35.75322],[51.29946,35.75321],[51.30013,35.75319],[51.30078,35.75319],[51.30139,35.75318],[51.30197,35.75317],[51.30246,35.75316],[51.30296,35.75314],[51.3036,35.75315],[51.30418,35.75316],[51.30465,35.75316],[51.30538,35.75313],[51.30586,35.75312],[51.30637,35.75313],[51.30693,35.75313],[51.30754,35.75313],[51.30817,35.75314],[51.30883,35.75315],[51.30953,35.75315],[51.31026,35.75315],[51.31101,35.75316],[51.31176,35.75317],[51.3125,35.75317],[51.31324,35.75316],[51.31397,35.75313],[51.3147,35.75309],[51.31542,35.75306],[51.31612,35.75303],[51.31683,35.75299],[51.31753,35.75294],[51.31822,35.75288],[51.31891,35.75281],[51.3196,35.75273],[51.32029,35.75263],[51.32098,35.75252],[51.32167,35.75241],[51.32237,35.75229],[51.32308,35.75217],[51.32376,35.75206],[51.32443,35.75195],[51.3251,35.75183],[51.32578,35.75173],[51.32644,35.75162],[51.32709,35.75153],[51.32776,35.75144],[51.32842,35.75137],[51.32907,35.7513],[51.32971,35.75124],[51.33035,35.75118],[51.33099,35.75113],[51.33161,35.75108],[51.33224,35.75106],[51.33287,35.75102],[51.33351,35.75098],[51.33416,35.75095],[51.33483,35.75092],[51.33551,35.75091],[51.33619,35.7509],[51.33687,35.75091],[51.33755,35.75092],[51.33824,35.75094],[51.33893,35.75097],[51.33962,35.75099],[51.34034,35.75101],[51.34107,35.75104],[51.3418,35.75107],[51.34253,35.75109],[51.34326,35.75111],[51.34399,35.75112],[51.34472,35.75113],[51.34544,35.75113],[51.34615,35.75111],[51.34685,35.75109],[51.34754,35.75106],[51.3482,35.75103],[51.34883,35.751],[51.34948,35.75096],[51.35015,35.75092],[51.35083,35.75085],[51.35153,35.75078],[51.35225,35.7507],[51.35298,35.75061],[51.35372,35.75051],[51.35445,35.7504],[51.35518,35.75028],[51.3559,35.75017],[51.35662,35.75005],[51.35735,35.74994],[51.35808,35.74983],[51.35882,35.74973],[51.35954,35.74965],[51.36025,35.74958],[51.36097,35.74952],[51.36172,35.74945],[51.3625,35.74938],[51.3633,35.74932],[51.36412,35.74926],[51.36492,35.74921],[51.3657,35.74917],[51.36646,35.74913],[51.36721,35.7491],[51.36798,35.74908],[51.36874,35.74907],[51.36949,35.74907],[51.37021,35.7491],[51.37088,35.74913],[51.37154,35.74918],[51.3722,35.74923],[51.37289,35.74929],[51.37358,35.74936],[51.37429,35.74944],[51.37499,35.74952],[51.37568,35.74958],[51.37638,35.74963],[51.37707,35.74968],[51.37777,35.74971],[51.37845,35.74974],[51.37912,35.74978],[51.37975,35.74981],[51.38035,35.74985],[51.38096,35.74991],[51.38157,35.74996],[51.38218,35.75001],[51.38281,35.75006],[51.38344,35.7501],[51.38406,35.75015],[51.38469,35.75019],[51.38531,35.75024],[51.38589,35.75028],[51.38647,35.75033],[51.38706,35.75038],[51.38766,35.75042],[51.38826,35.75047],[51.38889,35.75051],[51.38951,35.75055],[51.39014,35.75058],[51.39078,35.75063],[51.39143,35.75068],[51.39206,35.75072],[51.3927,35.75078],[51.39334,35.75084],[51.39399,35.75089],[51.39464,35.75094],[51.39527,35.75098],[51.39572,35.75102],[51.39622,35.751],[51.39681,35.75104],[51.39753,35.75109],[51.39823,35.75113],[51.39882,35.75117],[51.39941,35.7512],[51.39989,35.75123],[51.40064,35.75122],[51.4014,35.75125],[51.40187,35.75121],[51.40236,35.75124],[51.40289,35.75125],[51.40333,35.75126],[51.40387,35.75127],[51.40442,35.75125],[51.405,35.75125],[51.40547,35.75127],[51.40593,35.75128],[51.40647,35.75128],[51.40702,35.7513],[51.40754,35.7513],[51.4082,35.7513],[51.40868,35.75131],[51.40918,35.75132],[51.40965,35.75135],[51.41009,35.75141],[51.41062,35.75151],[51.41108,35.75161],[51.41165,35.75172],[51.41242,35.75187],[51.41286,35.75192],[51.41363,35.75206],[51.41433,35.75213],[51.41499,35.75211],[51.41554,35.75209],[51.41604,35.75202],[51.41654,35.75191],[51.41697,35.7518],[51.41741,35.75166],[51.41805,35.75139],[51.41842,35.75119],[51.41883,35.75093],[51.41929,35.75065],[51.41979,35.75034],[51.42032,35.75005],[51.42091,35.74977],[51.42156,35.74953],[51.42224,35.74934],[51.42293,35.74921],[51.42363,35.74914],[51.42436,35.74914],[51.42511,35.74915],[51.42585,35.74916],[51.42662,35.74917],[51.42738,35.74918],[51.42815,35.74918],[51.42893,35.74919],[51.42971,35.7492],[51.43049,35.74921],[51.43124,35.74922],[51.43201,35.74922],[51.43277,35.74922],[51.43353,35.74922],[51.43425,35.74923],[51.43486,35.74925],[51.43537,35.74929],[51.4358,35.74936],[51.43645,35.74948],[51.43691,35.74959],[51.43735,35.74973],[51.4378,35.74988],[51.43822,35.75001],[51.43874,35.75019],[51.43928,35.75037],[51.43994,35.75052],[51.44071,35.75062],[51.44136,35.75067],[51.44196,35.75069],[51.4427,35.7507],[51.44332,35.75072],[51.44382,35.75075],[51.44428,35.75077],[51.44479,35.7508],[51.44533,35.75086],[51.44578,35.75091],[51.44626,35.751],[51.44683,35.75113],[51.44752,35.7513],[51.44821,35.75152],[51.44869,35.7517],[51.44911,35.75193],[51.44967,35.75221],[51.45031,35.75252],[51.45089,35.75285],[51.45131,35.7531],[51.45169,35.75331],[51.45208,35.75361],[51.45245,35.75384],[51.45294,35.75413],[51.4533,35.75436],[51.45369,35.75459],[51.4541,35.75476],[51.45454,35.75494],[51.45499,35.75514],[51.45539,35.75531],[51.45583,35.75547],[51.45646,35.75565],[51.45727,35.75588],[51.45773,35.75599],[51.4582,35.75608],[51.45868,35.75617],[51.45918,35.75625],[51.45967,35.75633],[51.46016,35.75639],[51.46065,35.75645],[51.46114,35.75651],[51.46164,35.75655],[51.46211,35.75658],[51.46299,35.75663],[51.46344,35.75666],[51.46392,35.75668],[51.46441,35.7567],[51.46492,35.75672],[51.46542,35.75673],[51.46589,35.75675],[51.46637,35.75676],[51.46689,35.75676],[51.46744,35.75675],[51.46802,35.75673],[51.46863,35.75671],[51.46926,35.7567],[51.46993,35.7567],[51.47061,35.75673],[51.47131,35.7568],[51.472,35.75691],[51.47271,35.75705],[51.4734,35.75723],[51.4741,35.75745],[51.47478,35.75771],[51.47546,35.75798],[51.47615,35.75823],[51.47685,35.75848],[51.47756,35.75872],[51.4783,35.7589],[51.47909,35.75904],[51.47982,35.75913],[51.48055,35.75919],[51.48127,35.75922],[51.48195,35.75921],[51.48252,35.75918],[51.48317,35.75908],[51.48389,35.75893],[51.48452,35.75881],[51.48497,35.75867],[51.48547,35.75852],[51.48597,35.75838],[51.4865,35.75824],[51.4867,35.7578],[51.48631,35.75746],[51.48583,35.75739],[51.48543,35.75765],[51.48529,35.75808],[51.48505,35.75866],[51.48483,35.75933],[51.48467,35.75972],[51.48453,35.76011],[51.4844,35.76051],[51.48431,35.76094],[51.4843,35.76138],[51.48435,35.76183],[51.48448,35.76229],[51.48467,35.76275],[51.48493,35.7632],[51.48521,35.76367],[51.48547,35.76416],[51.4857,35.76467],[51.48588,35.76521],[51.48601,35.76576],[51.48609,35.76632],[51.48615,35.76687],[51.48623,35.76743],[51.48628,35.76796],[51.48633,35.7685],[51.48637,35.76902],[51.48642,35.76955],[51.48645,35.77007],[51.48646,35.7706],[51.48647,35.7711],[51.48646,35.77163],[51.48648,35.77215],[51.48653,35.77265],[51.48663,35.77316],[51.48676,35.77364],[51.48695,35.77412],[51.48718,35.77459],[51.48746,35.77505],[51.48778,35.7755],[51.48814,35.77593],[51.48851,35.77635],[51.48889,35.77679],[51.48927,35.77722],[51.48965,35.77767],[51.49,35.77811],[51.49027,35.77861],[51.49044,35.77908],[51.49048,35.77958],[51.49049,35.78009],[51.49048,35.7806],[51.49048,35.78109],[51.49048,35.78158],[51.49048,35.78206],[51.4905,35.78254],[51.49056,35.783],[51.49068,35.78345],[51.49087,35.78387],[51.49114,35.78422],[51.49151,35.78448],[51.49196,35.78459],[51.49242,35.78459],[51.49285,35.78463],[51.49351,35.78501],[51.49409,35.78538],[51.49493,35.78558],[51.49542,35.78564],[51.49594,35.7857],[51.49648,35.78577],[51.49694,35.78583],[51.4974,35.78553],[51.49751,35.7851],[51.49782,35.78483],[51.4982,35.78505],[51.49867,35.78536],[51.49929,35.78574],[51.50004,35.78599],[51.50082,35.78596],[51.50168,35.78575],[51.50217,35.78562],[51.50265,35.78549],[51.50315,35.78536],[51.50366,35.78522],[51.50418,35.78508],[51.50473,35.78493],[51.5053,35.78477],[51.50589,35.78461],[51.50648,35.78445],[51.50709,35.78428],[51.50771,35.78411],[51.50834,35.78394],[51.50897,35.78376],[51.50959,35.78357],[51.51022,35.78338],[51.51081,35.7832],[51.5114,35.78302],[51.51198,35.78284],[51.51252,35.78267],[51.51301,35.7825],[51.51344,35.78234],[51.51416,35.78201],[51.51454,35.78181],[51.51493,35.78157],[51.51534,35.7813],[51.51577,35.78098],[51.51622,35.78064],[51.51669,35.78029],[51.51718,35.77991],[51.51769,35.77953],[51.51821,35.77915],[51.51876,35.77879],[51.51935,35.77846],[51.51996,35.77819],[51.52057,35.77797],[51.52118,35.7778],[51.5218,35.77766],[51.52245,35.77757],[51.52309,35.77752],[51.52374,35.77747],[51.52438,35.77743],[51.52504,35.77738],[51.52569,35.77734],[51.52636,35.77729],[51.52704,35.77725],[51.52775,35.77721],[51.52846,35.77716],[51.52918,35.77712],[51.5299,35.77707],[51.53062,35.77703],[51.53133,35.77698],[51.53202,35.77693],[51.53272,35.77689],[51.5334,35.77684],[51.53406,35.77678],[51.53472,35.77671],[51.53536,35.77663],[51.536,35.77654],[51.53665,35.77644],[51.5373,35.77633],[51.53798,35.77619],[51.53866,35.77604],[51.53936,35.77588],[51.54007,35.77572],[51.54078,35.77553],[51.5415,35.77533],[51.54222,35.77511],[51.54294,35.77489],[51.54364,35.77464],[51.54433,35.77439],[51.54503,35.77414],[51.54571,35.77389],[51.5464,35.77365],[51.54709,35.77341],[51.54777,35.77316],[51.54846,35.77292],[51.54914,35.77268],[51.54982,35.77244],[51.55051,35.77219],[51.5512,35.77196],[51.55188,35.77172],[51.55258,35.77149],[51.55327,35.77126],[51.55395,35.77101],[51.55464,35.77077],[51.55534,35.77053],[51.55604,35.77028],[51.55673,35.77003],[51.55743,35.76976],[51.55809,35.76944],[51.55875,35.76911],[51.55938,35.76875],[51.56,35.76837],[51.56059,35.76797],[51.56117,35.76757],[51.56175,35.76716],[51.56234,35.76675],[51.56293,35.76634],[51.56354,35.76595],[51.56416,35.76557],[51.5648,35.76519],[51.56545,35.76482],[51.56609,35.76444],[51.56671,35.76405],[51.56731,35.76365],[51.56789,35.76324],[51.56845,35.76282],[51.56899,35.76239],[51.56952,35.76197],[51.57006,35.76156],[51.57059,35.76116],[51.57113,35.76076],[51.57164,35.76036],[51.57216,35.75997],[51.57267,35.75958],[51.57319,35.75917],[51.57371,35.75874],[51.57421,35.7583],[51.57466,35.75785],[51.57507,35.7574],[51.57543,35.75691],[51.57576,35.75642],[51.57602,35.75594],[51.57621,35.75552],[51.5764,35.75498],[51.57656,35.75438],[51.57672,35.75386],[51.57692,35.75352],[51.57726,35.75306],[51.57774,35.75261],[51.57837,35.75218],[51.57901,35.75181],[51.57913,35.75138],[51.57864,35.751],[51.5783,35.75077],[51.57793,35.75051],[51.57755,35.75024],[51.57721,35.74997],[51.57673,35.74951],[51.57639,35.74916],[51.57625,35.7486],[51.57652,35.74801],[51.57675,35.74769],[51.57697,35.74735],[51.57698,35.74667],[51.57682,35.74629],[51.57666,35.74591],[51.57651,35.74556],[51.57623,35.74516],[51.57552,35.74527],[51.57471,35.74551],[51.57425,35.74564],[51.57379,35.74578],[51.57336,35.7459],[51.57273,35.74602],[51.57246,35.74562],[51.5722,35.74501],[51.57193,35.74433],[51.57187,35.74366],[51.57213,35.74318],[51.57241,35.74289],[51.57272,35.74251],[51.57298,35.74205],[51.57271,35.74167],[51.57212,35.74131],[51.57149,35.74098],[51.57108,35.74076],[51.5707,35.74054],[51.57011,35.74019],[51.56943,35.73979],[51.56893,35.7395],[51.5684,35.73917],[51.56791,35.73886],[51.56737,35.73851],[51.5668,35.73815],[51.56611,35.73772],[51.56575,35.73751],[51.56539,35.73729],[51.56503,35.73707],[51.56439,35.73669],[51.564,35.73647],[51.56355,35.73626],[51.56308,35.73594],[51.56248,35.73558],[51.56188,35.73523],[51.56128,35.73488],[51.5606,35.73448],[51.55992,35.73405],[51.55931,35.73368],[51.55872,35.73336],[51.55825,35.73311],[51.55769,35.73279],[51.55707,35.73244],[51.5565,35.73214],[51.556,35.73187],[51.55551,35.73163],[51.55513,35.73138],[51.55462,35.73109],[51.55409,35.73079],[51.55368,35.73056],[51.55374,35.73013],[51.55417,35.73002],[51.55415,35.73001],[51.55424,35.73015],[51.55424,35.73014]]]}},{"type":"Feature","properties":{"route":10,"color":"#0284c7","times":[[20160,20184,20244,20304,20364,20424,20484,20532,20538,20547,20553,20559,20565,20571,20577,20595,20601,20607,20613,20619,20625,20634,20640,20646,20652,20658,20661,20667,20670,20673,20676,20679,20682,20685,20688,20691,20694,20697,20700,20703,20706,20709,20712,20715,20718,20721,20724,20727,20730,20733,20736,20739,20742,20745,20748,20751,20754,20757,20760,20763,20769,20772,20775,20778,20781,20784,20787,20790,20796,20802,20808,20820,20880,20940,20988,21009,21018,21069,21078,21084,21090,21096,21102,21108,21111,21114,21117,21120,21123,21126,21129,21132,21135,21138,21141,21144,21147,21150,21153,21156,21159,21162,21165,21168,21171,21174,21177,21180,21183,21186,21189,21192,21195,21198,21201,21204,21207,21210,21213,21216,21219,21222,21225,21228,21231,21234,21237,21240,21243,21246,21249,21252,21255,21258,21261,21264,21267,21270,21273,21276,21279,21282,21285,21288,21291,21294,21297,21300,21303,21306,21309,21312,21315,21318,21321,21324,21327,21330,21333,21336,21339,21342,21345,21348,21351,21354,21360,21366,21369,21372,21375,21378,21381,21384,21390,21396,21399,21402,21405,21408,21411,21414,21417,21420,21423,21426,21429,21432,21435,21438,21441,21444,21447,21450,21453,21456,21459,21462,21465,21468,21471,21474,21477,21480,21483,21489,21495,21498,21504,21510,21516,21525,21534,21540,21546,21549,21552,21555,21558,21561,21564,21567,21570,21573,21576,21579,21582,21585,21588,21591,21594,21597,21600,21603,21606,21609,21615,21627,21633,21639,21645,21651,21657,21663,21669,21675,21684,21690,21696,21702,21708,21714,21720,21726,21735,21744,21753,21759,21762,21765,21768,21771,21774,21777,21780,21783,21786,21789,21795,21801,21807,21816,21822,21828,21831,21834,21837,21840,21843,21846,21849,21852,21855,21861,21870,21876,21882,21885,21891,21897,21903,21909,21915,21924,21930,21942,21948,21954,21960,21966,21972,21978,21987,21993,21999,22005,22014,22020,22026,22038,22047,22053,22059,22065,22071,22077,22083,22089,22095,22101,22107,22113,22119,22125,22140,22146,22152,22158,22164,22173,22179,22185,22194,22200,22212,22224,22230,22239,22245,22251,22257,22263,22269,22275,22281,22287,22293,22299,22311,22317,22326,22335,22341,22347,22365,22371,22377,22386,22392,22398,22401,22404,22407,22410,22416,22437,22446,22452,22458,22464,22467,22470,22473,22476,22479,22482,22485,22488,22491,22494,22497,22500,22503,22506,22509,22512,22515,22518,22521,22524,22530,22536,22539,22542,22545,22548,22551,22554,22557,22560,22563,22566,22569,22572,22575,22578,22581,22584,22587,22590,22593,22596,22599,22602,22605,22608,22611,22614,22617,22620,22623,22626,22629,22632,22635,22638,22641,22644,22647,22650,22653,22656,22659,22662,22665,22668,22671,22674,22677,22680,22683,22686,22689,22692,22695,22698,22701,22704,22707,22710,22713,22716,22719,22722,22725,22728,22731,22734,22737,22740,22743,22746,22749,22752,22758,22764,22767,22770,22773,22776,22779,22785,22791,22797,22803,22809,22815,22821,22827,22833,22839,22842,22845,22848,22851,22854,22857,22860,22863,22866,22869,22872,22875,22878,22881,22884,22887,22893,22899,22902,22905,22908,22911,22914,22917,22923,22929,22935,22941,22947,22953,22959,22965,22971,22977,22983,22989,22992,22995,22998,23001,23004,23007,23010,23013,23016,23019,23025,23028,23031,23034,23037,23040,23043,23046,23049,23052,23055,23058,23061,23064,23067,23070,23073,23076,23079,23082,23085,23088,23091,23094,23097,23100,23103,23106,23109,23112,23115,23118,23121,23124,23127,23130,23133,23136,23139,23142,23145,23148,23151,23154,23160,23163,23169,23172,23175,23178,23181,23184,23187,23190,23193,23196,23199,23202,23205,23211,23217,23223,23229,23232,23238,23244,23250,23256,23262,23268,23274,23280,23286,23292,23298,23304,23310,23316,23322,23325,23328,23331,23334,23337,23340,23343,23346,23349,23352,23355,23358,23361,23364,23367,23370,23373,23376,23379,23382,23385,23388,23391,23394,23397,23400,23403,23406,23409,23412,23415,23418,23421,23424,23427,23430,23433,23436,23439,23442,23445,23448,23451,23457,23463,23469,23472,23475,23478,23484,23493,23499,23505,23508,23511,23514,23517,23520,23523,23526,23529,23532,23535,23538,23541,23544,23547,23550,23553,23556,23559,23562,23565,23568,23571,23574,23577,23580,23583,23586,23589,23592,23595,23598,23601,23604,23607,23610,23613,23616,23619,23622,23625,23628,23631,23634,23637,23640,23643,23646,23649,23652,23655,23658,23661,23664,23667,23670,23673,23676,23679,23682,23685,23688,23691,23694,23697,23700,23703,23706,23709,23712,23715,23718,23721,23724,23727,23730,23733,23736,23739,23742,23745,23748,23751,23754,23757,23760,23763,23766,23769,23772,23775,23778,23781,23784,23787,23790,23793,23796,23799,23802,23805,23808,23811,23814,23817,23820,23823,23826,23829,23832,23835,23838,23841,23844,23847,23850,23853,23856,23859,23862,23865,23868,23871,23874,23877,23880,23883,23886,23889,23892,23895,23898,23901,23904,23910,23916,23922,23928,23931,23934,23937,23940,23943,23946,23949,23955,23961,23967,23973,23979,23982,23988,23994,24006,24012,24018,24024,24027,24030,24036,24042,24051,24057,24069,24078,24084,24090,24096,24102,24111,24117,24123,24129,24135,24141,24147,24153,24159,24165,24171,24177,24183,24189,24195,24204,24213,24219,24225,24231,24234,24237,24240,24243,24246,24249,24252,24255,24258,24261,24264,24267,24270,24273,24276,24282,24294,24300,24306,24312,24315,24318,24321,24324,24327,24330,24333,24336,24339,24342,24345,24348,24351,24354,24360,24372,24378,24384,24387,24390,24393,24396,24399,24405,24417,24423,24429,24438,24444,24450,24456,24462,24468,24474,24480,24486,24495,24501,24507,24513,24516,24519,24522,24525,24528,24531,24534,24537,24540,24543,24546,24549,24552,24555,24558,24561,24564,24567,24573,24579,24585,24591,24597,24603,24606,24609,24615,24621,24624,24627,24630,24633,24636,24639,24642,24645,24648,24651,24654,24657,24660,24663,24666,24672,24684,24690,24696,24702,24708,24714,24717,24720,24723,24726,24732,24738,24744,24747,24753,24762,24771,24777,24783,24789,24795,24801,24804,24807,24810,24813,24816,24819,24822,24828,24840,24846,24849,24852,24855,24861,24870,24876,24882,24885,24888,24891,24894,24897,24900,24903,24906,24912,24924,24930,24936,24939,24942,24945,24948,24951,24954,24957,24960,24963,24966,24969,24972,24975,24978,24984,24987,24990,24993,24999,25011,25017,25023,25029,25035,25041,25047,25056,25065,25071,25077,25083],[27339,27342,27345,27348,27351,27354,27357,27360,27363,27366,27369,27372,27375,27378,27381,27384,27387,27390,27393,27396,27399,27402,27405,27408,27411,27414,27417,27420,27423,27426,27429,27432,27435,27438,27441,27444,27447,27450,27453,27456,27459,27462,27465,27468,27471,27474,27477,27480,27483,27486,27489,27492,27495,27498,27501,27504,27507,27510,27513,27516,27519,27522,27525,27528,27531,27534,27537,27540,27543,27546,27549,27552,27555,27558,27561,27564,27567,27576,27582,27588,27594,27600,27606,27618,27624,27630,27633,27636,27642,27654,27660,27672,27678,27684,27687,27690,27693,27696,27699,27702,27705,27708,27711,27714,27717,27720,27723,27726,27729,27732,27735,27738,27741,27744,27747,27750,27753,27756,27759,27762,27765,27768,27771,27774,27777,27780,27783,27786,27789,27792,27795,27798,27801,27804,27807,27813,27819,27828,27846,27858,27918,27978,28038,28098,28158,28218,28257,28266,28275,28281,28287,28296,28308,28314,28320,28326,28332,28338,28353,28362,28368,28374,28380,28386,28392,28398,28404,28407,28413,28419,28431,28437,28443,28446,28452,28458,28470,28476,28482,28494,28500,28506,28512,28518,28530,28536,28542,28548,28554,28560,28563,28566,28569,28572,28575,28581,28590,28596,28602,28608,28611,28614,28617,28620,28623,28626,28629,28632,28635,28638,28641,28644,28647,28650,28653,28656,28659,28662,28665,28668,28671,28674,28677,28680,28683,28686,28689,28692,28695,28698,28701,28704,28707,28710,28713,28716,28719,28722,28725,28728,28731,28734,28737,28740,28743,28746,28749,28752,28755,28758,28761,28764,28767,28770,28773,28776,28779,28782,28785,28788,28791,28794,28797,28800,28803,28806,28809,28812,28815,28818,28821,28824,28827,28830,28833,28836,28839,28842,28845,28848,28851,28854,28857,28860,28863,28866,28869,28872,28875,28878,28881,28884,28887,28890,28893,28896,28899,28902,28905,28908,28911,28914,28917,28920,28923,28926,28929,28932,28935,28938,28941,28944,28947,28953,28962,28968,28980,28992,28998,29004,29010,29016,29019,29025,29037,29049,29055,29061,29064,29067,29070,29076,29085,29091,29097,29100,29103,29106,29109,29115,29127,29133,29139,29145,29151,29160,29166,29172,29178,29181,29184,29187,29190,29193,29196,29199,29202,29205,29208,29211,29217,29226,29232,29238,29241,29244,29247,29250,29253,29256,29259,29262,29268,29277,29283,29289,29292,29295,29298,29301,29304,29307,29310,29322,29328,29334,29337,29340,29343,29346,29349,29352,29355,29358,29361,29364,29367,29370,29373,29376,29379,29382,29385,29388,29391,29397,29406,29433,29439,29445,29460,29466,29472,29478,29484,29490,29496,29502,29508,29514,29520,29535,29550,29556,29562,29568,29574,29580,29592,29601,29607,29613,29619,29625,29631,29637,29643,29649,29655,29661,29667,29673,29676,29679,29682,29685,29691,29694,29697,29700,29703,29706,29709,29712,29715,29718,29721,29724,29727,29733,29745,29754,29760,29769,29778,29784,29790,29796,29802,29814,29823,29838,29850,29910,29970,30030,30090,30150,30210,30270,30330,30390,30450,30510,30570,30603,30612,30627,30642,30651,30657,30663,30669,30675,30681,30687,30696,30705,30711,30717,30777,30837,30897,30957,31017,31077,31137,31197,31257,31317,31332,31338,31344,31350,31359,31368,31374,31380,31386,31392,31398,31404,31416,31428,31437,31443,31449,31461,31467,31479,31485,31491,31497,31503,31512,31518,31527,31539,31551,31557,31563,31566,31569,31572,31575,31578,31581,31584,31587,31590,31596,31602,31608,31614,31620,31626,31632,31638,31644,31650,31656,31659,31662,31665,31668,31671,31674,31680,31686,31695,31701,31707,31713,31719,31731,31737,31743,31749,31755,31761,31767,31773,31779,31785,31794,31803,31809,31818,31854,31860,31866,31869,31872,31875,31878,31881,31884,31887,31890,31893,31896,31899,31902,31905,31908,31911,31914,31917,31920,31923,31926,31929,31935,31947,31953,31956,31959,31962,31965,31968,31971,31974,31977,31983,31992,31998,32001,32004,32007,32010,32013,32016,32019,32022,32025,32028,32031,32040,32046,32052,32055,32058,32061,32064,32067,32070,32073,32076,32079,32082,32091,32097,32103,32109,32121,32127,32136,32142,32151,32157,32163,32169,32175,32181,32187,32199,32205,32211,32217,32223,32235,32244,32250,32256,32262,32274,32280,32289,32298,32307,32319,32328,32337,32343,32349,32355,32361,32367,32373,32385,32391,32397,32403,32409,32415,32421,32427,32433,32439,32445,32451,32457,32463,32475,32481,32487,32493,32499,32508,32514,32520,32526,32532,32538,32544,32550,32568,32580,32589,32598,32607,32625,32631,32637,32649,32658,32667,32673,32679,32688,32694,32703,32712,32724,32730,32736,32742,32751,32760,32766,32826,32886,32946,32997,33006,33015,33027,33036,33045,33054,33066,33075,33081,33087,33093,33102,33111,33117,33123,33129,33135,33141,33153,33168,33180,33186,33195,33204,33213,33237,33246,33282,33342,33402,33462,33522,33582,33600,33615,33624,33636,33648,33654,33666,33678,33687,33705,33717,33732,33750,33765,33825,33885,33945,34005,34065,34125,34185,34245,34305,34365,34407,34422,34482,34542,34572,34581,34590,34599,34617,34665,34680,34740,34755,34767,34812,34821,34839,34863,34923,34983,35013,35019,35025,35031,35040,35046,35052,35061,35076,35082,35088,35097,35103,35109,35115,35124,35184,35244,35304,35310,35316,35322,35325,35328,35331,35337,35343,35355,35367,35373,35379,35388,35397,35403,35409,35415,35427,35436,35448,35472,35478,35484,35490,35496,35502,35508,35520,35526,35535,35541,35547,35550,35553,35556,35559,35562,35565,35568,35571,35574,35577,35580,35586,35601,35610,35616,35622,35625,35628,35631,35634,35637,35640,35646,35652,35655,35658,35661,35664,35667,35670,35673,35676,35679,35682,35685,35688,35691,35694,35697,35700,35706,35718,35724,35730,35733,35736,35739,35742,35745,35748,35751,35754,35757,35760,35763,35766,35769,35772,35775,35778,35781,35784,35787,35790,35793,35796,35799,35802,35805,35808,35811,35814,35817,35823,35832,35841,35847,35850,35853,35856,35859,35862,35865,35868,35871,35874,35877,35880,35883,35886,35889,35892,35898,35907,35916,35922,35928,35931,35934,35937,35940,35943,35946,35949,35952,35955,35958,35961,35964,35973,35985,35991,35997,36006,36018,36024,36030,36036,36051,36057,36063,36069,36075,36081,36087,36093,36099,36105,36114,36123,36129,36189,36249,36309,36315,36321,36330,36336,36342,36348,36354,36360,36366,36372,36378,36384,36396,36405,36414,36420,36426,36438,36444,36450,36456,36471,36477,36483,36486,36489,36492,36495,36498,36501,36504,36507,36510,36513,36516,36519,36522,36528,36534,36540,36552,36558,36564,36570,36573,36576,36579,36582,36585,36588,36591,36594,36597,36600,36603,36606,36609,36612,36615,36618,36621,36624,36627,36630,36633,36636,36639,36642,36645,36648,36651,36654,36657,36660,36663,36666,36669,36672,36675,36678,36681,36684,36687,36690,36693,36696,36699,36702,36705,36708,36711,36714,36717,36720,36723,36726,36729,36732,36735,36738,36741,36744,36747,36750,36753,36756,36759,36762,36765,36768,36771,36774,36777,36780,36783,36786,36789,36792,36795,36798,36801,36804,36807,36810,36813,36816,36819,36822,36825,36828,36831,36834,36837,36840,36843,36846,36849,36852,36855,36858,36861,36864,36867,36870,36873,36876,36879,36882,36885,36888,36891,36894,36897,36900,36903,36906,36909,36912,36915,36918,36921,36924,36927,36930,36933,36936,36939,36942,36945,36948,36951,36954,36969,36975,36978,36981,36984,36987,36990,36993,36996,36999,37002,37008,37020,37026,37032,37038,37044,37053,37059,37065,37071,37077,37086,37101,37110,37116,37125,37137,37155,37167,37227,37287,37347,37407,37467,37527,37587,37599,37611,37623,37635,37644,37653,37713,37773,37833,37893,37953,37995,38007,38013,38019,38025,38031,38040,38049,38058,38064,38070,38076,38082,38088,38097,38103,38109,38115,38121,38127,38133,38142,38202,38262,38322,38382,38442,38460,38472,38484,38544,38604,38616,38628,38634,38646,38652,38661,38667,38673,38691,38700,38760,38817,38823,38829,38841,38847,38856,38862,38868,38880,38886,38898,38958,39018,39078,39138,39168,39177,39195,39204,39210,39216,39222,39228,39234,39240,39246,39258,39264,39270,39276,39282,39288,39297,39306,39312,39318,39324,39330,39336,39342,39345,39348,39351,39354,39357,39360,39363,39369,39384,39390,39393,39396,39402,39405,39408,39411,39414,39417,39420,39423,39426,39429,39432,39435,39438,39441,39444,39447,39450,39453,39456,39459,39462,39465,39468,39471,39474,39477,39480,39483,39486,39489,39492,39495,39498,39501,39504,39507,39510,39513,39516,39519,39522,39525,39528,39531,39534,39537,39540,39543,39546,39549,39552,39555,39558,39561,39564,39567,39570,39573,39576,39579,39582,39585,39588,39591,39594,39597,39600,39603,39606,39609,39612,39615,39621,39624,39627,39630,39633,39636,39639,39642,39645,39648,39651,39654,39657,39660,39666,39669,39672,39675,39678,39681,39684,39687,39690,39693,39696,39699,39702,39705,39708,39711,39714,39717,39720,39723,39726,39729,39732,39735,39738,39741,39744,39747,39750,39753,39756,39759,39762,39765,39768,39771,39774,39777,39780,39783,39786,39789,39792,39795,39798,39801,39804,39807,39810,39813,39816,39819,39822,39825,39828,39831,39834,39837,39840,39843,39846,39849,39852,39858,39864,39870,39876,39894,39903,39909,39915,39921,39945,39954,39960,39969,39975,39981,39987,39993,39999,40008,40014,40020,40026,40035,40041,40050,40059,40068,40077,40089,40101,40110,40158,40176,40185,40194,40203,40212,40218,40227,40245,40257,40269,40284,40305,40317,40332,40344,40356,40365,40371,40377,40383,40392,40401,40407,40413,40419,40425,40431,40440,40449,40455,40461,40470,40479,40485,40491,40497,40503,40509,40515,40518,40521,40527,40536,40542,40548,40554,40557,40560,40563,40566,40569,40572,40575,40581,40593,40599,40605,40611,40617,40623,40629,40632,40635,40638,40641,40644,40650,40656,40662,40671,40677,40683,40689,40695,40698,40701,40704,40707,40713,40719,40725,40743,40755,40764,40770,40776,40782,40788,40794,40800,40806,40812,40818,40824,40827,40830,40833,40836,40839,40845,40851,40857,40863,40866,40869,40872,40875,40878,40881,40884,40887,40893,40899,40908,40914,40920,40926,40932,40938,40944,40950,40953,40956,40959,40962,40965,40968,40971,40974,40977,40980,40983,40986,40989,40992,40995,40998,41001,41004,41007,41010,41013,41016,41019,41022,41025,41028,41034,41040,41046,41052,41061,41073,41082,41088,41094,41100,41106,41109,41112,41115,41118,41121,41124,41127,41130,41133,41139,41142,41145,41148,41151,41154,41157,41160,41163,41166,41169,41172,41175,41178,41181,41184,41187,41190,41193,41196,41199,41202,41205,41208,41211,41214,41217,41220,41223,41226,41229,41232,41235,41238,41241,41244,41247,41250,41253,41256,41259,41262,41265,41268,41271,41274,41277,41280,41283,41286,41289,41292,41295,41298,41301,41304,41307,41310,41313,41316,41319,41322,41325,41328,41331,41334,41337,41340,41343,41346,41349,41352,41358,41364,41379,41385,41391,41397,41412,41418,41424,41427,41430,41433,41436,41439,41442,41448,41454,41463,41472,41478,41484,41490,41499,41505,41511,41517,41523,41529,41535,41538,41541,41544,41547,41550,41553,41556,41562,41565,41568,41571,41574,41577,41580,41583,41586,41589,41592,41595,41598,41601,41604,41607,41610,41613,41616,41619,41622,41625,41628,41631,41634,41637,41640,41643,41646,41649,41652,41658,41664,41682,41691,41697,41706,41715,41724,41736,41748,41760,41769,41790,41796,41805,41814,41841,41901,41961,42021,42081,42141,42201,42261,42321,42381,42441,42501,42561,42621,42681,42741,42801,42861,42921,42981,43041,43101,43143,43188,43248]]},"geometry":{"type":"MultiLineString","coordinates":[[[51.5546,35.72958],[51.55433,35.72989],[51.55438,35.73],[51.55428,35.72996],[51.55429,35.72994],[51.55429,35.72994],[51.55428,35.72991],[51.55438,35.72943],[51.55465,35.72911],[51.55499,35.72871],[51.55532,35.72835],[51.55568,35.72796],[51.55604,35.72757],[51.5564,35.72717],[51.55673,35.72679],[51.55647,35.72645],[51.55598,35.72632],[51.55537,35.7262],[51.5548,35.72611],[51.55417,35.72607],[51.55366,35.72602],[51.55305,35.72599],[51.55238,35.72592],[51.55155,35.72585],[51.5507,35.72577],[51.54983,35.72571],[51.54937,35.72568],[51.54848,35.7256],[51.54801,35.72557],[51.54751,35.72554],[51.54702,35.72551],[51.54653,35.72548],[51.54603,35.72546],[51.54552,35.72543],[51.54498,35.72542],[51.54447,35.7254],[51.54397,35.72537],[51.54349,35.72535],[51.54301,35.72531],[51.5425,35.72526],[51.54198,35.72522],[51.54145,35.72518],[51.54093,35.72513],[51.54041,35.7251],[51.5399,35.72506],[51.53941,35.72503],[51.53892,35.725],[51.53843,35.72496],[51.53793,35.72493],[51.53741,35.72491],[51.5369,35.72489],[51.53638,35.72486],[51.53587,35.72482],[51.53538,35.72477],[51.53489,35.72472],[51.53439,35.72467],[51.5339,35.72463],[51.53341,35.7246],[51.53293,35.72457],[51.53246,35.72454],[51.5316,35.72449],[51.53115,35.72446],[51.53069,35.72443],[51.53025,35.72439],[51.5298,35.72436],[51.52935,35.72434],[51.52889,35.72431],[51.52844,35.72429],[51.52758,35.72424],[51.52679,35.72418],[51.52615,35.72413],[51.52567,35.72409],[51.52546,35.72409],[51.52546,35.72409],[51.52498,35.72407],[51.52441,35.72402],[51.52382,35.72402],[51.52347,35.72373],[51.52323,35.7232],[51.52292,35.72273],[51.52249,35.72263],[51.52187,35.72256],[51.52106,35.72243],[51.52024,35.72227],[51.51977,35.7222],[51.51928,35.72214],[51.51875,35.72209],[51.51818,35.72204],[51.51758,35.72198],[51.51694,35.7219],[51.51629,35.72177],[51.51567,35.72161],[51.51508,35.72141],[51.51452,35.72117],[51.51398,35.7209],[51.51348,35.7206],[51.51299,35.72028],[51.51252,35.71991],[51.51209,35.71952],[51.51167,35.71911],[51.51124,35.71869],[51.51081,35.71825],[51.51038,35.71782],[51.50998,35.71741],[51.50957,35.717],[51.50917,35.71659],[51.50878,35.71617],[51.5084,35.71574],[51.50803,35.71532],[51.50765,35.71488],[51.50726,35.71445],[51.50688,35.71407],[51.50656,35.71367],[51.50623,35.71324],[51.50589,35.71282],[51.50554,35.71239],[51.5052,35.71193],[51.50488,35.71147],[51.5046,35.711],[51.50436,35.71054],[51.50415,35.71008],[51.50396,35.70962],[51.50378,35.70917],[51.50359,35.70871],[51.50341,35.70824],[51.50323,35.70779],[51.50305,35.70734],[51.50287,35.70691],[51.50267,35.70647],[51.50246,35.70602],[51.50224,35.70557],[51.50202,35.70512],[51.50181,35.70467],[51.50161,35.70423],[51.50141,35.70378],[51.50122,35.70333],[51.50104,35.70287],[51.50086,35.70242],[51.50068,35.70195],[51.50049,35.70147],[51.50027,35.70099],[51.50001,35.70053],[51.49973,35.70009],[51.49945,35.69966],[51.49917,35.69924],[51.49889,35.69884],[51.4986,35.69843],[51.49827,35.69802],[51.49796,35.69763],[51.49764,35.69725],[51.49732,35.69686],[51.49699,35.69648],[51.49667,35.69609],[51.49635,35.69568],[51.49604,35.69526],[51.49571,35.69485],[51.49537,35.69443],[51.49502,35.69399],[51.49466,35.69355],[51.49429,35.69311],[51.49394,35.69265],[51.49366,35.69218],[51.49343,35.69174],[51.49326,35.69127],[51.49312,35.69081],[51.49299,35.69039],[51.49281,35.68974],[51.49267,35.68905],[51.4926,35.68869],[51.49255,35.68831],[51.49252,35.68791],[51.49248,35.68749],[51.49244,35.6871],[51.4924,35.68671],[51.49243,35.68601],[51.4929,35.68545],[51.49329,35.68522],[51.49371,35.68497],[51.49415,35.6847],[51.49458,35.68438],[51.495,35.68407],[51.4954,35.68377],[51.49581,35.68349],[51.49623,35.6832],[51.49663,35.68291],[51.49703,35.68262],[51.49742,35.68235],[51.4978,35.68208],[51.49817,35.68181],[51.49856,35.68154],[51.49896,35.68127],[51.49935,35.681],[51.49976,35.68071],[51.50017,35.68042],[51.50059,35.68014],[51.50102,35.67985],[51.50144,35.67956],[51.50186,35.67928],[51.50228,35.67899],[51.5027,35.6787],[51.50311,35.67842],[51.50349,35.67815],[51.50385,35.67791],[51.50419,35.67767],[51.50454,35.67744],[51.50517,35.677],[51.50584,35.67653],[51.5062,35.67628],[51.50683,35.67584],[51.5074,35.67545],[51.5079,35.6751],[51.50832,35.67482],[51.5085,35.67427],[51.50848,35.67368],[51.50846,35.67293],[51.50845,35.67254],[51.50844,35.67214],[51.50843,35.67174],[51.50843,35.67134],[51.50842,35.67094],[51.50841,35.67056],[51.50841,35.67016],[51.50841,35.66978],[51.50839,35.66936],[51.50838,35.66894],[51.50836,35.66853],[51.50835,35.66813],[51.50834,35.66775],[51.50833,35.66738],[51.50832,35.66701],[51.50831,35.66664],[51.50831,35.66625],[51.50831,35.66587],[51.50829,35.66548],[51.50827,35.66509],[51.50826,35.66472],[51.50825,35.66421],[51.50827,35.66365],[51.50826,35.66306],[51.50825,35.66254],[51.50822,35.66195],[51.5082,35.66129],[51.50815,35.66067],[51.508,35.66015],[51.50796,35.65961],[51.50795,35.65914],[51.50738,35.65899],[51.50675,35.65914],[51.50598,35.65932],[51.50516,35.65951],[51.50433,35.65969],[51.50355,35.65987],[51.50277,35.66004],[51.50213,35.66019],[51.50157,35.66011],[51.50142,35.65968],[51.50128,35.65923],[51.50107,35.65861],[51.50095,35.65826],[51.50082,35.6579],[51.50069,35.65754],[51.50056,35.65717],[51.50044,35.65679],[51.50031,35.6564],[51.50015,35.65602],[51.50003,35.65566],[51.49991,35.6553],[51.49979,35.65496],[51.49954,35.65428],[51.4993,35.65364],[51.49916,35.65324],[51.49901,35.65275],[51.49879,35.65214],[51.49859,35.65146],[51.49846,35.65108],[51.49833,35.6507],[51.4982,35.65029],[51.49807,35.64991],[51.49794,35.64954],[51.49781,35.64918],[51.49768,35.6488],[51.49755,35.64843],[51.49743,35.64805],[51.49723,35.6475],[51.49714,35.64696],[51.497,35.64632],[51.49685,35.64563],[51.49678,35.64527],[51.4966,35.64461],[51.49637,35.64418],[51.49597,35.64385],[51.49542,35.6436],[51.49489,35.64334],[51.4945,35.64311],[51.4941,35.64293],[51.49363,35.64267],[51.49317,35.64245],[51.49259,35.64216],[51.49213,35.64192],[51.49173,35.6417],[51.49122,35.64137],[51.4908,35.64108],[51.4903,35.64074],[51.48988,35.64044],[51.48936,35.64009],[51.48889,35.63976],[51.48846,35.63947],[51.48803,35.63917],[51.48763,35.6389],[51.4872,35.63858],[51.48678,35.6383],[51.48637,35.63799],[51.48585,35.63765],[51.48534,35.63726],[51.48481,35.63685],[51.48443,35.63643],[51.48436,35.6359],[51.48435,35.63539],[51.4843,35.63477],[51.48462,35.63421],[51.48514,35.63366],[51.48568,35.63309],[51.48616,35.63257],[51.4865,35.6322],[51.48679,35.63189],[51.48712,35.63154],[51.48752,35.63113],[51.48786,35.6308],[51.48815,35.63049],[51.48853,35.63005],[51.48889,35.62961],[51.48924,35.62922],[51.48962,35.62877],[51.4899,35.62846],[51.49022,35.62811],[51.49076,35.6283],[51.49118,35.62853],[51.49167,35.62829],[51.49209,35.62789],[51.4925,35.62746],[51.49289,35.62706],[51.49329,35.62667],[51.49375,35.62619],[51.49421,35.6257],[51.4947,35.62521],[51.49509,35.62475],[51.49555,35.6243],[51.49599,35.62389],[51.49571,35.62355],[51.49532,35.62331],[51.49491,35.62304],[51.49511,35.62271],[51.49548,35.62232],[51.49581,35.62199],[51.4953,35.62214],[51.49493,35.6225],[51.49459,35.6228],[51.49417,35.62317],[51.49374,35.62358],[51.49319,35.62415],[51.49288,35.62446],[51.49258,35.62478],[51.49226,35.6251],[51.49198,35.62541],[51.49153,35.62593],[51.49172,35.62558],[51.49206,35.6252],[51.49245,35.62477],[51.49291,35.62424],[51.49338,35.62369],[51.49364,35.62339],[51.49392,35.62306],[51.49421,35.62273],[51.49455,35.62236],[51.49489,35.62198],[51.49524,35.62157],[51.49559,35.62117],[51.49593,35.6208],[51.49626,35.62044],[51.49659,35.62007],[51.49693,35.6197],[51.49727,35.61933],[51.49761,35.61898],[51.49797,35.61862],[51.49835,35.61826],[51.49875,35.61791],[51.49914,35.61756],[51.49953,35.61721],[51.49991,35.61687],[51.50024,35.61657],[51.50072,35.61611],[51.50125,35.6156],[51.50154,35.61531],[51.50184,35.61498],[51.50216,35.61464],[51.5025,35.61429],[51.50286,35.61394],[51.50317,35.61354],[51.50344,35.61312],[51.50369,35.61269],[51.50393,35.61224],[51.50418,35.61179],[51.50447,35.61136],[51.50479,35.61093],[51.50512,35.61051],[51.50545,35.61009],[51.50576,35.60967],[51.50606,35.60925],[51.50632,35.60887],[51.50657,35.6085],[51.50682,35.60815],[51.50708,35.60779],[51.50733,35.60745],[51.50758,35.60709],[51.50784,35.60673],[51.50809,35.60636],[51.50836,35.60599],[51.50866,35.60562],[51.509,35.60526],[51.50934,35.6049],[51.5097,35.60456],[51.51007,35.6042],[51.51046,35.60386],[51.51087,35.60352],[51.51123,35.60317],[51.51158,35.6028],[51.51192,35.60242],[51.51226,35.60205],[51.51258,35.60171],[51.51289,35.60136],[51.51322,35.60099],[51.51352,35.60063],[51.51384,35.60023],[51.51417,35.59978],[51.51452,35.59931],[51.51488,35.59881],[51.51526,35.5983],[51.51563,35.59779],[51.516,35.5973],[51.51642,35.59682],[51.51684,35.59635],[51.51728,35.59587],[51.51771,35.59539],[51.51815,35.59491],[51.51859,35.59444],[51.51902,35.59397],[51.51946,35.5935],[51.51992,35.59307],[51.52042,35.59267],[51.52094,35.5923],[51.52147,35.59191],[51.52201,35.59151],[51.52257,35.59111],[51.52312,35.5907],[51.52369,35.59029],[51.52426,35.58987],[51.52481,35.58948],[51.5253,35.58911],[51.52579,35.58876],[51.52625,35.58843],[51.5267,35.58809],[51.52716,35.58776],[51.5276,35.58743],[51.52801,35.58714],[51.52861,35.58673],[51.5292,35.5863],[51.52953,35.58604],[51.52989,35.58576],[51.53027,35.58548],[51.53066,35.58519],[51.53103,35.58492],[51.53154,35.58454],[51.53192,35.58426],[51.53224,35.58397],[51.53242,35.58357],[51.53209,35.58301],[51.53164,35.58246],[51.53131,35.58188],[51.53102,35.5815],[51.5307,35.58107],[51.53018,35.58051],[51.52989,35.58019],[51.52958,35.57984],[51.52927,35.57949],[51.52895,35.57914],[51.5286,35.57878],[51.52826,35.5784],[51.52792,35.57803],[51.5276,35.57767],[51.52728,35.57731],[51.52698,35.57698],[51.52668,35.57665],[51.52638,35.57632],[51.52609,35.576],[51.52581,35.57567],[51.52553,35.57536],[51.52528,35.57506],[51.52484,35.57456],[51.52438,35.57405],[51.52411,35.57375],[51.52384,35.57344],[51.52356,35.57313],[51.52329,35.57283],[51.52302,35.57252],[51.52276,35.57222],[51.52226,35.57167],[51.52179,35.57112],[51.52132,35.57058],[51.52085,35.57005],[51.52034,35.56958],[51.51971,35.56913],[51.51906,35.56873],[51.51839,35.56837],[51.51802,35.56798],[51.51816,35.56754],[51.51782,35.56708],[51.51729,35.56649],[51.51699,35.56615],[51.5167,35.5658],[51.51642,35.56547],[51.51615,35.56512],[51.51586,35.56478],[51.51558,35.56444],[51.5153,35.5641],[51.51503,35.56377],[51.51478,35.56345],[51.51454,35.56314],[51.51405,35.56254],[51.51378,35.56222],[51.51349,35.56187],[51.5132,35.5615],[51.5129,35.56112],[51.51258,35.56073],[51.51226,35.56034],[51.51196,35.55997],[51.51167,35.55961],[51.51139,35.55926],[51.51111,35.55891],[51.51082,35.55855],[51.51051,35.55818],[51.51021,35.55781],[51.50992,35.55745],[51.50962,35.55708],[51.50929,35.55669],[51.50897,35.55627],[51.50865,35.55585],[51.50832,35.55544],[51.50798,35.55502],[51.50764,35.55461],[51.50731,35.55421],[51.50699,35.5538],[51.50665,35.55338],[51.50632,35.55296],[51.506,35.55255],[51.50564,35.55212],[51.5053,35.5517],[51.50496,35.55129],[51.50464,35.55089],[51.50433,35.5505],[51.50404,35.55014],[51.50375,35.54978],[51.50347,35.54943],[51.50316,35.54906],[51.50287,35.5487],[51.50259,35.54835],[51.50229,35.54799],[51.50201,35.54763],[51.50175,35.5473],[51.50147,35.54694],[51.50117,35.54658],[51.50091,35.54628],[51.50044,35.54566],[51.50019,35.54535],[51.49969,35.54475],[51.49943,35.54444],[51.49917,35.54411],[51.4989,35.54378],[51.49862,35.54343],[51.49833,35.54307],[51.49803,35.54271],[51.49774,35.54237],[51.49745,35.54201],[51.49717,35.54167],[51.49689,35.54132],[51.49662,35.54097],[51.49637,35.54066],[51.49597,35.54014],[51.49553,35.5396],[51.49507,35.53903],[51.49461,35.53847],[51.49436,35.53816],[51.4939,35.5376],[51.49347,35.53707],[51.493,35.53648],[51.49252,35.53588],[51.49205,35.5353],[51.49166,35.53482],[51.49129,35.53438],[51.49095,35.53397],[51.49052,35.53356],[51.48998,35.53359],[51.48978,35.53412],[51.48999,35.53466],[51.49051,35.53472],[51.49096,35.53436],[51.4915,35.53384],[51.49182,35.53354],[51.49217,35.53321],[51.49256,35.53282],[51.49297,35.53241],[51.49337,35.532],[51.4938,35.53157],[51.49425,35.53114],[51.49469,35.53071],[51.49516,35.53025],[51.49564,35.52978],[51.49613,35.52931],[51.49662,35.52882],[51.49712,35.52834],[51.49764,35.52783],[51.49816,35.52731],[51.49868,35.5268],[51.4992,35.52627],[51.49973,35.52576],[51.50026,35.52523],[51.50079,35.52472],[51.50132,35.52419],[51.50186,35.52366],[51.5024,35.52314],[51.50292,35.52262],[51.50344,35.52211],[51.50394,35.5216],[51.50443,35.52111],[51.50494,35.52061],[51.50545,35.52013],[51.50595,35.51964],[51.50642,35.51917],[51.50691,35.51868],[51.5074,35.51821],[51.50787,35.51774],[51.50833,35.51728],[51.50879,35.51683],[51.50923,35.51639],[51.50966,35.51597],[51.51009,35.51553],[51.51051,35.51511],[51.51092,35.51469],[51.51132,35.5143],[51.51169,35.51394],[51.51204,35.51358],[51.51235,35.51326],[51.51282,35.51277],[51.51307,35.51247],[51.51333,35.51216],[51.51359,35.51184],[51.51397,35.51134],[51.51424,35.51101],[51.51461,35.5106],[51.51509,35.50999],[51.51538,35.50964],[51.5157,35.50925],[51.51603,35.50886],[51.51637,35.50843],[51.51669,35.50802],[51.517,35.50764],[51.51733,35.50725],[51.51767,35.50685],[51.51802,35.50644],[51.51837,35.50602],[51.5187,35.50561],[51.51903,35.5052],[51.51937,35.50478],[51.51971,35.50435],[51.52007,35.50391],[51.52042,35.50348],[51.52078,35.50305],[51.52115,35.5026],[51.52152,35.50215],[51.52188,35.50171],[51.52224,35.50125],[51.52262,35.50079],[51.523,35.50032],[51.52338,35.49985],[51.52378,35.49939],[51.52415,35.49894],[51.52452,35.49849],[51.52487,35.49807],[51.5252,35.49766],[51.52551,35.49727],[51.52583,35.49689],[51.52618,35.49648],[51.52654,35.49605],[51.5269,35.49562],[51.52726,35.49519],[51.52759,35.49477],[51.52792,35.49438],[51.52826,35.49396],[51.52859,35.49354],[51.52895,35.4931],[51.5293,35.49266],[51.52965,35.49222],[51.53002,35.49177],[51.53039,35.49131],[51.53077,35.49085],[51.53115,35.49038],[51.53153,35.48991],[51.53193,35.48943],[51.53232,35.48895],[51.53271,35.48846],[51.5331,35.48797],[51.53348,35.48748],[51.53387,35.48701],[51.53425,35.48653],[51.53463,35.48605],[51.53503,35.48556],[51.53542,35.48506],[51.5358,35.48459],[51.53618,35.48414],[51.53653,35.48371],[51.53688,35.48332],[51.5372,35.48293],[51.53752,35.48254],[51.53784,35.48215],[51.53812,35.48175],[51.53842,35.48134],[51.53875,35.48092],[51.5391,35.48051],[51.53945,35.48008],[51.53981,35.47966],[51.54016,35.47923],[51.54053,35.47881],[51.54087,35.47842],[51.54122,35.47803],[51.54159,35.47764],[51.54198,35.47724],[51.5424,35.47682],[51.54279,35.4764],[51.5432,35.47599],[51.5436,35.47559],[51.544,35.47518],[51.5444,35.47478],[51.54479,35.47438],[51.54516,35.47398],[51.54554,35.47359],[51.54592,35.4732],[51.54632,35.47278],[51.54673,35.47236],[51.54715,35.47191],[51.54758,35.47147],[51.54799,35.47104],[51.54841,35.47063],[51.54882,35.47021],[51.5492,35.46981],[51.54961,35.46942],[51.54999,35.46905],[51.55036,35.46865],[51.55074,35.46826],[51.55114,35.46785],[51.55153,35.46744],[51.55194,35.46703],[51.55235,35.46661],[51.55276,35.46618],[51.55318,35.46574],[51.55359,35.46533],[51.55399,35.46494],[51.55437,35.46457],[51.55473,35.46418],[51.55512,35.46377],[51.55553,35.46335],[51.55592,35.46294],[51.55631,35.46254],[51.55669,35.46215],[51.55707,35.46176],[51.55745,35.46137],[51.55783,35.46098],[51.5582,35.46059],[51.55858,35.4602],[51.55895,35.45982],[51.5593,35.45943],[51.55964,35.45902],[51.55993,35.45858],[51.56019,35.45811],[51.56044,35.45763],[51.5607,35.45716],[51.56098,35.45671],[51.5613,35.45628],[51.56167,35.45585],[51.56207,35.45542],[51.56248,35.45501],[51.56286,35.45462],[51.56321,35.45425],[51.56353,35.45391],[51.56392,35.45351],[51.56419,35.45322],[51.56454,35.4528],[51.56497,35.45223],[51.5652,35.45187],[51.56542,35.45148],[51.56563,35.45108],[51.56584,35.45068],[51.56604,35.45028],[51.56618,35.44989],[51.56623,35.44953],[51.56631,35.44884],[51.56664,35.44835],[51.56705,35.44799],[51.56745,35.44751],[51.56781,35.44685],[51.56796,35.44651],[51.56829,35.44591],[51.56859,35.44535],[51.56885,35.44492],[51.56905,35.44458],[51.56931,35.44405],[51.56965,35.4434],[51.56983,35.44306],[51.57001,35.44273],[51.57031,35.44211],[51.57055,35.44166],[51.57085,35.44115],[51.57103,35.44081],[51.57122,35.44045],[51.57147,35.43993],[51.57171,35.43944],[51.57194,35.43897],[51.57219,35.43852],[51.57243,35.43811],[51.57271,35.43757],[51.57304,35.43709],[51.57324,35.43669],[51.57345,35.43627],[51.57377,35.43576],[51.57401,35.43522],[51.5743,35.43465],[51.57456,35.43414],[51.57479,35.43367],[51.57503,35.43319],[51.57526,35.43274],[51.57554,35.43219],[51.57577,35.43165],[51.57582,35.43125],[51.57604,35.43091],[51.57641,35.43055],[51.57665,35.43011],[51.57688,35.42968],[51.57717,35.42912],[51.57751,35.42848],[51.5777,35.42811],[51.57791,35.42773],[51.57813,35.42732],[51.57835,35.42691],[51.57856,35.42651],[51.57877,35.42611],[51.57899,35.42572],[51.57921,35.42532],[51.5794,35.42494],[51.5796,35.42455],[51.57979,35.42418],[51.57998,35.42382],[51.58019,35.42345],[51.58037,35.42309],[51.58056,35.42273],[51.58087,35.42219],[51.58112,35.42173],[51.58128,35.42133],[51.58146,35.42078],[51.58171,35.42015],[51.58183,35.41979],[51.58197,35.41941],[51.58209,35.41904],[51.58221,35.41866],[51.5823,35.41829],[51.58238,35.41792],[51.58246,35.41756],[51.58253,35.41717],[51.5826,35.41679],[51.58267,35.4164],[51.58275,35.416],[51.58282,35.41559],[51.58291,35.41518],[51.58299,35.4148],[51.58315,35.4142],[51.58332,35.41367],[51.58356,35.4131],[51.58389,35.41246],[51.58411,35.41211],[51.58435,35.41175],[51.58461,35.41141],[51.58487,35.4111],[51.58516,35.4108],[51.58567,35.41034],[51.58611,35.40995],[51.58654,35.40953],[51.58689,35.40921],[51.58722,35.40891],[51.58768,35.4085],[51.58804,35.4081],[51.58841,35.40768],[51.58885,35.40718],[51.58935,35.40663],[51.58985,35.40614],[51.59036,35.40561],[51.59089,35.40506],[51.59122,35.40473],[51.59156,35.4044],[51.59203,35.40396],[51.59258,35.40341],[51.59287,35.40312],[51.59315,35.40281],[51.59344,35.40248],[51.59372,35.40211],[51.59399,35.40174],[51.59425,35.40136],[51.59453,35.40097],[51.59481,35.40056],[51.5951,35.40017],[51.59542,35.39977],[51.59575,35.39939],[51.59609,35.39901],[51.59645,35.39864],[51.59677,35.39828],[51.59709,35.39793],[51.59741,35.39758],[51.59768,35.39724],[51.59788,35.39691],[51.59807,35.39629],[51.59833,35.39572],[51.59889,35.39528],[51.59938,35.39494],[51.59978,35.3945],[51.60025,35.39392],[51.60051,35.3936],[51.60076,35.39327],[51.60122,35.39269],[51.60166,35.39211],[51.60192,35.3918],[51.60218,35.39147],[51.60246,35.39113],[51.60274,35.39077],[51.60303,35.3904],[51.60333,35.39002],[51.60364,35.38965],[51.60396,35.3893],[51.60424,35.38897],[51.60451,35.38863],[51.60481,35.38829],[51.60507,35.38795],[51.60534,35.38763],[51.6056,35.38732],[51.60585,35.38701],[51.60631,35.38647],[51.60661,35.38613],[51.60691,35.38576],[51.60736,35.38526],[51.6078,35.38472],[51.60824,35.38425],[51.60881,35.38369],[51.6091,35.38339],[51.60938,35.3831],[51.60968,35.38281],[51.60996,35.38251],[51.6105,35.38196],[51.61103,35.38139],[51.61157,35.38084],[51.61185,35.38056],[51.61235,35.38004],[51.61267,35.37974],[51.61309,35.37932],[51.61357,35.37887],[51.61404,35.37842],[51.61439,35.37805],[51.61475,35.37758],[51.61515,35.37696],[51.61537,35.37662],[51.6156,35.37626],[51.61584,35.37589],[51.61608,35.37551],[51.61632,35.37514],[51.61656,35.37476],[51.61678,35.37442],[51.61709,35.37395],[51.61743,35.37342],[51.61779,35.37286],[51.618,35.37254],[51.61822,35.37221],[51.61845,35.37188],[51.61888,35.37134],[51.61915,35.37105],[51.61953,35.37068],[51.6201,35.37017],[51.62045,35.36989],[51.62082,35.36959],[51.6212,35.36927],[51.62157,35.36894],[51.62189,35.36858],[51.62214,35.36819],[51.62231,35.36778],[51.62243,35.36742],[51.62253,35.367],[51.62271,35.36645],[51.62312,35.36592],[51.62376,35.36542],[51.6241,35.36513],[51.62442,35.36481],[51.62472,35.36446],[51.62498,35.36407],[51.62521,35.36366],[51.62544,35.36322],[51.62564,35.36276],[51.62585,35.36231],[51.62607,35.36185],[51.62629,35.36137],[51.6265,35.36088],[51.62669,35.36042],[51.62687,35.35999],[51.62704,35.35961],[51.62732,35.35897],[51.62748,35.35862],[51.62764,35.35827],[51.62779,35.35793],[51.62801,35.3574],[51.62823,35.3569],[51.62846,35.35637],[51.62872,35.35579],[51.62904,35.35517],[51.62936,35.35452],[51.62969,35.35387],[51.62999,35.35326],[51.63021,35.35291],[51.63051,35.35237],[51.63079,35.35178],[51.63111,35.35115],[51.63144,35.35056]],[[51.78231,35.35026],[51.78267,35.35059],[51.78302,35.35092],[51.78337,35.35125],[51.78372,35.35157],[51.78408,35.3519],[51.78445,35.35223],[51.78481,35.35257],[51.78517,35.35291],[51.78553,35.35325],[51.78587,35.35361],[51.7862,35.354],[51.78652,35.35441],[51.78682,35.35483],[51.78709,35.35529],[51.78734,35.35576],[51.78759,35.35624],[51.78784,35.35675],[51.78809,35.35727],[51.78836,35.35781],[51.78862,35.35835],[51.78888,35.35888],[51.78915,35.35942],[51.78941,35.35996],[51.78966,35.36049],[51.78991,35.36101],[51.79016,35.36153],[51.79042,35.36205],[51.79067,35.36257],[51.79093,35.36309],[51.79118,35.36361],[51.79142,35.36413],[51.79169,35.36465],[51.79195,35.36518],[51.79221,35.36571],[51.79247,35.36624],[51.79273,35.36677],[51.79298,35.36731],[51.79324,35.36784],[51.7935,35.36837],[51.79376,35.3689],[51.79402,35.36944],[51.79428,35.36998],[51.79455,35.37052],[51.79481,35.37107],[51.79508,35.37162],[51.79534,35.37216],[51.79561,35.3727],[51.79587,35.37323],[51.79613,35.37376],[51.79638,35.37428],[51.79664,35.37481],[51.79689,35.37533],[51.79714,35.37585],[51.79739,35.37637],[51.79765,35.37688],[51.7979,35.3774],[51.79815,35.37793],[51.79838,35.37847],[51.79859,35.37901],[51.79881,35.37955],[51.79901,35.3801],[51.7992,35.38066],[51.79938,35.38122],[51.79956,35.38178],[51.79974,35.38234],[51.79993,35.38289],[51.80011,35.38346],[51.8003,35.38403],[51.80049,35.3846],[51.80067,35.38516],[51.80085,35.3857],[51.80103,35.38624],[51.80119,35.38676],[51.80134,35.38723],[51.80148,35.38767],[51.8016,35.38802],[51.80171,35.38844],[51.80184,35.38881],[51.80203,35.38937],[51.80223,35.38999],[51.80245,35.39068],[51.80264,35.39124],[51.8028,35.39177],[51.80299,35.39235],[51.80321,35.39303],[51.80331,35.39342],[51.80337,35.39381],[51.80338,35.39443],[51.80333,35.39491],[51.80322,35.39537],[51.80305,35.39584],[51.80287,35.39629],[51.80258,35.39693],[51.80243,35.39729],[51.80227,35.39765],[51.8021,35.39804],[51.80192,35.39844],[51.80174,35.39885],[51.80155,35.39929],[51.80136,35.39973],[51.80116,35.40018],[51.80094,35.40064],[51.80073,35.40113],[51.80052,35.40161],[51.8003,35.4021],[51.80008,35.4026],[51.79986,35.4031],[51.79964,35.40359],[51.79942,35.40408],[51.7992,35.40457],[51.79898,35.40506],[51.79876,35.40554],[51.79854,35.40603],[51.79833,35.40652],[51.79811,35.407],[51.7979,35.40746],[51.7977,35.4079],[51.79751,35.40834],[51.79731,35.40875],[51.79713,35.40916],[51.79694,35.40958],[51.79675,35.41001],[51.79655,35.41046],[51.79634,35.41091],[51.79612,35.41137],[51.79591,35.41184],[51.79569,35.41231],[51.79547,35.41279],[51.79526,35.41326],[51.79505,35.41372],[51.79486,35.41414],[51.79467,35.41454],[51.7945,35.41493],[51.79433,35.4153],[51.79407,35.41592],[51.79395,35.41638],[51.79402,35.41684],[51.79453,35.41672],[51.79492,35.41653],[51.79498,35.41643],[51.79498,35.41643],[51.79521,35.41637],[51.7952,35.41637],[51.7952,35.41637],[51.7952,35.41637],[51.79567,35.41626],[51.79609,35.41613],[51.79663,35.41593],[51.79709,35.41577],[51.7976,35.4156],[51.79803,35.41548],[51.79756,35.41575],[51.79706,35.41592],[51.79665,35.41606],[51.79623,35.4162],[51.79575,35.41636],[51.79531,35.41652],[51.79476,35.41674],[51.79419,35.41704],[51.79382,35.41729],[51.79334,35.41764],[51.79282,35.41803],[51.79225,35.41841],[51.7916,35.41881],[51.79098,35.41924],[51.79034,35.41969],[51.79001,35.41994],[51.78942,35.42037],[51.789,35.42068],[51.78861,35.42098],[51.78814,35.42131],[51.78755,35.42175],[51.78721,35.42199],[51.78655,35.42245],[51.78606,35.42278],[51.78561,35.42308],[51.7852,35.42336],[51.78471,35.42367],[51.78411,35.42395],[51.7835,35.42424],[51.78281,35.42459],[51.7821,35.42494],[51.78152,35.42523],[51.78094,35.4255],[51.78042,35.42562],[51.77993,35.42574],[51.77929,35.42597],[51.77851,35.42626],[51.77768,35.42657],[51.77723,35.42674],[51.77676,35.42692],[51.7763,35.4271],[51.77584,35.42728],[51.77541,35.42745],[51.77474,35.42781],[51.7743,35.42806],[51.7739,35.42829],[51.77328,35.42862],[51.77252,35.42904],[51.77211,35.42926],[51.77166,35.4295],[51.77121,35.42975],[51.77075,35.43],[51.77025,35.43026],[51.76972,35.43054],[51.76918,35.43084],[51.76864,35.43114],[51.76809,35.43146],[51.76753,35.43178],[51.76697,35.4321],[51.76642,35.43241],[51.76586,35.43273],[51.76529,35.43305],[51.76472,35.43336],[51.76416,35.43368],[51.76359,35.43399],[51.76303,35.43431],[51.76246,35.43462],[51.76189,35.43495],[51.7613,35.43528],[51.7607,35.43561],[51.76009,35.43595],[51.75948,35.43629],[51.75887,35.43663],[51.75826,35.43697],[51.75765,35.43731],[51.75706,35.43764],[51.75647,35.43798],[51.75587,35.43831],[51.75526,35.43865],[51.75467,35.43898],[51.75407,35.4393],[51.75346,35.43964],[51.75285,35.43998],[51.75224,35.44032],[51.75162,35.44065],[51.751,35.44099],[51.75037,35.44133],[51.74974,35.44167],[51.74912,35.44201],[51.74849,35.44235],[51.74787,35.4427],[51.74725,35.44304],[51.74663,35.44339],[51.74599,35.44374],[51.74536,35.4441],[51.74472,35.44446],[51.74407,35.44481],[51.74343,35.44518],[51.74278,35.44554],[51.74214,35.4459],[51.7415,35.44625],[51.74087,35.4466],[51.74025,35.44695],[51.73963,35.44729],[51.73901,35.44762],[51.73842,35.44797],[51.73785,35.44834],[51.73729,35.44871],[51.73671,35.44911],[51.73613,35.44951],[51.73553,35.44992],[51.73493,35.45035],[51.73432,35.45078],[51.73371,35.4512],[51.73311,35.45162],[51.7325,35.45204],[51.7319,35.45245],[51.7313,35.45285],[51.73072,35.45325],[51.73015,35.45364],[51.72958,35.45403],[51.72903,35.4544],[51.72847,35.45476],[51.72787,35.45508],[51.72722,35.45537],[51.72654,35.45564],[51.72584,35.45587],[51.72515,35.45609],[51.72446,35.45632],[51.72379,35.45653],[51.72312,35.45675],[51.72245,35.45697],[51.72178,35.45718],[51.72111,35.45739],[51.72044,35.45761],[51.71976,35.45783],[51.71907,35.45804],[51.71839,35.45827],[51.7177,35.45851],[51.71703,35.45879],[51.71641,35.45915],[51.71584,35.45958],[51.71529,35.46004],[51.71475,35.4605],[51.71421,35.46098],[51.71367,35.46146],[51.71313,35.46195],[51.71257,35.46244],[51.71202,35.46293],[51.71147,35.46342],[51.71091,35.46392],[51.71035,35.46442],[51.70978,35.46492],[51.70922,35.46542],[51.70865,35.46593],[51.70808,35.46644],[51.70751,35.46692],[51.70699,35.46739],[51.70649,35.46783],[51.70605,35.46823],[51.70567,35.46857],[51.70524,35.46898],[51.70496,35.46926],[51.70463,35.46968],[51.70441,35.47007],[51.70414,35.47051],[51.70396,35.47092],[51.70425,35.47133],[51.70498,35.47155],[51.70581,35.47182],[51.70623,35.47196],[51.70699,35.4722],[51.70759,35.47237],[51.70813,35.47254],[51.70872,35.47272],[51.7095,35.47297],[51.70993,35.47311],[51.71037,35.47327],[51.71082,35.47342],[51.71145,35.47361],[51.71189,35.47375],[51.7125,35.47395],[51.71324,35.47418],[51.71366,35.47432],[51.71408,35.47446],[51.71453,35.47461],[51.71496,35.47475],[51.71567,35.47498],[51.71614,35.47513],[51.7166,35.47528],[51.71708,35.47542],[51.71754,35.4756],[51.718,35.47575],[51.71841,35.4759],[51.71898,35.47609],[51.71972,35.47633],[51.72054,35.4766],[51.72098,35.47675],[51.72145,35.4769],[51.72195,35.47705],[51.72245,35.4772],[51.72296,35.47737],[51.72349,35.47755],[51.72404,35.47773],[51.72461,35.47792],[51.72518,35.47812],[51.72574,35.4783],[51.72622,35.47846],[51.72678,35.47864],[51.72729,35.47877],[51.72796,35.47899],[51.72876,35.47926],[51.72921,35.4794],[51.72969,35.47956],[51.7302,35.47972],[51.73072,35.47989],[51.73126,35.48007],[51.7318,35.48025],[51.73231,35.48042],[51.73278,35.48057],[51.73336,35.48077],[51.7338,35.48091],[51.73442,35.48111],[51.73525,35.48138],[51.73572,35.48154],[51.73622,35.4817],[51.73675,35.48187],[51.7373,35.48205],[51.73786,35.48223],[51.7384,35.48241],[51.73884,35.48255],[51.73942,35.48276],[51.74002,35.48295],[51.74078,35.48319],[51.74121,35.48333],[51.74167,35.48348],[51.74215,35.48364],[51.74267,35.48381],[51.74321,35.48399],[51.74376,35.48417],[51.74434,35.48436],[51.74492,35.48454],[51.74551,35.48473],[51.7461,35.48493],[51.74669,35.48512],[51.74727,35.48532],[51.74784,35.48551],[51.7484,35.48568],[51.74895,35.48586],[51.7495,35.48603],[51.75003,35.48621],[51.75053,35.48638],[51.75098,35.48652],[51.75171,35.48675],[51.75219,35.4869],[51.7527,35.48709],[51.75316,35.48723],[51.75368,35.4874],[51.75422,35.48758],[51.75462,35.48774],[51.75514,35.48791],[51.75569,35.48814],[51.75623,35.48839],[51.75678,35.48869],[51.75731,35.48901],[51.75784,35.48937],[51.7583,35.48978],[51.75863,35.49021],[51.75888,35.49063],[51.75904,35.49099],[51.75923,35.49143],[51.75933,35.49182],[51.75943,35.49229],[51.75955,35.49282],[51.75966,35.49335],[51.75977,35.49385],[51.75986,35.49425],[51.76,35.49478],[51.76015,35.49519],[51.76033,35.49566],[51.76055,35.49613],[51.76079,35.49662],[51.76103,35.49709],[51.76133,35.49753],[51.76175,35.49795],[51.7623,35.4983],[51.76296,35.49849],[51.76371,35.49844],[51.7645,35.49824],[51.76535,35.49804],[51.76579,35.49795],[51.76626,35.49785],[51.76673,35.49776],[51.76718,35.4977],[51.76801,35.49786],[51.76837,35.49808],[51.76866,35.49839],[51.76884,35.49876],[51.7689,35.49915],[51.76894,35.49953],[51.769,35.49989],[51.76911,35.50025],[51.76926,35.5006],[51.76944,35.50095],[51.76966,35.50129],[51.76988,35.50162],[51.77009,35.50193],[51.77043,35.50244],[51.77078,35.50277],[51.77141,35.50252],[51.77189,35.50231],[51.77242,35.5022],[51.77268,35.50275],[51.77287,35.5032],[51.77312,35.50373],[51.77333,35.50422],[51.77351,35.50459],[51.77366,35.50494],[51.77383,35.50533],[51.77402,35.50576],[51.77433,35.50611],[51.7741,35.50605],[51.77409,35.50605],[51.77409,35.50605],[51.77409,35.50605],[51.77409,35.50605],[51.77408,35.50605],[51.77408,35.50605],[51.77408,35.50605],[51.77408,35.50605],[51.77408,35.50605],[51.77407,35.50605],[51.77407,35.50605],[51.77427,35.50638],[51.77444,35.50674],[51.77466,35.50716],[51.77481,35.50763],[51.77508,35.50813],[51.77526,35.50856],[51.77547,35.50898],[51.77563,35.50943],[51.77583,35.5098],[51.776,35.51025],[51.77616,35.51064],[51.77638,35.51111],[51.77659,35.51163],[51.7768,35.51206],[51.77697,35.51243],[51.77706,35.51254],[51.77706,35.51254],[51.77706,35.51254],[51.77706,35.51254],[51.77706,35.51254],[51.77705,35.51254],[51.77706,35.51254],[51.77706,35.51254],[51.77706,35.51254],[51.77697,35.51257],[51.77685,35.5122],[51.7767,35.51183],[51.77652,35.51143],[51.77635,35.51109],[51.77611,35.5107],[51.77596,35.51018],[51.77576,35.50971],[51.77554,35.50926],[51.77533,35.50879],[51.77513,35.50832],[51.77495,35.50788],[51.77479,35.50747],[51.7745,35.50708],[51.77439,35.5067],[51.77416,35.50616],[51.77398,35.50574],[51.77381,35.50533],[51.77363,35.50497],[51.77346,35.50461],[51.77328,35.50414],[51.77307,35.50365],[51.7728,35.50314],[51.77255,35.50263],[51.77234,35.50221],[51.77188,35.50236],[51.77143,35.50256],[51.7709,35.50283],[51.77047,35.50255],[51.77016,35.50207],[51.76985,35.5016],[51.76944,35.50097],[51.76924,35.50062],[51.76906,35.50025],[51.76892,35.49986],[51.76883,35.49947],[51.76878,35.49908],[51.76869,35.49869],[51.76851,35.49834],[51.76823,35.49803],[51.76787,35.49782],[51.76706,35.49768],[51.76631,35.49781],[51.76567,35.49795],[51.76508,35.49808],[51.76451,35.49822],[51.76392,35.49837],[51.76331,35.49848],[51.76261,35.49841],[51.76196,35.4981],[51.7614,35.49765],[51.76099,35.49708],[51.76082,35.49674],[51.76066,35.49638],[51.76049,35.496],[51.76031,35.49561],[51.76015,35.49522],[51.76002,35.49486],[51.75984,35.49421],[51.75976,35.49385],[51.75966,35.49341],[51.75955,35.49285],[51.75941,35.49227],[51.75927,35.49169],[51.75909,35.49114],[51.75884,35.49061],[51.75851,35.49014],[51.75813,35.48972],[51.75769,35.48933],[51.75716,35.48896],[51.75656,35.48861],[51.75594,35.48829],[51.75528,35.48802],[51.75465,35.48779],[51.75407,35.48759],[51.75365,35.48745],[51.753,35.48725],[51.75257,35.48712],[51.75198,35.48694],[51.75154,35.4868],[51.751,35.48661],[51.7502,35.48635],[51.74973,35.4862],[51.74922,35.48603],[51.7487,35.48587],[51.74818,35.4857],[51.74766,35.48553],[51.74712,35.48536],[51.74659,35.48518],[51.74605,35.48501],[51.74551,35.48483],[51.74497,35.48465],[51.74443,35.48448],[51.74389,35.48431],[51.74336,35.48414],[51.74284,35.48397],[51.74232,35.48379],[51.7418,35.48363],[51.74127,35.48345],[51.74076,35.48328],[51.74025,35.48311],[51.73978,35.48297],[51.73936,35.48282],[51.73884,35.48266],[51.73815,35.48243],[51.73742,35.48219],[51.73699,35.48205],[51.73652,35.48189],[51.73603,35.48173],[51.73553,35.48157],[51.73503,35.48141],[51.73454,35.48125],[51.73406,35.4811],[51.73363,35.48096],[51.73311,35.48079],[51.73266,35.48063],[51.73197,35.48041],[51.73155,35.48028],[51.7311,35.48013],[51.73063,35.47998],[51.73014,35.47982],[51.72966,35.47966],[51.72919,35.4795],[51.72871,35.47934],[51.72821,35.47917],[51.72769,35.479],[51.72722,35.47885],[51.7268,35.47872],[51.72636,35.47856],[51.72587,35.4784],[51.72512,35.47817],[51.72467,35.47802],[51.72418,35.47786],[51.72367,35.4777],[51.72315,35.47753],[51.72263,35.47736],[51.72212,35.47718],[51.7216,35.47701],[51.7211,35.47684],[51.72063,35.47669],[51.72021,35.47657],[51.71971,35.4764],[51.71924,35.47625],[51.7185,35.47601],[51.71792,35.47582],[51.71731,35.47561],[51.71686,35.47547],[51.7163,35.4753],[51.71578,35.47513],[51.71529,35.47497],[51.71467,35.47477],[51.71397,35.47456],[51.71324,35.47432],[51.71246,35.47407],[51.71175,35.47383],[51.71127,35.47367],[51.7106,35.47345],[51.70991,35.47323],[51.70915,35.47297],[51.70838,35.47272],[51.70776,35.47252],[51.70724,35.47234],[51.70681,35.4722],[51.70629,35.47203],[51.70569,35.47185],[51.7052,35.47169],[51.70473,35.47154],[51.70425,35.47138],[51.70379,35.47121],[51.70333,35.47131],[51.70281,35.47153],[51.70251,35.47124],[51.70269,35.47077],[51.70201,35.47067],[51.7015,35.47066],[51.70087,35.47064],[51.70021,35.47062],[51.69952,35.47059],[51.69872,35.47059],[51.69799,35.4707],[51.69743,35.4708],[51.69694,35.47088],[51.69637,35.47095],[51.69573,35.47105],[51.69508,35.47114],[51.69452,35.47124],[51.694,35.47133],[51.69342,35.47144],[51.6928,35.4717],[51.69218,35.47206],[51.69156,35.47242],[51.69093,35.47269],[51.69021,35.47282],[51.68964,35.47292],[51.68899,35.47304],[51.68833,35.47317],[51.68761,35.47331],[51.68697,35.47343],[51.68635,35.47352],[51.68585,35.47362],[51.68539,35.47371],[51.68477,35.47383],[51.68417,35.47396],[51.68359,35.47408],[51.68291,35.47422],[51.68225,35.47437],[51.68177,35.47447],[51.68128,35.47454],[51.68072,35.47463],[51.6802,35.47474],[51.67963,35.47486],[51.6791,35.47498],[51.67861,35.47513],[51.67817,35.47522],[51.67771,35.47531],[51.67719,35.47541],[51.6767,35.47553],[51.67619,35.47563],[51.67568,35.47573],[51.67517,35.47582],[51.6745,35.47579],[51.67393,35.47566],[51.67333,35.47546],[51.67282,35.4753],[51.67235,35.47559],[51.67216,35.47597],[51.67199,35.47634],[51.6718,35.47672],[51.67188,35.47711],[51.67223,35.47737],[51.67248,35.47769],[51.6727,35.47799],[51.6727,35.47799],[51.6727,35.47799],[51.67241,35.47769],[51.67208,35.47731],[51.6718,35.477],[51.67188,35.47661],[51.6721,35.47617],[51.6723,35.47579],[51.67247,35.47544],[51.67272,35.47509],[51.67319,35.47515],[51.67369,35.47533],[51.67426,35.47554],[51.67483,35.47565],[51.6754,35.47564],[51.67598,35.47551],[51.67651,35.4754],[51.67702,35.47529],[51.6775,35.4752],[51.67797,35.47511],[51.6784,35.47501],[51.67886,35.47493],[51.67925,35.47529],[51.6796,35.4756],[51.67983,35.47595],[51.68019,35.47634],[51.68063,35.47661],[51.68099,35.47687],[51.68134,35.47712],[51.68165,35.47741],[51.68195,35.47776],[51.68198,35.47778],[51.68198,35.47778],[51.68197,35.47779],[51.68198,35.4778],[51.68227,35.47805],[51.68257,35.47834],[51.68287,35.47867],[51.6833,35.47901],[51.68379,35.47927],[51.68435,35.4794],[51.68482,35.47945],[51.68532,35.4795],[51.68581,35.4795],[51.68636,35.47939],[51.68646,35.47896],[51.68629,35.47857],[51.68616,35.47815],[51.68602,35.47775],[51.68594,35.47735],[51.68588,35.4772],[51.68588,35.4772],[51.68588,35.4772],[51.68587,35.4772],[51.68587,35.4772],[51.68587,35.4772],[51.68587,35.4772],[51.68587,35.4772],[51.68587,35.4772],[51.68587,35.4772],[51.68587,35.47682],[51.68622,35.47652],[51.68633,35.47646],[51.68633,35.47646],[51.68677,35.47642],[51.68728,35.47662],[51.68761,35.47689],[51.68802,35.4771],[51.68816,35.47746],[51.68841,35.47787],[51.68854,35.47822],[51.68861,35.47862],[51.68882,35.47905],[51.68899,35.4795],[51.68915,35.47996],[51.68925,35.48046],[51.68941,35.48086],[51.68979,35.48119],[51.69003,35.48121],[51.69004,35.48122],[51.69055,35.48108],[51.69097,35.48086],[51.69152,35.48067],[51.69193,35.48045],[51.69249,35.48004],[51.693,35.47963],[51.69348,35.47922],[51.69383,35.47896],[51.69357,35.47932],[51.69306,35.47975],[51.69263,35.48013],[51.69226,35.48045],[51.69181,35.48079],[51.69129,35.48111],[51.69087,35.48134],[51.69054,35.48163],[51.6905,35.48166],[51.69049,35.48166],[51.69014,35.48179],[51.68968,35.48204],[51.68904,35.4824],[51.68829,35.48282],[51.6879,35.48304],[51.68752,35.48325],[51.68714,35.48346],[51.68646,35.48385],[51.68589,35.4842],[51.68548,35.48447],[51.68515,35.4848],[51.68476,35.48501],[51.68429,35.48528],[51.6839,35.48547],[51.68333,35.48566],[51.68276,35.48597],[51.6821,35.48631],[51.68153,35.48665],[51.68105,35.48698],[51.68085,35.48734],[51.6811,35.48765],[51.68064,35.4874],[51.68017,35.48758],[51.67965,35.48781],[51.67899,35.48814],[51.67826,35.48854],[51.67758,35.48892],[51.67703,35.48925],[51.6766,35.48954],[51.67628,35.4898],[51.67592,35.49002],[51.67536,35.49033],[51.67461,35.49069],[51.67419,35.49088],[51.67377,35.49109],[51.67335,35.49131],[51.67293,35.49155],[51.6725,35.49181],[51.67207,35.4921],[51.67165,35.49237],[51.67125,35.49263],[51.67087,35.49288],[51.67048,35.49315],[51.6701,35.4934],[51.66954,35.49377],[51.66916,35.49404],[51.66869,35.49435],[51.66811,35.49473],[51.66742,35.49519],[51.66703,35.49545],[51.66663,35.49572],[51.66623,35.49601],[51.66582,35.49627],[51.66543,35.49653],[51.66506,35.49677],[51.66441,35.49719],[51.66373,35.49763],[51.66338,35.49787],[51.66302,35.49812],[51.66262,35.4984],[51.66221,35.49868],[51.66178,35.49897],[51.66135,35.49926],[51.66092,35.49954],[51.66049,35.49985],[51.66006,35.50014],[51.65964,35.50043],[51.65921,35.50071],[51.65878,35.501],[51.65834,35.5013],[51.65791,35.5016],[51.65748,35.50189],[51.65709,35.50215],[51.65659,35.50249],[51.65625,35.50273],[51.65578,35.50304],[51.65512,35.50347],[51.65476,35.50372],[51.65438,35.50396],[51.65399,35.50423],[51.65359,35.50451],[51.65317,35.5048],[51.65273,35.50509],[51.65229,35.50538],[51.65185,35.50569],[51.6514,35.506],[51.65094,35.50631],[51.65047,35.50663],[51.65,35.50695],[51.64954,35.50725],[51.64909,35.50756],[51.64864,35.50786],[51.64819,35.50817],[51.64774,35.50847],[51.64732,35.50876],[51.64688,35.50905],[51.64643,35.50935],[51.64597,35.50967],[51.6455,35.50999],[51.64505,35.51029],[51.6446,35.5106],[51.64415,35.51092],[51.6437,35.51125],[51.64327,35.51158],[51.64287,35.51191],[51.6425,35.51223],[51.64212,35.51258],[51.6418,35.51283],[51.64126,35.51326],[51.64064,35.51371],[51.64025,35.51393],[51.63981,35.51416],[51.63933,35.51441],[51.63884,35.51467],[51.63838,35.51494],[51.63792,35.51519],[51.63747,35.51547],[51.63702,35.51576],[51.63657,35.51607],[51.6361,35.51637],[51.63564,35.51668],[51.63517,35.51698],[51.63473,35.51727],[51.63433,35.51755],[51.63397,35.5178],[51.63351,35.51817],[51.63372,35.5185],[51.63426,35.51859],[51.63497,35.51852],[51.63586,35.51844],[51.63636,35.51839],[51.63688,35.51833],[51.63743,35.51827],[51.63799,35.51821],[51.63857,35.51814],[51.63916,35.51807],[51.63976,35.51801],[51.64037,35.51794],[51.64096,35.51787],[51.64153,35.51781],[51.64205,35.51776],[51.64251,35.51771],[51.64304,35.51765],[51.64362,35.51759],[51.6442,35.51757],[51.64482,35.5175],[51.64534,35.51743],[51.64602,35.51736],[51.64664,35.51729],[51.64727,35.51722],[51.64779,35.51716],[51.64816,35.51747],[51.64823,35.51787],[51.6483,35.51832],[51.64839,35.51872],[51.64845,35.51908],[51.64853,35.51945],[51.6486,35.51987],[51.64868,35.5203],[51.64876,35.52068],[51.64883,35.52108],[51.64892,35.52157],[51.64899,35.52193],[51.64907,35.52229],[51.64918,35.52262],[51.64916,35.52259],[51.64907,35.52254],[51.649,35.52218],[51.64893,35.52174],[51.64884,35.52132],[51.64876,35.52095],[51.64869,35.52055],[51.6486,35.52009],[51.64851,35.51963],[51.64843,35.5192],[51.64835,35.51874],[51.64826,35.51829],[51.64819,35.51787],[51.6481,35.51744],[51.64798,35.51709],[51.64741,35.51716],[51.64671,35.51724],[51.64615,35.51733],[51.64556,35.5174],[51.64495,35.51747],[51.64447,35.51752],[51.64379,35.51759],[51.64316,35.51766],[51.64251,35.51777],[51.64186,35.51784],[51.64106,35.51792],[51.64061,35.51796],[51.64014,35.51801],[51.63964,35.51807],[51.63914,35.51813],[51.63862,35.51819],[51.63811,35.51825],[51.63761,35.51831],[51.63711,35.51836],[51.6366,35.51841],[51.63611,35.51846],[51.63562,35.51851],[51.63516,35.51856],[51.63472,35.51861],[51.63399,35.51869],[51.63338,35.5188],[51.6328,35.51892],[51.63231,35.51906],[51.63187,35.51925],[51.63135,35.51957],[51.63075,35.51996],[51.6304,35.52019],[51.63004,35.52041],[51.62969,35.52064],[51.6293,35.52087],[51.6289,35.52114],[51.62846,35.52143],[51.62802,35.52174],[51.62755,35.52206],[51.62708,35.52237],[51.62662,35.52269],[51.62616,35.523],[51.62572,35.52332],[51.62529,35.52362],[51.62488,35.52389],[51.62448,35.52417],[51.62406,35.52446],[51.62361,35.52477],[51.62313,35.5251],[51.62264,35.52544],[51.62213,35.52577],[51.62161,35.52611],[51.62109,35.52645],[51.62057,35.52681],[51.62004,35.52717],[51.61951,35.52752],[51.61899,35.52788],[51.61846,35.52824],[51.61794,35.52859],[51.61742,35.52895],[51.6169,35.5293],[51.61639,35.52964],[51.61588,35.52997],[51.61539,35.53031],[51.61489,35.53065],[51.6144,35.53098],[51.6139,35.53131],[51.61339,35.53165],[51.61288,35.53199],[51.61237,35.53234],[51.61186,35.53268],[51.61135,35.53301],[51.61086,35.53333],[51.61038,35.53364],[51.6099,35.53396],[51.60941,35.53429],[51.60891,35.53462],[51.60844,35.53495],[51.60795,35.53528],[51.60745,35.53562],[51.60694,35.53597],[51.60641,35.53632],[51.60587,35.53667],[51.60533,35.53703],[51.60479,35.5374],[51.60424,35.53777],[51.60368,35.53815],[51.60312,35.53853],[51.60256,35.53891],[51.602,35.53929],[51.60145,35.53966],[51.60091,35.54002],[51.60037,35.54037],[51.59985,35.54073],[51.59932,35.54108],[51.5988,35.54143],[51.5983,35.54177],[51.5978,35.54211],[51.59732,35.54244],[51.59684,35.54276],[51.59639,35.54306],[51.59596,35.54335],[51.59553,35.54362],[51.59508,35.54387],[51.59458,35.54408],[51.59405,35.54424],[51.59351,35.5444],[51.59297,35.54456],[51.59244,35.54471],[51.59193,35.54486],[51.59143,35.545],[51.59092,35.54515],[51.59038,35.5453],[51.58981,35.54547],[51.58922,35.54563],[51.5886,35.54582],[51.58797,35.54601],[51.58734,35.54624],[51.58673,35.54651],[51.58611,35.54681],[51.58549,35.54711],[51.58487,35.54743],[51.58425,35.54774],[51.58361,35.54805],[51.58297,35.54837],[51.58233,35.5487],[51.58171,35.54901],[51.58109,35.54932],[51.58048,35.54964],[51.57986,35.54994],[51.57924,35.55025],[51.57863,35.55056],[51.57801,35.55087],[51.57739,35.55118],[51.57677,35.5515],[51.57613,35.55181],[51.57551,35.55212],[51.57489,35.55243],[51.5743,35.55273],[51.57372,35.55302],[51.57313,35.55332],[51.57253,35.55362],[51.57193,35.55393],[51.57132,35.55424],[51.57071,35.55454],[51.57011,35.55484],[51.56951,35.55513],[51.56892,35.55543],[51.56836,35.5557],[51.56779,35.55597],[51.56721,35.55626],[51.56662,35.55655],[51.56603,35.55685],[51.56544,35.55715],[51.56486,35.55744],[51.5643,35.55773],[51.56378,35.55801],[51.56332,35.55829],[51.56299,35.55853],[51.56305,35.55813],[51.56377,35.55774],[51.56421,35.55752],[51.56468,35.5573],[51.56518,35.55707],[51.56571,35.55684],[51.56623,35.55659],[51.56675,35.55634],[51.56723,35.55609],[51.5677,35.55585],[51.56811,35.55564],[51.56872,35.55533],[51.56853,35.55485],[51.56828,35.55446],[51.56788,35.55427],[51.56736,35.55443],[51.56696,35.5546],[51.56653,35.55482],[51.56608,35.55504],[51.5655,35.55534],[51.5649,35.55564],[51.56444,35.5559],[51.56398,35.55615],[51.56358,35.55594],[51.56339,35.5555],[51.56323,35.55515],[51.56303,35.55473],[51.56281,35.55431],[51.56265,35.55393],[51.56252,35.55359],[51.56248,35.55353],[51.56248,35.55353],[51.56248,35.55353],[51.56247,35.55353],[51.56247,35.55353],[51.56247,35.55353],[51.5625,35.55361],[51.56273,35.55398],[51.56291,35.55434],[51.56307,35.55471],[51.56329,35.55516],[51.56348,35.55555],[51.56365,35.55593],[51.56375,35.55603],[51.56375,35.55604],[51.56375,35.55604],[51.56376,35.55604],[51.56376,35.55604],[51.56356,35.55638],[51.56312,35.55657],[51.5627,35.55676],[51.56217,35.55696],[51.56179,35.55723],[51.56136,35.55736],[51.56077,35.55759],[51.56037,35.5579],[51.56056,35.55841],[51.56074,35.55877],[51.56091,35.55916],[51.56083,35.55962],[51.56046,35.56006],[51.55996,35.56037],[51.55952,35.56017],[51.55937,35.55973],[51.55914,35.55929],[51.55894,35.55886],[51.55875,35.55844],[51.55856,35.55806],[51.55838,35.55768],[51.55815,35.55723],[51.55799,35.55698],[51.55799,35.55698],[51.55799,35.55698],[51.55799,35.55698],[51.55798,35.55695],[51.5578,35.55654],[51.55758,35.55618],[51.55737,35.55584],[51.55734,35.55571],[51.55734,35.55571],[51.55705,35.55536],[51.55675,35.55489],[51.55652,35.55453],[51.55595,35.55455],[51.55551,35.55474],[51.55496,35.55499],[51.55451,35.55517],[51.55412,35.55535],[51.55417,35.55579],[51.5545,35.55626],[51.55466,35.55657],[51.55447,35.55622],[51.55427,35.55589],[51.55404,35.55551],[51.55443,35.55517],[51.55492,35.55498],[51.55542,35.5548],[51.55589,35.55465],[51.5563,35.55445],[51.55675,35.55477],[51.557,35.55515],[51.55724,35.55556],[51.55739,35.55571],[51.55738,35.55573],[51.55738,35.55574],[51.55738,35.55574],[51.55762,35.55608],[51.5578,35.55651],[51.55798,35.55694],[51.55823,35.55742],[51.55841,35.55778],[51.55864,35.55817],[51.55881,35.55861],[51.55902,35.55905],[51.55923,35.55949],[51.55945,35.55989],[51.55965,35.56025],[51.55935,35.56059],[51.55882,35.56075],[51.55817,35.56094],[51.55753,35.56115],[51.55708,35.56132],[51.55669,35.56154],[51.55632,35.56179],[51.55625,35.56224],[51.55662,35.56258],[51.55701,35.5629],[51.55747,35.56297],[51.5579,35.56271],[51.55847,35.56224],[51.55909,35.56176],[51.55943,35.56149],[51.55981,35.56118],[51.5602,35.56083],[51.56058,35.56045],[51.56096,35.56007],[51.56132,35.55971],[51.56164,35.55939],[51.56215,35.55889],[51.56207,35.55936],[51.56152,35.55983],[51.56121,35.56009],[51.56088,35.56036],[51.56031,35.56088],[51.56,35.56114],[51.55965,35.56143],[51.55929,35.56174],[51.5589,35.56207],[51.55849,35.56242],[51.55805,35.56279],[51.55759,35.56317],[51.55713,35.56356],[51.55667,35.56396],[51.5562,35.56436],[51.55573,35.56476],[51.55525,35.56516],[51.55476,35.56556],[51.55427,35.56597],[51.55378,35.56639],[51.55328,35.56681],[51.55279,35.56723],[51.5523,35.56765],[51.55181,35.56807],[51.55133,35.56849],[51.55085,35.56892],[51.55036,35.56934],[51.54986,35.56977],[51.54935,35.5702],[51.54884,35.57064],[51.54831,35.57108],[51.54779,35.57153],[51.54727,35.57197],[51.54677,35.5724],[51.54627,35.57282],[51.54579,35.57323],[51.5453,35.57363],[51.54482,35.57403],[51.54436,35.57443],[51.5439,35.57484],[51.54344,35.57524],[51.54298,35.57563],[51.54254,35.57601],[51.5421,35.57638],[51.54168,35.57675],[51.54126,35.5771],[51.54085,35.57744],[51.54045,35.57778],[51.54006,35.57812],[51.53966,35.57846],[51.53926,35.5788],[51.53886,35.57912],[51.53845,35.57944],[51.53805,35.57976],[51.53763,35.58009],[51.5372,35.58043],[51.53676,35.58077],[51.53632,35.58111],[51.5359,35.58143],[51.53548,35.58174],[51.53507,35.58205],[51.53464,35.58236],[51.53421,35.5827],[51.5338,35.58302],[51.53341,35.58332],[51.53308,35.58359],[51.53274,35.58385],[51.53238,35.58413],[51.532,35.58443],[51.53161,35.58475],[51.5312,35.58507],[51.53078,35.58539],[51.53036,35.5857],[51.52995,35.586],[51.52955,35.58627],[51.52919,35.58652],[51.52857,35.58697],[51.52824,35.58722],[51.5279,35.58749],[51.52753,35.58777],[51.52713,35.58808],[51.52674,35.58836],[51.52635,35.58863],[51.52593,35.58891],[51.52549,35.58922],[51.52507,35.58955],[51.52464,35.58987],[51.52421,35.5902],[51.52382,35.59049],[51.52347,35.59074],[51.52281,35.5912],[51.52246,35.59145],[51.5221,35.59172],[51.52173,35.59198],[51.52136,35.59225],[51.52099,35.59252],[51.52061,35.5928],[51.52022,35.59312],[51.51982,35.59348],[51.51944,35.59388],[51.51906,35.5943],[51.51866,35.59474],[51.51824,35.5952],[51.51783,35.59564],[51.51741,35.59608],[51.517,35.59653],[51.51658,35.59697],[51.51619,35.59741],[51.51582,35.59787],[51.51548,35.59835],[51.51515,35.59883],[51.51481,35.59931],[51.51446,35.5998],[51.51411,35.60028],[51.51375,35.60076],[51.51336,35.60122],[51.51295,35.60167],[51.51254,35.60212],[51.51212,35.60257],[51.51171,35.60302],[51.51129,35.60348],[51.51088,35.60393],[51.51046,35.60438],[51.51005,35.60483],[51.50965,35.60528],[51.50925,35.60573],[51.50887,35.60618],[51.50849,35.60664],[51.50813,35.60709],[51.50777,35.60755],[51.50738,35.60799],[51.50702,35.60845],[51.50667,35.6089],[51.50634,35.60932],[51.506,35.60974],[51.50567,35.61016],[51.50535,35.61057],[51.50502,35.61099],[51.50466,35.61144],[51.50433,35.61192],[51.50405,35.61243],[51.5038,35.61294],[51.50357,35.61345],[51.50332,35.61395],[51.50303,35.61442],[51.5027,35.61487],[51.50234,35.61527],[51.50191,35.61561],[51.5015,35.61592],[51.50113,35.61619],[51.50079,35.61647],[51.50046,35.61676],[51.50012,35.61706],[51.49959,35.61753],[51.49918,35.61792],[51.49882,35.61833],[51.49842,35.61876],[51.49807,35.61905],[51.49775,35.61949],[51.49739,35.61989],[51.49701,35.62031],[51.49671,35.62069],[51.49708,35.62104],[51.49774,35.62123],[51.49824,35.62134],[51.49882,35.62145],[51.49935,35.62157],[51.49975,35.62184],[51.49981,35.62234],[51.49976,35.62292],[51.49962,35.62352],[51.4995,35.62395],[51.49935,35.62442],[51.49921,35.6249],[51.49911,35.62528],[51.499,35.62572],[51.49892,35.62609],[51.4988,35.62654],[51.49872,35.62692],[51.49863,35.62732],[51.49854,35.62773],[51.49842,35.62822],[51.49832,35.62868],[51.49827,35.62905],[51.49813,35.62945],[51.49806,35.62989],[51.49797,35.63033],[51.49803,35.63084],[51.4977,35.6313],[51.4976,35.63173],[51.49752,35.63211],[51.49744,35.63255],[51.49734,35.63298],[51.49725,35.63343],[51.49713,35.63378],[51.49704,35.63416],[51.49699,35.63461],[51.49686,35.63496],[51.49684,35.63536],[51.49679,35.63574],[51.49671,35.63615],[51.49664,35.63657],[51.49659,35.63703],[51.4965,35.63753],[51.49642,35.63797],[51.49637,35.63832],[51.49626,35.63875],[51.49619,35.63919],[51.49607,35.63969],[51.49584,35.6402],[51.4958,35.64059],[51.49619,35.64086],[51.49609,35.6414],[51.49573,35.6418],[51.49541,35.64226],[51.49508,35.64276],[51.495,35.64315],[51.49533,35.64344],[51.49583,35.64368],[51.49635,35.64383],[51.49673,35.6441],[51.49683,35.64459],[51.49695,35.64523],[51.49709,35.64596],[51.49717,35.64635],[51.49724,35.64673],[51.49735,35.64728],[51.49743,35.64767],[51.49759,35.64816],[51.4978,35.64875],[51.49804,35.64945],[51.49818,35.64984],[51.49831,35.65022],[51.49845,35.65061],[51.49858,35.65099],[51.49872,35.65138],[51.49884,35.65176],[51.49898,35.65211],[51.49916,35.65265],[51.49933,35.65316],[51.49953,35.65369],[51.49975,35.65433],[51.4999,35.65475],[51.50002,35.6551],[51.50021,35.65565],[51.50043,35.65629],[51.50056,35.65665],[51.5007,35.65702],[51.50082,35.65739],[51.50094,35.65775],[51.50107,35.65811],[51.50131,35.6588],[51.50154,35.65947],[51.50174,35.65996],[51.5023,35.66013],[51.50287,35.65999],[51.50359,35.65981],[51.50436,35.65962],[51.50523,35.65942],[51.50569,35.65931],[51.50615,35.6592],[51.5066,35.65909],[51.50702,35.65899],[51.50775,35.65883],[51.5081,35.6591],[51.50811,35.6595],[51.50812,35.65986],[51.50828,35.66031],[51.50843,35.66076],[51.50845,35.66125],[51.50846,35.66182],[51.50847,35.66243],[51.50849,35.66302],[51.50852,35.66359],[51.50855,35.66415],[51.50847,35.66454],[51.50845,35.66507],[51.50846,35.6657],[51.50848,35.66639],[51.50849,35.66676],[51.50849,35.66712],[51.5085,35.66749],[51.5085,35.66787],[51.50851,35.66824],[51.50852,35.66894],[51.50854,35.66963],[51.50856,35.67032],[51.50858,35.67103],[51.50858,35.67141],[51.50859,35.67178],[51.5086,35.67216],[51.50861,35.67254],[51.50861,35.67294],[51.50862,35.67334],[51.50863,35.67373],[51.50865,35.6741],[51.50865,35.6747],[51.50853,35.67509],[51.5082,35.67551],[51.50758,35.67552],[51.50701,35.67586],[51.50636,35.67632],[51.50569,35.67677],[51.5051,35.67718],[51.50468,35.67747],[51.50412,35.67787],[51.50377,35.6781],[51.5034,35.67836],[51.50301,35.67863],[51.50261,35.6789],[51.50221,35.67918],[51.50181,35.67946],[51.50141,35.67974],[51.501,35.68002],[51.50058,35.6803],[51.50016,35.6806],[51.49974,35.6809],[51.49932,35.68119],[51.49889,35.68148],[51.49848,35.68177],[51.49806,35.68206],[51.49765,35.68235],[51.49724,35.68263],[51.49685,35.68291],[51.49646,35.68317],[51.49606,35.68344],[51.49564,35.68374],[51.49525,35.68402],[51.49488,35.6843],[51.49453,35.68458],[51.49416,35.68486],[51.49381,35.68511],[51.49328,35.68556],[51.49316,35.68601],[51.49317,35.68645],[51.4932,35.68682],[51.49324,35.68729],[51.49325,35.68771],[51.4932,35.68809],[51.49317,35.68854],[51.49313,35.68909],[51.49319,35.6897],[51.49335,35.69039],[51.49346,35.69077],[51.49359,35.69118],[51.49374,35.69159],[51.49391,35.69201],[51.49413,35.69239],[51.49438,35.69274],[51.49462,35.69309],[51.49485,35.69348],[51.49511,35.69378],[51.49565,35.69433],[51.49591,35.69465],[51.49619,35.69498],[51.49649,35.69532],[51.49681,35.69569],[51.49715,35.69607],[51.49749,35.69646],[51.49783,35.69686],[51.49818,35.69726],[51.49854,35.69767],[51.4989,35.69807],[51.49927,35.69848],[51.49961,35.69888],[51.49992,35.69929],[51.50017,35.69972],[51.5004,35.70016],[51.5006,35.70063],[51.5008,35.7011],[51.501,35.7016],[51.5012,35.7021],[51.50139,35.70262],[51.50158,35.70315],[51.50176,35.70368],[51.50196,35.70421],[51.50216,35.70472],[51.50236,35.7052],[51.50254,35.7056],[51.50269,35.70594],[51.50285,35.7063],[51.50301,35.70667],[51.50318,35.70706],[51.50336,35.70748],[51.50355,35.70792],[51.50375,35.70837],[51.50396,35.70886],[51.50417,35.70935],[51.50439,35.70985],[51.50462,35.71035],[51.50488,35.71086],[51.50516,35.71135],[51.50548,35.71184],[51.50584,35.7123],[51.50622,35.71276],[51.5066,35.71322],[51.50699,35.71367],[51.50738,35.71413],[51.50775,35.71458],[51.50812,35.71501],[51.50847,35.71542],[51.50884,35.71582],[51.50924,35.71623],[51.50965,35.71665],[51.51007,35.71707],[51.51049,35.71748],[51.51092,35.7179],[51.51135,35.71832],[51.51178,35.71874],[51.51219,35.71914],[51.51261,35.71954],[51.51306,35.71991],[51.51354,35.72026],[51.51404,35.72058],[51.51458,35.72087],[51.51514,35.72112],[51.51574,35.72134],[51.51635,35.72152],[51.51697,35.72165],[51.51759,35.72174],[51.51819,35.72178],[51.51876,35.72182],[51.51929,35.72185],[51.51976,35.72187],[51.52047,35.72191],[51.52109,35.72196],[51.52074,35.72167],[51.52011,35.72162],[51.5193,35.72164],[51.51854,35.72163],[51.51909,35.72145],[51.51983,35.72145],[51.5207,35.72148],[51.52117,35.7215],[51.52165,35.72155],[51.5221,35.72168],[51.52251,35.72193],[51.52284,35.72223],[51.52308,35.72254],[51.52339,35.72312],[51.5236,35.72353],[51.52419,35.72371],[51.52475,35.72383],[51.52525,35.72388],[51.52588,35.72395],[51.52638,35.72399],[51.52686,35.72411],[51.52743,35.72411],[51.52817,35.72415],[51.52887,35.72418],[51.5296,35.72419],[51.53042,35.72423],[51.5313,35.72429],[51.53176,35.72431],[51.53224,35.72435],[51.53274,35.72439],[51.53327,35.72445],[51.5338,35.72449],[51.5343,35.72452],[51.53477,35.72454],[51.53566,35.7246],[51.53613,35.72462],[51.53663,35.72467],[51.53714,35.72471],[51.53767,35.72476],[51.53822,35.72481],[51.53878,35.72487],[51.53936,35.7249],[51.53995,35.72494],[51.54054,35.72497],[51.54111,35.725],[51.54165,35.72502],[51.54219,35.72504],[51.54271,35.72507],[51.54322,35.7251],[51.54376,35.72514],[51.5443,35.72519],[51.54485,35.72525],[51.54542,35.7253],[51.54599,35.72534],[51.54656,35.72539],[51.54714,35.72543],[51.54771,35.72548],[51.54829,35.72552],[51.54884,35.72556],[51.54937,35.7256],[51.54989,35.72563],[51.55041,35.72566],[51.55094,35.7257],[51.55143,35.72573],[51.55187,35.72575],[51.55267,35.72579],[51.55328,35.72583],[51.5528,35.72601],[51.55244,35.72647],[51.5521,35.72684],[51.5519,35.72717],[51.55238,35.72748],[51.55287,35.72776],[51.55323,35.72798],[51.55367,35.72829],[51.55415,35.72857],[51.55464,35.7288],[51.55455,35.7293],[51.55429,35.72961],[51.55397,35.72999],[51.55368,35.73033],[51.55388,35.72995],[51.5539,35.72991],[51.55405,35.72989],[51.55398,35.72978],[51.55394,35.72998],[51.55395,35.72989],[51.55391,35.72993],[51.55393,35.72985],[51.5539,35.73],[51.55426,35.72986],[51.55447,35.73002],[51.55432,35.72982],[51.5543,35.72993],[51.55414,35.72991],[51.55446,35.72995],[51.5544,35.72996],[51.55447,35.72993],[51.55405,35.72992],[51.55402,35.72995],[51.55393,35.73001],[51.55423,35.73002],[51.55424,35.73017],[51.55437,35.73053],[51.55433,35.73015],[51.55418,35.72994]]]}},{"type":"Feature","properties":{"route":11,"color":"#9333ea","times":[[21134,21205,21265,21325,21385,21445,21505,21565,21568,21613,21640,21700,21760,21802,21862,21922,21982,22007,22010,22040,22102,22108,22114,22120,22180],[22827,22887,22947,23007,23067,23127,23187,23247,23307,23367,23427,23487,23547,23607,23667,23703,23763,23823,23841,23901,23961,24021,24081,24141,24201,24261,24321,24381,24441,24501,24561,24606,24615,24624,24642,24648,24654,24660,24666,24675,24702,24708,24714,24720,24726,24732,24738,24744,24747,24750,24753,24756,24759,24762,24765,24768,24771,24774,24777,24780,24783,24786,24789,24792,24795,24798,24801,24804,24807,24810,24813,24816,24819,24822,24825,24828,24831,24834,24837,24840,24843,24846,24849,24852,24855,24861,24867,24873,24879,24885,24891,24897,24900,24906,24912,24918,24924,24930,24936,24942,24945,24948,24951,24954,24960,24966,24972,24975,24978,24981,24984,24987,24990,24993,24996,24999,25002,25005,25011,25017,25020,25023,25026,25029,25032,25035,25041,25047,25050,25053,25056,25059,25062,25068,25074,25080,25086,25092,25098,25104,25110,25116,25122,25125,25128,25131,25134,25137,25140,25143,25146,25149,25152,25155,25158,25161,25164,25167,25170,25173,25176,25179,25182,25185,25188,25191,25194,25197,25200,25203,25206,25209,25212,25215,25218,25224,25230,25236,25239,25242,25245,25251,25275,25281,25287,25296,25302,25308,25314,25320,25326,25329,25332,25335,25338,25341,25347,25353,25359,25362,25365,25368,25371,25374,25377,25380,25383,25389,25395,25401,25407,25410,25413,25419,25425,25431,25443,25452,25458,25464,25473,25497,25515,25527,25536,25545,25554,25563,25569,25575,25581,25587,25593,25596,25599,25602,25605,25608,25614,25617,25620,25626,25629,25632,25635,25638,25641,25644,25647,25650,25653,25659,25665,25671,25677,25683,25689,25695,25698,25701,25704,25707,25710,25713,25716,25719,25722,25725,25728,25731,25734,25737,25740,25743,25749,25752,25755,25758,25761,25764,25767,25770,25773,25776,25779,25782,25788,25794,25800,25806,25815,25827,25839,25845,25851,25857,25863,25869,25875,25881,25887,25893,25899,25908,25914,25920,25926,25932,25935,25938,25941,25944,25947,25950,25953,25959,25962,25965,25968,25971,25974,25977,25980,25983,25986,25989,25992,25995,25998,26001,26004,26007,26010,26013,26016,26019,26022,26025,26028,26031,26034,26037,26040,26043,26046,26049,26052,26055,26058,26061,26064,26067,26070,26073,26076,26079,26082,26085,26088,26091,26094,26097,26100,26103,26106,26158,26164,26167,26178,26181,26184,26187,26190,26193,26196,26199,26202,26205,26208,26211,26214,26217,26220,26223,26226,26229,26232,26235,26238,26241,26244,26247,26250,26253,26256,26259,26262,26265,26268,26271,26274,26277,26280,26283,26286,26289,26292,26295,26298,26301,26304,26307,26310,26313,26316,26319,26322,26325,26328,26331,26334,26337,26340,26343,26346,26352,26358,26364,26370,26376,26379,26382,26385,26388,26391,26394,26397,26400,26403,26406,26409,26412,26415,26418,26421,26424,26427,26430,26433,26436,26439,26442,26445,26448,26451,26454,26457,26460,26463,26466,26469,26472,26475,26478,26481,26484,26487,26490,26493,26496,26499,26502,26505,26508,26511,26514,26517,26520,26523,26526,26529,26532,26535,26538,26541,26544,26547,26550,26553,26556,26559,26562,26565,26568,26571,26574,26577,26580,26583,26586,26589,26592,26595,26598,26601,26604,26607,26610,26613,26616,26619,26622,26625,26628,26631,26634,26637,26643,26649,26655,26661,26667,26673,26679,26685,26691,26697,26700,26703,26709,26712,26715,26718,26721,26727,26733,26736,26739,26742,26745,26748,26751,26754,26760,26820,26829,26835,26844,26892,26898,26904,26913,26922,26940,27000,27039,27057,27069,27078,27087,27093,27096,27102,27108,27114,27120,27126,27132,27138,27144,27150,27156,27162,27168,27174,27180,27186,27192,27198,27204,27210,27216,27222,27228,27234,27240,27258,27273,27279,27288,27297,27303,27309,27312,27315,27318,27321,27324,27327,27330,27333,27336,27339,27342,27345,27351,27354,27357,27360,27363,27366,27369,27372,27375,27378,27381,27384,27387,27390,27393,27396,27399,27402,27405,27408,27411,27414,27417,27423,27429,27435,27441,27447,27450,27453,27456,27459,27462,27465,27468,27471,27474,27477,27480,27483,27486,27489,27492,27495,27498,27501,27504,27507,27510,27513,27516,27519,27522,27525,27528,27531,27534,27537,27540,27543,27546,27549,27552,27555,27558,27561,27564,27567,27570,27573,27576,27579,27582,27585,27588,27591,27594,27597,27600,27603,27606,27609,27612,27615,27618,27621,27624,27627,27630,27633,27636,27639,27642,27645,27648,27651,27654,27657,27660,27663,27666,27669,27672,27675,27678,27681,27684,27687,27690,27693,27696,27699,27702,27705,27708,27711,27714,27717,27720,27726,27738,27744,27750,27759,27768,27777,27783,27786,27789,27792,27795,27798,27801,27804,27807,27810,27813,27816,27822,27828,27834,27837,27840,27843,27846,27849,27852,27855,27858,27861,27864,27867,27870,27873,27876,27879,27882,27885,27888,27891,27894,27897,27900,27903,27906,27909,27912,27915,27918,27921,27924,27927,27930,27933,27936,27939,27942,27945,27948,27951,27954,27957,27960,27963,27966,27969,27972,27975,27978,27981,27984,27987,27990,27993,27996,27999,28002,28005,28008,28011,28014,28017,28020,28023,28026,28032,28044,28050,28053,28056,28059,28062,28065,28068,28071,28074,28077,28080,28083,28086,28092,28098,28107,28113,28119,28125,28128,28131,28134,28137,28143,28146,28149,28152,28155,28158,28161,28164,28167,28170,28173,28176,28179,28182,28185,28188,28191,28194,28197,28200,28203,28206,28209,28212,28215,28218,28221,28224,28227,28230,28233,28236,28239,28242,28245,28248,28251,28254,28257,28260,28263,28266,28269,28272,28275,28278,28281,28284,28287,28290,28296,28302,28308,28314,28320,28326,28341,28353,28359,28419,28479,28539,28599,28659,28710,28716,28725,28737,28797,28857,28917,28953,29004,29016,29028,29088,29148,29208,29268,29328,29367,29373,29379,29385,29391,29397,29403,29409,29412,29415,29418,29421,29424,29427,29430,29433,29436,29439,29442,29445,29448,29451,29454,29457,29460,29463,29466,29469,29472,29475,29478,29481,29484,29487,29490,29493,29496,29499,29502,29505,29508,29511,29514,29517,29520,29523,29526,29529,29532,29535,29538,29541,29544,29547,29550,29553,29556,29559,29562,29565,29568,29571,29574,29577,29580,29583,29586,29589,29592,29595,29598,29601,29604,29607,29610,29613,29616,29619,29622,29625,29628,29631,29634,29637,29640,29643,29646,29649,29652,29655,29658,29661,29664,29667,29670,29673,29676,29679,29682,29688,29709,29721,29742,29802,29862,29922,29982,30042,30102,30162,30183,30192,30204,30216,30222,30228,30234,30240,30246,30249,30252,30255,30258,30261,30267,30276,30291,30306,30324,30336,30348,30354,30414,30474,30534,30567,30579,30588,30603,30615,30627,30645,30666,30678,30684,30690,30696,30705,30711,30717,30723,30729,30735,30738,30741,30744,30747,30750,30753,30756,30759,30762,30765,30768,30771,30774,30777,30780,30783,30786,30789,30792,30795,30798,30801,30804,30807,30810,30813,30816,30819,30822,30825,30828,30831,30834,30837,30840,30843,30846,30849,30852,30855,30858,30861,30867,30879,30885,30888,30891,30894,30897,30900,30903,30906,30909,30912,30915,30918,30921,30924,30927,30930,30933,30936,30939,30942,30945,30948,30951,30954,30957,30960,30963,30966,30969,30972,30975,30978,30981,30984,30987,30990,30993,30996,30999,31002,31008,31014,31017,31020,31023,31026,31032,31041,31047,31053,31059,31065,31071,31083,31089,31095,31101,31107,31113,31173,31233,31293,31353,31413,31473,31521,31530,31542,31551,31557,31563,31575,31581,31587,31593,31599,31605,31611,31617,31623,31629,31632,31635,31638,31644,31680,31686,31692,31752,31812,31872,31932,31980,31986,31992,31998,32004,32010,32016,32022,32031,32037,32043,32049,32055,32061,32070,32079,32085,32091,32097,32154,32214,32274,32334,32394,32454,32481,32490,32496,32502,32508,32514,32517,32520,32523,32529,32535,32541,32559,32565,32571,32574,32580,32586,32592,32598,32601,32604,32607,32610,32613,32616,32619,32622,32628,32634,32637,32640,32643,32649,32658,32664,32670,32676,32685,32691,32697,32700,32703,32706,32709,32712,32715,32718,32721,32724,32727,32730,32733,32736,32739,32742,32745,32748,32751,32754,32757,32760,32763,32766,32769,32772,32775,32778,32781,32784,32787,32790,32793,32796,32799,32802,32805,32808,32811,32814,32817,32820,32823,32826,32829,32832,32835,32838,32841,32844,32847,32850,32853,32856,32859,32862,32865,32868,32871,32874,32877,32880,32883,32886,32889,32892,32895,32898,32901,32907,32916,32922,32925,32928,32931,32934,32937,32940,32943,32946,32949,32952,32955,32958,32961,32964,32967,32970,32973,32979,32988,32994,33000,33006,33012,33018,33024,33030,33033,33036,33039,33042,33045,33048,33051,33054,33057,33060,33063,33066,33069,33072,33075,33078,33081,33084,33087,33090,33093,33096,33099,33105,33117,33123,33129,33138,33144,33150,33156,33159,33162,33165,33168,33171,33174,33177,33180,33183,33186,33189,33192,33195,33198,33201,33204,33207,33210,33213,33216,33219,33222,33225,33228,33231,33234,33240,33249,33255,33261,33267,33279,33285,33291,33300,33309,33369,33429,33489,33549,33594,33606,33666,33726,33786,33846,33906,33966,34005,34017,34023,34029,34041,34047,34053,34062,34068,34074,34080,34089,34095,34101,34107,34113,34119,34122,34125,34128,34131,34134,34137,34140,34143,34146,34149,34152,34155,34158,34161,34164,34167,34170,34173,34176,34179,34182,34185,34191,34197,34203,34209,34215,34221,34227,34230,34233,34236,34239,34242,34245,34248,34251,34254,34257,34260,34263,34266,34269,34272,34275,34278,34281,34284,34287,34290,34293,34296,34299,34305,34311,34317,34326,34332,34338,34344,34350,34356,34365,34371,34377,34386,34398,34407,34419,34431,34443,34449,34455,34461,34470,34476,34485,34500,34560,34620,34680,34740,34800,34830,34845,34860,34884,34890,34896,34902,34908,34914,34920,34926,34932,34935,34938,34941,34947,34956,34962,34968,34974,34980,34992,34998,35004,35010,35016,35022,35028,35034,35040,35046,35052,35058,35064,35070,35082,35094,35103,35109,35115,35121,35127,35133,35136,35139,35142,35145,35148,35151,35154,35160,35163,35166,35172,35184,35190,35196,35199,35202,35205,35208,35211,35217,35223,35229,35232,35235,35238,35244,35250,35256,35262,35268,35274,35280,35286,35289,35292,35295,35298,35304,35310,35316,35322,35328,35331,35334,35340,35346,35352,35358,35364,35367,35370,35373,35379,35385,35391,35397,35403,35409,35445,35463,35523,35583,35643,35703,35763,35799,35811,35817,35823,35829,35838,35847,35859,35865,35871,35877,35883,35889,35895,35904,35913,35925,35934,35943,35952,35961,35970,35976,35985,35997,36057,36114,36129,36138,36147,36153,36162,36171,36177,36186,36195,36204,36216,36228,36288,36348,36408,36459,36468,36477,36486,36495,36504,36519,36525,36543,36549,36555,36561,36570,36579,36588,36594,36600,36612,36627,36687,36747,36807,36867,36927,36957,36972,37002,37017,37026,37038,37098,37158,37218,37254,37266,37275,37284,37293,37302,37311,37320,37329,37335,37341,37347,37353,37359,37362,37365,37368,37371,37374,37377,37383,37386,37389,37392,37395,37398,37401,37407,37413,37419,37425,37431,37437,37440,37443,37446,37452,37458,37464,37473,37479,37485,37494,37503,37512,37572,37632,37650,37659,37665,37677,37686,37692,37704,37710,37716,37722,37728,37734,37740,37743,37746,37749,37752,37755,37761,37767,37776,37782,37785,37788,37791,37797,37803,37815,37827,37833,37839,37848,37908,37968,38028,38088,38148,38208,38250,38259,38271,38277,38289,38295,38301,38307,38310,38313,38319,38325,38331,38337,38343,38349,38352,38355,38358,38361,38367,38370,38376,38382,38388,38397,38403,38409,38421,38433,38445,38457,38466,38478,38490,38550,38610,38652,38664,38673,38685,38697,38706,38715,38775,38835,38895,38955,39019,39046,39055,39064,39073,39079,39085,39091,39097,39103,39109,39115,39121,39127,39133,39139,39145,39151,39157,39163,39169,39175,39181,39187,39193,39199,39205,39211,39214,39217,39223,39229,39238,39244,39250,39259,39268,39277,39283,39289,39295,39298,39301,39304,39307,39310,39313,39316,39319,39322,39325,39328,39331,39334,39337,39340,39343,39346,39349,39415,39418,39421,39427,39433,39436,39439,39442,39445,39448,39451,39454,39457,39460,39463,39466,39469,39472,39475,39478,39481,39484,39487,39490,39516,39519,39522,39525,39528,39531,39534,39537,39540,39543,39546,39549,39552,39555,39558,39561,39564,39567,39570,39573,39576,39582,39591,39612,39624,39630,39636,39642,39648,39657,39663,39669,39675,39681,39687,39690,39696,39702,39708,39714,39720,39726,39732,39738,39744,39750,39759,39765,39771,39774,39777,39780,39786,39804,39810,39816,39822,39831,39837,39846,39852,39858,39861,39864,39867,39870,39873,39876,39879,39882,39885,39888,39891,39894,39897,39900,39903,39906,39909,39912,39915,39918,39921,39927,39933,39939,39942,39945,39948,39951,39954,39957,39960,39963,39966,39972,39984,39996,40008,40014,40020,40023,40026,40029,40032,40035,40038,40041,40044,40047,40050,40053,40056,40059,40062,40065,40068,40071,40074,40077,40080,40083,40086,40089,40092,40095,40098,40101,40104,40107,40110,40113,40116,40119,40122,40128,40134,40140,40143,40146,40149,40152,40155,40158,40161,40164,40167,40170,40173,40176,40179,40182,40185,40188,40191,40194,40197,40203,40209,40215,40221,40224,40227,40230,40233,40236,40239,40242,40245,40248,40251,40254,40257,40260,40263,40266,40269,40272,40275,40278,40281,40284,40287,40290,40293,40296,40299,40302,40305,40308,40311,40314,40317,40320,40323,40326,40329,40332,40335,40338,40341,40344,40347,40350,40353,40356,40359,40362,40365,40368,40371,40374,40377,40380,40383,40386,40389,40392,40395,40398,40401,40407,40410,40413,40416,40419,40425,40434,40440,40446,40452,40458,40464,40467,40470,40476,40482,40488,40494,40500,40506,40512,40518,40527,40542,40602,40662,40722,40782,40842,40902,40962,40983,40989,40995,41001,41007,41019,41028,41034,41040,41046,41052,41058,41064,41070,41076,41082,41088,41097,41103,41109,41115,41121,41127,41133,41139,41145,41151,41157,41163,41169,41175,41184,41190,41196,41202,41211,41217,41223,41229,41238,41244,41256,41268,41274,41295,41316,41340,41346,41352,41361,41370,41385,41406,41466,41526,41586,41622,41682,41742,41802,41862,41922,41982,42042,42063,42078,42090,42096,42102,42114,42123,42132,42138,42147,42153,42159,42168,42174,42180,42189,42195,42201,42207,42216,42231,42264,42285,42327,42360,42420,42480,42495,42510,42525,42543,42558,42573,42582,42597,42609,42618,42630,42642,42654,42714,42738,42756,42830,42875,42935,42995,43135,43159,43186,43195,43204,43213,43222,43234,43240,43246,43252,43270,43276,43282,43288,43294,43300,43306,43309,43312,43315,43318,43324,43330,43336,43342,43348,43354,43360,43372,43381,43387,43393,43399,43405,43411,43417,43426,43432,43438,43444,43450,43462,43471,43480,43540,43634,43664,43673,43679,43685,43691,43697,43703,43709,43715,43721,43727,43733,43742,43748,43754,43760,43793,43799,43814,43829,43838,43847,43856,43862,43868,43877,43892,43901,43910,43919,43928,43988,44039,44099,44159,44219,44279,44339,44399,44459,44519,44549,44558,44567,44591,44600,44609,44618,44624,44630,44639,44648,44657,44717,44777,44837,44855,44861,44867,44891,44900,44909,44915,44921,44927,44936,44945,44951,44957,44966,44993,45002,45020,45080,45110,45170,45230,45278,45338,45398,45458,45518,45578,45638,45698,45758,45818,45878,45938,45998,46058,46118,46145,46205,46265,46325,46385,46430,46472,46481,46490,46499,46508,46514,46529,46538,46544,46550,46559,46571,46580,46589,46598,46604,46610,46619,46631,46640,46652,46661,46670,46679,46688,46697,46703,46709,46715,46724,46742,46748,46757,46763,46769,46775,46790,46796,46805,46814,46820,46826,46832,46850,46874,46880,46889,46898,46904,46910,46919,46931,46940,46952,46958,47018,47078,47138,47147,47156,47162,47171,47180,47195,47207,47222,47234,47246,47252,47261,47270,47282,47291,47297,47303,47309,47318,47330,47336,47339,47342,47348,47375,47381,47387,47396,47402,47423,47435,47441,47450,47456,47459,47462,47465,47468,47471,47474,47477,47480,47483,47486,47489,47492,47495,47498,47501,47504,47507,47510,47513,47516,47519,47522,47525,47528,47531,47534,47537,47540,47543,47546,47549,47552,47555,47558,47561,47564,47567,47570,47573,47579,47585,47588,47591,47594,47597,47603,47606,47609,47612,47615,47618,47621,47624,47627,47630,47633,47636,47639,47642,47645,47648,47651,47654,47657,47660,47663,47666,47669,47672,47675,47678,47681,47684,47687,47690,47693,47696,47699,47702,47705,47708,47711,47714,47717,47720,47723,47726,47729,47732,47735,47738,47741,47744,47747,47750,47756,47765,47771,47777,47783,47789,47795,47801,47804,47807,47810,47813,47816,47819,47822,47828,47834,47837,47840,47843,47846,47849,47852,47855,47858,47861,47864,47867,47870,47873,47876,47879,47882,47885,47888,47891,47894,47897,47900,47903,47906,47909,47912,47915,47918,47921,47924,47927,47930,47933,47936,47939,47942,47945,47948,47951,47954,47957,47960,47963,47966,47969,47972,47975,47978,47981,47984,47987,47990,47993,47996,47999,48002,48005,48008,48011,48014,48017,48020,48023,48026,48029,48032,48035,48038,48041,48044,48047,48050,48053,48056,48059,48062,48068,48074,48080,48086,48092,48107,48113,48119,48125,48137,48149,48155,48161,48164,48167,48170,48173,48176,48179,48182,48185,48188,48191,48194,48197,48200,48203,48206,48209,48212,48215,48218,48221,48224,48227,48230,48233,48236,48239,48242,48245,48248,48251,48254,48257,48260,48263,48266,48269,48272,48275,48278,48281,48284,48287,48290,48293,48296,48299,48302,48305,48308,48311,48314,48317,48320,48323,48326,48329,48332,48335,48338,48341,48344,48347,48350,48353,48356,48359,48362,48365,48368,48371,48374,48377,48380,48383,48386,48389,48392,48395,48398,48401,48404,48407,48410,48413,48416,48419,48422,48425,48428,48431,48434,48437,48440,48443,48446,48449,48452,48455,48458,48461,48464,48467,48470,48473,48476,48479,48482,48485,48488,48491,48494,48497,48500,48503,48506,48509,48512,48515,48518,48521,48524,48527,48530,48533,48536,48539,48542,48548,48551,48554,48557,48560,48563,48566,48569,48572,48575,48578,48581,48584,48587,48590,48593,48596,48599,48602,48605,48608,48611,48614,48617,48620,48623,48626,48629,48632,48635,48638,48641,48644,48647,48650,48653,48656,48659,48662,48665,48668,48671,48674,48677,48680,48683,48686,48689,48692,48695,48698,48701,48704,48707,48710,48713,48716,48719,48722,48725,48728,48731,48734,48737,48740,48743,48746,48749,48752,48755,48758,48761,48764,48767,48770,48773,48776,48779,48782,48800,48827,48833,48839,48842,48845,48848,48851,48854,48857,48860,48863,48866,48869,48872,48875,48878,48881,48884,48887,48890,48893,48896,48899,48902,48905,48908,48911,48914,48917,48920,48923,48926,48929,48932,48935,48938,48941,48944,48947,48950,48953,48956,48959,48962,48965,48968,48971,48974,48977,48980,48983,48986,48989,48992,48995,48998,49001,49004,49007,49010,49013,49016,49019,49022,49025,49028,49031,49034,49037,49040,49043,49046,49049,49052,49055,49058,49061,49064,49067,49070,49221,49224,49227,49230,49233,49236,49239,49242,49245,49248,49251,49254,49257,49260,49263,49266,49269,49272,49275,49278,49281,49284,49287,49290,49293,49296,49299,49302,49305,49308,49311,49314,49317,49320,49323,49326,49329,49332,49335,49338,49341,49344,49347,49350,49353,49356,49359,49362,49365,49368,49371,49374,49377,49380,49383,49386,49389,49392,49395,49398,49401,49404,49407,49410,49413,49416,49419,49422,49425,49428,49431,49434,49437,49440,49443,49446,49449,49452,49455,49458,49461,49464,49467,49470,49473,49476,49479,49482,49485,49488,49491,49494,49497,49500,49503,49506,49509,49512,49515,49518,49521,49524,49527,49530,49533,49536,49539,49542,49545,49548,49554,49560,49566,49572,49578,49584,49590,49593,49596,49599,49602,49605,49608,49611,49614,49617,49620,49623,49626,49629,49632,49635,49638,49641,49644,49647,49650,49653,49656,49659,49662,49665,49668,49671,49677,49686,49692,49698,49704,49713,49725,49734,49740,49746,49752,49758,49764,49773,49782,49785,49788,49791,49794,49797,49800,49803,49806,49809,49812,49815,49818,49821,49824,49827,49830,49833,49836,49839,49842,49845,49848,49851,49854,49857,49860,49863,49866,49869,49872,49875,49878,49881,49884,49887,49890,49893,49896,49899,49902,49905,49908,49911,49914,49917,49920,49923,49926,49929,49932,49935,49938,49941,49944,49947,49950,49953,49956,49959,49965,49971,49983,49989,49992,49998,50001,50007,50010,50013,50016,50019,50022,50025,50028,50031,50034,50037,50040,50043,50046,50049,50052,50055,50058,50061,50064,50067,50070,50073,50076,50079,50082,50085,50088,50091,50094,50097,50100,50103,50106,50109,50112,50115,50118,50121,50124,50127,50130,50133,50136,50139,50142,50145,50148,50151,50154,50157,50160,50163,50166,50169,50172,50175,50178,50181,50184,50187,50190,50193,50196,50199,50202,50205,50208,50211,50214,50217,50220,50223,50226,50229,50232,50235,50238,50241,50244,50247,50250,50253,50256,50259,50262,50265,50268,50271,50274,50277,50280,50283,50286,50289,50292,50295,50298,50301,50304,50307,50310,50313,50316,50319,50322,50325,50328,50331,50334,50337,50340,50343,50349,50358,50364,50367,50370,50376,50385,50394,50400,50403,50406,50409,50412,50418,50430,50436,50442,50448,50454,50460,50466,50472,50478,50481,50484,50487,50490,50496,50505,50508,50511,50514,50517,50520,50526,50535,50547,50553,50559,50565,50571,50583,50589,50592,50595,50598,50601,50604,50610,50616,50622,50628,50631,50634,50637,50640,50646,50655,50661,50664,50670,50676,50682,50688,50694,50700,50706,50718,50724,50730,50736,50745,50754,50766,50772,50778,50790,50808,50868,50928,50988,51048,51108,51159,51219,51279]]},"geometry":{"type":"MultiLineString","coordinates":[[[51.56515,35.727],[51.56569,35.72686],[51.56584,35.72716],[51.5659,35.72751],[51.5662,35.72732],[51.56648,35.72738],[51.56663,35.72756],[51.56695,35.72752],[51.56664,35.72828],[51.56708,35.72831],[51.56726,35.72796],[51.56739,35.72787],[51.56755,35.72788],[51.56783,35.72818],[51.5679,35.72816],[51.56772,35.72817],[51.56752,35.72835],[51.56793,35.72851],[51.56733,35.72864],[51.56682,35.72916],[51.55344,35.72759],[51.55368,35.72793],[51.55377,35.72849],[51.55477,35.7303],[51.55461,35.73048]],[[51.5541,35.73001],[51.55402,35.72989],[51.55403,35.72991],[51.55423,35.72999],[51.55404,35.72995],[51.55391,35.72983],[51.55401,35.72984],[51.55407,35.7299],[51.55409,35.72992],[51.55398,35.72994],[51.554,35.72991],[51.55396,35.72991],[51.55408,35.72978],[51.55403,35.72989],[51.55422,35.73009],[51.55463,35.73025],[51.55467,35.73021],[51.55434,35.73008],[51.55393,35.72993],[51.55403,35.72986],[51.55412,35.72998],[51.55409,35.72991],[51.55415,35.72997],[51.55415,35.72993],[51.55384,35.73011],[51.55379,35.73022],[51.55379,35.73022],[51.55379,35.73022],[51.55383,35.73008],[51.55382,35.73],[51.55384,35.73001],[51.5541,35.72968],[51.55447,35.72927],[51.55474,35.72894],[51.55513,35.72854],[51.55547,35.72818],[51.55583,35.72778],[51.55613,35.72742],[51.55642,35.7271],[51.55669,35.7268],[51.55635,35.72642],[51.55585,35.7263],[51.55528,35.72618],[51.55467,35.72609],[51.55395,35.72606],[51.55334,35.72603],[51.55266,35.72598],[51.55179,35.7259],[51.55131,35.72586],[51.55081,35.72583],[51.55031,35.72578],[51.5498,35.72575],[51.54928,35.7257],[51.54874,35.72565],[51.54819,35.72562],[51.54763,35.72558],[51.54708,35.72555],[51.54652,35.72551],[51.54596,35.72548],[51.54541,35.72546],[51.54486,35.72544],[51.54432,35.72541],[51.54378,35.72538],[51.54324,35.72533],[51.54274,35.72528],[51.54222,35.72523],[51.54168,35.7252],[51.54114,35.72516],[51.5406,35.72512],[51.54006,35.72508],[51.53951,35.72505],[51.53901,35.725],[51.5385,35.72494],[51.53795,35.7249],[51.53741,35.72488],[51.53692,35.72487],[51.53645,35.72486],[51.53595,35.72483],[51.53543,35.72478],[51.53488,35.72472],[51.53434,35.72469],[51.53381,35.72466],[51.5333,35.72463],[51.53281,35.72459],[51.53236,35.72456],[51.53151,35.72451],[51.53075,35.72446],[51.53,35.72441],[51.52918,35.72436],[51.52831,35.72429],[51.52746,35.72421],[51.52655,35.72415],[51.52607,35.72411],[51.52522,35.72402],[51.52444,35.72399],[51.5238,35.72403],[51.52337,35.72395],[51.52276,35.72389],[51.52218,35.72385],[51.5213,35.72379],[51.5208,35.72376],[51.5203,35.72371],[51.51982,35.72366],[51.51937,35.7236],[51.51858,35.72341],[51.5179,35.72322],[51.51712,35.72297],[51.51666,35.72282],[51.51617,35.72267],[51.51566,35.72251],[51.51512,35.72234],[51.51456,35.72217],[51.514,35.722],[51.51346,35.72183],[51.51291,35.72166],[51.51238,35.7215],[51.51182,35.72133],[51.51136,35.72118],[51.51058,35.72096],[51.50971,35.72067],[51.50922,35.72049],[51.50876,35.72035],[51.50829,35.72021],[51.50781,35.72006],[51.50734,35.71992],[51.50689,35.71978],[51.50611,35.71955],[51.50535,35.7193],[51.50487,35.71915],[51.5044,35.71901],[51.50391,35.71887],[51.50341,35.71872],[51.50294,35.71858],[51.5023,35.71862],[51.50203,35.71911],[51.50215,35.7196],[51.5022,35.72012],[51.50252,35.72071],[51.50295,35.72125],[51.50336,35.72182],[51.50369,35.72234],[51.50407,35.72288],[51.50449,35.72348],[51.50473,35.72379],[51.50499,35.72411],[51.50526,35.72442],[51.50557,35.72473],[51.5059,35.72503],[51.50627,35.72536],[51.50665,35.72567],[51.50705,35.72596],[51.50748,35.72622],[51.50795,35.72643],[51.50844,35.72658],[51.50891,35.72669],[51.5094,35.7267],[51.50991,35.7267],[51.51044,35.7267],[51.51098,35.72672],[51.51149,35.72679],[51.51197,35.7269],[51.51244,35.72703],[51.51283,35.72722],[51.51322,35.72745],[51.5136,35.72774],[51.51394,35.72805],[51.51425,35.7284],[51.51456,35.72878],[51.51489,35.72915],[51.51518,35.72949],[51.51547,35.7298],[51.51575,35.73008],[51.51605,35.73037],[51.51635,35.73069],[51.51661,35.73101],[51.51698,35.73157],[51.51732,35.73208],[51.51772,35.7327],[51.51795,35.73304],[51.51821,35.7334],[51.51847,35.73374],[51.51881,35.73422],[51.51832,35.73395],[51.51801,35.73352],[51.51775,35.73318],[51.51718,35.73292],[51.51659,35.73298],[51.51586,35.73307],[51.5152,35.73317],[51.51457,35.73325],[51.51368,35.73337],[51.51318,35.73343],[51.5127,35.73349],[51.51216,35.73356],[51.5116,35.73363],[51.51108,35.73371],[51.51043,35.7338],[51.50978,35.73391],[51.509,35.73401],[51.50851,35.73406],[51.50797,35.73411],[51.50741,35.73418],[51.50687,35.73425],[51.50631,35.73431],[51.50578,35.73438],[51.50527,35.73445],[51.50482,35.73451],[51.50407,35.73462],[51.50355,35.73469],[51.503,35.73477],[51.50217,35.73488],[51.50169,35.73494],[51.50125,35.73499],[51.50061,35.73508],[51.49992,35.73517],[51.49924,35.73526],[51.49871,35.73535],[51.4982,35.73542],[51.49763,35.73549],[51.49713,35.73555],[51.49669,35.73562],[51.49619,35.73569],[51.49566,35.73573],[51.49514,35.73577],[51.49464,35.73581],[51.49409,35.73589],[51.49354,35.73596],[51.49282,35.73603],[51.49223,35.73612],[51.49168,35.73622],[51.49102,35.73637],[51.49029,35.73654],[51.48946,35.73669],[51.489,35.73676],[51.48852,35.73685],[51.48805,35.73694],[51.48757,35.73701],[51.48706,35.7371],[51.48619,35.73724],[51.48573,35.73729],[51.48528,35.73733],[51.48442,35.73745],[51.48394,35.73754],[51.48346,35.73762],[51.483,35.73769],[51.48255,35.73775],[51.48208,35.73781],[51.48161,35.73787],[51.48114,35.73796],[51.48066,35.73805],[51.48023,35.73814],[51.47944,35.73828],[51.47875,35.7384],[51.47794,35.73854],[51.47717,35.73874],[51.47643,35.7389],[51.47574,35.73904],[51.47494,35.73919],[51.47447,35.7393],[51.474,35.7394],[51.47349,35.7395],[51.47299,35.73958],[51.47251,35.73967],[51.47202,35.73975],[51.47153,35.73983],[51.47106,35.73989],[51.47059,35.73995],[51.47013,35.74002],[51.46965,35.74008],[51.46919,35.74016],[51.4687,35.74022],[51.46818,35.74031],[51.4677,35.74039],[51.46725,35.74045],[51.46644,35.7405],[51.466,35.74056],[51.46553,35.74061],[51.46503,35.74068],[51.46452,35.74069],[51.46403,35.74068],[51.46354,35.74074],[51.46303,35.74083],[51.46255,35.74098],[51.46207,35.74108],[51.4616,35.74122],[51.46114,35.74132],[51.46032,35.74141],[51.45956,35.74138],[51.45896,35.74131],[51.45844,35.74123],[51.45799,35.74121],[51.45742,35.74124],[51.45681,35.7413],[51.45632,35.74131],[51.45576,35.74135],[51.45517,35.74139],[51.4546,35.74143],[51.454,35.74148],[51.45333,35.74156],[51.45262,35.74163],[51.45195,35.74168],[51.45129,35.74174],[51.45063,35.7418],[51.44999,35.74186],[51.44945,35.74192],[51.44873,35.74199],[51.44801,35.74202],[51.44719,35.742],[51.44674,35.74201],[51.44627,35.74207],[51.44576,35.74215],[51.44528,35.74226],[51.44482,35.74238],[51.44436,35.74249],[51.4439,35.74262],[51.44306,35.7427],[51.44261,35.74269],[51.44214,35.74266],[51.44165,35.74268],[51.44111,35.74268],[51.44054,35.74268],[51.43998,35.74274],[51.43943,35.74275],[51.43886,35.74276],[51.43823,35.74278],[51.43767,35.74276],[51.4371,35.74274],[51.43653,35.74271],[51.43597,35.74263],[51.43542,35.74251],[51.4349,35.74236],[51.4344,35.74219],[51.43393,35.74197],[51.43345,35.74172],[51.43293,35.74143],[51.43238,35.74118],[51.43179,35.74097],[51.43118,35.7408],[51.43054,35.74066],[51.42989,35.74059],[51.42925,35.74056],[51.42862,35.74053],[51.42801,35.74051],[51.42743,35.7405],[51.42684,35.74049],[51.42624,35.74047],[51.42565,35.74045],[51.42503,35.74044],[51.42439,35.74041],[51.42375,35.74038],[51.42311,35.74035],[51.42249,35.74033],[51.4219,35.74031],[51.42128,35.7403],[51.42066,35.74028],[51.42005,35.74026],[51.41943,35.74024],[51.4188,35.74022],[51.41818,35.74019],[51.41758,35.7402],[51.41702,35.74027],[51.41652,35.74043],[51.41607,35.74069],[51.41569,35.74095],[51.4153,35.74124],[51.40731,35.74407],[51.40637,35.74415],[51.40586,35.74419],[51.40403,35.74408],[51.40347,35.74398],[51.40301,35.74386],[51.4025,35.74372],[51.40197,35.74352],[51.40146,35.74329],[51.40094,35.74297],[51.40039,35.74263],[51.39985,35.74232],[51.39929,35.74205],[51.39871,35.74181],[51.3981,35.74159],[51.39749,35.74146],[51.39691,35.74136],[51.39635,35.74131],[51.39576,35.74129],[51.39514,35.74133],[51.39453,35.74141],[51.39393,35.74155],[51.39332,35.74174],[51.39271,35.74199],[51.39208,35.74225],[51.39143,35.7425],[51.39076,35.74275],[51.39007,35.74299],[51.38937,35.7432],[51.38871,35.74336],[51.3881,35.74345],[51.38748,35.74351],[51.38688,35.74354],[51.38624,35.74349],[51.38557,35.74341],[51.38492,35.74326],[51.38426,35.7431],[51.38359,35.74294],[51.38291,35.74277],[51.38226,35.74262],[51.38163,35.74247],[51.38098,35.74233],[51.38033,35.74218],[51.37969,35.74205],[51.37907,35.74193],[51.37843,35.74182],[51.37778,35.74171],[51.37714,35.74159],[51.3765,35.74149],[51.37583,35.74137],[51.37514,35.74125],[51.37443,35.74113],[51.37372,35.741],[51.37304,35.74087],[51.37237,35.74073],[51.37169,35.74058],[51.37105,35.74043],[51.37043,35.74029],[51.36983,35.74016],[51.36934,35.74007],[51.36854,35.74008],[51.36819,35.74062],[51.36864,35.74114],[51.36942,35.74102],[51.36977,35.74034],[51.36989,35.73993],[51.37002,35.73948],[51.37011,35.73903],[51.37022,35.73858],[51.37033,35.73813],[51.37044,35.73767],[51.37054,35.7372],[51.37064,35.73672],[51.37074,35.73624],[51.37085,35.73576],[51.37094,35.73525],[51.37105,35.73474],[51.37116,35.73423],[51.37121,35.7337],[51.37121,35.73317],[51.37115,35.73265],[51.37104,35.73213],[51.37088,35.7316],[51.37066,35.73109],[51.37035,35.7306],[51.36997,35.73012],[51.36953,35.72968],[51.36908,35.72926],[51.36864,35.72887],[51.36824,35.72846],[51.36783,35.72807],[51.36742,35.72769],[51.367,35.7273],[51.36656,35.72688],[51.3661,35.72645],[51.36563,35.72601],[51.36519,35.7256],[51.36475,35.72518],[51.36429,35.72476],[51.36385,35.72434],[51.36342,35.72393],[51.36299,35.72353],[51.36258,35.72314],[51.36218,35.72276],[51.36182,35.72243],[51.3615,35.72211],[51.36112,35.72176],[51.3607,35.72137],[51.36029,35.72098],[51.35988,35.7206],[51.35951,35.72024],[51.35913,35.71989],[51.35874,35.71952],[51.35833,35.71914],[51.3579,35.71873],[51.35745,35.7183],[51.35698,35.71786],[51.35651,35.71742],[51.35603,35.71697],[51.35555,35.71653],[51.35502,35.71609],[51.35447,35.7157],[51.3539,35.71532],[51.35329,35.71497],[51.35269,35.71467],[51.35207,35.71438],[51.35143,35.71413],[51.35074,35.71391],[51.35006,35.71372],[51.34943,35.71357],[51.34882,35.71346],[51.34817,35.71333],[51.34753,35.71319],[51.34691,35.71306],[51.34635,35.71295],[51.34584,35.71281],[51.34531,35.71269],[51.34474,35.71257],[51.34414,35.71246],[51.34355,35.71235],[51.34297,35.71226],[51.34239,35.71216],[51.34178,35.71209],[51.34119,35.71202],[51.3406,35.71199],[51.34002,35.71197],[51.33943,35.71195],[51.33887,35.71195],[51.33832,35.71197],[51.33776,35.71201],[51.33723,35.71207],[51.33676,35.71212],[51.33607,35.71224],[51.33536,35.71238],[51.33467,35.71259],[51.33416,35.71286],[51.33409,35.71332],[51.33449,35.71383],[51.33495,35.71426],[51.3356,35.71453],[51.33598,35.71421],[51.33612,35.71365],[51.3362,35.71326],[51.33628,35.71287],[51.33638,35.7122],[51.33642,35.71182],[51.33645,35.71139],[51.33648,35.71095],[51.33651,35.71054],[51.33662,35.70999],[51.33672,35.70928],[51.33679,35.70884],[51.33688,35.70837],[51.33693,35.7079],[51.33697,35.70743],[51.33705,35.70695],[51.33712,35.7065],[51.33716,35.70612],[51.33722,35.70558],[51.33723,35.70547],[51.33733,35.7049],[51.33739,35.70452],[51.33744,35.70413],[51.33755,35.70368],[51.33761,35.70323],[51.3375,35.70276],[51.33727,35.70245],[51.33699,35.70213],[51.33666,35.70187],[51.33657,35.70184],[51.3361,35.70173],[51.33569,35.70151],[51.33535,35.70124],[51.33502,35.70087],[51.3347,35.70032],[51.33455,35.69949],[51.3346,35.69912],[51.33494,35.69848],[51.33549,35.69795],[51.33615,35.69768],[51.33678,35.69758],[51.33736,35.69749],[51.3379,35.69728],[51.33835,35.69688],[51.33875,35.69639],[51.33918,35.69593],[51.3396,35.69537],[51.33984,35.69479],[51.33992,35.69427],[51.34,35.69371],[51.34005,35.69316],[51.34009,35.69263],[51.34014,35.69207],[51.34018,35.69159],[51.34021,35.69119],[51.34026,35.69071],[51.3403,35.69027],[51.34035,35.68972],[51.34038,35.6892],[51.34044,35.68869],[51.34055,35.68814],[51.34067,35.68779],[51.34084,35.68731],[51.34101,35.68691],[51.34117,35.68646],[51.34129,35.68611],[51.34144,35.68571],[51.34164,35.68517],[51.34176,35.68482],[51.3419,35.68444],[51.34204,35.68403],[51.34219,35.68362],[51.34234,35.68321],[51.34249,35.68279],[51.34255,35.68235],[51.3425,35.6819],[51.34236,35.68149],[51.34213,35.68115],[51.34181,35.68088],[51.34142,35.68069],[51.34063,35.68052],[51.34019,35.68046],[51.33971,35.68041],[51.3392,35.68034],[51.3387,35.68027],[51.33816,35.68019],[51.33757,35.6801],[51.33696,35.68],[51.33635,35.6799],[51.33573,35.6798],[51.33514,35.6797],[51.3346,35.6796],[51.33404,35.67951],[51.33348,35.67942],[51.33295,35.67934],[51.3324,35.67923],[51.33186,35.67904],[51.33141,35.67877],[51.33094,35.67848],[51.33049,35.67818],[51.33007,35.67791],[51.32968,35.67765],[51.32932,35.67742],[51.32869,35.67703],[51.32823,35.67668],[51.32758,35.67631],[51.32696,35.67588],[51.32625,35.67543],[51.32579,35.67524],[51.32527,35.6751],[51.32472,35.67497],[51.32413,35.6749],[51.3235,35.6749],[51.32286,35.67492],[51.3222,35.67497],[51.32153,35.675],[51.32084,35.67504],[51.32011,35.67508],[51.31937,35.67512],[51.3186,35.67516],[51.31782,35.6752],[51.31701,35.67524],[51.3162,35.67529],[51.31536,35.67533],[51.31454,35.67537],[51.31372,35.67542],[51.31291,35.67547],[51.31209,35.67552],[51.31126,35.67558],[51.31046,35.67563],[51.30968,35.67568],[51.30896,35.67572],[51.30827,35.67576],[51.30758,35.67579],[51.30688,35.67582],[51.30614,35.67585],[51.30536,35.67587],[51.30456,35.6759],[51.30378,35.67593],[51.30303,35.67596],[51.30226,35.67598],[51.30148,35.67601],[51.30071,35.67604],[51.29996,35.67607],[51.29923,35.6761],[51.29854,35.67612],[51.29788,35.67614],[51.29724,35.67616],[51.29662,35.67618],[51.29604,35.6762],[51.29549,35.67622],[51.29494,35.67623],[51.29436,35.67625],[51.29376,35.67626],[51.29313,35.67628],[51.29249,35.67629],[51.29183,35.67631],[51.29114,35.67634],[51.29042,35.67637],[51.28968,35.67639],[51.28891,35.6764],[51.28811,35.67642],[51.28731,35.67644],[51.2865,35.67648],[51.28568,35.67651],[51.28486,35.67654],[51.28404,35.67657],[51.28324,35.67659],[51.28247,35.67662],[51.2817,35.67664],[51.28093,35.67665],[51.2802,35.67667],[51.27952,35.67668],[51.27888,35.67671],[51.2783,35.67672],[51.27778,35.67675],[51.27724,35.67679],[51.27663,35.67683],[51.27598,35.67687],[51.27534,35.67692],[51.27471,35.67697],[51.27409,35.67701],[51.27354,35.67704],[51.27298,35.67708],[51.27239,35.67712],[51.2718,35.67715],[51.27119,35.6772],[51.27056,35.67726],[51.26991,35.67733],[51.26926,35.67741],[51.26863,35.6775],[51.26804,35.67759],[51.26744,35.67768],[51.26685,35.67775],[51.26623,35.67784],[51.26561,35.67792],[51.26504,35.678],[51.26448,35.67807],[51.26397,35.67815],[51.26338,35.67823],[51.26289,35.67829],[51.26234,35.67838],[51.26176,35.67847],[51.26116,35.67853],[51.26067,35.6786],[51.26001,35.6787],[51.25918,35.67882],[51.25868,35.67888],[51.25812,35.67896],[51.25753,35.67904],[51.25694,35.67913],[51.25633,35.67922],[51.25572,35.67932],[51.25512,35.67941],[51.25449,35.67951],[51.25383,35.67961],[51.25322,35.6797],[51.25271,35.67978],[51.25214,35.67986],[51.2515,35.67994],[51.25066,35.68008],[51.25015,35.68017],[51.2496,35.68027],[51.24901,35.68036],[51.2484,35.68045],[51.24776,35.68055],[51.2471,35.68065],[51.24643,35.68075],[51.24575,35.68084],[51.24504,35.68095],[51.2443,35.68106],[51.24357,35.68117],[51.24285,35.68129],[51.24211,35.6814],[51.24134,35.68152],[51.24056,35.68164],[51.23978,35.68176],[51.23903,35.68189],[51.23827,35.68203],[51.23753,35.68221],[51.23682,35.68243],[51.23614,35.68266],[51.23553,35.68287],[51.23498,35.68306],[51.2345,35.68322],[51.23404,35.68337],[51.23359,35.68353],[51.23315,35.68368],[51.23271,35.68382],[51.23223,35.68397],[51.2317,35.68414],[51.23116,35.68435],[51.23066,35.68454],[51.23016,35.68474],[51.22966,35.68497],[51.22919,35.68518],[51.22875,35.68535],[51.22833,35.68555],[51.22788,35.68577],[51.22738,35.68603],[51.22682,35.68626],[51.22624,35.68648],[51.22563,35.6867],[51.22503,35.68693],[51.22445,35.68716],[51.22389,35.68738],[51.2233,35.68758],[51.22269,35.68782],[51.22208,35.68805],[51.22146,35.68829],[51.22083,35.68855],[51.22019,35.6888],[51.21956,35.68907],[51.21892,35.68935],[51.21831,35.68959],[51.2177,35.68983],[51.21713,35.69008],[51.21659,35.69031],[51.21605,35.69055],[51.21552,35.69078],[51.21498,35.69099],[51.21444,35.69121],[51.21393,35.69141],[51.21346,35.69159],[51.21303,35.69176],[51.2124,35.69202],[51.21216,35.69171],[51.21273,35.69146],[51.21312,35.69129],[51.21355,35.69109],[51.21402,35.69086],[51.21453,35.69062],[51.21505,35.69039],[51.21559,35.69016],[51.21612,35.68993],[51.21661,35.68971],[51.21706,35.68953],[51.21747,35.68936],[51.21788,35.68919],[51.21829,35.68901],[51.21895,35.68874],[51.21932,35.68851],[51.21936,35.68806],[51.21885,35.68776],[51.21822,35.6874],[51.21748,35.68697],[51.2171,35.68673],[51.21673,35.68652],[51.21634,35.68628],[51.21594,35.68609],[51.21532,35.68565],[51.21496,35.68538],[51.21453,35.68509],[51.21406,35.68478],[51.21359,35.68445],[51.21309,35.68411],[51.21259,35.68378],[51.2121,35.68345],[51.2116,35.68311],[51.2111,35.68277],[51.21057,35.68242],[51.21005,35.68206],[51.20951,35.6817],[51.20898,35.68135],[51.20847,35.68102],[51.20799,35.6807],[51.20752,35.68038],[51.20706,35.68007],[51.2066,35.67975],[51.2061,35.67943],[51.20558,35.67908],[51.20505,35.67871],[51.20448,35.67833],[51.20391,35.67795],[51.20335,35.67756],[51.2028,35.67719],[51.20225,35.67682],[51.20173,35.67646],[51.20123,35.67612],[51.20071,35.67578],[51.2002,35.67544],[51.19968,35.67509],[51.19915,35.67474],[51.19864,35.67439],[51.19812,35.67404],[51.19761,35.6737],[51.19711,35.67333],[51.19658,35.67298],[51.19606,35.67261],[51.19552,35.67226],[51.19501,35.6719],[51.19449,35.67155],[51.19399,35.67121],[51.19348,35.67089],[51.19301,35.67056],[51.19256,35.67025],[51.19215,35.66997],[51.19173,35.66968],[51.19129,35.66938],[51.19089,35.66909],[51.1904,35.66878],[51.19,35.66852],[51.18959,35.66827],[51.18917,35.66801],[51.18871,35.66773],[51.18831,35.66748],[51.18791,35.66724],[51.18751,35.66694],[51.18715,35.6667],[51.18692,35.66665],[51.18682,35.66663],[51.18656,35.66651],[51.18663,35.66651],[51.18691,35.66657],[51.18648,35.66624],[51.18616,35.66597],[51.18579,35.66568],[51.1854,35.6654],[51.18571,35.66531],[51.18585,35.6653],[51.18579,35.66522],[51.18541,35.66543],[51.1851,35.66512],[51.1847,35.66487],[51.18433,35.66466],[51.18413,35.6648],[51.1841,35.6648],[51.18412,35.6648],[51.18416,35.66479],[51.18435,35.66466],[51.18409,35.66435],[51.18371,35.664],[51.18327,35.66357],[51.18276,35.66309],[51.18221,35.66256],[51.18166,35.66204],[51.18109,35.6615],[51.18054,35.66099],[51.18025,35.66071],[51.17992,35.66042],[51.17959,35.66013],[51.17927,35.65984],[51.17896,35.65955],[51.17866,35.65926],[51.17835,35.65897],[51.17804,35.65868],[51.1777,35.65838],[51.17738,35.65809],[51.17706,35.65779],[51.17673,35.65749],[51.1764,35.65718],[51.17607,35.65686],[51.17574,35.65654],[51.17539,35.65621],[51.17504,35.65587],[51.17468,35.65553],[51.17433,35.65518],[51.17396,35.65482],[51.1736,35.65447],[51.17326,35.65414],[51.17292,35.65381],[51.17259,35.65349],[51.17224,35.65316],[51.17189,35.65281],[51.17153,35.65246],[51.17113,35.65207],[51.17072,35.65167],[51.17032,35.65128],[51.16995,35.6509],[51.16961,35.65054],[51.16928,35.65018],[51.16895,35.64983],[51.16867,35.64949],[51.16833,35.64915],[51.16798,35.64879],[51.16759,35.6484],[51.1672,35.64798],[51.16682,35.64758],[51.16645,35.64717],[51.16609,35.64677],[51.16575,35.6464],[51.16544,35.64605],[51.16512,35.6457],[51.16478,35.64531],[51.1644,35.64491],[51.16403,35.6445],[51.16365,35.64411],[51.16324,35.64377],[51.16274,35.64351],[51.16224,35.64336],[51.16173,35.64328],[51.1612,35.64323],[51.16067,35.64319],[51.16014,35.64315],[51.1596,35.64311],[51.15904,35.64308],[51.15848,35.64312],[51.15794,35.64322],[51.15742,35.64335],[51.15687,35.64349],[51.1563,35.64364],[51.15571,35.64379],[51.1551,35.64393],[51.1545,35.64407],[51.15387,35.64419],[51.15326,35.64428],[51.15265,35.64435],[51.15204,35.64442],[51.15143,35.64447],[51.15081,35.64452],[51.15022,35.64456],[51.14964,35.6446],[51.14906,35.64465],[51.14847,35.64469],[51.14787,35.64475],[51.1473,35.6448],[51.14674,35.64485],[51.14619,35.64489],[51.14565,35.64493],[51.14513,35.64498],[51.14462,35.64506],[51.14411,35.64513],[51.1436,35.64516],[51.14309,35.64519],[51.14258,35.64525],[51.14208,35.64532],[51.1416,35.64541],[51.14112,35.64551],[51.14064,35.64561],[51.1401,35.64578],[51.14029,35.64625],[51.14055,35.64661],[51.14074,35.64696],[51.14077,35.64708],[51.1407,35.64705],[51.14076,35.64704],[51.14087,35.64705],[51.1408,35.64705],[51.1408,35.64708],[51.14074,35.64701],[51.14051,35.64657],[51.14037,35.64623],[51.14023,35.64588],[51.13977,35.64582],[51.13926,35.64594],[51.1386,35.64607],[51.13783,35.64623],[51.13699,35.64643],[51.13615,35.64666],[51.13572,35.64677],[51.13529,35.64688],[51.13486,35.64698],[51.13441,35.64708],[51.13396,35.64717],[51.13343,35.64731],[51.13294,35.64745],[51.1329,35.64782],[51.133,35.64825],[51.13324,35.64861],[51.1332,35.64903],[51.13278,35.64922],[51.13236,35.64934],[51.13216,35.64919],[51.13216,35.64915],[51.13232,35.64943],[51.13187,35.64943],[51.13136,35.64957],[51.13076,35.64972],[51.13028,35.64982],[51.13042,35.64947],[51.13061,35.64908],[51.13054,35.6487],[51.13036,35.64828],[51.12988,35.64827],[51.12931,35.64838],[51.12873,35.64849],[51.12825,35.64857],[51.12768,35.6486],[51.12716,35.64865],[51.12655,35.6487],[51.12593,35.64873],[51.12516,35.64878],[51.12429,35.64884],[51.12384,35.64885],[51.12338,35.64886],[51.12288,35.64887],[51.12235,35.64887],[51.12177,35.6489],[51.12118,35.64891],[51.12065,35.64893],[51.12013,35.64895],[51.11957,35.64897],[51.11898,35.64901],[51.1184,35.64903],[51.11783,35.64906],[51.11723,35.64908],[51.11662,35.6491],[51.11602,35.64913],[51.11542,35.64915],[51.11481,35.64917],[51.11418,35.6492],[51.11353,35.64922],[51.11288,35.64924],[51.11224,35.64926],[51.11162,35.64928],[51.11099,35.6493],[51.11038,35.64932],[51.10977,35.64934],[51.10916,35.64937],[51.10854,35.64939],[51.10788,35.64941],[51.10721,35.64943],[51.10654,35.64946],[51.10591,35.64949],[51.10529,35.64952],[51.1047,35.64954],[51.10412,35.64954],[51.10356,35.64953],[51.10297,35.64954],[51.10235,35.64956],[51.10175,35.64959],[51.10119,35.64962],[51.10068,35.64966],[51.10017,35.64969],[51.09969,35.64971],[51.09916,35.64971],[51.09973,35.64956],[51.10052,35.64953],[51.10099,35.6495],[51.10149,35.64947],[51.10202,35.64944],[51.10257,35.64942],[51.10313,35.64941],[51.10371,35.64938],[51.1043,35.64936],[51.10492,35.64934],[51.10554,35.64933],[51.10617,35.64931],[51.10678,35.64928],[51.10739,35.64926],[51.10799,35.64924],[51.10858,35.64923],[51.10918,35.64921],[51.10974,35.64919],[51.11031,35.64916],[51.11091,35.64914],[51.11151,35.64911],[51.11211,35.64909],[51.1127,35.64907],[51.11331,35.64904],[51.11392,35.64902],[51.11448,35.64902],[51.11503,35.649],[51.11556,35.64899],[51.11612,35.64899],[51.11671,35.64897],[51.11728,35.64895],[51.11785,35.64893],[51.11843,35.6489],[51.119,35.64888],[51.11955,35.64887],[51.12011,35.64885],[51.12065,35.64884],[51.12117,35.64882],[51.12165,35.64882],[51.12212,35.64881],[51.12257,35.64878],[51.12331,35.64874],[51.12415,35.64871],[51.12463,35.64869],[51.12509,35.64869],[51.12554,35.64866],[51.12598,35.64864],[51.12663,35.6486],[51.12712,35.64857],[51.12761,35.64852],[51.1282,35.64842],[51.12879,35.6483],[51.12946,35.64813],[51.12999,35.64801],[51.13056,35.64787],[51.13114,35.64773],[51.13177,35.64757],[51.13241,35.64744],[51.1331,35.64729],[51.13355,35.64717],[51.13359,35.64711],[51.13358,35.64705],[51.13357,35.64709],[51.13359,35.64711],[51.13383,35.647],[51.13361,35.64715],[51.13379,35.64674],[51.13381,35.64636],[51.13377,35.64592],[51.13372,35.64538],[51.13366,35.64497],[51.13362,35.64443],[51.13357,35.64397],[51.1336,35.64361],[51.13393,35.64321],[51.13436,35.64271],[51.13483,35.64218],[51.13531,35.64162],[51.13578,35.64109],[51.13623,35.64056],[51.13668,35.64005],[51.13715,35.63951],[51.13741,35.63922],[51.13771,35.63891],[51.13797,35.63861],[51.13833,35.6382],[51.13808,35.63868],[51.13766,35.63911],[51.13719,35.63962],[51.137,35.63982],[51.13702,35.63952],[51.13705,35.63943],[51.13712,35.63972],[51.13682,35.6401],[51.1365,35.64047],[51.13613,35.64091],[51.13567,35.64143],[51.13517,35.642],[51.13468,35.64255],[51.13428,35.64297],[51.13395,35.6433],[51.13383,35.64381],[51.13377,35.64439],[51.13379,35.64503],[51.13388,35.64553],[51.13399,35.64596],[51.13405,35.64636],[51.1343,35.64677],[51.13475,35.64683],[51.13543,35.64668],[51.13613,35.64651],[51.13662,35.6464],[51.13656,35.64604],[51.13657,35.64607],[51.13655,35.64602],[51.13656,35.64603],[51.13657,35.64604],[51.13655,35.64604],[51.13692,35.6463],[51.1376,35.64612],[51.1381,35.64599],[51.1387,35.64584],[51.13937,35.6457],[51.1402,35.64551],[51.14068,35.6454],[51.14113,35.64531],[51.14158,35.64524],[51.14238,35.64511],[51.14317,35.64498],[51.1438,35.64492],[51.14323,35.64512],[51.14243,35.64524],[51.14159,35.6454],[51.14109,35.64548],[51.14031,35.64568],[51.13966,35.64585],[51.13889,35.64606],[51.13808,35.64622],[51.13763,35.64634],[51.13719,35.64645],[51.13675,35.64655],[51.13629,35.64666],[51.13582,35.64674],[51.13538,35.64684],[51.13493,35.64693],[51.13448,35.64704],[51.1337,35.64724],[51.13284,35.64745],[51.13234,35.6476],[51.13182,35.64776],[51.13135,35.64787],[51.13065,35.64803],[51.13009,35.64812],[51.12944,35.64827],[51.12873,35.64847],[51.12818,35.64859],[51.12764,35.64869],[51.12693,35.64874],[51.12601,35.64879],[51.12548,35.64882],[51.12494,35.64884],[51.12439,35.64887],[51.12385,35.64888],[51.12333,35.6489],[51.12279,35.64892],[51.12223,35.64894],[51.1217,35.64898],[51.12117,35.64901],[51.12064,35.64903],[51.12012,35.64903],[51.11959,35.64905],[51.11904,35.64905],[51.11849,35.64906],[51.11797,35.64908],[51.11745,35.64907],[51.11691,35.64911],[51.11638,35.64914],[51.11585,35.64914],[51.11528,35.64917],[51.11469,35.64918],[51.1141,35.64918],[51.11358,35.64921],[51.11296,35.64925],[51.11228,35.64925],[51.11162,35.64927],[51.11104,35.64931],[51.11044,35.64932],[51.10984,35.64934],[51.10924,35.64936],[51.10861,35.64938],[51.10798,35.64941],[51.10733,35.64943],[51.10671,35.64945],[51.10609,35.64947],[51.10548,35.64951],[51.10486,35.64953],[51.10421,35.64955],[51.10358,35.64957],[51.10296,35.6496],[51.10232,35.64962],[51.10164,35.64965],[51.101,35.6497],[51.10034,35.64973],[51.09969,35.64975],[51.09903,35.64977],[51.09837,35.64978],[51.0977,35.64979],[51.09704,35.64979],[51.09639,35.6498],[51.09576,35.64981],[51.09513,35.64984],[51.09455,35.64987],[51.09398,35.64989],[51.0934,35.6499],[51.09282,35.64992],[51.09223,35.64995],[51.09162,35.65],[51.09102,35.65007],[51.09043,35.65014],[51.08982,35.65021],[51.08918,35.65029],[51.08855,35.65038],[51.0879,35.65047],[51.08726,35.65056],[51.08664,35.65066],[51.08607,35.65073],[51.08559,35.65081],[51.08499,35.65087],[51.08435,35.65099],[51.08355,35.65112],[51.08311,35.65118],[51.08264,35.65124],[51.08215,35.6513],[51.08166,35.65138],[51.08119,35.65146],[51.08069,35.65153],[51.08017,35.6516],[51.07963,35.65168],[51.07909,35.65176],[51.07853,35.65184],[51.07799,35.65192],[51.07744,35.65198],[51.07691,35.65207],[51.0764,35.65217],[51.0759,35.65224],[51.07543,35.65231],[51.07499,35.65238],[51.07445,35.65251],[51.07391,35.65284],[51.07345,35.65305],[51.073,35.65281],[51.07293,35.65239],[51.07319,35.65207],[51.07341,35.65161],[51.07372,35.651],[51.07415,35.65037],[51.07441,35.65003],[51.07471,35.64965],[51.07499,35.64924],[51.07525,35.6488],[51.07552,35.64836],[51.07581,35.64789],[51.07612,35.64745],[51.07642,35.64702],[51.07672,35.64658],[51.07702,35.64615],[51.07732,35.64572],[51.07764,35.64527],[51.07793,35.64482],[51.07816,35.64438],[51.07833,35.64387],[51.07844,35.64336],[51.07857,35.64285],[51.07868,35.64235],[51.07879,35.64189],[51.07894,35.64149],[51.07913,35.6411],[51.07934,35.64073],[51.07957,35.64038],[51.07996,35.63981],[51.08025,35.63943],[51.08048,35.63906],[51.0808,35.6388],[51.08146,35.63881],[51.08198,35.63884],[51.0826,35.63855],[51.08336,35.63817],[51.08375,35.63795],[51.08417,35.63775],[51.08461,35.6375],[51.08504,35.63724],[51.08543,35.63694],[51.08581,35.6366],[51.0862,35.63625],[51.08658,35.63589],[51.08697,35.63555],[51.08742,35.63526],[51.08788,35.635],[51.08834,35.63474],[51.0888,35.63448],[51.08927,35.63422],[51.08974,35.63395],[51.0902,35.63369],[51.09067,35.63342],[51.09112,35.63316],[51.09156,35.6329],[51.09201,35.63265],[51.09247,35.63246],[51.09298,35.63238],[51.09347,35.63232],[51.09393,35.63225],[51.09439,35.63215],[51.09485,35.63206],[51.09549,35.63189],[51.09594,35.63171],[51.09642,35.63138],[51.09681,35.63105],[51.09715,35.63072],[51.09747,35.63039],[51.0977,35.63007],[51.09796,35.6297],[51.09817,35.62937],[51.09848,35.62895],[51.09854,35.62878],[51.09856,35.62875],[51.09864,35.62867],[51.0986,35.62859],[51.09904,35.62833],[51.09941,35.62793],[51.09974,35.62777],[51.09978,35.62775],[51.09969,35.62773],[51.09973,35.62769],[51.09956,35.62787],[51.09956,35.62777],[51.09924,35.62811],[51.09892,35.62846],[51.09858,35.62883],[51.09831,35.6292],[51.09804,35.62961],[51.09773,35.63008],[51.0974,35.63053],[51.09712,35.63084],[51.09674,35.63119],[51.09622,35.63159],[51.09564,35.6319],[51.0952,35.63203],[51.09464,35.63216],[51.09396,35.6323],[51.09322,35.63245],[51.09244,35.63256],[51.0917,35.6329],[51.09132,35.63314],[51.09089,35.63337],[51.09047,35.63362],[51.09006,35.63386],[51.08963,35.63411],[51.0892,35.63435],[51.08876,35.6346],[51.0883,35.63486],[51.08783,35.63511],[51.08737,35.63537],[51.08692,35.63567],[51.0865,35.63604],[51.08609,35.63643],[51.08568,35.63681],[51.08529,35.63716],[51.08484,35.63748],[51.08432,35.63776],[51.0838,35.63804],[51.08331,35.6383],[51.08283,35.63857],[51.08237,35.6388],[51.08195,35.63898],[51.08137,35.63914],[51.08076,35.63932],[51.08031,35.6396],[51.08006,35.6399],[51.07981,35.64021],[51.0795,35.64065],[51.07914,35.64123],[51.07895,35.64158],[51.07881,35.64196],[51.0787,35.64237],[51.07859,35.6428],[51.07851,35.64323],[51.07841,35.64368],[51.07831,35.6441],[51.07818,35.64451],[51.078,35.64493],[51.07776,35.64533],[51.07746,35.64573],[51.07717,35.64613],[51.07687,35.64656],[51.07658,35.64699],[51.07628,35.64742],[51.07598,35.64783],[51.07569,35.64825],[51.07543,35.64867],[51.0752,35.64908],[51.07494,35.6495],[51.07465,35.64988],[51.07436,35.65026],[51.0741,35.65062],[51.07387,35.65094],[51.07358,35.65153],[51.07362,35.65206],[51.07384,35.65243],[51.07373,35.65292],[51.07325,35.65299],[51.07275,35.6528],[51.07224,35.65278],[51.07162,35.65287],[51.0711,35.65294],[51.07071,35.65277],[51.07059,35.65236],[51.07052,35.65186],[51.07055,35.65144],[51.07017,35.65118],[51.06979,35.65098],[51.0693,35.65075],[51.06877,35.6505],[51.06878,35.65005],[51.06903,35.64974],[51.06929,35.64942],[51.06951,35.64908],[51.06981,35.64867],[51.07009,35.64832],[51.07059,35.64807],[51.07092,35.6478],[51.07088,35.64781],[51.07077,35.64778],[51.07076,35.6478],[51.07064,35.64774],[51.07075,35.6477],[51.07122,35.64778],[51.07167,35.64781],[51.07213,35.64778],[51.07254,35.64751],[51.07275,35.64715],[51.07304,35.64677],[51.07332,35.64635],[51.07384,35.64576],[51.07405,35.64516],[51.07415,35.64454],[51.07424,35.64384],[51.07436,35.64309],[51.07445,35.6427],[51.07455,35.64233],[51.07469,35.64197],[51.07496,35.64137],[51.07514,35.64094],[51.07532,35.64054],[51.07542,35.64012],[51.07514,35.63971],[51.07464,35.63952],[51.07401,35.63929],[51.07333,35.63906],[51.07262,35.63881],[51.07202,35.6386],[51.07128,35.63837],[51.07072,35.63821],[51.07023,35.63809],[51.06968,35.63793],[51.06915,35.63779],[51.06856,35.63764],[51.06801,35.63749],[51.06739,35.63733],[51.06661,35.63714],[51.06605,35.63697],[51.06555,35.63687],[51.06509,35.6367],[51.06527,35.63628],[51.06551,35.6358],[51.0657,35.6353],[51.06576,35.63482],[51.06588,35.63419],[51.06612,35.63349],[51.06625,35.63313],[51.06638,35.63278],[51.06652,35.63242],[51.06666,35.63206],[51.0668,35.6317],[51.06692,35.63133],[51.06706,35.63098],[51.06752,35.63039],[51.06786,35.63014],[51.06821,35.6299],[51.06879,35.62946],[51.06905,35.62911],[51.06878,35.62881],[51.06827,35.62836],[51.06796,35.6281],[51.06762,35.62781],[51.06728,35.62752],[51.06691,35.62723],[51.0666,35.62697],[51.06608,35.62657],[51.06557,35.62613],[51.06493,35.62563],[51.06454,35.62537],[51.06423,35.6251],[51.06392,35.6248],[51.06332,35.62429],[51.06291,35.62393],[51.06302,35.6235],[51.06329,35.6229],[51.06369,35.62233],[51.06417,35.62183],[51.06413,35.62129],[51.06375,35.62063],[51.06359,35.62025],[51.06353,35.61987],[51.06351,35.61949],[51.06349,35.61911],[51.06344,35.61845],[51.06344,35.61782],[51.06355,35.61715],[51.06346,35.61647],[51.06333,35.61578],[51.06333,35.61541],[51.06336,35.61505],[51.06346,35.61436],[51.06376,35.61375],[51.06414,35.61315],[51.06461,35.61256],[51.06506,35.61195],[51.06523,35.61161],[51.06536,35.61123],[51.06544,35.61087],[51.06558,35.61018],[51.06573,35.60957],[51.06593,35.60918],[51.06605,35.60882],[51.06618,35.60846],[51.06634,35.60812],[51.0662,35.60856],[51.06645,35.60893],[51.06655,35.6091],[51.06652,35.60915],[51.06664,35.60923],[51.06654,35.60914],[51.06656,35.60918],[51.06611,35.60907],[51.06585,35.6095],[51.06574,35.60999],[51.06565,35.61042],[51.06557,35.61079],[51.06548,35.61124],[51.06533,35.61165],[51.06541,35.61109],[51.06548,35.61066],[51.06558,35.61019],[51.06568,35.60972],[51.06589,35.60927],[51.06609,35.60886],[51.06629,35.60842],[51.06647,35.60804],[51.06657,35.60768],[51.06647,35.60719],[51.06638,35.60684],[51.06641,35.60645],[51.06651,35.606],[51.06635,35.60564],[51.06593,35.60536],[51.06558,35.6051],[51.06526,35.6047],[51.06507,35.60431],[51.06495,35.60429],[51.06508,35.60391],[51.0651,35.6035],[51.06521,35.60301],[51.06529,35.6026],[51.06536,35.60219],[51.06541,35.60176],[51.06534,35.60134],[51.0652,35.60097],[51.06505,35.60057],[51.06494,35.6002],[51.06484,35.59979],[51.06471,35.5994],[51.06466,35.59901],[51.0648,35.59895],[51.06473,35.59895],[51.06484,35.5989],[51.06467,35.59851],[51.06466,35.59807],[51.06461,35.59757],[51.06411,35.59754],[51.06362,35.59742],[51.06313,35.5972],[51.06269,35.59688],[51.06223,35.59666],[51.06191,35.59708],[51.06182,35.5975],[51.06168,35.59785],[51.06139,35.5982],[51.06113,35.59859],[51.06069,35.59863],[51.06024,35.5984],[51.05981,35.59819],[51.05935,35.598],[51.05891,35.59774],[51.05871,35.5974],[51.05863,35.59738],[51.05854,35.59747],[51.05857,35.59753],[51.05855,35.59746],[51.05859,35.59746],[51.05893,35.59709],[51.05925,35.59676],[51.0594,35.59638],[51.05948,35.59598],[51.05921,35.59566],[51.0592,35.59524],[51.05922,35.59501],[51.05926,35.5948],[51.05935,35.5948],[51.05886,35.59478],[51.05847,35.59445],[51.05817,35.59416],[51.05784,35.59385],[51.05756,35.59356],[51.05718,35.59317],[51.05698,35.5928],[51.05674,35.59244],[51.05653,35.59209],[51.05626,35.59177],[51.05573,35.59129],[51.0554,35.59086],[51.0556,35.59034],[51.0557,35.58964],[51.05567,35.58926],[51.05562,35.58889],[51.05566,35.58852],[51.05575,35.58813],[51.0559,35.58777],[51.05609,35.58742],[51.05647,35.58677],[51.05665,35.58641],[51.05684,35.58608],[51.05703,35.58573],[51.05724,35.58537],[51.05747,35.58502],[51.05768,35.58467],[51.05791,35.58412],[51.05817,35.58361],[51.05841,35.58314],[51.05876,35.58266],[51.05918,35.58209],[51.0597,35.58157],[51.06,35.58129],[51.06021,35.58095],[51.06035,35.5806],[51.06079,35.58],[51.06099,35.57935],[51.06141,35.57873],[51.06168,35.57834],[51.06193,35.57797],[51.06221,35.57757],[51.06228,35.57717],[51.06208,35.57685],[51.0618,35.57653],[51.06146,35.57652],[51.06143,35.57649],[51.06189,35.57661],[51.06231,35.57696],[51.06239,35.57733],[51.06217,35.57773],[51.06189,35.57807],[51.06169,35.57841],[51.06138,35.57884],[51.06108,35.57928],[51.06091,35.57978],[51.06065,35.58028],[51.0603,35.58073],[51.06002,35.58131],[51.05945,35.58182],[51.05918,35.58214],[51.05893,35.58247],[51.05867,35.58282],[51.05843,35.58316],[51.05823,35.58348],[51.05796,35.58407],[51.05776,35.5844],[51.05725,35.58422],[51.05661,35.58382],[51.05624,35.58358],[51.05585,35.58336],[51.05549,35.58314],[51.05483,35.58269],[51.05433,35.58227],[51.05384,35.58208],[51.05326,35.58188],[51.05275,35.58172],[51.05231,35.5816],[51.05182,35.58138],[51.05183,35.58136],[51.05186,35.58128],[51.05182,35.58131],[51.05185,35.58129],[51.05175,35.5814],[51.05178,35.58139],[51.05228,35.58136],[51.05281,35.58164],[51.05322,35.58184],[51.05377,35.58199],[51.05419,35.58221],[51.05461,35.58252],[51.05522,35.58291],[51.05595,35.58333],[51.05632,35.58354],[51.05667,35.58377],[51.05735,35.58417],[51.05778,35.58447],[51.05768,35.58483],[51.05732,35.58536],[51.057,35.58592],[51.05666,35.58658],[51.05646,35.58694],[51.05626,35.58729],[51.05604,35.58765],[51.05586,35.58798],[51.05566,35.58868],[51.05565,35.58906],[51.05573,35.58975],[51.0556,35.59047],[51.05546,35.59094],[51.05591,35.59142],[51.05632,35.59181],[51.05663,35.59215],[51.05686,35.59254],[51.05708,35.59298],[51.05728,35.59338],[51.0576,35.59371],[51.05787,35.59402],[51.05819,35.59436],[51.05855,35.59473],[51.05885,35.5948],[51.05905,35.59486],[51.05893,35.59524],[51.05866,35.59559],[51.0584,35.59589],[51.0581,35.59621],[51.05759,35.5965],[51.05714,35.59672],[51.05676,35.59696],[51.05667,35.59708],[51.057,35.59711],[51.05679,35.59719],[51.05687,35.59706],[51.05667,35.5971],[51.05629,35.5974],[51.05592,35.59763],[51.05537,35.59746],[51.05481,35.59734],[51.05434,35.59739],[51.0539,35.59755],[51.05343,35.59772],[51.05287,35.5979],[51.05228,35.59809],[51.05175,35.5983],[51.05134,35.5985],[51.05081,35.59882],[51.05022,35.59915],[51.04963,35.59948],[51.04915,35.59976],[51.04862,35.6001],[51.04815,35.60044],[51.04771,35.60089],[51.04721,35.60142],[51.04672,35.60198],[51.04637,35.60252],[51.0461,35.60316],[51.04586,35.6038],[51.04562,35.60442],[51.04537,35.60506],[51.0451,35.60567],[51.04478,35.60636],[51.04464,35.60671],[51.04449,35.60707],[51.04424,35.60767],[51.04402,35.60815],[51.04342,35.60819],[51.04288,35.60804],[51.04224,35.60795],[51.0418,35.60812],[51.04165,35.60849],[51.04146,35.60891],[51.04136,35.60933],[51.04124,35.60992],[51.04106,35.6106],[51.04095,35.61097],[51.04085,35.61134],[51.04077,35.61173],[51.04069,35.61213],[51.0406,35.61256],[51.04052,35.613],[51.04044,35.61346],[51.04036,35.6139],[51.04027,35.61432],[51.04018,35.61476],[51.04011,35.6152],[51.04004,35.61563],[51.03998,35.61608],[51.0399,35.61651],[51.03978,35.61697],[51.03964,35.6174],[51.03956,35.61786],[51.03946,35.6183],[51.03863,35.62623],[51.03878,35.62663],[51.03898,35.62698],[51.03929,35.62763],[51.03958,35.62832],[51.03979,35.62873],[51.04002,35.62917],[51.04029,35.6296],[51.04056,35.63002],[51.04081,35.63046],[51.04107,35.63089],[51.04133,35.63133],[51.04156,35.63173],[51.04177,35.63213],[51.04199,35.63257],[51.04223,35.63304],[51.04247,35.63351],[51.04273,35.63397],[51.043,35.63443],[51.04325,35.63487],[51.0435,35.63536],[51.04378,35.63584],[51.04409,35.63629],[51.04438,35.63675],[51.04687,35.64127],[51.04716,35.64169],[51.04743,35.64219],[51.04769,35.64264],[51.04793,35.64312],[51.04819,35.64358],[51.04847,35.64405],[51.04872,35.64452],[51.04897,35.64497],[51.04921,35.64544],[51.04946,35.64588],[51.0497,35.64631],[51.04994,35.64672],[51.05019,35.64715],[51.05044,35.64761],[51.05069,35.64808],[51.05096,35.64851],[51.0512,35.64891],[51.05138,35.64933],[51.05156,35.64968],[51.05175,35.65003],[51.05205,35.65043],[51.05246,35.6507],[51.0529,35.65085],[51.05332,35.65124],[51.05381,35.65138],[51.05446,35.65153],[51.05514,35.6517],[51.05564,35.65183],[51.05612,35.65194],[51.05657,35.65206],[51.05723,35.65223],[51.05788,35.65241],[51.05855,35.65257],[51.0593,35.65279],[51.05977,35.65288],[51.0606,35.65308],[51.06131,35.6532],[51.06189,35.6533],[51.06237,35.6534],[51.06285,35.65352],[51.06342,35.65364],[51.06419,35.65378],[51.06496,35.65362],[51.06563,35.65359],[51.06625,35.65353],[51.0669,35.65351],[51.06766,35.65337],[51.06851,35.65324],[51.06898,35.65318],[51.06946,35.6531],[51.06993,35.65303],[51.07045,35.65297],[51.07101,35.65291],[51.07155,35.65282],[51.07229,35.65271],[51.0729,35.65244],[51.07347,35.65221],[51.07386,35.65242],[51.07371,35.65294],[51.07336,35.65328],[51.07311,35.65389],[51.07298,35.65427],[51.07283,35.65467],[51.07265,35.65509],[51.07245,35.65555],[51.07231,35.65602],[51.07224,35.65649],[51.07226,35.65695],[51.07232,35.65735],[51.07234,35.65773],[51.07232,35.65812],[51.07229,35.65852],[51.07225,35.65894],[51.0722,35.65936],[51.07216,35.6598],[51.0721,35.66023],[51.07207,35.66062],[51.07209,35.66099],[51.07212,35.66141],[51.07213,35.66185],[51.0721,35.6623],[51.07202,35.66266],[51.0718,35.66321],[51.07141,35.6637],[51.07087,35.66427],[51.07061,35.66463],[51.07043,35.66499],[51.07024,35.66538],[51.07008,35.66579],[51.06996,35.66622],[51.06988,35.66667],[51.06981,35.66707],[51.06975,35.66742],[51.0697,35.66779],[51.06956,35.66839],[51.06938,35.66877],[51.06928,35.66916],[51.06902,35.66963],[51.06883,35.6701],[51.06852,35.67074],[51.06828,35.67112],[51.06802,35.67151],[51.06774,35.67193],[51.06743,35.67233],[51.06712,35.67274],[51.0668,35.67316],[51.06649,35.67361],[51.06619,35.67406],[51.06594,35.67453],[51.06573,35.67502],[51.06558,35.67551],[51.06546,35.67599],[51.06534,35.67647],[51.06522,35.67698],[51.06509,35.67753],[51.06494,35.67808],[51.06474,35.67865],[51.06449,35.6792],[51.06424,35.67975],[51.06398,35.68032],[51.06369,35.68088],[51.06337,35.68144],[51.06303,35.68198],[51.06266,35.68248],[51.06228,35.68299],[51.06187,35.68343],[51.06148,35.68389],[51.06108,35.68433],[51.06066,35.68478],[51.06021,35.68522],[51.05976,35.68562],[51.05934,35.68593],[51.05894,35.68624],[51.05859,35.68652],[51.05815,35.68699],[51.05841,35.68746],[51.05912,35.68784],[51.05958,35.68801],[51.06009,35.68821],[51.06064,35.68843],[51.06122,35.68865],[51.06179,35.68886],[51.06235,35.68907],[51.06293,35.6893],[51.06351,35.68952],[51.06408,35.68975],[51.06466,35.68993],[51.06523,35.69017],[51.0658,35.69039],[51.06638,35.69064],[51.06695,35.69086],[51.06755,35.69105],[51.06813,35.69122],[51.06862,35.69141],[51.06911,35.69163],[51.0696,35.6918],[51.07033,35.69209],[51.071,35.69216],[51.07177,35.69212],[51.07258,35.69219],[51.07303,35.6923],[51.07352,35.69241],[51.07405,35.69248],[51.07458,35.69255],[51.0751,35.69256],[51.07563,35.69257],[51.07617,35.6926],[51.0767,35.69266],[51.07727,35.6927],[51.07784,35.69278],[51.07843,35.69281],[51.07909,35.69283],[51.07973,35.69286],[51.08032,35.693],[51.08093,35.69304],[51.08153,35.69308],[51.08213,35.69309],[51.08274,35.69311],[51.08341,35.69314],[51.08404,35.69322],[51.08474,35.69304],[51.08542,35.69301],[51.08603,35.69306],[51.08664,35.6931],[51.08727,35.69313],[51.08789,35.69311],[51.08853,35.69304],[51.08912,35.69291],[51.08971,35.69271],[51.09033,35.69246],[51.0909,35.69218],[51.09145,35.69192],[51.09201,35.6916],[51.09253,35.6913],[51.09306,35.69101],[51.09356,35.69072],[51.09402,35.69043],[51.09448,35.69015],[51.09495,35.68988],[51.09546,35.68963],[51.09597,35.68936],[51.09649,35.68908],[51.097,35.68882],[51.09752,35.68852],[51.09806,35.68821],[51.09864,35.68793],[51.09918,35.68765],[51.09972,35.68734],[51.10026,35.68705],[51.10077,35.68675],[51.10129,35.68646],[51.10172,35.68619],[51.10226,35.6859],[51.10277,35.68559],[51.1033,35.68523],[51.10382,35.68487],[51.10433,35.68453],[51.1048,35.68429],[51.10525,35.68408],[51.10568,35.68393],[51.10648,35.68351],[51.1069,35.68329],[51.10728,35.68307],[51.10765,35.68285],[51.10802,35.68261],[51.10846,35.68245],[51.10857,35.68281],[51.10821,35.68312],[51.10787,35.68336],[51.10768,35.68376],[51.10792,35.68425],[51.10826,35.68479],[51.10843,35.68514],[51.10859,35.68549],[51.10885,35.68606],[51.10907,35.68646],[51.10937,35.68695],[51.10962,35.68744],[51.10995,35.68802],[51.11027,35.68856],[51.11057,35.68899],[51.11077,35.68939],[51.11099,35.68982],[51.11119,35.69015],[51.1112,35.69043],[51.11118,35.69043],[51.11119,35.69028],[51.1112,35.69028],[51.11118,35.6903],[51.11117,35.69029],[51.11116,35.69036],[51.11127,35.69073],[51.1114,35.69114],[51.11154,35.69158],[51.11169,35.69207],[51.1118,35.69249],[51.11191,35.69291],[51.11204,35.69342],[51.11213,35.6938],[51.11226,35.6942],[51.11235,35.69464],[51.11246,35.69517],[51.11258,35.69571],[51.11271,35.69623],[51.11289,35.69673],[51.1131,35.69721],[51.11337,35.69777],[51.1136,35.69828],[51.11378,35.69872],[51.11397,35.69909],[51.11416,35.69949],[51.11434,35.69992],[51.11454,35.70046],[51.11476,35.70089],[51.11495,35.70134],[51.11514,35.70181],[51.11532,35.70235],[51.11543,35.70293],[51.11551,35.70338],[51.11556,35.70387],[51.11563,35.70442],[51.11568,35.70486],[51.11572,35.70544],[51.11578,35.70596],[51.11587,35.70652],[51.11599,35.70712],[51.11611,35.70758],[51.11623,35.70798],[51.11644,35.70852],[51.11661,35.70915],[51.11679,35.70961],[51.11698,35.71006],[51.11726,35.71037],[51.11757,35.71064],[51.11771,35.71106],[51.11792,35.71138],[51.11804,35.71177],[51.11839,35.7121],[51.11866,35.7124],[51.11891,35.71273],[51.11912,35.71314],[51.11943,35.71346],[51.11953,35.71383],[51.11909,35.71404],[51.11894,35.71438],[51.11901,35.71435],[51.1189,35.71432],[51.11911,35.714],[51.11885,35.71425],[51.11893,35.71407],[51.11883,35.7143],[51.11886,35.7143],[51.11883,35.71424],[51.11886,35.71411],[51.11885,35.71434],[51.11916,35.71402],[51.11918,35.71363],[51.11896,35.7133],[51.11875,35.71288],[51.1185,35.71251],[51.11821,35.71208],[51.11793,35.71173],[51.11762,35.71145],[51.11725,35.71122],[51.11678,35.71119],[51.11635,35.71137],[51.11593,35.71165],[51.11551,35.71191],[51.11505,35.71217],[51.11466,35.71238],[51.11406,35.71274],[51.11354,35.71308],[51.11327,35.71347],[51.11314,35.71383],[51.11304,35.7143],[51.11272,35.71402],[51.1123,35.71382],[51.11185,35.71375],[51.11143,35.71357],[51.11105,35.71335],[51.11091,35.71342],[51.11093,35.71335],[51.11067,35.713],[51.11044,35.71263],[51.11024,35.7123],[51.11004,35.71192],[51.10986,35.71152],[51.10945,35.71119],[51.1091,35.71085],[51.10876,35.71059],[51.10844,35.71031],[51.10815,35.70998],[51.10781,35.70974],[51.10737,35.70948],[51.10692,35.7093],[51.10658,35.70922],[51.10625,35.70946],[51.10593,35.70978],[51.10574,35.70969],[51.1062,35.70974],[51.1059,35.70965],[51.10596,35.70939],[51.10592,35.70965],[51.10628,35.70938],[51.10593,35.70909],[51.10544,35.70897],[51.10491,35.70875],[51.10447,35.70856],[51.10403,35.70839],[51.10374,35.70792],[51.1037,35.70746],[51.10368,35.70704],[51.10367,35.70662],[51.1031,35.70675],[51.10265,35.70707],[51.10213,35.70741],[51.10162,35.70777],[51.10117,35.70809],[51.1007,35.70851],[51.10023,35.709],[51.09998,35.70931],[51.09973,35.70963],[51.0995,35.70995],[51.09928,35.71028],[51.09891,35.71088],[51.09859,35.71144],[51.0983,35.712],[51.09808,35.71262],[51.09794,35.71315],[51.09779,35.71366],[51.09765,35.71405],[51.09752,35.71453],[51.09737,35.71502],[51.09724,35.71549],[51.09711,35.71597],[51.09698,35.71635],[51.09688,35.7168],[51.09677,35.71722],[51.09669,35.71761],[51.09658,35.71818],[51.0965,35.7186],[51.09645,35.71898],[51.0964,35.7194],[51.09645,35.71982],[51.09646,35.72023],[51.09592,35.72041],[51.09566,35.72005],[51.09561,35.71996],[51.09555,35.72031],[51.09576,35.71999],[51.09626,35.72026],[51.09651,35.72057],[51.09687,35.72079],[51.09727,35.72108],[51.09761,35.72134],[51.09793,35.72161],[51.0984,35.72187],[51.09881,35.72204],[51.09924,35.72221],[51.09969,35.72233],[51.10018,35.72236],[51.10074,35.72246],[51.10123,35.72247],[51.10177,35.72244],[51.10234,35.72247],[51.1016,35.72247],[51.1011,35.72254],[51.10079,35.72298],[51.10076,35.72339],[51.10071,35.72378],[51.10066,35.72421],[51.10066,35.72463],[51.10058,35.72503],[51.10052,35.72544],[51.10051,35.72586],[51.10055,35.72625],[51.10062,35.72668],[51.10067,35.72708],[51.10091,35.72751],[51.10075,35.72794],[51.10055,35.7277],[51.10057,35.72811],[51.10064,35.72792],[51.10042,35.72806],[51.10031,35.72834],[51.10015,35.72823],[51.10045,35.72819],[51.10043,35.72818],[51.10048,35.72818],[51.10059,35.72814],[51.10031,35.72781],[51.10028,35.72733],[51.10029,35.72695],[51.10028,35.72654],[51.10029,35.72613],[51.10037,35.72559],[51.10044,35.72512],[51.10049,35.72469],[51.10055,35.72425],[51.10063,35.72375],[51.10063,35.72332],[51.10063,35.72288],[51.1006,35.72277],[51.10058,35.72283],[51.1005,35.72276],[51.10011,35.7225],[51.09966,35.7224],[51.09924,35.72225],[51.0999,35.72233],[51.10042,35.72238],[51.10062,35.72198],[51.10054,35.72161],[51.10039,35.72121],[51.10025,35.7208],[51.10009,35.72037],[51.10013,35.71998],[51.10025,35.71955],[51.10039,35.7192],[51.10074,35.71883],[51.1011,35.71851],[51.10143,35.71818],[51.10179,35.71796],[51.10174,35.7181],[51.10209,35.71836],[51.10225,35.71841],[51.10223,35.71843],[51.10189,35.71817],[51.1016,35.71806],[51.10154,35.71807],[51.10155,35.718],[51.10157,35.71801],[51.10153,35.71806],[51.10151,35.71804],[51.10152,35.71805],[51.10152,35.71807],[51.10149,35.71811],[51.10143,35.71809],[51.10143,35.71808],[51.10143,35.71808],[51.10143,35.71808],[51.10165,35.71802],[51.10198,35.71828],[51.10225,35.71845],[51.10217,35.71847],[51.10215,35.71841],[51.10215,35.71841],[51.10189,35.71811],[51.10138,35.7182],[51.10107,35.71848],[51.10074,35.71878],[51.10036,35.71915],[51.10015,35.71971],[51.1,35.72006],[51.10016,35.72047],[51.10034,35.72096],[51.10044,35.7214],[51.10063,35.72179],[51.10087,35.72214],[51.10125,35.72236],[51.1017,35.72232],[51.10217,35.72229],[51.10262,35.72228],[51.10307,35.72228],[51.1035,35.72219],[51.10394,35.722],[51.10439,35.72172],[51.10486,35.72163],[51.10537,35.72163],[51.10599,35.72169],[51.10658,35.72179],[51.10712,35.72194],[51.10765,35.72202],[51.10833,35.72221],[51.10877,35.72251],[51.10918,35.72283],[51.10953,35.7231],[51.10992,35.72328],[51.11038,35.72345],[51.1108,35.72363],[51.11126,35.72376],[51.11183,35.72392],[51.11232,35.72411],[51.11274,35.72427],[51.11321,35.72436],[51.11361,35.72454],[51.11412,35.72447],[51.11461,35.72405],[51.11509,35.72382],[51.11553,35.72346],[51.11603,35.7232],[51.11639,35.72295],[51.11677,35.72271],[51.11719,35.72285],[51.11738,35.72318],[51.11751,35.72356],[51.11761,35.72392],[51.1178,35.72438],[51.11787,35.72487],[51.11798,35.72529],[51.11806,35.72568],[51.11815,35.72623],[51.11823,35.72674],[51.11834,35.72687],[51.11856,35.72701],[51.11854,35.7274],[51.11899,35.72736],[51.11953,35.7272],[51.11996,35.72708],[51.12045,35.72713],[51.121,35.72707],[51.12154,35.72693],[51.12214,35.72681],[51.12262,35.72674],[51.12298,35.72644],[51.12337,35.72607],[51.12355,35.72574],[51.12395,35.72543],[51.12435,35.72497],[51.12476,35.72453],[51.12529,35.72413],[51.1256,35.72382],[51.12595,35.72344],[51.12633,35.72317],[51.12674,35.72273],[51.12694,35.7223],[51.12695,35.72182],[51.12676,35.72147],[51.1265,35.72117],[51.12602,35.72064],[51.12634,35.72103],[51.12682,35.72151],[51.12724,35.72199],[51.12755,35.72236],[51.1279,35.72268],[51.12817,35.72297],[51.12863,35.72329],[51.12906,35.7234],[51.12964,35.72306],[51.13019,35.72262],[51.13049,35.72235],[51.13082,35.72205],[51.1312,35.72173],[51.13157,35.7214],[51.13191,35.72112],[51.13226,35.72083],[51.13262,35.72053],[51.133,35.72021],[51.13339,35.71987],[51.13383,35.71952],[51.13428,35.71918],[51.13474,35.71885],[51.13519,35.71851],[51.13561,35.71817],[51.13602,35.71786],[51.13646,35.71751],[51.13689,35.71719],[51.13732,35.7169],[51.13778,35.7166],[51.13827,35.71629],[51.13881,35.71596],[51.13934,35.71564],[51.13991,35.71535],[51.14048,35.71508],[51.14104,35.71483],[51.14157,35.7146],[51.14213,35.71438],[51.14271,35.71415],[51.14327,35.71393],[51.14386,35.71373],[51.14438,35.71353],[51.14489,35.71335],[51.14543,35.71315],[51.14601,35.71295],[51.14661,35.71274],[51.14716,35.71254],[51.14768,35.71236],[51.1482,35.71219],[51.14865,35.71204],[51.14934,35.71184],[51.15,35.71168],[51.15043,35.71154],[51.15099,35.71141],[51.15145,35.71124],[51.15187,35.7111],[51.15266,35.71082],[51.15311,35.71067],[51.15358,35.71052],[51.15407,35.71037],[51.15456,35.71023],[51.15506,35.71006],[51.15563,35.70987],[51.15621,35.70971],[51.15679,35.70951],[51.15737,35.70933],[51.15795,35.70914],[51.15853,35.70896],[51.15915,35.70876],[51.15977,35.70855],[51.16044,35.70833],[51.16102,35.70816],[51.16157,35.708],[51.16216,35.70782],[51.16276,35.70762],[51.16333,35.70745],[51.16393,35.70726],[51.16455,35.70712],[51.16516,35.70699],[51.16578,35.70689],[51.16637,35.70678],[51.16692,35.70668],[51.16751,35.70656],[51.16807,35.70641],[51.16868,35.70629],[51.16933,35.70615],[51.16998,35.70599],[51.17064,35.70583],[51.17132,35.70567],[51.17201,35.70552],[51.1727,35.70537],[51.1734,35.70521],[51.17408,35.70506],[51.17477,35.70491],[51.17544,35.70476],[51.17608,35.70461],[51.17668,35.70444],[51.17728,35.70428],[51.17785,35.70413],[51.17845,35.70399],[51.17905,35.70384],[51.1797,35.70371],[51.18033,35.70357],[51.18093,35.70342],[51.18145,35.70327],[51.18188,35.70317],[51.18239,35.70288],[51.18272,35.70252],[51.18339,35.70252],[51.18406,35.70253],[51.18454,35.70238],[51.18519,35.70212],[51.18596,35.7018],[51.1868,35.70148],[51.18725,35.70129],[51.1877,35.70112],[51.18817,35.70095],[51.18867,35.70075],[51.18914,35.70058],[51.1896,35.70043],[51.19005,35.70028],[51.19082,35.70005],[51.19165,35.69976],[51.19212,35.69958],[51.19263,35.69937],[51.19315,35.69917],[51.19369,35.69896],[51.19422,35.69875],[51.19474,35.69853],[51.19525,35.69833],[51.19578,35.69812],[51.19631,35.69796],[51.19682,35.69779],[51.19734,35.69758],[51.19785,35.69741],[51.19839,35.69721],[51.19893,35.697],[51.19949,35.69679],[51.20003,35.69658],[51.20063,35.6964],[51.20122,35.69618],[51.20179,35.69601],[51.2023,35.69582],[51.20278,35.69564],[51.20325,35.69546],[51.20372,35.69527],[51.20418,35.69509],[51.20463,35.6949],[51.20509,35.69471],[51.20555,35.69454],[51.20603,35.69434],[51.20655,35.69414],[51.20707,35.69393],[51.20759,35.69371],[51.20809,35.69351],[51.20856,35.6933],[51.20905,35.69311],[51.20957,35.69291],[51.21013,35.6927],[51.2107,35.69247],[51.2113,35.69222],[51.21191,35.69199],[51.21255,35.69175],[51.21318,35.69149],[51.2138,35.69124],[51.21438,35.691],[51.21496,35.69077],[51.21554,35.69053],[51.21615,35.69028],[51.21677,35.69003],[51.21741,35.68972],[51.21806,35.68941],[51.2187,35.68915],[51.2193,35.68892],[51.21991,35.68868],[51.22049,35.68844],[51.22107,35.68821],[51.22165,35.688],[51.22227,35.68775],[51.22287,35.6875],[51.22348,35.68724],[51.22412,35.68699],[51.22483,35.68671],[51.22557,35.68643],[51.22633,35.68614],[51.22709,35.68585],[51.22779,35.68558],[51.22843,35.68531],[51.22905,35.68506],[51.22966,35.68482],[51.23024,35.6846],[51.23083,35.68439],[51.23145,35.68417],[51.23203,35.68396],[51.23256,35.68376],[51.23308,35.68357],[51.2336,35.68339],[51.23408,35.68321],[51.23453,35.68302],[51.23492,35.68256],[51.23454,35.68214],[51.23386,35.68214],[51.23359,35.68259],[51.23371,35.68302],[51.23387,35.68339],[51.23415,35.68378],[51.23445,35.68416],[51.23474,35.68448],[51.23507,35.6849],[51.2353,35.68531],[51.23563,35.68568],[51.23613,35.68619],[51.2364,35.68648],[51.2367,35.68677],[51.23703,35.68708],[51.23739,35.68741],[51.23777,35.68776],[51.23817,35.68813],[51.23857,35.6885],[51.23898,35.68888],[51.2394,35.68927],[51.2398,35.68962],[51.24015,35.68995],[51.24039,35.69027],[51.24062,35.69061],[51.24086,35.69094],[51.24115,35.69127],[51.2415,35.69158],[51.24188,35.69192],[51.24228,35.69228],[51.24268,35.69266],[51.24311,35.69307],[51.24356,35.69349],[51.24403,35.69393],[51.2445,35.69437],[51.24499,35.69481],[51.24549,35.69525],[51.24599,35.6957],[51.24648,35.69615],[51.24694,35.69662],[51.24741,35.69709],[51.24786,35.69759],[51.2483,35.69812],[51.24869,35.69865],[51.24907,35.6992],[51.24947,35.69975],[51.24985,35.70032],[51.25019,35.7009],[51.25051,35.7015],[51.25081,35.7021],[51.25108,35.70272],[51.25133,35.70334],[51.25157,35.70398],[51.25178,35.70466],[51.25198,35.70533],[51.25218,35.70602],[51.25238,35.70672],[51.25259,35.70741],[51.25276,35.7081],[51.2529,35.7088],[51.25299,35.7095],[51.25302,35.71015],[51.25303,35.71081],[51.25299,35.71153],[51.2529,35.71221],[51.25279,35.71294],[51.25267,35.71362],[51.25258,35.71433],[51.25247,35.71504],[51.25246,35.71574],[51.25249,35.71642],[51.25254,35.71709],[51.25258,35.71773],[51.2526,35.71838],[51.25263,35.71903],[51.25264,35.71963],[51.25267,35.72028],[51.2527,35.72091],[51.25275,35.72158],[51.2528,35.72223],[51.25288,35.7229],[51.25297,35.72357],[51.25306,35.72424],[51.25313,35.72492],[51.25318,35.7256],[51.25321,35.7263],[51.2532,35.72697],[51.25316,35.72764],[51.25312,35.72831],[51.25307,35.729],[51.25305,35.72968],[51.25305,35.73038],[51.25305,35.73104],[51.25305,35.73171],[51.25306,35.73238],[51.25306,35.73302],[51.25306,35.73369],[51.25308,35.73438],[51.2531,35.73506],[51.25312,35.73573],[51.25319,35.73636],[51.25331,35.73698],[51.25349,35.7376],[51.25366,35.73818],[51.25384,35.73875],[51.25402,35.73934],[51.25421,35.73994],[51.2544,35.74052],[51.25456,35.7411],[51.25471,35.74167],[51.25483,35.7422],[51.25489,35.74267],[51.25494,35.74313],[51.25499,35.74361],[51.25505,35.74406],[51.25506,35.74454],[51.25506,35.74505],[51.25502,35.74559],[51.25496,35.74614],[51.25491,35.74669],[51.25485,35.74726],[51.2548,35.74783],[51.25473,35.74842],[51.25466,35.74904],[51.25458,35.74968],[51.25449,35.75032],[51.2544,35.75095],[51.25432,35.75159],[51.25424,35.75219],[51.25418,35.75277],[51.25415,35.75335],[51.25412,35.75395],[51.25405,35.75454],[51.25399,35.75516],[51.25396,35.75575],[51.25393,35.75632],[51.25395,35.75687],[51.25407,35.75735],[51.25431,35.75771],[51.25498,35.75807],[51.25546,35.75814],[51.256,35.75821],[51.25653,35.75822],[51.25707,35.75814],[51.25765,35.75808],[51.25826,35.758],[51.25887,35.75793],[51.25949,35.75784],[51.26013,35.75778],[51.26076,35.75774],[51.26137,35.75768],[51.262,35.75763],[51.2626,35.75755],[51.26318,35.75749],[51.26382,35.75742],[51.26447,35.75735],[51.2651,35.75725],[51.26574,35.75715],[51.26637,35.75702],[51.26701,35.75683],[51.26766,35.75659],[51.26822,35.75632],[51.26877,35.75603],[51.26931,35.7557],[51.26984,35.7554],[51.27037,35.75512],[51.27094,35.75484],[51.27152,35.75459],[51.27212,35.75437],[51.27273,35.75423],[51.27338,35.75411],[51.27402,35.75404],[51.2747,35.754],[51.27541,35.75398],[51.27614,35.75396],[51.27688,35.75395],[51.27762,35.75392],[51.27838,35.7539],[51.27916,35.75389],[51.27991,35.75384],[51.28067,35.75379],[51.28142,35.75377],[51.28214,35.75374],[51.28284,35.75372],[51.28351,35.75371],[51.28415,35.75368],[51.28479,35.75364],[51.28544,35.75362],[51.28607,35.75361],[51.28669,35.75358],[51.28725,35.75356],[51.28779,35.75352],[51.28839,35.7535],[51.28897,35.75347],[51.28953,35.75343],[51.29009,35.75342],[51.29067,35.75339],[51.29123,35.75335],[51.29182,35.75332],[51.29242,35.7533],[51.29301,35.75329],[51.29362,35.75328],[51.29421,35.75327],[51.29479,35.75325],[51.29536,35.75324],[51.29595,35.75323],[51.29656,35.75323],[51.29721,35.75324],[51.29789,35.75323],[51.29857,35.75323],[51.29925,35.75323],[51.29986,35.7532],[51.30045,35.75318],[51.30107,35.75315],[51.30169,35.75311],[51.30229,35.75308],[51.3029,35.75305],[51.30344,35.75303],[51.30387,35.7531],[51.30433,35.75316],[51.30497,35.75317],[51.30585,35.75315],[51.30635,35.75316],[51.30687,35.75315],[51.30743,35.75314],[51.30803,35.75314],[51.30866,35.75314],[51.30929,35.75315],[51.30995,35.75316],[51.3106,35.75315],[51.31129,35.75314],[51.31203,35.75314],[51.31278,35.75312],[51.31354,35.7531],[51.31436,35.75309],[51.31512,35.75305],[51.31584,35.75301],[51.31656,35.75298],[51.31729,35.75295],[51.31802,35.75289],[51.31875,35.75281],[51.31948,35.75272],[51.32021,35.75262],[51.32098,35.75252],[51.32172,35.75239],[51.32243,35.75227],[51.32312,35.75217],[51.32384,35.75205],[51.32454,35.75193],[51.32523,35.75181],[51.32593,35.75173],[51.32662,35.75161],[51.32731,35.75149],[51.32803,35.75142],[51.32872,35.75137],[51.3294,35.7513],[51.33006,35.75124],[51.33074,35.75118],[51.3314,35.75112],[51.33194,35.75109],[51.33243,35.75106],[51.3329,35.75103],[51.3334,35.75099],[51.33396,35.75097],[51.33454,35.75095],[51.33515,35.75093],[51.33578,35.75092],[51.33642,35.75093],[51.33706,35.75095],[51.33773,35.75097],[51.33839,35.75099],[51.33905,35.75102],[51.33972,35.75105],[51.3404,35.75107],[51.3411,35.75109],[51.34182,35.75112],[51.34252,35.75114],[51.34319,35.75113],[51.34385,35.75113],[51.34454,35.75112],[51.34526,35.75112],[51.34601,35.75112],[51.34678,35.7511],[51.34752,35.75107],[51.34818,35.75105],[51.34879,35.75102],[51.3494,35.75098],[51.35004,35.75093],[51.3507,35.75087],[51.35139,35.75081],[51.35213,35.75073],[51.35287,35.75064],[51.35361,35.75055],[51.35433,35.75046],[51.35508,35.75035],[51.35584,35.75021],[51.35664,35.75004],[51.35743,35.74983],[51.3582,35.74972],[51.38951,35.75062],[51.39032,35.75068],[51.39092,35.75076],[51.39164,35.75076],[51.39241,35.75076],[51.39308,35.75082],[51.39378,35.75088],[51.39451,35.75092],[51.39524,35.75096],[51.39597,35.75103],[51.39673,35.75106],[51.39747,35.75112],[51.39822,35.75116],[51.39896,35.7512],[51.39967,35.7512],[51.4004,35.7512],[51.40112,35.75121],[51.40182,35.75123],[51.40254,35.75126],[51.40323,35.75125],[51.40393,35.75126],[51.40466,35.75126],[51.40537,35.75126],[51.40598,35.75127],[51.40661,35.75129],[51.40731,35.75131],[51.40803,35.75134],[51.40875,35.75134],[51.40946,35.75135],[51.41018,35.75141],[51.4109,35.75155],[51.41156,35.75171],[51.41214,35.75184],[51.4127,35.75197],[51.41322,35.75209],[51.41374,35.75218],[51.41427,35.75223],[51.41482,35.75221],[51.41538,35.75224],[51.41596,35.75221],[51.41662,35.7521],[51.41732,35.75192],[51.41798,35.75164],[51.41862,35.75132],[51.41929,35.75092],[51.41998,35.7505],[51.42064,35.75015],[51.42129,35.74982],[51.42202,35.74956],[51.42281,35.74938],[51.4236,35.74929],[51.42437,35.74926],[51.42519,35.74923],[51.42602,35.74923],[51.42684,35.74922],[51.42764,35.7492],[51.4285,35.74916],[51.42933,35.74912],[51.43012,35.7491],[51.43086,35.7491],[51.43161,35.74914],[51.43241,35.74919],[51.43317,35.74923],[51.43398,35.74924],[51.43477,35.74924],[51.43551,35.74929],[51.4362,35.74935],[51.43694,35.74951],[51.43765,35.74972],[51.43833,35.74994],[51.43893,35.75016],[51.43942,35.7505],[51.44008,35.75064],[51.4408,35.75069],[51.44149,35.75075],[51.44219,35.75075],[51.44287,35.75079],[51.44359,35.7508],[51.44423,35.75082],[51.4449,35.75084],[51.4456,35.75086],[51.44623,35.75096],[51.44687,35.75108],[51.4475,35.75114],[51.44822,35.75125],[51.44895,35.75139],[51.44964,35.75164],[51.4503,35.75191],[51.4509,35.75224],[51.4515,35.75265],[51.45193,35.75309],[51.45242,35.75353],[51.453,35.7539],[51.45361,35.75426],[51.45418,35.7546],[51.45473,35.75489],[51.45522,35.75508],[51.45571,35.75527],[51.45621,35.75544],[51.45668,35.75561],[51.45725,35.7558],[51.45783,35.75596],[51.4584,35.75612],[51.45902,35.75625],[51.45966,35.75632],[51.46027,35.75637],[51.46084,35.75643],[51.46139,35.75649],[51.46191,35.75653],[51.46237,35.75653],[51.46298,35.75656],[51.4636,35.7566],[51.46415,35.75668],[51.46489,35.75671],[51.4656,35.75671],[51.46639,35.75667],[51.46726,35.75668],[51.46775,35.75668],[51.46828,35.75666],[51.46884,35.75665],[51.46939,35.75669],[51.46995,35.75671],[51.47053,35.75672],[51.47113,35.75675],[51.47175,35.75682],[51.47239,35.7569],[51.47298,35.75705],[51.47353,35.75723],[51.47413,35.75742],[51.47466,35.75764],[51.47519,35.75786],[51.47571,35.75809],[51.47625,35.75828],[51.47677,35.75847],[51.47729,35.75866],[51.47781,35.75878],[51.47838,35.75891],[51.47894,35.759],[51.4795,35.7591],[51.48007,35.75917],[51.48059,35.75921],[51.48107,35.75923],[51.48155,35.7592],[51.48201,35.75918],[51.4826,35.75911],[51.48327,35.75903],[51.48393,35.75894],[51.48471,35.75875],[51.48535,35.75861],[51.48581,35.75851],[51.48633,35.75837],[51.48683,35.75806],[51.48667,35.75765],[51.486,35.75738],[51.48546,35.75758],[51.48531,35.75807],[51.48513,35.75856],[51.48503,35.75894],[51.48457,35.75952],[51.48449,35.76012],[51.48437,35.76055],[51.48432,35.76096],[51.48431,35.76138],[51.48434,35.76182],[51.48447,35.76228],[51.48468,35.76275],[51.48493,35.76324],[51.48522,35.76372],[51.48549,35.76422],[51.48569,35.76475],[51.48587,35.76529],[51.486,35.76582],[51.48608,35.76634],[51.48611,35.7669],[51.48618,35.76748],[51.48625,35.76808],[51.48632,35.76871],[51.48641,35.76929],[51.48647,35.76988],[51.48651,35.77046],[51.48651,35.77105],[51.48647,35.77162],[51.48643,35.77218],[51.48649,35.77273],[51.48663,35.7733],[51.48682,35.77385],[51.48707,35.77439],[51.48735,35.77489],[51.48769,35.7754],[51.48809,35.77588],[51.4885,35.77635],[51.48894,35.77683],[51.4894,35.77735],[51.48984,35.77786],[51.4902,35.77839],[51.49047,35.77897],[51.49052,35.77954],[51.4905,35.78013],[51.4905,35.78073],[51.49051,35.78135],[51.49051,35.78194],[51.49054,35.78254],[51.49062,35.78308],[51.49076,35.7836],[51.49098,35.78402],[51.4913,35.78435],[51.49169,35.78457],[51.49215,35.78461],[51.49265,35.78463],[51.49311,35.78474],[51.4935,35.785],[51.49388,35.78527],[51.49432,35.78545],[51.4948,35.78557],[51.49526,35.78564],[51.49577,35.7857],[51.49625,35.78576],[51.49671,35.78583],[51.49739,35.78571],[51.49757,35.78517],[51.49808,35.78503],[51.49861,35.78534],[51.49896,35.78556],[51.49968,35.78592],[51.50012,35.786],[51.501,35.78597],[51.50149,35.78587],[51.502,35.78573],[51.50254,35.78558],[51.50314,35.78542],[51.50376,35.78524],[51.50438,35.78506],[51.50502,35.78489],[51.50568,35.7847],[51.50637,35.78452],[51.50707,35.78434],[51.50777,35.78415],[51.50846,35.78395],[51.50917,35.78375],[51.50988,35.78354],[51.51059,35.78333],[51.51131,35.7831],[51.512,35.78288],[51.51272,35.78266],[51.51342,35.78238],[51.51413,35.7821],[51.51478,35.78173],[51.51539,35.78133],[51.51593,35.78091],[51.51649,35.78052],[51.51705,35.78011],[51.51761,35.77967],[51.51817,35.77925],[51.51874,35.77887],[51.51935,35.77852],[51.51997,35.77823],[51.52063,35.77799],[51.52134,35.7778],[51.52207,35.77768],[51.52274,35.77756],[51.52347,35.7775],[51.5242,35.77746],[51.52493,35.77742],[51.52566,35.77738],[51.52643,35.77733],[51.52721,35.77728],[51.52801,35.77723],[51.52878,35.77717],[51.52958,35.77714],[51.53036,35.77708],[51.53115,35.77703],[51.53194,35.77697],[51.53272,35.77691],[51.53353,35.77685],[51.53432,35.77678],[51.53509,35.77669],[51.53589,35.77658],[51.53671,35.77645],[51.53751,35.77631],[51.53831,35.77616],[51.53913,35.77598],[51.53997,35.77579],[51.54079,35.77557],[51.5416,35.77534],[51.54239,35.7751],[51.54319,35.77484],[51.54398,35.77457],[51.54476,35.7743],[51.54555,35.77405],[51.54635,35.77378],[51.54716,35.77349],[51.54799,35.77318],[51.54882,35.77288],[51.54963,35.77258],[51.55047,35.7723],[51.55129,35.772],[51.55207,35.77171],[51.5528,35.77145],[51.55347,35.7712],[51.55418,35.77095],[51.55493,35.77069],[51.55568,35.77041],[51.55649,35.77013],[51.55728,35.76984],[51.55809,35.76948],[51.55887,35.76906],[51.55965,35.76864],[51.56038,35.76817],[51.5611,35.76771],[51.56177,35.76722],[51.56245,35.76673],[51.56319,35.76624],[51.56393,35.76578],[51.56468,35.76535],[51.56542,35.76492],[51.56612,35.76448],[51.56681,35.76402],[51.5675,35.76354],[51.56816,35.76307],[51.5688,35.76258],[51.56944,35.7621],[51.57008,35.76165],[51.5707,35.76119],[51.57129,35.76071],[51.5719,35.76026],[51.57249,35.75981],[51.57304,35.75937],[51.57359,35.75891],[51.57413,35.75843],[51.57465,35.75798],[51.57506,35.75752],[51.57543,35.75706],[51.57575,35.75656],[51.57604,35.75607],[51.57626,35.7556],[51.57644,35.75515],[51.57656,35.75474],[51.57665,35.75437],[51.57675,35.75391],[51.57693,35.75352],[51.57736,35.75295],[51.57769,35.75267],[51.57801,35.75241],[51.5787,35.75207],[51.57911,35.75179],[51.57898,35.75135],[51.57844,35.75092],[51.57803,35.75063],[51.57755,35.75028],[51.57718,35.75],[51.57688,35.7497],[51.57646,35.74925],[51.57627,35.74873],[51.57642,35.74815],[51.57679,35.74758],[51.57702,35.74705],[51.57683,35.74642],[51.57658,35.74577],[51.5764,35.74527],[51.57595,35.74515],[51.57519,35.74536],[51.5747,35.74549],[51.57422,35.74567],[51.57373,35.74583],[51.57326,35.74598],[51.57264,35.74609],[51.57248,35.74548],[51.57229,35.74508],[51.57211,35.74467],[51.57194,35.7443],[51.57187,35.74389],[51.57191,35.74351],[51.57217,35.74319],[51.57253,35.74278],[51.57278,35.74232],[51.57278,35.74191],[51.57235,35.74148],[51.57183,35.74121],[51.57131,35.74093],[51.57087,35.74063],[51.57022,35.74024],[51.56973,35.73996],[51.56927,35.73968],[51.56885,35.73946],[51.56845,35.73924],[51.56808,35.73901],[51.56746,35.7386],[51.56697,35.73824],[51.56632,35.73784],[51.56578,35.73755],[51.56541,35.73729],[51.56502,35.73705],[51.56461,35.73679],[51.56422,35.73657],[51.56381,35.73637],[51.5632,35.73605],[51.56251,35.73562],[51.56211,35.73536],[51.56148,35.73499],[51.56106,35.73473],[51.56059,35.73441],[51.55997,35.73401],[51.5594,35.7337],[51.55893,35.73344],[51.55855,35.73321],[51.55805,35.73298],[51.55751,35.73265],[51.55695,35.73234],[51.55632,35.732],[51.55579,35.73169],[51.55528,35.7314],[51.55483,35.73119],[51.55425,35.73082],[51.55389,35.73061],[51.5538,35.73022],[51.55396,35.72989],[51.55407,35.73],[51.55405,35.72985],[51.55403,35.72983],[51.554,35.72984],[51.55409,35.72993],[51.55387,35.72961],[51.55403,35.72978],[51.55409,35.72987]]]}},{"type":"Feature","properties":{"route":12,"color":"#059669","times":[[24599,24659,24719,24779,24839,24899,24959,25019,25079,25139,25199,25259,25319,25379,25439,25499,25559,25619,25679,25739,25799,25859,25919,25979,26039,26099,26159,26219,26279,26339,26399,26459,26516,26576,26636,26696,26756,26816,26876,26936,26996,27058,27118,27175,27181,27187,27193,27199,27205,27211,27223,27229,27235,27241,27247,27253,27259,27262,27265,27268,27271,27274,27277,27280,27283,27286,27289,27292,27295,27298,27301,27304,27307,27310,27313,27316,27319,27322,27325,27328,27331,27334,27337,27340,27343,27346,27349,27352,27355,27358,27361,27367,27373,27376,27379,27385,27391,27397,27403,27409,27415,27421,27427,27442,27448,27454,27460,27466,27472,27478,27481,27484,27487,27490,27496,27499,27502,27505,27508,27511,27514,27517,27520,27523,27526,27529,27532,27535,27538,27541,27547,27553,27559,27565,27571,27577,27583,27586,27589,27592,27595,27598,27604,27607,27613,27619,27625,27628,27631,27637,27649,27679,27688,27697,27721,27730,27739,27799,27859,27919,27979,28039,28099,28159,28219,28279,28339,28399,28459,28519,28558,28567,28579,28588,28597,28606,28615,28630,28690,28750,28810,28822,28882,28942,29002,29017,29035,29047,29056,29074,29080,29086,29146,29222,29228,29288,29348,29374,29410,29428,29467,29473,29485,29545,29578,29638,29671,29719,29779,29839,29866,29875,29884,29908,29968,30028,30088,30148,30157,30166,30175,30190,30199,30229,30289,30349,30403,30430,30448,30508,30568,30628,30688,30733,30742,30757,30763,30769,30778,30787,30796,30844,30868,31089,31146,31206,31210,31240,31249,31258,31270,31330,31390,31405,31414,31429,31438,31447,31456,31462,31468,31477,31492,31552,31612,31672,31732,31768,31795,31810,31870,31934,31994,32054,32084,32090,32096,32102,32108,32114,32126,32168,32457,32505,32514,32526,32532,32538,32553,32559,32565,32571,32583,32589,32595,32601,32607,32619,32625,32631,32637,32655,32661,32667,32676,32682,32691,32700,32709,32733,32742,32748,32808,32868,32928,32988,33048,33108,33114,33123,33129,33138,33144,33150,33156,33165,33171,33177,33186,33195,33204,33210,33222,33228,33237,33252,33261,33267,33273,33282,33327,33387,33447,33507,33567,33627,33698,33758,33906,33951,33963,33972,33981,33987,33993,34002,34011,34020,34026,34032,34038,34047,34053,34059,34119,34179,34239,34299,34359,34419,34479,34539,34599,34659,34719,34779,34833,34839,34848,34860,34869,34875,34881,34887,34893,34899,34905,34911,34920,34926,34932,34938,34986,34995,35007,35016,35022,35028,35037,35043,35049,35055,35064,35070,35076,35094,35100,35106,35112,35124,35130,35190,35250,35453,35513,35573,35633,35657,35669,35684,35693,35702,35720,35732,35741,35756,35816,35876,35936,35996,36056,36116,36176,36236,36296,36356,36410,36416,36425,36440,36452,36512,36572,36632,36685,36836,36887,36896,36902,36962,37022,37082,37142,37202,37262,37295,37355,37415,37475,37487,37499,37547,37664,37718,37736,37742,37748,37808,37868,37877,37883,37892,37910,37925,37934,37946,37961,38007,38061,38097,38157,38217,38277,38396,38456,38516,38576,38636,38642,38690,38714,38726,38741,38750,38759,38771,38786,38798,38807,38816,38822,38828,38837,38846,38855,38864,38873,38882,38891,38906,38915,38921,38927,38933,38951,39011,39071,39113,39170,39230,39290,39350,39410,39470,39476,39482,39497,39506,39530,39589,39601,39613,39694,39736,39745,39751,39763,39769,39787,39826,40132,40161,40166,40215,40221,40227,40242,40254,40266,40272,40278,40284,40290,40296,40302,40308,40314,40326,40335,40347,40356,40365,40371,40377,40404,40410,40422,40431,40455,40461,40467,40473,40479,40485,40488,40491,40494,40497,40500,40503,40506,40509,40512,40515,40518,40524,40530,40536,40545,40554,40566,40581,40605,40629,40641,40665,40677,40683,40689,40695,40707,40713,40719,40725,40731,40737,40743,40752,40764,40776,40791,40803,40812,40818,40827,40833,40839,40848,40863,40869,40878,40887,40896,40905,40914,40920,40980,41046,41106,41166,41226,41420,41447,41456,41462,41468,41486,41495,41504,41513,41528,41543,41549,41555,41561,41582,41588,41600,41660,41699,41744,41804,41861,41889,41901,41961,42147,42207,42252,42258,42264,42270,42276,42285,42294,42303,42315,42330,42339,42348,42357,42366,42372,42378,42384,42390,42393,42396,42402,42408,42411,42414,42417,42423,42429,42435,42441,42447,42453,42462,42471,42480,42486,42498,42537,42552,42561,42570,42579,42585,42624,42642,42654,42669,42678,42684,42690,42696,42702,42708,42717,42729,42738,42750,42762,42780,42801,42807,42813,42816,42822,42828,42834,42876,42885,42897,42915,42921,42927,42939,42954,42966,42975,42981,42987,43002,43014,43026,43035,43041,43047,43053,43059,43065,43071,43077,43083,43092,43098,43113,43164,43176,43188,43197,43203,43209,43218,43227,43242,43248,43254,43260,43266,43269,43272,43275,43278,43281,43284,43287,43293,43302,43308,43314,43320,43326,43329,43332,43335,43341,43347,43353,43359,43365,43383,43389,43395,43401,43413,43428,43443,43452,43458,43464,43470,43476,43488,43500,43524,43661,43670,43700,43703,43706,43709,43712,43715,43718,43721,43724,43727,43730,43733,43736,43739,43742,43745,43748,43751,43754,43757,43760,43763,43766,43769,43772,43775,43778,43781,43784,43787,43793,43811,43817,43823,43832,43841,43847,43853,43862,43871,43877,43883,43892,43901,43922,43928,43937,43997,44057]]},"geometry":{"type":"MultiLineString","coordinates":[[[51.55417,35.73003],[51.5544,35.73006],[51.55418,35.73002],[51.55421,35.73],[51.55435,35.72999],[51.55426,35.72998],[51.55426,35.72992],[51.55425,35.72998],[51.55425,35.72999],[51.55423,35.73001],[51.55428,35.73001],[51.55391,35.73022],[51.5539,35.7302],[51.55381,35.7301],[51.55382,35.73011],[51.55382,35.73011],[51.55382,35.73012],[51.55387,35.73009],[51.55389,35.73008],[51.55384,35.73015],[51.55381,35.73018],[51.55378,35.73021],[51.5538,35.73022],[51.55379,35.73019],[51.55379,35.73019],[51.55377,35.73015],[51.5538,35.73013],[51.55416,35.72994],[51.55426,35.72999],[51.55429,35.72997],[51.55424,35.73008],[51.55459,35.73017],[51.55416,35.73002],[51.55417,35.72999],[51.55399,35.72983],[51.55398,35.7298],[51.55395,35.72981],[51.55396,35.72984],[51.55396,35.72985],[51.55398,35.72979],[51.55389,35.72978],[51.55408,35.72975],[51.55414,35.72983],[51.55447,35.7293],[51.55479,35.72893],[51.55517,35.7285],[51.55562,35.728],[51.55611,35.72748],[51.55656,35.72698],[51.55684,35.72663],[51.55617,35.72635],[51.55545,35.72618],[51.55476,35.7261],[51.55407,35.72607],[51.55361,35.72605],[51.55315,35.72601],[51.55237,35.72589],[51.55187,35.72587],[51.55134,35.72586],[51.55081,35.72582],[51.55026,35.72578],[51.54972,35.72573],[51.54916,35.72568],[51.54858,35.72565],[51.54796,35.72561],[51.54734,35.72557],[51.54673,35.72553],[51.54613,35.72549],[51.54555,35.72546],[51.54499,35.72543],[51.54447,35.72542],[51.54401,35.72539],[51.54353,35.72535],[51.54301,35.7253],[51.54246,35.72524],[51.54189,35.72521],[51.54134,35.72517],[51.54083,35.72514],[51.54029,35.72512],[51.53974,35.72509],[51.5392,35.72505],[51.53867,35.725],[51.53816,35.72497],[51.53765,35.72494],[51.53712,35.72493],[51.53659,35.7249],[51.53611,35.72485],[51.53563,35.7248],[51.53516,35.72473],[51.53469,35.7247],[51.53423,35.7247],[51.53338,35.72467],[51.5325,35.72463],[51.53206,35.72459],[51.53162,35.72453],[51.53081,35.72448],[51.53003,35.72439],[51.5292,35.72435],[51.52841,35.72429],[51.52769,35.72422],[51.52701,35.72417],[51.52635,35.72413],[51.52591,35.72412],[51.52534,35.72407],[51.52476,35.72403],[51.52422,35.72402],[51.52374,35.724],[51.5232,35.72394],[51.52257,35.72393],[51.52178,35.72386],[51.52131,35.72383],[51.5208,35.7238],[51.52032,35.72373],[51.51986,35.72368],[51.51906,35.72355],[51.51862,35.72345],[51.51816,35.72332],[51.51772,35.72319],[51.51727,35.72307],[51.51678,35.7229],[51.51628,35.72275],[51.51578,35.72256],[51.51528,35.7224],[51.51474,35.72222],[51.51421,35.72206],[51.51368,35.72187],[51.51315,35.72169],[51.51261,35.72153],[51.5121,35.72139],[51.51166,35.72125],[51.51094,35.72106],[51.51032,35.72084],[51.50959,35.72064],[51.509,35.72047],[51.50849,35.72033],[51.50777,35.72009],[51.50699,35.71987],[51.50657,35.71974],[51.50614,35.71959],[51.50568,35.71946],[51.5052,35.71931],[51.50477,35.71918],[51.50393,35.71893],[51.50353,35.71877],[51.50279,35.71854],[51.50204,35.71829],[51.50118,35.71804],[51.50073,35.71791],[51.50029,35.71778],[51.49957,35.71759],[51.49916,35.71744],[51.49877,35.71713],[51.49856,35.71668],[51.4984,35.71619],[51.49889,35.71626],[51.49938,35.71635],[51.49972,35.71607],[51.49977,35.71595],[51.49967,35.71602],[51.49969,35.71605],[51.49969,35.71601],[51.4997,35.7162],[51.49976,35.71615],[51.49977,35.71616],[51.49967,35.71611],[51.49972,35.71613],[51.49976,35.71616],[51.49976,35.71614],[51.49979,35.71619],[51.49977,35.71612],[51.49997,35.71577],[51.50017,35.71541],[51.50046,35.71492],[51.50059,35.71451],[51.50074,35.71409],[51.5009,35.71375],[51.50112,35.71329],[51.50123,35.71294],[51.50113,35.71302],[51.50116,35.71308],[51.50178,35.71322],[51.5022,35.71343],[51.50215,35.71352],[51.50213,35.71364],[51.50185,35.71377],[51.50141,35.71368],[51.50093,35.71356],[51.50038,35.71337],[51.49996,35.71316],[51.49975,35.71277],[51.49985,35.71203],[51.50009,35.71139],[51.5,35.71135],[51.50001,35.71092],[51.49986,35.71129],[51.49989,35.71144],[51.49981,35.71151],[51.49907,35.71004],[51.4996,35.71121],[51.50008,35.71129],[51.50065,35.71139],[51.50109,35.71155],[51.50151,35.71168],[51.50179,35.71158],[51.50133,35.71169],[51.50178,35.7116],[51.50178,35.71117],[51.50194,35.7116],[51.50193,35.71142],[51.50184,35.71156],[51.50164,35.71117],[51.50115,35.71096],[51.5007,35.71087],[51.50027,35.71064],[51.5004,35.71057],[51.50025,35.71059],[51.50028,35.7107],[51.50033,35.71053],[51.49999,35.71026],[51.49945,35.71018],[51.49894,35.71015],[51.49905,35.70979],[51.49915,35.70943],[51.49925,35.70901],[51.49907,35.70888],[51.49929,35.70911],[51.49949,35.70877],[51.49956,35.7084],[51.4995,35.70878],[51.49937,35.70898],[51.49925,35.70927],[51.49927,35.70922],[51.49926,35.7093],[51.49932,35.70887],[51.49947,35.70851],[51.49906,35.7083],[51.49862,35.70816],[51.498,35.70822],[51.49752,35.708],[51.49704,35.70761],[51.49668,35.70735],[51.49624,35.70742],[51.49596,35.70772],[51.4963,35.7073],[51.49578,35.70723],[51.49534,35.7084],[51.49602,35.70897],[51.49598,35.70853],[51.49617,35.70811],[51.49635,35.70765],[51.49647,35.70719],[51.49651,35.7072],[51.49615,35.70729],[51.49565,35.70712],[51.49503,35.70696],[51.4949,35.70652],[51.49499,35.70616],[51.49525,35.70569],[51.49545,35.70529],[51.49568,35.70489],[51.49588,35.70455],[51.49604,35.70421],[51.49623,35.70382],[51.49625,35.70362],[51.49632,35.70364],[51.49618,35.70364],[51.49603,35.70387],[51.49647,35.70397],[51.49601,35.70403],[51.49607,35.70363],[51.49642,35.70371],[51.49613,35.70373],[51.49607,35.70384],[51.49609,35.70372],[51.49636,35.70338],[51.49657,35.70302],[51.49678,35.70263],[51.49701,35.70227],[51.49706,35.70188],[51.49703,35.7015],[51.49699,35.70108],[51.49689,35.70143],[51.49687,35.70119],[51.4967,35.70067],[51.49608,35.70049],[51.49548,35.70038],[51.49488,35.70038],[51.49431,35.70029],[51.49397,35.70056],[51.49385,35.70099],[51.49353,35.70151],[51.49326,35.70199],[51.49291,35.70243],[51.49282,35.7029],[51.49305,35.70341],[51.49336,35.70399],[51.49357,35.70439],[51.49378,35.70486],[51.49392,35.70538],[51.49413,35.70585],[51.49435,35.70624],[51.49404,35.70653],[51.49358,35.70645],[51.49305,35.70637],[51.49259,35.7063],[51.49214,35.70614],[51.49169,35.70583],[51.49117,35.70578],[51.49059,35.7058],[51.49016,35.70602],[51.48969,35.70645],[51.4894,35.70685],[51.48927,35.70702],[51.48918,35.70721],[51.48924,35.70736],[51.48906,35.7071],[51.48918,35.70718],[51.489,35.70752],[51.48884,35.70786],[51.48862,35.70836],[51.48839,35.70872],[51.48824,35.70922],[51.48836,35.70963],[51.4886,35.71012],[51.48884,35.71048],[51.48917,35.71079],[51.48961,35.71084],[51.49008,35.71083],[51.49067,35.71065],[51.49121,35.71051],[51.49166,35.71049],[51.49212,35.7104],[51.49262,35.7103],[51.49305,35.71018],[51.49356,35.71],[51.49392,35.71031],[51.49415,35.7107],[51.4944,35.71101],[51.49465,35.71136],[51.49481,35.71175],[51.49478,35.71213],[51.49482,35.71214],[51.49479,35.71191],[51.49475,35.71189],[51.4948,35.71196],[51.49491,35.71195],[51.49494,35.71198],[51.49477,35.71189],[51.49483,35.71189],[51.49513,35.71221],[51.49545,35.71251],[51.49579,35.71303],[51.49593,35.71348],[51.4961,35.71388],[51.49627,35.71428],[51.4962,35.7148],[51.49561,35.71463],[51.49504,35.71466],[51.49449,35.7146],[51.49403,35.71442],[51.49359,35.71422],[51.49296,35.71405],[51.49245,35.71396],[51.49202,35.71382],[51.49162,35.71368],[51.49144,35.71371],[51.49169,35.71373],[51.49171,35.71404],[51.49164,35.71379],[51.49157,35.71378],[51.49158,35.71388],[51.49179,35.71385],[51.4918,35.71383],[51.49158,35.71383],[51.49166,35.71377],[51.49148,35.71384],[51.49114,35.71359],[51.49071,35.71347],[51.49026,35.71335],[51.48973,35.7133],[51.48974,35.71294],[51.48957,35.71251],[51.48934,35.71203],[51.48909,35.71155],[51.48885,35.71104],[51.48864,35.71057],[51.48843,35.71013],[51.4883,35.70978],[51.48814,35.70934],[51.48795,35.70892],[51.48769,35.70842],[51.48751,35.70808],[51.48724,35.70766],[51.48691,35.70741],[51.48711,35.70702],[51.48736,35.70658],[51.48761,35.70616],[51.48781,35.70573],[51.48782,35.70534],[51.48733,35.7052],[51.4867,35.70495],[51.48619,35.70478],[51.48566,35.70463],[51.48512,35.70448],[51.48443,35.70433],[51.48434,35.70391],[51.48453,35.7035],[51.48472,35.70306],[51.48493,35.70274],[51.48535,35.70245],[51.48593,35.70253],[51.48599,35.70285],[51.48598,35.70287],[51.48616,35.70286],[51.48587,35.7028],[51.48594,35.70282],[51.48601,35.70284],[51.48658,35.70278],[51.48652,35.70316],[51.48597,35.7033],[51.48544,35.70312],[51.48494,35.70297],[51.4845,35.70282],[51.48398,35.70269],[51.48362,35.70241],[51.4834,35.70208],[51.48347,35.7021],[51.48346,35.70209],[51.48323,35.70223],[51.48347,35.70197],[51.4835,35.70178],[51.48346,35.7018],[51.48347,35.70178],[51.48338,35.7021],[51.48332,35.70211],[51.48356,35.7019],[51.48401,35.70208],[51.48443,35.70223],[51.48485,35.70236],[51.48523,35.70199],[51.48539,35.70161],[51.48544,35.7016],[51.48549,35.70141],[51.48574,35.70143],[51.48536,35.70164],[51.48575,35.70142],[51.48595,35.70093],[51.48618,35.70044],[51.48642,35.69998],[51.48648,35.69973],[51.48654,35.6997],[51.48651,35.6997],[51.4864,35.69965],[51.48658,35.6998],[51.48644,35.69961],[51.48697,35.69952],[51.48685,35.69929],[51.48658,35.69942],[51.48638,35.6996],[51.48658,35.69919],[51.48629,35.69891],[51.48671,35.69875],[51.48672,35.6987],[51.48636,35.69891],[51.48617,35.69842],[51.4864,35.6981],[51.48674,35.69786],[51.48696,35.69771],[51.48718,35.69759],[51.48768,35.69778],[51.48807,35.69798],[51.48853,35.69825],[51.48891,35.69848],[51.48852,35.6987],[51.48795,35.69864],[51.48746,35.69855],[51.48696,35.69854],[51.48737,35.69826],[51.48727,35.69783],[51.48706,35.6975],[51.4869,35.69777],[51.48688,35.69777],[51.48691,35.69777],[51.48698,35.69763],[51.48703,35.69775],[51.48728,35.69763],[51.48756,35.69759],[51.48783,35.69778],[51.48737,35.69769],[51.48763,35.69733],[51.48728,35.697],[51.48685,35.69675],[51.48621,35.6967],[51.48568,35.69628],[51.48527,35.69606],[51.48482,35.69603],[51.4845,35.69577],[51.4841,35.69556],[51.48368,35.69546],[51.48318,35.69531],[51.48252,35.69517],[51.48201,35.69503],[51.48118,35.69491],[51.48067,35.69468],[51.48023,35.69451],[51.48,35.69486],[51.47975,35.69532],[51.4797,35.69575],[51.47964,35.69625],[51.47961,35.69663],[51.47957,35.69705],[51.47958,35.69752],[51.4795,35.69797],[51.47947,35.69852],[51.47933,35.69886],[51.4793,35.69896],[51.47927,35.69897],[51.4797,35.69933],[51.47953,35.69899],[51.47953,35.69905],[51.4794,35.69884],[51.47942,35.69883],[51.47942,35.699],[51.47937,35.69938],[51.4793,35.69978],[51.47924,35.70018],[51.47944,35.70061],[51.47988,35.70069],[51.48013,35.70036],[51.48103,35.70087],[51.48084,35.70045],[51.48028,35.70053],[51.48043,35.70035],[51.48043,35.69998],[51.48065,35.69949],[51.48078,35.69913],[51.4809,35.69874],[51.48109,35.69835],[51.4812,35.69795],[51.48138,35.69736],[51.48201,35.69901],[51.48173,35.69858],[51.48166,35.69816],[51.48287,35.69721],[51.48244,35.69732],[51.48236,35.69775],[51.48205,35.69745],[51.48186,35.6971],[51.48199,35.69654],[51.48215,35.69618],[51.48232,35.69569],[51.48246,35.69533],[51.4823,35.69494],[51.48184,35.69477],[51.48125,35.69465],[51.48067,35.69463],[51.48012,35.6946],[51.47995,35.69426],[51.47993,35.69378],[51.47994,35.69335],[51.47999,35.69289],[51.47979,35.69253],[51.47928,35.69214],[51.47883,35.69198],[51.47815,35.69182],[51.47758,35.69179],[51.47692,35.69177],[51.47634,35.69174],[51.47575,35.6917],[51.47519,35.69165],[51.47465,35.69161],[51.47412,35.69152],[51.47354,35.6915],[51.47273,35.69143],[51.47225,35.69137],[51.47174,35.69132],[51.47115,35.6913],[51.47057,35.69125],[51.46994,35.6912],[51.46932,35.69113],[51.46874,35.69107],[51.46823,35.69101],[51.46773,35.69093],[51.46726,35.69087],[51.46679,35.69084],[51.46606,35.69076],[51.4655,35.69073],[51.46506,35.69075],[51.46446,35.69076],[51.4639,35.69073],[51.46341,35.69068],[51.46289,35.69058],[51.46242,35.69064],[51.46193,35.6905],[51.46144,35.69046],[51.46111,35.6907],[51.46108,35.69117],[51.46099,35.69168],[51.46093,35.69218],[51.46093,35.69256],[51.46083,35.69307],[51.46077,35.69348],[51.4607,35.69396],[51.46071,35.69444],[51.46062,35.69483],[51.46053,35.69525],[51.46052,35.69563],[51.46043,35.69608],[51.46009,35.69633],[51.45959,35.69642],[51.45907,35.69652],[51.45857,35.6966],[51.45803,35.69671],[51.45758,35.69681],[51.45722,35.6971],[51.45719,35.69748],[51.45723,35.69799],[51.45731,35.69837],[51.45702,35.69786],[51.45701,35.69737],[51.45685,35.69697],[51.45638,35.69702],[51.45586,35.6971],[51.45526,35.69722],[51.45459,35.69745],[51.4541,35.69753],[51.4541,35.69739],[51.45396,35.69745],[51.45437,35.69747],[51.4544,35.69729],[51.45406,35.69752],[51.45441,35.6975],[51.45394,35.69746],[51.45336,35.69756],[51.45292,35.69768],[51.45245,35.69778],[51.45195,35.69792],[51.45151,35.69803],[51.45098,35.69821],[51.45047,35.69824],[51.45006,35.6984],[51.45018,35.69893],[51.45041,35.69965],[51.45056,35.70025],[51.45072,35.70074],[51.45081,35.70111],[51.45072,35.70075],[51.45066,35.70037],[51.45055,35.7003],[51.45016,35.70048],[51.45056,35.7003],[51.45061,35.70036],[51.45017,35.70044],[51.45006,35.70002],[51.45046,35.70018],[51.45057,35.70036],[51.45036,35.70028],[51.45059,35.7004],[51.45074,35.7008],[51.45089,35.70118],[51.45097,35.70157],[51.4511,35.70201],[51.45126,35.70241],[51.45152,35.70275],[51.45205,35.70294],[51.45251,35.70297],[51.45305,35.70309],[51.45341,35.70332],[51.45386,35.70349],[51.45449,35.70365],[51.45504,35.70385],[51.45558,35.70416],[51.45614,35.70431],[51.45669,35.70439],[51.45732,35.70465],[51.45804,35.70484],[51.45845,35.70499],[51.45885,35.70514],[51.45968,35.70534],[51.46052,35.7055],[51.46097,35.7056],[51.46142,35.70571],[51.46185,35.70582],[51.46265,35.70599],[51.46335,35.70617],[51.46385,35.70646],[51.46429,35.70683],[51.46489,35.70699],[51.46536,35.70708],[51.46597,35.70718],[51.46647,35.70724],[51.46699,35.70733],[51.46752,35.70743],[51.46805,35.70751],[51.46849,35.70768],[51.46903,35.70776],[51.46947,35.70789],[51.46996,35.70801],[51.47051,35.70816],[51.47093,35.70835],[51.47149,35.70849],[51.47196,35.70872],[51.47243,35.70875],[51.47296,35.70883],[51.47351,35.70901],[51.47405,35.7092],[51.47456,35.70945],[51.47521,35.7097],[51.47581,35.7099],[51.47656,35.70998],[51.47698,35.70985],[51.4773,35.71013],[51.47764,35.71044],[51.47806,35.71075],[51.47834,35.71103],[51.47849,35.71138],[51.47891,35.71156],[51.47941,35.71171],[51.48021,35.71162],[51.48066,35.71169],[51.4815,35.71189],[51.4822,35.71217],[51.4828,35.71243],[51.48317,35.71264],[51.48368,35.7128],[51.48412,35.71298],[51.48477,35.71317],[51.48534,35.71336],[51.48593,35.71356],[51.48638,35.71369],[51.48683,35.71372],[51.48745,35.71391],[51.48816,35.71406],[51.48875,35.71442],[51.48921,35.71465],[51.4897,35.71464],[51.49016,35.71474],[51.4906,35.71473],[51.49105,35.71477],[51.4915,35.71492],[51.49208,35.71514],[51.49267,35.71545],[51.49333,35.7156],[51.49397,35.71566],[51.4947,35.71572],[51.49534,35.71586],[51.49592,35.71596],[51.49649,35.71618],[51.49697,35.71636],[51.49732,35.71658],[51.49781,35.71676],[51.49822,35.71697],[51.49876,35.71722],[51.49936,35.71749],[51.50005,35.71767],[51.50051,35.71779],[51.50101,35.71802],[51.50144,35.71816],[51.5019,35.71833],[51.50232,35.71859],[51.50298,35.71873],[51.50365,35.71886],[51.50445,35.71901],[51.50488,35.71915],[51.50536,35.71928],[51.50587,35.71942],[51.50637,35.71955],[51.50687,35.71974],[51.50737,35.71995],[51.50784,35.72013],[51.50854,35.72037],[51.50911,35.72049],[51.50975,35.72069],[51.51046,35.72087],[51.51091,35.72102],[51.51141,35.72143],[51.51185,35.72157],[51.51231,35.72168],[51.51274,35.72182],[51.51355,35.72196],[51.51424,35.72215],[51.51484,35.72236],[51.51535,35.72253],[51.51583,35.72267],[51.51643,35.72273],[51.51697,35.72286],[51.51768,35.72308],[51.51812,35.72319],[51.51861,35.72341],[51.51905,35.72353],[51.51952,35.72359],[51.5199,35.7234],[51.52016,35.72302],[51.52065,35.72287],[51.52126,35.7229],[51.52167,35.72304],[51.52179,35.72345],[51.52236,35.72359],[51.52255,35.72396],[51.52661,35.72391],[51.52694,35.72443],[51.53204,35.72474],[51.53295,35.72452],[51.53361,35.72458],[51.53435,35.72461],[51.53509,35.72459],[51.53566,35.72468],[51.53627,35.72471],[51.5369,35.72476],[51.53759,35.7248],[51.53827,35.72486],[51.53895,35.72491],[51.53966,35.72498],[51.54039,35.72505],[51.54113,35.7251],[51.54186,35.72514],[51.54257,35.72521],[51.54331,35.72527],[51.54405,35.72538],[51.5448,35.72548],[51.54554,35.72553],[51.54629,35.72557],[51.54702,35.7256],[51.54776,35.72563],[51.54848,35.72569],[51.54917,35.72577],[51.54984,35.72586],[51.55047,35.72592],[51.55106,35.72596],[51.5516,35.72601],[51.55207,35.72602],[51.55288,35.72605],[51.55228,35.72611],[51.55152,35.72607],[51.55096,35.72612],[51.5506,35.7264],[51.55097,35.72679],[51.55154,35.72714],[51.5521,35.72739],[51.55255,35.72749],[51.55307,35.72783],[51.55347,35.72804],[51.55388,35.72828],[51.55442,35.72857],[51.55488,35.72873],[51.55457,35.72921],[51.55426,35.72965],[51.55395,35.72998],[51.55401,35.73003],[51.55405,35.72999]]]}},{"type":"Feature","properties":{"route":13,"color":"#db2777","times":[[20226,20287,20323,20362,20380,20398,20446,20506,20516,20554,20569,20623,20683,20743,20803,20863,20923,20983,21043,21103,21163,21223,21283,21343,21403,21463,21523,21583,21643,21703,21763,21823,21883,21943,22003,22063,22123,22183,22243,22303,22363,22423,22483,22543,22603,22663,22723,22783,22843,22903,22963,23023,23083,23143,23203,23264,23324,23384,23444,23453,23462,23468,23474,23480,23486,23492,23510,23516,23522,23528,23534,23540,23546,23552,23558,23564,23567,23570,23573,23576,23579,23582,23585,23588,23591,23594,23597,23600,23603,23606,23609,23612,23615,23618,23621,23624,23627,23630,23633,23636,23639,23642,23645,23648,23651,23654,23657,23660,23663,23666,23669,23672,23675,23678,23681,23687,23690,23696,23702,23708,23714,23720,23726,23735,23750,23768,23774,23780,23786,23792,23798,23804,23810,23813,23816,23819,23822,23825,23828,23831,23834,23837,23840,23843,23846,23849,23852,23855,23858,23861,23864,23867,23870,23873,23876,23879,23882,23885,23888,23891,23894,23897,23900,23903,23906,23909,23912,23915,23918,23921,23924,23927,23930,23933,23936,23939,23942,23945,23948,23951,23954,23957,23960,23963,23966,23969,23972,23975,23978,23981,23984,23987,23990,23993,23996,23999,24002,24005,24008,24011,24014,24017,24020,24023,24026,24029,24032,24035,24038,24041,24044,24047,24050,24056,24116,24176,24236,24269,24275,24278,24281,24284,24287,24290,24293,24296,24299,24302,24305,24311,24326,24338,24347,24365,24386,24398,24413,24425,24437,24446,24452,24458,24464,24470,24476,24482,24518,24524,24530,24533,24536,24542,24551,24560,24575,24590,24602,24620,24647,24653,24659,24665,24671,24677,24683,24695,24707,24713,24719,24725,24731,24737,24743,24749,24761,24773,24782,24788,24794,24803,24812,24827,24836,24842,24848,24854,24860,24890,24905,24923,24938,24959,24980,24998,25013,25019,25025,25031,25037,25043,25049,25055,25061,25067,25073,25079,25085,25091,25094,25097,25100,25103,25106,25109,25112,25115,25118,25121,25124,25130,25136,25142,25166,25175,25181,25187,25190,25193,25196,25199,25202,25205,25208,25211,25214,25217,25220,25226,25229,25232,25235,25238,25241,25244,25247,25250,25253,25256,25259,25262,25265,25268,25271,25274,25277,25280,25283,25286,25289,25292,25295,25298,25301,25304,25307,25310,25313,25316,25319,25322,25325,25328,25331,25334,25337,25340,25343,25346,25349,25352,25355,25358,25361,25364,25367,25370,25373,25376,25379,25382,25385,25388,25391,25394,25397,25400,25403,25406,25409,25412,25415,25418,25421,25424,25427,25430,25433,25436,25439,25442,25445,25448,25451,25454,25457,25460,25463,25466,25469,25472,25475,25478,25481,25484,25487,25490,25493,25496,25499,25502,25505,25508,25511,25514,25517,25520,25523,25526,25529,25532,25535,25541,25547,25553,25562,25586,25595,25607,25619,25646,25658,25664,25673,25682,25691,25697,25703,25709,25715,25721,25727,25733,25739,25745,25748,25754,25760,25769,25778,25784,25790,25796,25802,25808,25814,25820,25826,25841,25847,25853,25913,25973,26033,26093,26153,26201,26210,26222,26231,26240,26300,26360,26420,26480,26489,26501,26510,26516,26525,26534,26540,26546,26564,26573,26633,26693,26753,26813,26873,26933,26993,27011,27017,27023,27035,27044,27053,27062,27071,27080,27092,27110,27170,27179,27191,27203,27254,27281,27341,27401,27461,27521,27581,27641,27701,27761,27821,27872,27881,27902,27911,27920,27929,27938,27947,27956,27962,27968,27974,27983,27989,27995,28004,28016,28022,28025,28031,28037,28043,28049,28055,28061,28064,28067,28070,28073,28076,28079,28082,28085,28088,28091,28094,28097,28100,28103,28106,28109,28112,28118,28124,28136,28175,28187,28196,28202,28208,28214,28220,28226,28232,28238,28241,28244,28247,28250,28253,28256,28259,28262,28265,28268,28274,28283,28286,28289,28295,28301,28307,28316,28322,28328,28334,28340,28346,28355,28361,28367,28373,28382,28388,28391,28394,28397,28400,28403,28406,28409,28412,28415,28418,28421,28424,28427,28430,28433,28436,28439,28442,28445,28448,28451,28454,28457,28460,28463,28466,28469,28472,28475,28478,28481,28484,28487,28490,28493,28496,28499,28502,28505,28511,28526,28532,28538,28544,28547,28550,28553,28556,28559,28562,28565,28568,28571,28574,28577,28580,28583,28586,28589,28592,28595,28598,28601,28604,28607,28610,28616,28628,28634,28640,28643,28646,28649,28652,28655,28658,28661,28664,28667,28670,28676,28682,28688,28694,28712,28721,28730,28790,28799,28805,28811,28817,28832,28844,28859,28919,28979,29039,29099,29159,29180,29192,29201,29210,29219,29228,29243,29249,29258,29267,29273,29279,29285,29288,29291,29294,29300,29306,29312,29315,29318,29321,29324,29327,29330,29333,29336,29339,29342,29345,29348,29351,29354,29357,29360,29363,29366,29369,29372,29375,29378,29381,29384,29387,29393,29399,29405,29408,29411,29414,29417,29420,29423,29426,29429,29432,29435,29438,29441,29444,29447,29450,29453,29456,29459,29462,29465,29468,29471,29474,29477,29480,29483,29486,29489,29492,29495,29498,29501,29504,29507,29510,29513,29516,29522,29528,29534,29540,29546,29549,29555,29564,29570,29576,29585,29591,29597,29603,29609,29615,29624,29630,29636,29642,29648,29657,29663,29669,29675,29678,29681,29687,29690,29693,29696,29699,29705,29711,29717,29723,29729,29732,29735,29741,29747,29756,29762,29768,29774,29780,29786,29792,29801,29807,29813,29819,29825,29831,29837,29843,29849,29855,29864,29870,29876,29882,29888,29894,29900,29906,29912,29918,29927,29939,29948,29957,29963,29972,29981,30041,30101,30161,30197,30206,30212,30224,30242,30257,30266,30275,30287,30293,30299,30305,30314,30320,30326,30332,30338,30356,30365,30371,30377,30386,30392,30398,30404,30413,30422,30428,30434,30440,30446,30452,30461,30470,30476,30485,30497,30512,30524,30548,30554,30560,30569,30578,30587,30596,30602,30608,30614,30623,30638,30656,30665,30671,30677,30686,30692,30698,30704,30710,30716,30725,30734,30740,30746,30752,30758,30764,30773,30779,30785,30791,30800,30809,30815,30821,30830,30839,30848,30908,30968,31028,31088,31148,31208,31268,31328,31388,31433,31442,31451,31457,31463,31469,31478,31487,31496,31502,31511,31517,31526,31532,31541,31550,31556,31562,31622,31682,31742,31772,31832,31892,31952,32012,32045,32105,32153,32159,32165,32171,32186,32195,32201,32207,32216,32222,32231,32240,32249,32258,32267,32273,32282,32288,32294,32303,32315,32324,32330,32336,32345,32354,32363,32375,32387,32399,32405,32411,32420,32426,32432,32441,32450,32456,32465,32477,32507,32516,32522,32528,32537,32597,32657,32717,32726,32786,32840,32900,32960,33020,33080,33140,33200,33260,33311,33320,33329,33338,33347,33356,33368,33392,33401,33407,33419,33431,33510,33629,33689,33716,33731,33740,33749,33758,33770,33779,33785,33791,33800,33809,33821,33827,33833,33839,33899,33959,34019,34079,34112,34118,34127,34139,34145,34151,34160,34169,34178,34220,34238,34259,34319,34379,34439,34500,34533,34557,34581,34626,34635,34644,34650,34656,34662,34668,34674,34680,34686,34692,34701,34710,34719,34725,34731,34734,34737,34740,34743,34746,34752,34773,34779,34785,34788,34791,34794,34797,34800,34803,34806,34809,34812,34815,34818,34821,34827,34833,34839,34845,34851,34857,34863,34923,34941,34950,34956,34962,34971,34977,34986,34992,34998,35004,35016,35022,35028,35034,35040,35046,35052,35058,35064,35070,35076,35082,35088,35094,35154,35214,35289,35337,35343,35349,35355,35364,35373,35382,35388,35394,35400,35406,35412,35418,35424,35433,35439,35445,35451,35457,35469,35478,35484,35490,35496,35502,35508,35514,35520,35526,35535,35547,35556,35562,35568,35577,35586,35592,35601,35613,35619,35625,35631,35637,35643,35649,35655,35661,35667,35673,35679,35682,35688,35691,35694,35697,35700,35703,35706,35709,35712,35718,35721,35724,35727,35730,35733,35736,35742,35748,35751,35754,35760,35763,35766,35769,35772,35778,35823,35832,35838,35847,35856,35862,35868,35874,35883,35901,35961,36021,36081,36141,36180,36192,36198,36204,36210,36219,36228,36234,36243,36288,36294,36300,36306,36312,36318,36324,36330,36336,36342,36345,36348,36351,36354,36360,36366,36372,36378,36384,36390,36396,36402,36408,36414,36417,36420,36426,36429,36435,36441,36447,36453,36462,36468,36474,36480,36483,36489,36495,36504,36510,36516,36525,36534,36546,36558,36618,36674,36680,36695,36728,36737,36746,36752,36761,36776,36785,36791,36797,36818,36827,36833,36839,36845,36851,36860,36866,36872,36878,36890,36899,36905,36911,36917,36923,36929,36956,37007,37067,37115,37121,37127,37133,37145,37205,37303,37363,37399,37459,37477,37483,37489,37498,37504,37510,37519,37579,37639,37699,37822,37849,37858,37867,37876,37885,37891,37900,37909,37921,37930,37939,37951,37957,37963,38023,38085,38145,38205,38265,38325,38385,38409,38418,38424,38439,38451,38490,38550,38610,38640,38655,38676,38685,38691,38697,38703,38712,38721,38730,38739,38754,38766,38778,38790,38796,38802,38808,38817,38823,38829,38835,38841,38847,38853,38862,38874,38883,38889,38895,38901,38907,38913,38919,38925,38931,38937,38943,38949,38955,38961,38967,38973,38979,38988,38994,39000,39006,39012,39021,39081,39141,39201,39250,39310,39370,39661,39721,39786,39798,39807,39867,39927,39987,40047,40107,40167,40200,40260,40278,40290,40299,40341,40356,40368,40377,40386,40395,40401,40431,40491,40521,40581,40641,40662,40707,40719,40779,40839,40866,40875,40920,40926,40933,40948,41008,41068,41128,41143,41152,41161,41170,41179,41188,41197,41203,41215,41233,41251,41263,41269,41278,41287,41293,41302,41308,41314,41320,41326,41332,41338,41344,41350,41356,41362,41368,41374,41380,41386,41392,41398,41401,41404,41410,41416,41422,41428,41431,41434,41437,41440,41443,41446,41449,41452,41455,41458,41461,41464,41467,41470,41473,41476,41479,41482,41485,41488,41491,41494,41497,41500,41503,41506,41509,41512,41515,41518,41521,41524,41527,41530,41533,41536,41539,41542,41545,41548,41551,41554,41557,41560,41563,41566,41569,41572,41575,41578,41581,41584,41587,41590,41593,41596,41599,41602,41608,41614,41620,41626,41632,41644,41656,41671,41702,41708,41717,41726,41750,41771,41780,41792,41801,41810,41819,41825,41831,41837,41843,41849,41855,41861,41864,41867,41870,41873,41876,41879,41882,41885,41888,41891,41894,41897,41900,41903,41906,41912,41918,41930,41942,41948,41960,41969,41978,41987,42002,42020,42029,42035,42047,42056,42062,42068,42077,42083,42089,42095,42101,42113,42128,42140,42149,42155,42164,42183,42204,42210,42216,42233,42242,42251,42257,42263,42269,42275,42281,42287,42293,42299,42305,42311,42317,42323,42326,42332,42338,42344,42362,42368,42374,42377,42380,42386,42392,42395,42398,42401,42404,42407,42410,42413,42416,42419,42422,42431,42437,42443,42449,42455,42461,42464,42467,42470,42473,42476,42479,42482,42485,42488,42497,42503,42509,42512,42515,42518,42521,42524,42530,42539,42548,42554,42560,42566,42575,42584,42590,42593,42599,42602,42608,42611,42617,42623,42626,42629,42632,42635,42638,42641,42644,42647,42650,42653,42656,42659,42662,42665,42668,42671,42674,42677,42680,42686,42695,42701,42704,42707,42710,42713,42716,42719,42722,42725,42728,42731,42734,42737,42740,42743,42746,42749,42752,42755,42758,42761,42764,42767,42770,42773,42776,42779,42782,42785,42788,42794,42800,42806,42815,42830,42836,42839,42842,42845,42848,42851,42854,42857,42860,42863,42866,42869,42872,42875,42878,42881,42884,42887,42890,42893,42896,42899,42902,42905,42908,42911,42914,42917,42920,42923,42926,42929,42932,42935,42938,42941,42944,42947,42950,42953,42956,42959,42962,42965,42968,42971,42974,42977,42980,42983,42986,42989,42992,42995,42998,43001,43004,43007,43010,43013,43016,43019,43022,43025,43028,43031,43034,43037,43040,43043,43046,43049,43052,43055,43058,43061,43064,43067,43070,43073,43076,43082,43088,43094,43097,43100,43103,43109,43118,43121,43124,43127,43130,43133,43136,43139,43142,43145,43148,43154,43163,43169,43175,43181,43190,43196,43202,43205,43208,43211,43214,43217,43220,43223,43226,43229,43232,43235,43238,43241,43244,43247,43250,43253,43256,43259,43262,43265,43268,43271,43274,43277,43280,43283,43286,43289,43292,43295,43298,43301,43304,43307,43310,43313,43319,43328,43358,43364,43370,43379,43394,43403,43409,43415,43421,43430,43439,43499,43559,43619,43679,43718,43724,43733,43739,43799,43859,43919,43986,44046,44106]]},"geometry":{"type":"MultiLineString","coordinates":[[[51.54644,35.71512],[51.54644,35.71515],[51.5463,35.7148],[51.54602,35.71451],[51.54587,35.71413],[51.54577,35.7137],[51.54549,35.7134],[51.54539,35.71346],[51.54623,35.71509],[51.55375,35.72825],[51.55385,35.72884],[51.55404,35.7292],[51.55419,35.72944],[51.55421,35.72953],[51.55426,35.72953],[51.55422,35.72969],[51.55426,35.72973],[51.55433,35.72973],[51.55439,35.72973],[51.55432,35.72969],[51.55427,35.72968],[51.55425,35.72967],[51.5543,35.72967],[51.55423,35.7297],[51.55413,35.72976],[51.55407,35.72993],[51.55404,35.72989],[51.55392,35.72994],[51.55409,35.72988],[51.55423,35.72986],[51.55421,35.72982],[51.55404,35.72968],[51.55415,35.72971],[51.55415,35.72974],[51.55419,35.72985],[51.55411,35.72988],[51.554,35.72988],[51.55396,35.72987],[51.55391,35.7299],[51.55395,35.72988],[51.55395,35.72988],[51.55392,35.72988],[51.55395,35.72988],[51.55406,35.7299],[51.55406,35.72991],[51.55398,35.72983],[51.55391,35.72985],[51.55381,35.72989],[51.5539,35.72981],[51.55402,35.72988],[51.55391,35.7298],[51.55397,35.72976],[51.55394,35.72988],[51.55411,35.72989],[51.55387,35.7298],[51.55394,35.72975],[51.55412,35.72988],[51.55418,35.72986],[51.55422,35.72962],[51.5546,35.72918],[51.55496,35.72882],[51.55529,35.72847],[51.55569,35.72803],[51.55615,35.72756],[51.55655,35.72709],[51.55688,35.72672],[51.55653,35.72638],[51.55598,35.72622],[51.5554,35.72611],[51.5548,35.72601],[51.55408,35.72596],[51.55348,35.72594],[51.55288,35.72588],[51.55215,35.72583],[51.5513,35.72577],[51.55042,35.72573],[51.54995,35.7257],[51.54947,35.72566],[51.54897,35.72561],[51.54841,35.72557],[51.54785,35.72554],[51.54734,35.7255],[51.5468,35.72548],[51.54621,35.72545],[51.54568,35.72541],[51.54512,35.72538],[51.54457,35.72534],[51.54401,35.72532],[51.54343,35.72529],[51.54288,35.72525],[51.54232,35.7252],[51.54175,35.72515],[51.54119,35.72512],[51.54063,35.72507],[51.54007,35.72504],[51.53956,35.72499],[51.53907,35.72496],[51.53856,35.72492],[51.53805,35.72488],[51.53754,35.72487],[51.53706,35.72488],[51.53658,35.72487],[51.53609,35.72483],[51.53562,35.7248],[51.5351,35.72475],[51.5346,35.7247],[51.53412,35.72466],[51.53364,35.72462],[51.53315,35.72459],[51.53266,35.72456],[51.53212,35.72452],[51.5316,35.72449],[51.53112,35.72445],[51.53065,35.72444],[51.5302,35.72442],[51.52934,35.72435],[51.52887,35.72432],[51.52803,35.72426],[51.52722,35.72419],[51.5265,35.72411],[51.52569,35.72407],[51.525,35.72402],[51.52456,35.724],[51.524,35.72401],[51.5236,35.72376],[51.52336,35.72332],[51.52309,35.7229],[51.52266,35.72264],[51.52206,35.72258],[51.52151,35.72249],[51.52091,35.72237],[51.52027,35.72225],[51.51943,35.72213],[51.51895,35.72207],[51.51845,35.72203],[51.51792,35.72199],[51.51738,35.72194],[51.51682,35.72185],[51.51627,35.72173],[51.51573,35.72157],[51.5152,35.7214],[51.51468,35.72118],[51.51415,35.72091],[51.51364,35.72062],[51.51315,35.7203],[51.51267,35.71994],[51.51222,35.71954],[51.51183,35.71912],[51.51138,35.71869],[51.51093,35.71825],[51.51048,35.7178],[51.51001,35.71735],[51.50953,35.71689],[51.50909,35.71645],[51.50866,35.71598],[51.50824,35.71552],[51.50784,35.71506],[51.50744,35.71459],[51.50705,35.71413],[51.50667,35.71365],[51.5063,35.7132],[51.50591,35.71273],[51.50554,35.71228],[51.50518,35.71181],[51.50486,35.71134],[51.50457,35.71085],[51.50431,35.71034],[51.50408,35.70981],[51.50386,35.70927],[51.50365,35.70873],[51.50343,35.7082],[51.50323,35.70766],[51.503,35.70712],[51.50276,35.70659],[51.50253,35.70608],[51.5023,35.70557],[51.50206,35.70507],[51.50183,35.70457],[51.50158,35.70406],[51.50136,35.70354],[51.50116,35.70307],[51.50098,35.70259],[51.5008,35.70213],[51.50062,35.70165],[51.5004,35.70116],[51.50015,35.70071],[51.49988,35.70025],[51.49957,35.69979],[51.49928,35.69934],[51.49897,35.6989],[51.49866,35.69848],[51.49834,35.69805],[51.49801,35.69763],[51.49766,35.69721],[51.4973,35.69679],[51.49696,35.69638],[51.49664,35.69599],[51.49632,35.69562],[51.49602,35.69526],[51.49574,35.69488],[51.49546,35.69452],[51.49517,35.69414],[51.49486,35.69375],[51.49456,35.69335],[51.49421,35.69294],[51.4939,35.69249],[51.49365,35.69204],[51.49346,35.69157],[51.4933,35.69109],[51.49313,35.69062],[51.49297,35.69018],[51.49285,35.68976],[51.49276,35.68938],[51.49268,35.6888],[51.49267,35.68874],[51.49265,35.68877],[51.49266,35.68877],[51.49267,35.68833],[51.49266,35.68762],[51.49265,35.68718],[51.49263,35.68673],[51.49263,35.6863],[51.49263,35.68585],[51.49262,35.68541],[51.4926,35.685],[51.49259,35.68459],[51.4926,35.68418],[51.4926,35.6838],[51.4926,35.68342],[51.49256,35.68277],[51.49255,35.6823],[51.49251,35.68191],[51.49253,35.68151],[51.49249,35.68115],[51.49248,35.68078],[51.49246,35.68036],[51.49244,35.67995],[51.49244,35.67948],[51.49241,35.67903],[51.49244,35.67864],[51.49242,35.67822],[51.4924,35.67771],[51.4924,35.67708],[51.49236,35.67649],[51.49233,35.67602],[51.4923,35.67563],[51.49226,35.6751],[51.49226,35.67456],[51.49225,35.67386],[51.49223,35.67348],[51.49222,35.67308],[51.49221,35.67241],[51.49224,35.67204],[51.49219,35.67165],[51.4922,35.67125],[51.49216,35.67085],[51.49216,35.67043],[51.49216,35.67006],[51.49215,35.66969],[51.49213,35.66933],[51.49212,35.66885],[51.49211,35.6684],[51.49211,35.66796],[51.49202,35.66757],[51.49191,35.66712],[51.4918,35.66671],[51.49165,35.66618],[51.49153,35.66579],[51.49138,35.6653],[51.49121,35.66478],[51.49102,35.66429],[51.49084,35.66378],[51.4907,35.66327],[51.49057,35.6629],[51.49039,35.66249],[51.49034,35.6621],[51.49025,35.66171],[51.49009,35.66137],[51.4899,35.66094],[51.48976,35.66056],[51.48958,35.65998],[51.48946,35.6596],[51.48929,35.65919],[51.4891,35.65867],[51.48886,35.6581],[51.48855,35.65759],[51.4883,35.65727],[51.48804,35.6569],[51.48786,35.65653],[51.48787,35.65613],[51.48788,35.65575],[51.48784,35.65534],[51.48779,35.65495],[51.48768,35.65458],[51.48758,35.65412],[51.48731,35.65353],[51.4871,35.65294],[51.48698,35.65249],[51.4868,35.65204],[51.48667,35.65156],[51.48648,35.65097],[51.48623,35.65032],[51.48598,35.64963],[51.48575,35.649],[51.4855,35.64832],[51.48528,35.64773],[51.48515,35.6472],[51.48501,35.64651],[51.48495,35.64611],[51.48489,35.64566],[51.48483,35.64519],[51.48475,35.6447],[51.48463,35.64416],[51.48452,35.64362],[51.48443,35.64311],[51.48436,35.64263],[51.4843,35.64214],[51.48421,35.64168],[51.48417,35.64128],[51.48409,35.64059],[51.48403,35.64003],[51.48401,35.63958],[51.48408,35.63922],[51.48404,35.63886],[51.48392,35.63842],[51.4836,35.63778],[51.4833,35.6374],[51.48295,35.6371],[51.48253,35.63684],[51.48206,35.63665],[51.48161,35.6365],[51.48106,35.63646],[51.4805,35.63653],[51.4799,35.63666],[51.47941,35.63688],[51.47893,35.63708],[51.47852,35.63727],[51.47777,35.6376],[51.4773,35.6378],[51.47678,35.63805],[51.47625,35.63824],[51.47571,35.63832],[51.47516,35.63832],[51.47462,35.63824],[51.47408,35.63806],[51.47358,35.6378],[51.47318,35.63742],[51.47281,35.63702],[51.47246,35.63659],[51.47208,35.63617],[51.47168,35.63576],[51.4712,35.6354],[51.47071,35.63508],[51.47019,35.63477],[51.46964,35.63448],[51.46911,35.63424],[51.46855,35.63405],[51.46798,35.63385],[51.4674,35.63361],[51.46681,35.63333],[51.46623,35.63308],[51.46576,35.63287],[51.46535,35.6327],[51.46494,35.63255],[51.4645,35.63239],[51.464,35.63222],[51.46349,35.63204],[51.46297,35.63187],[51.46244,35.63171],[51.46191,35.63155],[51.46138,35.63139],[51.46091,35.63127],[51.46049,35.63114],[51.46003,35.63103],[51.45954,35.6309],[51.459,35.63078],[51.45841,35.63067],[51.45784,35.63055],[51.45729,35.63044],[51.45673,35.6303],[51.45618,35.63015],[51.45561,35.63001],[51.45501,35.62989],[51.45435,35.6298],[51.45366,35.62974],[51.45304,35.62968],[51.45237,35.62966],[51.45166,35.62964],[51.45091,35.62961],[51.45017,35.62962],[51.44946,35.62968],[51.44875,35.62968],[51.44806,35.62967],[51.44745,35.62963],[51.4468,35.62961],[51.44611,35.62957],[51.44544,35.62953],[51.44477,35.62947],[51.44411,35.62939],[51.44342,35.6292],[51.44274,35.62911],[51.44206,35.62899],[51.44138,35.62886],[51.44069,35.62873],[51.44,35.62857],[51.43935,35.62843],[51.43868,35.62826],[51.43799,35.62808],[51.43728,35.6279],[51.43656,35.62768],[51.43583,35.62743],[51.4351,35.62714],[51.43439,35.62686],[51.4337,35.62659],[51.43302,35.6263],[51.43234,35.62602],[51.43166,35.6257],[51.43096,35.62537],[51.43029,35.62501],[51.42965,35.62465],[51.42902,35.6243],[51.4284,35.62394],[51.42779,35.62356],[51.42719,35.62317],[51.42664,35.62278],[51.42609,35.62241],[51.42558,35.62203],[51.42511,35.62167],[51.42469,35.62135],[51.42431,35.62107],[51.42394,35.62075],[51.42351,35.62039],[51.42305,35.62],[51.42258,35.61962],[51.42212,35.61924],[51.42168,35.6189],[51.42123,35.61855],[51.42079,35.61822],[51.42032,35.6179],[51.41983,35.61758],[51.41942,35.61731],[51.41884,35.61699],[51.41844,35.61679],[51.41803,35.61662],[51.4176,35.61646],[51.41721,35.61629],[51.41679,35.61609],[51.41631,35.61594],[51.41587,35.61578],[51.41536,35.61565],[51.41481,35.61554],[51.41431,35.61542],[51.41382,35.61533],[51.41326,35.61523],[51.41262,35.61514],[51.41207,35.61521],[51.41161,35.61562],[51.41182,35.61613],[51.41243,35.61644],[51.41308,35.6165],[51.41372,35.6163],[51.41417,35.61584],[51.41437,35.61528],[51.41456,35.61452],[51.41463,35.61416],[51.41479,35.61351],[51.4149,35.61305],[51.41496,35.61268],[51.41509,35.61227],[51.41522,35.61187],[51.41533,35.6114],[51.41546,35.61096],[51.4156,35.61045],[51.41573,35.60998],[51.41587,35.60944],[51.41602,35.60894],[51.4161,35.60854],[51.4158,35.60813],[51.41571,35.60772],[51.41558,35.60732],[51.4154,35.60718],[51.41539,35.60717],[51.41544,35.60697],[51.41535,35.60689],[51.41537,35.60679],[51.41495,35.6069],[51.41447,35.60704],[51.41392,35.60704],[51.41344,35.60718],[51.413,35.60727],[51.41269,35.60742],[51.41268,35.60744],[51.4126,35.60733],[51.41256,35.60697],[51.41243,35.60661],[51.41237,35.6062],[51.41184,35.60623],[51.41129,35.6063],[51.41077,35.60639],[51.41009,35.6065],[51.40956,35.60655],[51.40911,35.60665],[51.40868,35.60635],[51.4086,35.60585],[51.40847,35.60561],[51.40841,35.60566],[51.40831,35.60532],[51.40838,35.60537],[51.40849,35.60534],[51.40853,35.60547],[51.40842,35.60537],[51.40843,35.60583],[51.40856,35.60619],[51.40866,35.60657],[51.40878,35.60701],[51.40889,35.60747],[51.409,35.60789],[51.4091,35.60829],[51.40922,35.60866],[51.40929,35.60919],[51.40941,35.60956],[51.40953,35.60995],[51.40957,35.60997],[51.40948,35.6096],[51.40941,35.60923],[51.40924,35.60889],[51.40914,35.60854],[51.4091,35.60817],[51.40905,35.60798],[51.40907,35.60796],[51.40904,35.60795],[51.40903,35.60796],[51.40905,35.60807],[51.40908,35.60799],[51.40906,35.60794],[51.40905,35.60796],[51.40907,35.60795],[51.40888,35.60748],[51.40876,35.60699],[51.40914,35.60666],[51.40975,35.60657],[51.4102,35.6065],[51.4108,35.6064],[51.41139,35.60627],[51.41193,35.60619],[51.41249,35.6061],[51.41311,35.60601],[51.41388,35.60588],[51.41456,35.60578],[51.41515,35.6057],[51.41582,35.60557],[51.41638,35.60546],[51.4169,35.60528],[51.41712,35.60481],[51.41724,35.60429],[51.41732,35.60393],[51.41749,35.60326],[51.41766,35.60262],[51.4178,35.60207],[51.41791,35.60163],[51.41804,35.60118],[51.41821,35.60048],[51.41833,35.60008],[51.41844,35.59967],[51.41856,35.59926],[51.41867,35.59884],[51.41876,35.59841],[51.41886,35.598],[51.41898,35.59757],[51.41909,35.59712],[51.4192,35.59675],[51.41932,35.59636],[51.41942,35.59596],[51.41953,35.59558],[51.41963,35.5952],[51.41974,35.59481],[51.41985,35.59442],[51.41996,35.59403],[51.42003,35.59365],[51.4202,35.59304],[51.4203,35.59266],[51.42039,35.59231],[51.42051,35.59194],[51.42059,35.59157],[51.42067,35.59116],[51.42072,35.59069],[51.42078,35.59012],[51.42083,35.58952],[51.42091,35.58882],[51.42098,35.58825],[51.42103,35.58763],[51.42109,35.58684],[51.42111,35.58643],[51.42114,35.586],[51.42116,35.58559],[51.42119,35.58517],[51.42122,35.58476],[51.42126,35.58438],[51.42129,35.58399],[51.42135,35.58358],[51.42146,35.58321],[51.42157,35.58285],[51.42172,35.58245],[51.42191,35.58189],[51.422,35.58152],[51.4221,35.58117],[51.42221,35.58077],[51.42228,35.58022],[51.42225,35.57963],[51.42216,35.57907],[51.42191,35.57847],[51.42174,35.57809],[51.42152,35.57765],[51.42123,35.57711],[51.42105,35.57673],[51.42081,35.57625],[51.42051,35.57565],[51.42024,35.57511],[51.42,35.57463],[51.41976,35.57413],[51.4195,35.57361],[51.41932,35.57327],[51.41913,35.57289],[51.41893,35.57249],[51.41874,35.57205],[51.41853,35.57158],[51.41828,35.57112],[51.41807,35.57065],[51.41784,35.57019],[51.41762,35.56974],[51.41741,35.56926],[51.41718,35.56878],[51.41694,35.56828],[51.41669,35.56778],[51.41644,35.56723],[51.41618,35.56668],[51.41592,35.56616],[51.41567,35.56566],[51.41546,35.56518],[51.41526,35.56471],[51.41504,35.56425],[51.41482,35.5638],[51.41462,35.56336],[51.41445,35.56295],[51.41427,35.56256],[51.41411,35.56222],[51.41396,35.56187],[51.41378,35.56147],[51.41357,35.56103],[51.41334,35.56056],[51.4131,35.56006],[51.41286,35.55955],[51.4126,35.55904],[51.41235,35.55853],[51.41211,35.55801],[51.41186,35.55749],[51.41162,35.55697],[51.41139,35.55647],[51.4112,35.55605],[51.41103,35.55569],[51.41078,35.55521],[51.41058,35.55481],[51.41042,35.55445],[51.41019,35.554],[51.40984,35.55333],[51.40965,35.55294],[51.40945,35.55251],[51.40923,35.55206],[51.409,35.55159],[51.40878,35.55113],[51.40857,35.55068],[51.40837,35.55025],[51.40817,35.54983],[51.40797,35.54942],[51.40777,35.54901],[51.40759,35.54862],[51.4074,35.54822],[51.4072,35.54781],[51.407,35.54739],[51.4068,35.54699],[51.40655,35.5466],[51.40629,35.54618],[51.40602,35.54577],[51.40575,35.54535],[51.40548,35.54493],[51.40522,35.54451],[51.40498,35.54414],[51.40465,35.5436],[51.40439,35.54318],[51.4041,35.54275],[51.40367,35.54209],[51.40341,35.5417],[51.40312,35.54131],[51.40283,35.54089],[51.40256,35.54049],[51.40232,35.54009],[51.40208,35.53969],[51.40183,35.53928],[51.40157,35.53885],[51.4013,35.53842],[51.40104,35.53805],[51.40065,35.5375],[51.40042,35.53714],[51.40009,35.53659],[51.39978,35.53612],[51.39959,35.53577],[51.39937,35.53537],[51.39913,35.535],[51.39909,35.53469],[51.39932,35.53517],[51.39955,35.53552],[51.39979,35.53591],[51.40003,35.53633],[51.40044,35.53649],[51.40085,35.53622],[51.40123,35.53597],[51.40157,35.53599],[51.40177,35.53601],[51.40177,35.536],[51.40168,35.53599],[51.40188,35.53588],[51.40238,35.53611],[51.40261,35.53652],[51.40302,35.53693],[51.40329,35.53739],[51.40353,35.53779],[51.40373,35.53818],[51.40338,35.53856],[51.40298,35.53873],[51.40242,35.53903],[51.40212,35.53931],[51.40234,35.53973],[51.40264,35.54027],[51.40304,35.54092],[51.40324,35.54124],[51.40349,35.5416],[51.40376,35.54199],[51.40416,35.54254],[51.40444,35.54296],[51.40482,35.5435],[51.40504,35.54384],[51.40529,35.54421],[51.40554,35.54458],[51.40578,35.54498],[51.40603,35.54538],[51.40629,35.54579],[51.40654,35.54617],[51.40678,35.54653],[51.407,35.54686],[51.40721,35.54722],[51.40741,35.54762],[51.40759,35.54802],[51.40781,35.54846],[51.40802,35.54891],[51.40823,35.54936],[51.40843,35.54981],[51.40864,35.55026],[51.40886,35.55071],[51.40905,35.55112],[51.40924,35.55154],[51.40944,35.55198],[51.40964,35.55239],[51.40984,35.55277],[51.41,35.55313],[51.41016,35.55348],[51.41045,35.55409],[51.4106,35.55446],[51.41085,35.55497],[51.41101,35.5553],[51.41118,35.55566],[51.41136,35.55604],[51.41155,35.55643],[51.41175,35.55683],[51.41195,35.55723],[51.41215,35.55764],[51.41233,35.55806],[51.41251,35.55848],[51.41272,35.55891],[51.41293,35.55935],[51.41316,35.55982],[51.41338,35.5603],[51.4136,35.56077],[51.41382,35.56126],[51.41404,35.56173],[51.41425,35.56222],[51.41447,35.5627],[51.41472,35.5632],[51.41496,35.5637],[51.4152,35.56419],[51.41544,35.56469],[51.41569,35.56521],[51.41593,35.56575],[51.41618,35.56632],[51.41646,35.5669],[51.41674,35.5675],[51.41701,35.56809],[51.41729,35.56867],[51.41754,35.56923],[51.4178,35.56974],[51.41802,35.57023],[51.41825,35.57076],[51.41848,35.57128],[51.41872,35.57176],[51.41896,35.57222],[51.41918,35.57265],[51.41942,35.57315],[51.41962,35.57351],[51.41982,35.5739],[51.42008,35.57442],[51.42037,35.57508],[51.42052,35.57542],[51.42083,35.57605],[51.42112,35.57654],[51.42133,35.57699],[51.42155,35.57741],[51.42171,35.57784],[51.42191,35.57833],[51.4222,35.57889],[51.42232,35.57924],[51.42238,35.57969],[51.42238,35.58033],[51.42231,35.58087],[51.42218,35.58137],[51.42206,35.58194],[51.42194,35.58232],[51.42182,35.58274],[51.42179,35.58333],[51.4218,35.58389],[51.42232,35.58422],[51.42314,35.58431],[51.42361,35.58426],[51.42404,35.58414],[51.42483,35.58386],[51.42523,35.58361],[51.4256,35.58335],[51.42596,35.58301],[51.42624,35.58266],[51.42636,35.58208],[51.42587,35.582],[51.42558,35.58249],[51.42543,35.5832],[51.42527,35.58391],[51.42523,35.58431],[51.42526,35.58467],[51.4254,35.58527],[51.42555,35.58569],[51.42567,35.58605],[51.42582,35.58641],[51.42599,35.58679],[51.42622,35.58719],[51.42646,35.58764],[51.42669,35.58805],[51.42693,35.58847],[51.42719,35.58886],[51.42727,35.58922],[51.42724,35.58962],[51.42737,35.58999],[51.42759,35.59046],[51.42779,35.59089],[51.42795,35.59134],[51.42813,35.59179],[51.42836,35.59216],[51.42874,35.59245],[51.42873,35.59287],[51.42867,35.59328],[51.42857,35.59372],[51.42836,35.59421],[51.42814,35.59469],[51.4279,35.59515],[51.42773,35.59557],[51.42753,35.59615],[51.42739,35.59672],[51.42731,35.59718],[51.42729,35.59762],[51.42705,35.59805],[51.42655,35.59811],[51.42605,35.59841],[51.42565,35.5987],[51.42518,35.599],[51.42473,35.59931],[51.42459,35.59947],[51.42463,35.59954],[51.42472,35.59959],[51.42502,35.5992],[51.42544,35.59885],[51.42582,35.59858],[51.42613,35.5983],[51.4265,35.598],[51.42662,35.59764],[51.42711,35.59747],[51.42729,35.59785],[51.42724,35.59823],[51.42728,35.59878],[51.42732,35.59943],[51.42723,35.60004],[51.42713,35.60063],[51.42705,35.60122],[51.4268,35.60191],[51.42655,35.6025],[51.4266,35.60293],[51.42677,35.60331],[51.42732,35.60352],[51.42782,35.60347],[51.42828,35.60346],[51.42888,35.60339],[51.42947,35.6033],[51.43,35.60321],[51.43057,35.60316],[51.43115,35.6031],[51.43168,35.60304],[51.43238,35.60293],[51.43318,35.60282],[51.43394,35.6027],[51.4346,35.60263],[51.43517,35.60257],[51.4357,35.60247],[51.43634,35.6024],[51.43691,35.60231],[51.43741,35.60224],[51.43797,35.60213],[51.43834,35.60187],[51.43848,35.60151],[51.4386,35.60111],[51.43877,35.60074],[51.4389,35.60034],[51.43901,35.59993],[51.43913,35.59956],[51.4392,35.59913],[51.43926,35.59872],[51.43932,35.59829],[51.43936,35.59782],[51.43941,35.59743],[51.43944,35.59696],[51.43932,35.5966],[51.43901,35.59618],[51.4387,35.59581],[51.43835,35.59525],[51.43804,35.59473],[51.43773,35.59424],[51.43749,35.59374],[51.43736,35.59319],[51.43737,35.59269],[51.43744,35.59208],[51.43746,35.5917],[51.43751,35.59117],[51.43799,35.59097],[51.43841,35.5911],[51.43893,35.59121],[51.43958,35.59127],[51.44017,35.59133],[51.44077,35.59136],[51.44135,35.59119],[51.4417,35.59087],[51.44204,35.59055],[51.44235,35.5902],[51.44252,35.58986],[51.44211,35.5896],[51.44172,35.58935],[51.44137,35.58908],[51.44091,35.58882],[51.44049,35.58847],[51.44018,35.58811],[51.44008,35.58793],[51.43999,35.58795],[51.44019,35.58798],[51.44012,35.58797],[51.44005,35.58803],[51.43996,35.58809],[51.4399,35.58801],[51.44003,35.58796],[51.44002,35.58794],[51.44027,35.58752],[51.4404,35.587],[51.44036,35.58652],[51.44035,35.58609],[51.44028,35.58563],[51.4402,35.58516],[51.44073,35.58499],[51.44117,35.58489],[51.44165,35.58476],[51.44207,35.58451],[51.442,35.5839],[51.4419,35.58342],[51.44246,35.58328],[51.44291,35.58327],[51.44347,35.58325],[51.44358,35.58282],[51.44355,35.58229],[51.44351,35.58182],[51.44367,35.58166],[51.44361,35.5816],[51.44382,35.58135],[51.44427,35.58132],[51.44439,35.58123],[51.44444,35.58121],[51.44444,35.58119],[51.44437,35.58136],[51.44395,35.58155],[51.44377,35.58163],[51.44386,35.58209],[51.44388,35.58258],[51.4439,35.5831],[51.44395,35.58356],[51.44364,35.58326],[51.44309,35.58329],[51.44254,35.58331],[51.44205,35.58331],[51.44202,35.58378],[51.44216,35.58436],[51.4419,35.58469],[51.44128,35.58482],[51.44083,35.58509],[51.44073,35.58556],[51.44058,35.58603],[51.44052,35.58644],[51.4406,35.58687],[51.44061,35.58724],[51.44057,35.5877],[51.44065,35.58811],[51.44094,35.58848],[51.44128,35.58885],[51.4417,35.58915],[51.44198,35.58951],[51.4422,35.58983],[51.44256,35.5902],[51.443,35.59038],[51.44356,35.59042],[51.44406,35.59035],[51.44449,35.59024],[51.44495,35.59015],[51.4454,35.59007],[51.44593,35.58999],[51.44653,35.58992],[51.44713,35.58977],[51.44756,35.58969],[51.44776,35.59003],[51.44808,35.59036],[51.44844,35.59072],[51.44849,35.59109],[51.44824,35.59148],[51.44773,35.59167],[51.44716,35.59162],[51.44655,35.59161],[51.44608,35.5916],[51.44592,35.59143],[51.44586,35.59148],[51.44563,35.59168],[51.44516,35.59157],[51.44523,35.59165],[51.44498,35.59197],[51.44503,35.5921],[51.44501,35.59203],[51.44505,35.59193],[51.44499,35.59196],[51.44503,35.59201],[51.44501,35.59189],[51.44504,35.59154],[51.44439,35.59152],[51.44391,35.59148],[51.4434,35.5914],[51.44277,35.59134],[51.4423,35.59134],[51.44185,35.59131],[51.44134,35.59129],[51.44124,35.59165],[51.44163,35.59208],[51.44189,35.59242],[51.44214,35.59285],[51.44246,35.5931],[51.44233,35.59337],[51.44251,35.59336],[51.44254,35.59359],[51.44286,35.59386],[51.44308,35.59419],[51.44339,35.59464],[51.44369,35.59503],[51.44395,35.59541],[51.44422,35.59572],[51.4447,35.59576],[51.44513,35.59566],[51.44564,35.59573],[51.44624,35.59566],[51.44671,35.59563],[51.44657,35.59615],[51.44641,35.5966],[51.44615,35.59719],[51.44609,35.59763],[51.446,35.59792],[51.44584,35.59788],[51.44593,35.59792],[51.44596,35.59799],[51.44565,35.59828],[51.44518,35.59837],[51.4446,35.59843],[51.44401,35.59858],[51.44352,35.59869],[51.44309,35.59879],[51.44266,35.59896],[51.44213,35.59914],[51.44169,35.59929],[51.44127,35.59951],[51.44085,35.59975],[51.44049,35.60001],[51.44054,35.60005],[51.44049,35.60004],[51.44053,35.60014],[51.44057,35.60034],[51.44063,35.59998],[51.44098,35.59972],[51.44137,35.59948],[51.44182,35.59948],[51.44215,35.59974],[51.44261,35.60008],[51.44297,35.60045],[51.44333,35.60083],[51.4437,35.60122],[51.444,35.60153],[51.44436,35.60175],[51.44481,35.60203],[51.44523,35.6025],[51.44556,35.60295],[51.44589,35.60333],[51.44629,35.60368],[51.44684,35.60347],[51.4473,35.60299],[51.44774,35.60237],[51.44795,35.60204],[51.44819,35.60168],[51.44846,35.60132],[51.44875,35.60097],[51.44907,35.60068],[51.44958,35.6003],[51.44935,35.60067],[51.44882,35.60114],[51.44837,35.60172],[51.44814,35.60206],[51.44793,35.6024],[51.44772,35.60272],[51.44749,35.60306],[51.44721,35.60339],[51.4469,35.60369],[51.44653,35.60398],[51.44612,35.60423],[51.4457,35.60445],[51.4453,35.60468],[51.44488,35.60488],[51.44448,35.60505],[51.44371,35.60532],[51.44293,35.60555],[51.4421,35.60586],[51.44136,35.60614],[51.44068,35.60647],[51.44002,35.60674],[51.43943,35.60697],[51.4391,35.60713],[51.4386,35.60724],[51.43834,35.60671],[51.43818,35.60621],[51.43816,35.6057],[51.43818,35.60511],[51.43818,35.60454],[51.43818,35.60396],[51.43818,35.60336],[51.43819,35.60276],[51.43821,35.60233],[51.43759,35.6022],[51.4369,35.60228],[51.43616,35.60242],[51.43559,35.6025],[51.43511,35.60258],[51.43441,35.60267],[51.43369,35.60278],[51.43304,35.60286],[51.43237,35.60295],[51.43171,35.60304],[51.43123,35.60314],[51.43075,35.60318],[51.4301,35.60327],[51.42955,35.60335],[51.42957,35.60334],[51.42955,35.60339],[51.42914,35.60348],[51.42862,35.60345],[51.42815,35.60353],[51.42761,35.60363],[51.42706,35.60371],[51.42645,35.6037],[51.42591,35.60357],[51.42545,35.60321],[51.42556,35.6028],[51.42597,35.60252],[51.42643,35.60222],[51.42675,35.60174],[51.42688,35.60115],[51.42702,35.60057],[51.42709,35.60008],[51.42716,35.59956],[51.42713,35.5991],[51.42708,35.5986],[51.42703,35.59824],[51.42673,35.59796],[51.42673,35.59755],[51.42712,35.59714],[51.42731,35.59666],[51.4275,35.59608],[51.42773,35.59546],[51.42791,35.59508],[51.42812,35.59465],[51.42832,35.59409],[51.42844,35.5936],[51.42846,35.59318],[51.42835,35.59277],[51.42822,35.59239],[51.42813,35.59195],[51.42797,35.59157],[51.42779,35.59119],[51.42761,35.59072],[51.4274,35.59025],[51.4272,35.58984],[51.4269,35.58946],[51.42633,35.58935],[51.42591,35.58952],[51.42532,35.58983],[51.42466,35.59016],[51.42394,35.59054],[51.42319,35.59085],[51.42255,35.59112],[51.42192,35.59142],[51.42128,35.59171],[51.42083,35.5921],[51.42059,35.59261],[51.42041,35.59329],[51.42032,35.59366],[51.42013,35.59437],[51.42002,35.59476],[51.41991,35.59519],[51.41981,35.59556],[51.41971,35.59597],[51.41961,35.59635],[51.41952,35.59675],[51.41942,35.59713],[51.41933,35.5975],[51.41913,35.5982],[51.41903,35.59857],[51.41894,35.59893],[51.41884,35.5993],[51.41873,35.59967],[51.41863,35.60002],[51.41854,35.60038],[51.41839,35.60104],[51.41839,35.60177],[51.41842,35.60214],[51.41844,35.60251],[51.41828,35.60321],[51.41808,35.60354],[51.41784,35.60389],[51.4176,35.60424],[51.41742,35.6046],[51.41722,35.60519],[51.41688,35.60546],[51.41634,35.60552],[51.41591,35.60562],[51.41541,35.60563],[51.41481,35.60577],[51.41424,35.60586],[51.4137,35.60596],[51.41312,35.60605],[51.41257,35.60611],[51.41244,35.60651],[51.41247,35.60654],[51.41248,35.60657],[51.41254,35.60656],[51.41259,35.6066],[51.41238,35.60628],[51.41284,35.60609],[51.41337,35.60606],[51.41394,35.606],[51.41445,35.60593],[51.41494,35.6058],[51.41562,35.60568],[51.41612,35.60556],[51.41662,35.60542],[51.41703,35.60558],[51.41697,35.60594],[51.41686,35.60641],[51.41678,35.60691],[51.41672,35.60741],[51.4166,35.60785],[51.41646,35.60838],[51.41631,35.60892],[51.41619,35.60945],[51.41601,35.61012],[51.41592,35.61048],[51.41582,35.61084],[51.41572,35.61121],[51.4156,35.61157],[51.41543,35.61223],[51.41526,35.6129],[51.4151,35.61348],[51.41527,35.61387],[51.41588,35.61402],[51.41637,35.61443],[51.4168,35.6149],[51.41712,35.61534],[51.41766,35.61581],[51.41844,35.61619],[51.41883,35.61639],[51.41922,35.61659],[51.41996,35.61698],[51.42037,35.61719],[51.42102,35.61734],[51.42131,35.61698],[51.42157,35.61633],[51.42169,35.61581],[51.42208,35.61556],[51.4226,35.61568],[51.42338,35.61577],[51.42423,35.61587],[51.42468,35.61592],[51.4255,35.61602],[51.42629,35.61613],[51.42666,35.61648],[51.42661,35.61685],[51.42656,35.61723],[51.42651,35.61777],[51.42649,35.61821],[51.42701,35.61828],[51.42751,35.61833],[51.42742,35.61831],[51.4296,35.61689],[51.42825,35.61796],[51.42785,35.61819],[51.42834,35.61833],[51.42884,35.61833],[51.42891,35.61785],[51.42893,35.61743],[51.42894,35.6169],[51.42872,35.61648],[51.42805,35.6164],[51.42751,35.61632],[51.42695,35.61626],[51.42765,35.61628],[51.42829,35.61633],[51.42877,35.61631],[51.42928,35.61637],[51.42998,35.61648],[51.43051,35.61662],[51.43124,35.61668],[51.43188,35.61676],[51.43256,35.6168],[51.43308,35.61686],[51.43367,35.61688],[51.43416,35.61697],[51.4347,35.61703],[51.43535,35.61708],[51.43601,35.61713],[51.43666,35.61721],[51.43719,35.61725],[51.43763,35.61717],[51.43757,35.61756],[51.4376,35.61771],[51.43806,35.61786],[51.43852,35.6179],[51.43901,35.61795],[51.43947,35.61801],[51.43986,35.61774],[51.43996,35.61751],[51.44056,35.61717],[51.44059,35.61732],[51.44014,35.61753],[51.44002,35.61734],[51.44001,35.61686],[51.43997,35.61641],[51.44,35.61595],[51.44005,35.61548],[51.44011,35.61504],[51.44014,35.61463],[51.44015,35.61425],[51.44016,35.61411],[51.44017,35.61405],[51.44011,35.61437],[51.4404,35.61414],[51.44006,35.61452],[51.4401,35.61499],[51.44006,35.61546],[51.43999,35.61583],[51.43991,35.6164],[51.43985,35.61682],[51.43973,35.61726],[51.43959,35.61762],[51.43981,35.61795],[51.44034,35.61804],[51.44085,35.61819],[51.44135,35.61821],[51.44182,35.61825],[51.44228,35.6183],[51.44249,35.61827],[51.44246,35.61831],[51.44256,35.6183],[51.44241,35.6183],[51.44251,35.61831],[51.44255,35.61841],[51.44245,35.61836],[51.44285,35.61809],[51.44291,35.61761],[51.44294,35.61724],[51.44307,35.61686],[51.4431,35.61646],[51.44317,35.61608],[51.44331,35.61591],[51.44321,35.61598],[51.44377,35.61589],[51.4442,35.61569],[51.44464,35.61579],[51.44476,35.61635],[51.44487,35.61682],[51.44498,35.61735],[51.44502,35.61785],[51.44516,35.61828],[51.4457,35.61844],[51.44632,35.61854],[51.44677,35.61846],[51.44714,35.61869],[51.44725,35.61905],[51.44735,35.61944],[51.44756,35.61986],[51.44768,35.62021],[51.44785,35.62056],[51.44786,35.62093],[51.44795,35.62137],[51.44793,35.62176],[51.44792,35.62227],[51.44783,35.6228],[51.4477,35.62328],[51.44759,35.62371],[51.44751,35.62409],[51.44743,35.62454],[51.44766,35.62485],[51.44815,35.62489],[51.44862,35.62492],[51.44913,35.62491],[51.44961,35.6249],[51.45012,35.62487],[51.45075,35.62489],[51.45139,35.6249],[51.45194,35.62493],[51.45261,35.6249],[51.45323,35.6249],[51.45394,35.62476],[51.4547,35.6245],[51.45527,35.62409],[51.45579,35.62366],[51.45616,35.6234],[51.45653,35.62316],[51.45692,35.62285],[51.45743,35.62253],[51.45781,35.6223],[51.45824,35.62205],[51.45877,35.62168],[51.45923,35.62136],[51.45954,35.62108],[51.45966,35.62104],[51.45964,35.62097],[51.45975,35.62116],[51.45941,35.62091],[51.4596,35.62099],[51.45962,35.62106],[51.45955,35.62081],[51.45981,35.62104],[51.45981,35.62055],[51.46027,35.62067],[51.46072,35.62042],[51.46083,35.62012],[51.46049,35.62034],[51.46069,35.62047],[51.4603,35.62044],[51.46062,35.62038],[51.46063,35.6202],[51.46093,35.61991],[51.46104,35.61956],[51.46104,35.61916],[51.46106,35.61871],[51.46115,35.61836],[51.46073,35.61848],[51.46017,35.61839],[51.45965,35.61824],[51.45914,35.61827],[51.45863,35.61826],[51.45803,35.61829],[51.45753,35.61837],[51.45705,35.61831],[51.45687,35.61808],[51.45671,35.61773],[51.45671,35.61779],[51.45654,35.61799],[51.45658,35.61837],[51.45609,35.61843],[51.45565,35.61851],[51.45541,35.61856],[51.45555,35.61843],[51.4556,35.618],[51.45587,35.61765],[51.45644,35.61721],[51.45608,35.61755],[51.4556,35.61785],[51.45551,35.61821],[51.45524,35.61834],[51.45542,35.61847],[51.45527,35.61822],[51.45472,35.61806],[51.45419,35.61811],[51.45352,35.61814],[51.45302,35.61809],[51.45246,35.61801],[51.45195,35.61793],[51.45138,35.61813],[51.45122,35.61852],[51.4508,35.61865],[51.45031,35.61861],[51.44973,35.61862],[51.44911,35.61856],[51.44856,35.61854],[51.44794,35.61853],[51.44734,35.61858],[51.44688,35.61866],[51.44613,35.61868],[51.44561,35.61895],[51.44514,35.6193],[51.44487,35.61962],[51.44464,35.62011],[51.44449,35.62077],[51.44436,35.62132],[51.44423,35.62181],[51.44411,35.62228],[51.444,35.62268],[51.44394,35.62312],[51.44378,35.62376],[51.44362,35.6244],[51.44353,35.62498],[51.44347,35.6254],[51.44329,35.62591],[51.44309,35.62655],[51.44299,35.62693],[51.44292,35.62731],[51.44277,35.62792],[51.44315,35.62813],[51.44377,35.62831],[51.44456,35.62855],[51.44502,35.62862],[51.4455,35.62865],[51.44597,35.62876],[51.44644,35.62888],[51.4469,35.62893],[51.4474,35.62898],[51.44793,35.62904],[51.44846,35.62908],[51.44899,35.62916],[51.4495,35.62923],[51.45004,35.62925],[51.45059,35.62922],[51.45116,35.62922],[51.45173,35.62923],[51.45225,35.62928],[51.45276,35.6293],[51.45333,35.62926],[51.45388,35.62931],[51.45443,35.62936],[51.45502,35.62939],[51.45563,35.62942],[51.45624,35.62948],[51.45682,35.62951],[51.45737,35.62955],[51.45784,35.62965],[51.45838,35.62973],[51.45894,35.62988],[51.45953,35.63004],[51.46017,35.63019],[51.46084,35.63036],[51.46154,35.63053],[51.46224,35.63061],[51.46294,35.63071],[51.46364,35.63096],[51.46433,35.63124],[51.465,35.63151],[51.46564,35.63178],[51.46628,35.63204],[51.46688,35.63231],[51.46748,35.63259],[51.46809,35.63289],[51.4687,35.63319],[51.46929,35.6335],[51.46986,35.63379],[51.47042,35.63414],[51.47096,35.6345],[51.4715,35.63488],[51.47205,35.63523],[51.47258,35.63561],[51.47311,35.63601],[51.47364,35.63632],[51.47419,35.63657],[51.47475,35.63673],[51.47533,35.6369],[51.47594,35.63697],[51.47652,35.63699],[51.47707,35.637],[51.47754,35.637],[51.47821,35.63693],[51.47869,35.63686],[51.47929,35.63674],[51.47988,35.6365],[51.4803,35.63629],[51.48078,35.63622],[51.48128,35.63626],[51.48171,35.63643],[51.48255,35.63641],[51.4829,35.63667],[51.48325,35.63696],[51.48361,35.63733],[51.48382,35.63775],[51.48397,35.63815],[51.48412,35.63849],[51.48423,35.63897],[51.48436,35.63942],[51.48445,35.63982],[51.48454,35.64037],[51.48461,35.64089],[51.48469,35.64146],[51.48476,35.64199],[51.48483,35.64265],[51.48488,35.6431],[51.48492,35.64352],[51.48499,35.64412],[51.48506,35.64451],[51.48512,35.64491],[51.48518,35.64531],[51.48526,35.64574],[51.48534,35.64617],[51.4854,35.6466],[51.48548,35.64701],[51.48556,35.6474],[51.48568,35.64779],[51.48581,35.64814],[51.48593,35.64851],[51.48607,35.64892],[51.48621,35.64928],[51.48634,35.64967],[51.48646,35.65003],[51.48668,35.6506],[51.48682,35.65096],[51.48694,35.65138],[51.48706,35.65189],[51.48721,35.65224],[51.48734,35.65264],[51.4875,35.65303],[51.48768,35.65352],[51.48784,35.65393],[51.48793,35.65429],[51.48806,35.65465],[51.48824,35.65505],[51.48849,35.65537],[51.489,35.65535],[51.48945,35.65529],[51.48992,35.65519],[51.49056,35.65496],[51.49119,35.65473],[51.49186,35.65474],[51.49242,35.65474],[51.49298,35.65459],[51.49346,35.65453],[51.49386,35.65478],[51.49407,35.65512],[51.49468,35.65494],[51.49512,35.65465],[51.49552,35.65442],[51.4961,35.65441],[51.4967,35.65463],[51.49717,35.65455],[51.49764,35.65463],[51.49824,35.65463],[51.49944,35.65357],[51.49934,35.6531],[51.49898,35.65259],[51.49882,35.65214],[51.49871,35.65159],[51.4986,35.65094],[51.4984,35.65031],[51.49816,35.64966],[51.49789,35.64916],[51.49766,35.64868],[51.49751,35.64813],[51.49746,35.6477],[51.49743,35.64729],[51.49733,35.64691],[51.49712,35.64628],[51.49699,35.64593],[51.49688,35.64537],[51.49671,35.64483],[51.49663,35.64443],[51.49689,35.64496],[51.49705,35.64562],[51.49721,35.64634],[51.4973,35.64675],[51.49737,35.64712],[51.49747,35.64763],[51.49771,35.64832],[51.49783,35.64873],[51.49795,35.64913],[51.4981,35.64954],[51.49822,35.64998],[51.49839,35.6504],[51.49855,35.65084],[51.49874,35.65129],[51.49889,35.65174],[51.49901,35.65218],[51.49911,35.65256],[51.49931,35.6531],[51.49954,35.65376],[51.49979,35.65443],[51.49994,35.65496],[51.50012,35.65558],[51.50038,35.65629],[51.50053,35.65669],[51.50069,35.65711],[51.50078,35.65754],[51.50091,35.65792],[51.50104,35.65832],[51.50116,35.65875],[51.50133,35.65913],[51.50147,35.65956],[51.50159,35.65991],[51.50198,35.66022],[51.50252,35.66013],[51.50335,35.65996],[51.5038,35.65987],[51.50427,35.65978],[51.50477,35.65966],[51.50524,35.65955],[51.50568,35.65945],[51.50636,35.6593],[51.507,35.65913],[51.50765,35.65899],[51.508,35.65923],[51.50809,35.65966],[51.50807,35.66006],[51.50824,35.6605],[51.50834,35.66111],[51.50833,35.66174],[51.50832,35.66211],[51.50837,35.66282],[51.50837,35.66322],[51.50842,35.66391],[51.50845,35.66427],[51.50838,35.66491],[51.50837,35.66566],[51.50838,35.66608],[51.50838,35.66652],[51.50839,35.66697],[51.50841,35.66743],[51.50841,35.66794],[51.50845,35.66844],[51.50848,35.66896],[51.50851,35.66949],[51.50851,35.67003],[51.50851,35.67053],[51.50851,35.67102],[51.50852,35.6715],[51.50854,35.67198],[51.50855,35.67245],[51.50857,35.67295],[51.50859,35.67344],[51.5086,35.67391],[51.50861,35.67438],[51.50859,35.67479],[51.50843,35.67531],[51.50784,35.6755],[51.50714,35.67583],[51.50672,35.67612],[51.5063,35.6764],[51.50585,35.67668],[51.50537,35.67699],[51.50491,35.67731],[51.50442,35.67764],[51.50393,35.67796],[51.50345,35.6783],[51.50297,35.67864],[51.50248,35.67901],[51.50199,35.67937],[51.50151,35.67968],[51.50102,35.68001],[51.5005,35.68038],[51.50001,35.68073],[51.49951,35.68107],[51.49901,35.68143],[51.49851,35.68176],[51.49806,35.68207],[51.49757,35.6824],[51.49709,35.68272],[51.4966,35.68306],[51.49614,35.68338],[51.49564,35.68375],[51.49518,35.6841],[51.49474,35.68447],[51.4943,35.68483],[51.49386,35.68516],[51.49353,35.68542],[51.49325,35.68601],[51.49322,35.6866],[51.49318,35.68708],[51.49315,35.6875],[51.49317,35.68797],[51.49316,35.6885],[51.49313,35.68886],[51.49309,35.68924],[51.4931,35.68964],[51.49316,35.69006],[51.49328,35.69047],[51.49345,35.69094],[51.49362,35.69143],[51.49385,35.69194],[51.49412,35.69243],[51.49442,35.69288],[51.49471,35.69326],[51.49502,35.69366],[51.4953,35.69402],[51.49555,35.69444],[51.49583,35.69483],[51.49618,35.69515],[51.49653,35.69552],[51.49689,35.69593],[51.49724,35.69634],[51.4976,35.69674],[51.49797,35.69716],[51.49835,35.6976],[51.49874,35.69808],[51.49912,35.69854],[51.49951,35.69898],[51.49987,35.6994],[51.50017,35.69991],[51.50045,35.70045],[51.50068,35.70102],[51.50087,35.70163],[51.5011,35.70221],[51.50129,35.70281],[51.50151,35.7034],[51.50172,35.70399],[51.50196,35.70457],[51.50218,35.70517],[51.50243,35.70578],[51.50273,35.70635],[51.50295,35.70682],[51.50314,35.70725],[51.50335,35.70772],[51.50353,35.70819],[51.50371,35.70868],[51.5039,35.70916],[51.50413,35.70966],[51.50438,35.71017],[51.50462,35.7107],[51.50491,35.71118],[51.50522,35.71169],[51.50557,35.71218],[51.50596,35.71267],[51.50636,35.71314],[51.50677,35.71363],[51.5072,35.7141],[51.5076,35.71459],[51.508,35.71511],[51.50842,35.71561],[51.50884,35.71609],[51.5093,35.71655],[51.50975,35.71703],[51.51024,35.7175],[51.51072,35.71798],[51.5112,35.71846],[51.5117,35.71893],[51.51217,35.71938],[51.51262,35.71981],[51.51312,35.72022],[51.51367,35.7206],[51.51428,35.72094],[51.51493,35.72125],[51.51563,35.7215],[51.51634,35.72172],[51.51706,35.72194],[51.51773,35.72209],[51.51838,35.7222],[51.51895,35.72223],[51.51945,35.72227],[51.51992,35.7223],[51.52039,35.72229],[51.52088,35.72221],[51.52145,35.72199],[51.52115,35.72169],[51.52026,35.72167],[51.51979,35.72167],[51.51931,35.72168],[51.51885,35.72169],[51.51838,35.72154],[51.51916,35.72147],[51.51961,35.72148],[51.52009,35.72149],[51.52061,35.72152],[51.52113,35.72158],[51.52167,35.72167],[51.52216,35.72184],[51.5226,35.72213],[51.52293,35.72248],[51.52321,35.72284],[51.52343,35.72321],[51.52375,35.72378],[51.52424,35.7239],[51.52494,35.72396],[51.52569,35.72404],[51.5262,35.72411],[51.52668,35.72414],[51.52712,35.72434],[51.52796,35.72445],[51.52844,35.72446],[51.52897,35.72446],[51.52956,35.72441],[51.53015,35.7244],[51.53076,35.7244],[51.5314,35.72439],[51.53208,35.72442],[51.53276,35.72447],[51.53343,35.72448],[51.53408,35.72447],[51.53473,35.72449],[51.53534,35.7245],[51.53595,35.7245],[51.53659,35.72455],[51.53724,35.72463],[51.53792,35.72471],[51.53859,35.72474],[51.53928,35.72479],[51.53998,35.72484],[51.5407,35.72488],[51.54143,35.72492],[51.54212,35.72495],[51.54284,35.725],[51.54356,35.72509],[51.54428,35.72518],[51.54502,35.72526],[51.54573,35.72533],[51.54648,35.72541],[51.5472,35.72545],[51.54787,35.72551],[51.54853,35.72558],[51.54918,35.72564],[51.54979,35.7257],[51.55034,35.72577],[51.55089,35.72582],[51.55143,35.72585],[51.55192,35.72587],[51.55258,35.72592],[51.55304,35.72594],[51.55236,35.72593],[51.55185,35.72594],[51.5514,35.72593],[51.55088,35.72609],[51.55055,35.72641],[51.55102,35.72671],[51.55157,35.72708],[51.55219,35.72738],[51.55264,35.72769],[51.55307,35.728],[51.55345,35.72827],[51.55374,35.7284],[51.55373,35.72843],[51.55371,35.72842],[51.55378,35.72843],[51.55428,35.72865],[51.55467,35.72901],[51.55438,35.72957],[51.554,35.72995],[51.55413,35.72998],[51.55408,35.72995],[51.55393,35.73002],[51.55394,35.72997],[51.55399,35.72996],[51.55394,35.73011]]]}},{"type":"Feature","properties":{"route":14,"color":"#475569","times":[[18760,18785,18845,18905,18965,19025,19085,19145,19205,19265,19325,19385,19445,19478,19538,19599,19659,19719,19779,19839,19899,19959,20019,20079,20139],[20850,20910,20970,21030,21090,21150,21210,21270,21330,21390,21450,21510,21570,21630,21690,21903,21963,22023,22083,22143,22178,22188,22248,22308,22368,22428,22488,22548,22608,22668,22728,22788,22848,22908,22968,23028,23088,23148,23184,23244,23277,23283,23289,23295,23301,23307,23313,23322,23331,23340,23346,23349,23355,23361,23376,23382,23385,23388,23391,23394,23397,23400,23403,23406,23409,23412,23415,23418,23421,23424,23427,23430,23433,23436,23439,23442,23445,23448,23451,23454,23457,23460,23463,23466,23469,23472,23475,23478,23481,23484,23487,23490,23493,23496,23499,23502,23505,23508,23514,23517,23520,23523,23526,23529,23532,23535,23538,23541,23544,23547,23550,23553,23556,23559,23562,23565,23568,23571,23574,23577,23580,23583,23586,23589,23592,23595,23598,23601,23604,23607,23610,23613,23616,23619,23622,23625,23628,23631,23634,23637,23640,23643,23646,23649,23652,23655,23658,23661,23664,23667,23670,23673,23676,23679,23682,23685,23688,23691,23694,23697,23700,23703,23706,23709,23712,23715,23718,23721,23724,23727,23730,23736,23745,23802,23823,23835,23889,23949,23982,24042,24102,24162,24222,24282,24342,24402,24462,24516,24552,24612,24672,24732,24792,24852,24912,24957,25017,25077,25137,25197,25257,25317,25362,25422,25482,25539,25587,25647,25707,25767,25797,25830,25869,25884,25899,25917,25947,25980,26010,26034,26052,26079,26103,26124,26136,26148,26157,26163,26169,26178,26184,26190,26196,26199,26202,26205,26208,26214,26220,26223,26226,26229,26235,26238,26241,26244,26247,26250,26253,26256,26259,26262,26265,26268,26271,26274,26277,26280,26283,26286,26289,26292,26295,26298,26301,26304,26307,26310,26313,26316,26319,26322,26325,26328,26331,26334,26337,26340,26343,26346,26349,26352,26355,26358,26361,26364,26367,26370,26373,26376,26379,26382,26385,26388,26391,26394,26397,26400,26403,26406,26409,26412,26415,26418,26421,26424,26427,26430,26433,26436,26439,26442,26445,26448,26451,26454,26457,26460,26463,26466,26469,26472,26475,26478,26481,26484,26487,26490,26493,26496,26499,26502,26505,26511,26514,26517,26520,26523,26526,26529,26532,26535,26538,26541,26544,26547,26550,26553,26556,26559,26562,26565,26568,26571,26574,26577,26580,26583,26586,26589,26592,26595,26598,26601,26604,26607,26610,26613,26616,26619,26622,26625,26628,26631,26637,26643,26652,26676,26703,26715,26724,26784,26844,26904,26925,26931,26937,26943,26949,26955,26961,26973,26979,26991,26997,27009,27021,27030,27036,27045,27054,27066,27078,27138,27198,27258,27318,27366,27375,27384,27390,27396,27402,27408,27417,27429,27438,27447,27456,27468,27474,27480,27486,27492,27498,27504,27510,27570,27630,27690,27714,27774,27834,27894,27954,28008,28068,28128,28188,28248,28308,28368,28407,28422,28434,28440,28446,28449,28452,28455,28458,28461,28464,28467,28470,28473,28476,28479,28482,28485,28488,28491,28494,28497,28500,28503,28506,28509,28512,28515,28518,28521,28524,28527,28530,28533,28536,28539,28542,28545,28548,28551,28554,28557,28560,28563,28566,28569,28572,28575,28578,28581,28584,28587,28590,28593,28596,28599,28602,28605,28608,28611,28614,28617,28620,28623,28626,28629,28632,28635,28638,28641,28647,28653,28659,28662,28665,28668,28671,28674,28677,28680,28683,28686,28689,28692,28695,28698,28701,28704,28707,28710,28713,28716,28719,28722,28725,28728,28731,28734,28737,28740,28743,28746,28749,28752,28755,28758,28761,28764,28767,28770,28773,28776,28779,28782,28785,28788,28791,28794,28797,28800,28803,28806,28809,28812,28815,28818,28821,28824,28827,28830,28833,28836,28839,28842,28845,28848,28851,28854,28857,28860,28863,28866,28869,28872,28875,28878,28881,28884,28887,28890,28893,28896,28899,28902,28905,28908,28911,28914,28917,28920,28923,28926,28929,28932,28935,28938,28941,28944,28947,28950,28953,28956,28959,28962,28965,28968,28971,28974,28977,28980,28983,28986,28989,28992,28995,28998,29001,29004,29007,29010,29013,29016,29019,29022,29025,29028,29031,29034,29037,29040,29043,29046,29049,29052,29055,29058,29061,29064,29067,29070,29073,29076,29079,29082,29085,29088,29091,29094,29097,29100,29103,29106,29109,29112,29115,29118,29121,29124,29127,29130,29133,29136,29139,29142,29145,29148,29151,29154,29157,29160,29163,29166,29169,29172,29175,29178,29181,29184,29187,29190,29193,29196,29199,29202,29205,29208,29211,29214,29217,29220,29223,29226,29229,29232,29235,29241],[35426,35429,35432,35435,35438,35441,35444,35450,35453,35456,35459,35462,35465,35468,35471,35474,35477,35480,35483,35486,35489,35492,35495,35498,35501,35504,35507,35510,35513,35516,35519,35522,35525,35528,35531,35534,35537,35540,35543,35546,35549,35552,35555,35558,35561,35564,35567,35570,35573,35576,35579,35582,35585,35588,35591,35594,35597,35600,35603,35606,35609,35612,35615,35618,35621,35624,35627,35630,35633,35636,35639,35642,35645,35648,35651,35654,35657,35660,35663,35666,35669,35672,35675,35678,35681,35684,35687,35690,35693,35696,35699,35702,35705,35708,35711,35714,35717,35720,35723,35726,35729,35732,35735,35738,35741,35744,35747,35750,35753,35756,35759,35762,35765,35768,35771,35774,35777,35780,35783,35786,35789,35792,35795,35798,35801,35804,35807,35810,35813,35816,35819,35822,35825,35828,35831,35834,35837,35840,35843,35846,35849,35852,35855,35858,35861,35864,35867,35870,35873,35876,35879,35882,35885,35888,35891,35894,35897,35900,35903,35906,35909,35912,35915,35918,35921,35924,35927,35930,35933,35936,35939,35942,35945,35948,35951,35954,35957,35960,35963,35966,35969,35972,35975,35978,35981,35984,35987,35990,35993,35996,35999,36002,36005,36008,36011,36014,36017,36020,36023,36026,36029,36032,36035,36038,36041,36044,36047,36050,36053,36056,36059,36062,36065,36068,36071,36074,36077,36080,36083,36086,36089,36092,36095,36098,36101,36104,36107,36110,36113,36116,36119,36122,36125,36128,36131,36134,36137,36140,36143,36146,36149,36155,36164,36170,36176,36182,36188,36194,36197,36203,36206,36212,36218,36221,36224,36227,36230,36236,36239,36242,36248,36308,36368,36428,36488,36548,36608,36638,36644,36650,36710,36770,36776,36782,36785,36788,36791,36794,36797,36800,36803,36806,36809,36815,36821,36827,36833,36842,36848,36866,36872,36875,36878,36884,36890,36899,36908,36968,37010,37070,37130,37184,37208,37235,37241,37247,37250,37253,37256,37259,37262,37265,37268,37271,37274,37277,37280,37283,37286,37289,37292,37295,37298,37301,37304,37307,37310,37313,37316,37319,37322,37325,37328,37331,37334,37337,37340,37343,37346,37349,37352,37355,37358,37361,37364,37367,37370,37373,37376,37379,37382,37385,37388,37391,37394,37397,37400,37403,37406,37409,37412,37415,37418,37421,37424,37427,37430,37433,37436,37439,37442,37445,37448,37451,37454,37457,37460,37463,37466,37469,37472,37475,37478,37481,37484,37487,37490,37493,37496,37499,37502,37505,37508,37511,37514,37517,37520,37523,37526,37529,37532,37535,37538,37541,37544,37547,37550,37553,37556,37559,37562,37565,37568,37571,37574,37577,37580,37583,37586,37589,37592,37595,37598,37601,37604,37607,37610,37613,37616,37619,37622,37625,37628,37631,37634,37637,37640,37643,37646,37649,37652,37655,37658,37661,37664,37667,37670,37673,37676,37679,37682,37685,37688,37691,37694,37697,37700,37703,37706,37709,37712,37715,37718,37721,37724,37727,37730,37733,37736,37739,37742,37745,37748,37751,37754,37757,37760,37763,37766,37769,37772,37775,37778,37781,37784,37787,37790,37793,37796,37799,37802,37805,37808,37811,37814,37817,37820,37823,37826,37829,37832,37835,37838,37841,37844,37847,37850,37853,37856,37859,37862,37865,37868,37871,37874,37877,37880,37883,37886,37889,37892,37895,37898,37901,37904,37907,37910,37913,37916,37919,37922,37925,37928,37931,37934,37937,37940,37943,37946,37949,37952,37955,37958,37961,37964,37967,37970,37973,37976,37979,37982,37985,37988,37991,37994,37997,38000,38003,38006,38009,38012,38015,38018,38021,38024,38027,38030,38033,38036,38039,38042,38045,38048,38051,38054,38057,38060,38063,38066,38069,38072,38075,38078,38081,38084,38087,38090,38093,38096,38099,38102,38105,38108,38111,38114,38120,38138,38147,38153,38159,38165,38171,38177,38183,38216,38276,38336,38396,38456,38516,38576,38636,38696,38756,38816,38876,38936,38996,39056,39116,39176,39236,39296,39356,39416,39476,39536,39596,40154]]},"geometry":{"type":"MultiLineString","coordinates":[[[51.55345,35.73951],[51.55421,35.72998],[51.55416,35.72982],[51.55407,35.72969],[51.55426,35.72995],[51.55429,35.72977],[51.55415,35.7298],[51.55405,35.72962],[51.55416,35.72972],[51.55412,35.72966],[51.55396,35.72965],[51.55411,35.72971],[51.55402,35.72959],[51.5542,35.72995],[51.55418,35.72977],[51.55416,35.72995],[51.5542,35.72993],[51.55424,35.73015],[51.55408,35.72994],[51.55422,35.73003],[51.55431,35.73009],[51.55424,35.72994],[51.55422,35.72996],[51.55416,35.72994],[51.55421,35.72993]],[[51.55394,35.72996],[51.55409,35.72992],[51.55425,35.72993],[51.55406,35.72992],[51.55411,35.7299],[51.55411,35.72991],[51.55411,35.72991],[51.5541,35.72991],[51.5541,35.72992],[51.55399,35.72991],[51.55402,35.72996],[51.55414,35.7299],[51.55415,35.72981],[51.55419,35.72979],[51.55422,35.72998],[51.55433,35.72985],[51.55394,35.72982],[51.55396,35.72971],[51.55398,35.72988],[51.55394,35.72989],[51.5506,35.72837],[51.55396,35.72969],[51.5539,35.7299],[51.55406,35.72996],[51.554,35.72995],[51.55401,35.72993],[51.55386,35.72987],[51.554,35.72984],[51.55403,35.7299],[51.55401,35.72984],[51.55387,35.73009],[51.55385,35.73012],[51.55381,35.7302],[51.55388,35.72998],[51.55382,35.72995],[51.55409,35.72999],[51.55398,35.73],[51.55381,35.72997],[51.55419,35.72975],[51.55416,35.72978],[51.55434,35.72941],[51.55463,35.72911],[51.55495,35.72879],[51.5553,35.72837],[51.55569,35.72798],[51.55613,35.72751],[51.55651,35.72706],[51.55682,35.72667],[51.55679,35.72627],[51.55626,35.72619],[51.55542,35.7261],[51.55497,35.72606],[51.55415,35.72599],[51.55361,35.72592],[51.55436,35.72593],[51.55524,35.72605],[51.55576,35.7261],[51.55628,35.72614],[51.55685,35.72618],[51.55744,35.72624],[51.55806,35.72627],[51.55872,35.72627],[51.55942,35.72623],[51.56008,35.72619],[51.5608,35.72613],[51.56152,35.72608],[51.56225,35.72604],[51.563,35.72598],[51.56373,35.72586],[51.56442,35.72567],[51.56511,35.72545],[51.5658,35.72524],[51.5665,35.72507],[51.56715,35.72495],[51.56783,35.72483],[51.56852,35.72472],[51.56923,35.72458],[51.56993,35.72446],[51.57063,35.72434],[51.57135,35.72424],[51.57208,35.72415],[51.57282,35.72408],[51.57357,35.72401],[51.57432,35.72395],[51.57506,35.72389],[51.57575,35.72382],[51.57644,35.7238],[51.57713,35.72377],[51.57782,35.72374],[51.57855,35.72373],[51.57929,35.72376],[51.58003,35.72377],[51.58076,35.72377],[51.5815,35.72378],[51.58222,35.72376],[51.58286,35.7237],[51.58345,35.72368],[51.58397,35.72368],[51.58484,35.72377],[51.58531,35.72384],[51.58578,35.72388],[51.58624,35.72391],[51.58672,35.7238],[51.58714,35.72357],[51.58757,35.7233],[51.58806,35.72303],[51.58861,35.72278],[51.5892,35.72261],[51.58979,35.72248],[51.59036,35.7224],[51.59096,35.72243],[51.5916,35.72257],[51.59215,35.72282],[51.59272,35.72306],[51.59329,35.72325],[51.59387,35.72337],[51.59442,35.72347],[51.59486,35.72357],[51.59535,35.72365],[51.59581,35.72367],[51.5963,35.72368],[51.59682,35.72372],[51.59737,35.72376],[51.59795,35.72382],[51.59855,35.72383],[51.59916,35.72387],[51.59979,35.72389],[51.60044,35.72395],[51.60112,35.72397],[51.60178,35.72398],[51.60243,35.72399],[51.60308,35.72398],[51.6037,35.72396],[51.60429,35.72393],[51.6049,35.72387],[51.60556,35.72378],[51.60624,35.72365],[51.6069,35.72347],[51.60756,35.7233],[51.60825,35.72311],[51.60894,35.72294],[51.60964,35.72274],[51.61034,35.72255],[51.61107,35.72235],[51.61179,35.72218],[51.61249,35.72199],[51.6132,35.72181],[51.61389,35.72163],[51.61456,35.72152],[51.61524,35.72151],[51.61589,35.72159],[51.61649,35.72175],[51.61697,35.72204],[51.61738,35.72239],[51.61765,35.72281],[51.61784,35.72325],[51.61799,35.72366],[51.61814,35.72408],[51.61832,35.72453],[51.61853,35.72499],[51.61881,35.72548],[51.61912,35.72594],[51.61948,35.72638],[51.61988,35.72681],[51.62032,35.72721],[51.62081,35.72759],[51.62128,35.7279],[51.6217,35.72817],[51.6221,35.7284],[51.62249,35.72862],[51.62287,35.72882],[51.6235,35.72912],[51.62398,35.72937],[51.62449,35.7294],[51.62487,35.72963],[51.62528,35.72981],[51.6258,35.72975],[51.626,35.7297],[51.62639,35.72988],[51.62652,35.72998],[51.6268,35.72995],[51.62713,35.73001],[51.62715,35.73],[51.62732,35.73002],[51.62738,35.73003],[51.6274,35.72999],[51.62734,35.72994],[51.62778,35.73003],[51.62825,35.73003],[51.6284,35.72998],[51.62853,35.73001],[51.62852,35.73002],[51.62874,35.73002],[51.62893,35.73003],[51.62904,35.73],[51.62952,35.73006],[51.62991,35.73008],[51.63003,35.73004],[51.63046,35.73002],[51.63061,35.73004],[51.63094,35.72998],[51.63111,35.73004],[51.63155,35.72998],[51.6317,35.73004],[51.63192,35.73009],[51.6324,35.73018],[51.63287,35.73024],[51.633,35.73024],[51.63325,35.73028],[51.63358,35.73033],[51.63403,35.73044],[51.6345,35.73047],[51.63494,35.73046],[51.6354,35.73055],[51.63581,35.73073],[51.63626,35.73077],[51.63672,35.73082],[51.63719,35.73084],[51.63768,35.73088],[51.6382,35.73091],[51.6387,35.73098],[51.63919,35.73093],[51.63962,35.73102],[51.64008,35.73103],[51.64054,35.73103],[51.64117,35.73104],[51.64175,35.73104],[51.64218,35.7311],[51.64263,35.73108],[51.64332,35.73105],[51.64398,35.7311],[51.64476,35.7312],[51.64563,35.73143],[51.64613,35.73156],[51.64665,35.73169],[51.64716,35.73186],[51.6476,35.73195],[51.64831,35.73211],[51.64912,35.7323],[51.64959,35.73242],[51.65009,35.73252],[51.65055,35.73262],[51.65142,35.73275],[51.65187,35.7328],[51.65236,35.73285],[51.65285,35.73289],[51.65341,35.73294],[51.65397,35.73298],[51.65456,35.73304],[51.65515,35.73311],[51.65571,35.73314],[51.65624,35.73318],[51.65678,35.7332],[51.65737,35.73317],[51.65793,35.73316],[51.6585,35.73314],[51.65904,35.73313],[51.6596,35.73311],[51.66014,35.73312],[51.66069,35.73314],[51.66124,35.73317],[51.66179,35.73316],[51.66235,35.73318],[51.66297,35.73319],[51.66357,35.73322],[51.66414,35.7333],[51.66475,35.73339],[51.66539,35.73348],[51.66603,35.73361],[51.66667,35.73378],[51.6673,35.73397],[51.66788,35.73419],[51.6684,35.73439],[51.66892,35.73459],[51.66946,35.73471],[51.67003,35.73478],[51.67062,35.73482],[51.67122,35.73485],[51.6718,35.73495],[51.67236,35.7351],[51.67291,35.73533],[51.67342,35.7356],[51.67396,35.73579],[51.67451,35.73579],[51.67502,35.73563],[51.67557,35.73535],[51.67612,35.7352],[51.67669,35.73523],[51.67721,35.73543],[51.67757,35.73576],[51.67775,35.7362],[51.6778,35.73671],[51.67784,35.73723],[51.67788,35.73774],[51.67795,35.73817],[51.67815,35.73853],[51.67856,35.7388],[51.67904,35.73888],[51.67952,35.73879],[51.67994,35.73851],[51.68019,35.73813],[51.68027,35.73764],[51.68021,35.7372],[51.68,35.73681],[51.67971,35.73646],[51.67946,35.73615],[51.67919,35.73582],[51.67894,35.73543],[51.6787,35.73497],[51.67853,35.73454],[51.67835,35.73414],[51.67815,35.73371],[51.67796,35.73325],[51.67775,35.73273],[51.67759,35.73215],[51.67759,35.73155],[51.67778,35.73102],[51.67818,35.73059],[51.67873,35.73026],[51.67936,35.73007],[51.68002,35.73002],[51.6807,35.73009],[51.68136,35.73023],[51.68202,35.7304],[51.68267,35.73059],[51.68333,35.73076],[51.68401,35.73098],[51.68469,35.73122],[51.68535,35.73146],[51.68598,35.73168],[51.68652,35.73186],[51.68702,35.73199],[51.68748,35.73207],[51.68836,35.73183],[51.68879,35.73152],[51.68916,35.73116],[51.68956,35.73075],[51.69006,35.73049],[51.69058,35.73044],[51.69117,35.73054],[51.69167,35.73078],[51.692,35.73114],[51.69212,35.73159],[51.69197,35.73208],[51.69158,35.73251],[51.69105,35.73286],[51.69044,35.73307],[51.68982,35.73321],[51.68922,35.73335],[51.68868,35.73358],[51.68834,35.7339],[51.6882,35.73427],[51.68826,35.73466],[51.68859,35.73497],[51.6891,35.73513],[51.68968,35.73521],[51.69029,35.73532],[51.69087,35.73551],[51.69134,35.73576],[51.69168,35.73611],[51.69189,35.73652],[51.69193,35.73695],[51.69185,35.73734],[51.69173,35.73776],[51.69159,35.73821],[51.69152,35.73868],[51.69154,35.73917],[51.69164,35.73967],[51.6918,35.74018],[51.69199,35.74062],[51.69226,35.74107],[51.69262,35.74138],[51.69305,35.74157],[51.69351,35.74164],[51.69435,35.74163],[51.69492,35.74157],[51.69545,35.74156],[51.69592,35.74155],[51.69642,35.74159],[51.69689,35.74158],[51.6975,35.74158],[51.69773,35.74144],[51.69771,35.74139],[51.6977,35.74138],[51.69728,35.74103],[51.69692,35.74076],[51.69652,35.74045],[51.69634,35.74001],[51.69649,35.73948],[51.6967,35.73891],[51.69688,35.73843],[51.69726,35.73804],[51.69757,35.73778],[51.69802,35.73738],[51.69833,35.73709],[51.69863,35.73676],[51.69897,35.7364],[51.69933,35.73602],[51.69952,35.7357],[51.69979,35.7352],[51.70009,35.73477],[51.70044,35.73442],[51.70068,35.73408],[51.70051,35.73388],[51.70053,35.73399],[51.70053,35.73409],[51.70058,35.73392],[51.70046,35.73431],[51.70021,35.73465],[51.69987,35.73502],[51.69969,35.73535],[51.69952,35.73571],[51.69929,35.7361],[51.69901,35.73644],[51.69872,35.73671],[51.69835,35.73708],[51.69791,35.73755],[51.69759,35.73784],[51.69715,35.73821],[51.69682,35.73855],[51.69665,35.73903],[51.69644,35.73959],[51.69638,35.74009],[51.69663,35.74054],[51.69713,35.7409],[51.69765,35.74127],[51.69807,35.74153],[51.69817,35.74153],[51.69812,35.74149],[51.69816,35.74162],[51.69861,35.74177],[51.69862,35.74169],[51.6986,35.7417],[51.69857,35.74162],[51.69859,35.74153],[51.69884,35.74184],[51.69905,35.74185],[51.69901,35.74191],[51.69914,35.74186],[51.69904,35.74185],[51.69908,35.74186],[51.69873,35.74179],[51.69911,35.742],[51.69948,35.74219],[51.70002,35.74253],[51.70058,35.74284],[51.70127,35.74321],[51.70166,35.74339],[51.7021,35.74355],[51.70258,35.74372],[51.70308,35.74388],[51.70361,35.74403],[51.70408,35.74419],[51.70453,35.74433],[51.70496,35.74446],[51.70542,35.74457],[51.70588,35.74467],[51.70635,35.74476],[51.70685,35.74482],[51.70737,35.74492],[51.7079,35.74507],[51.70839,35.74531],[51.70883,35.74561],[51.70917,35.746],[51.70948,35.74642],[51.70982,35.74681],[51.71022,35.74717],[51.7107,35.74745],[51.71122,35.74766],[51.71179,35.7478],[51.71235,35.74793],[51.71293,35.74801],[51.71352,35.74804],[51.7141,35.74804],[51.71468,35.74804],[51.71527,35.74804],[51.71585,35.74805],[51.71643,35.74806],[51.71703,35.74805],[51.71762,35.74803],[51.71824,35.748],[51.71887,35.74797],[51.7195,35.74794],[51.72013,35.7479],[51.72078,35.74783],[51.72143,35.74776],[51.72209,35.74767],[51.72275,35.7476],[51.72339,35.74756],[51.72403,35.74754],[51.72464,35.74749],[51.72526,35.74743],[51.72587,35.74737],[51.72648,35.74733],[51.72709,35.74735],[51.72769,35.74739],[51.72829,35.74745],[51.72887,35.74755],[51.7294,35.74773],[51.72993,35.74792],[51.73046,35.74812],[51.73097,35.74833],[51.73148,35.74854],[51.73198,35.74875],[51.73249,35.74897],[51.73301,35.74918],[51.73355,35.74938],[51.73411,35.74959],[51.73467,35.74979],[51.73524,35.75001],[51.73573,35.75017],[51.73616,35.75032],[51.73681,35.75055],[51.7374,35.75075],[51.73825,35.75089],[51.73873,35.75088],[51.73923,35.75089],[51.73973,35.75089],[51.74025,35.75088],[51.74077,35.75087],[51.74128,35.75085],[51.74177,35.75077],[51.74226,35.75065],[51.74276,35.75054],[51.74326,35.75042],[51.74377,35.75031],[51.7443,35.75024],[51.74487,35.75019],[51.74544,35.75013],[51.74603,35.75008],[51.74663,35.75003],[51.74721,35.74997],[51.74781,35.7499],[51.74839,35.74986],[51.74889,35.74985],[51.74935,35.74986],[51.74981,35.74988],[51.75034,35.74989],[51.7509,35.74988],[51.75144,35.74985],[51.752,35.74976],[51.75256,35.74965],[51.75312,35.74951],[51.75368,35.74936],[51.75425,35.74922],[51.75482,35.74907],[51.7554,35.74891],[51.75599,35.74876],[51.7566,35.74861],[51.75722,35.74845],[51.75783,35.74831],[51.75841,35.74816],[51.75899,35.74798],[51.75955,35.74777],[51.76009,35.74751],[51.76058,35.74718],[51.76104,35.7468],[51.76142,35.74638],[51.7618,35.74597],[51.76217,35.74555],[51.76252,35.74512],[51.76285,35.7447],[51.76318,35.74428],[51.76353,35.74393],[51.76399,35.74364],[51.76453,35.74342],[51.76512,35.74325],[51.76575,35.74316],[51.7664,35.74317],[51.76702,35.74321],[51.76765,35.74325],[51.76824,35.74331],[51.76881,35.74335],[51.76938,35.74339],[51.76995,35.74343],[51.77051,35.74347],[51.7711,35.7435],[51.7717,35.74351],[51.77229,35.74355],[51.77288,35.74359],[51.77348,35.74366],[51.7741,35.74377],[51.77472,35.74392],[51.77533,35.74409],[51.77593,35.74425],[51.77651,35.74437],[51.77708,35.74443],[51.77761,35.74446],[51.7781,35.74449],[51.77861,35.7445],[51.77918,35.74449],[51.77978,35.74451],[51.78043,35.74453],[51.7811,35.74454],[51.78179,35.74456],[51.78246,35.74457],[51.78313,35.74457],[51.78378,35.74458],[51.78441,35.74457],[51.785,35.7445],[51.78556,35.74435],[51.78607,35.74413],[51.78656,35.74387],[51.78706,35.7436],[51.78754,35.74332],[51.788,35.74308],[51.7885,35.74283],[51.78894,35.74262],[51.78939,35.74241],[51.78987,35.74218],[51.79038,35.74195],[51.7909,35.7417],[51.79144,35.74144],[51.792,35.74117],[51.79254,35.74091],[51.79307,35.74065],[51.79358,35.74042],[51.79409,35.7402],[51.79455,35.73994],[51.79502,35.73965],[51.79549,35.73939],[51.79597,35.73916],[51.79649,35.73899],[51.79702,35.73887],[51.79756,35.73882],[51.79812,35.73879],[51.79875,35.73876],[51.79944,35.73869],[51.80016,35.73865],[51.80089,35.7386],[51.80163,35.73856],[51.80237,35.73851],[51.80312,35.73847],[51.80387,35.73843],[51.8046,35.73839],[51.8053,35.73833],[51.80599,35.73824],[51.80665,35.7381],[51.8073,35.73791],[51.80793,35.73768],[51.80851,35.7374],[51.80906,35.73708],[51.8096,35.73674],[51.81012,35.73639],[51.81063,35.73602],[51.81116,35.73566],[51.81169,35.73529],[51.81223,35.73493],[51.81277,35.73457],[51.81332,35.73423],[51.81389,35.73394],[51.81449,35.73368],[51.81511,35.73346],[51.81576,35.73329],[51.81643,35.73317],[51.81712,35.7331],[51.81782,35.73305],[51.81853,35.73302],[51.81925,35.73301],[51.81997,35.73299],[51.82068,35.73298],[51.82139,35.73297],[51.8221,35.73295],[51.82281,35.73294],[51.82351,35.73293],[51.8242,35.73293],[51.82489,35.73294],[51.82557,35.73295],[51.82626,35.73298],[51.82694,35.733],[51.82763,35.73305],[51.82831,35.73311],[51.829,35.73317],[51.82967,35.73323],[51.83033,35.73325],[51.83096,35.73326],[51.8316,35.73325],[51.83224,35.73321],[51.83285,35.73317],[51.83341,35.73313],[51.83395,35.73309],[51.83451,35.73305],[51.8351,35.73302],[51.8357,35.73297],[51.83632,35.73292],[51.83696,35.73286],[51.83757,35.7328],[51.83818,35.73273],[51.83878,35.73267],[51.83938,35.73261],[51.83998,35.73255],[51.84058,35.7325],[51.84116,35.73244],[51.84174,35.73238],[51.84231,35.73232],[51.84289,35.73229],[51.84347,35.73228],[51.84405,35.73228],[51.84462,35.7323],[51.84515,35.7323],[51.84566,35.73231],[51.84617,35.73233],[51.84667,35.73235],[51.84718,35.73237],[51.8477,35.7324],[51.84821,35.73242],[51.84867,35.73242],[51.84949,35.73244]],[[51.84968,35.73262],[51.84922,35.73259],[51.84874,35.73255],[51.8482,35.7325],[51.84768,35.73247],[51.84718,35.73244],[51.84674,35.73241],[51.84581,35.73235],[51.84528,35.73233],[51.84469,35.73231],[51.84407,35.73229],[51.84344,35.73228],[51.84279,35.73227],[51.84212,35.73233],[51.84146,35.73241],[51.84076,35.7325],[51.84002,35.73258],[51.83927,35.73265],[51.83851,35.73273],[51.83778,35.73281],[51.83709,35.73289],[51.83641,35.73296],[51.83573,35.73303],[51.83506,35.7331],[51.83439,35.73314],[51.83373,35.7332],[51.83307,35.73327],[51.8324,35.73331],[51.83173,35.73335],[51.83107,35.73336],[51.83043,35.73336],[51.82981,35.73334],[51.82921,35.7333],[51.82859,35.73326],[51.82796,35.73319],[51.8273,35.73314],[51.82662,35.7331],[51.82596,35.73307],[51.82528,35.73305],[51.82459,35.73304],[51.8239,35.73304],[51.82322,35.73305],[51.82254,35.73306],[51.82184,35.73308],[51.82112,35.7331],[51.82039,35.73311],[51.81966,35.73312],[51.81892,35.73313],[51.81819,35.73314],[51.81749,35.73316],[51.81678,35.7332],[51.81609,35.73329],[51.8154,35.73345],[51.81474,35.73365],[51.81412,35.73389],[51.81352,35.73417],[51.81296,35.7345],[51.81242,35.73486],[51.81188,35.73522],[51.81135,35.7356],[51.81083,35.73597],[51.81033,35.73633],[51.80981,35.73669],[51.80926,35.73705],[51.80868,35.73739],[51.80805,35.7377],[51.80739,35.73796],[51.80672,35.73817],[51.80603,35.73833],[51.80531,35.73844],[51.80458,35.73852],[51.80385,35.73857],[51.80312,35.73862],[51.80239,35.73868],[51.80168,35.73871],[51.80096,35.73875],[51.80024,35.73878],[51.79954,35.73882],[51.79886,35.73886],[51.79819,35.73889],[51.79752,35.73894],[51.79684,35.73901],[51.79626,35.73916],[51.79573,35.73938],[51.79521,35.73967],[51.79468,35.73998],[51.79413,35.74028],[51.79355,35.74056],[51.79293,35.74082],[51.79232,35.74108],[51.79171,35.74134],[51.79113,35.7416],[51.79057,35.74186],[51.78999,35.74215],[51.78941,35.74243],[51.78884,35.7427],[51.78831,35.74298],[51.78783,35.74324],[51.78735,35.7435],[51.78686,35.74377],[51.78634,35.74405],[51.78581,35.74434],[51.78525,35.74454],[51.78462,35.74465],[51.78396,35.74469],[51.78325,35.74468],[51.78253,35.74468],[51.78181,35.74466],[51.78109,35.74464],[51.78037,35.74462],[51.77965,35.74459],[51.77896,35.74457],[51.77831,35.74456],[51.77767,35.74454],[51.77702,35.7445],[51.77636,35.74444],[51.77574,35.74431],[51.77516,35.74415],[51.77451,35.74398],[51.77385,35.74384],[51.7732,35.74374],[51.77257,35.74367],[51.77193,35.74364],[51.77129,35.74362],[51.77062,35.74359],[51.76994,35.74356],[51.76926,35.74353],[51.76861,35.7435],[51.76799,35.74347],[51.7674,35.74345],[51.76682,35.74346],[51.76622,35.7435],[51.76564,35.7436],[51.76503,35.74376],[51.76444,35.74397],[51.76388,35.74423],[51.76343,35.74453],[51.76301,35.74489],[51.76258,35.74528],[51.76216,35.74571],[51.76176,35.74614],[51.76136,35.74658],[51.76092,35.74698],[51.76044,35.74736],[51.75993,35.74767],[51.75939,35.74792],[51.75882,35.74811],[51.75827,35.74828],[51.75774,35.74844],[51.7572,35.74857],[51.75661,35.74871],[51.75603,35.74887],[51.75543,35.74902],[51.75484,35.74917],[51.75425,35.74933],[51.75368,35.74947],[51.75311,35.74962],[51.75255,35.74975],[51.752,35.74988],[51.75144,35.74995],[51.75086,35.75001],[51.75027,35.75006],[51.74969,35.75012],[51.74912,35.75018],[51.74855,35.75024],[51.748,35.7503],[51.74744,35.75035],[51.74688,35.7504],[51.74634,35.75044],[51.74579,35.75049],[51.74523,35.75055],[51.74467,35.75061],[51.74414,35.75067],[51.74361,35.75073],[51.74309,35.75078],[51.74256,35.75083],[51.74204,35.75088],[51.74154,35.75094],[51.74104,35.75098],[51.74056,35.751],[51.74006,35.751],[51.73952,35.75097],[51.73896,35.75096],[51.73841,35.75094],[51.73785,35.75091],[51.7373,35.75079],[51.73676,35.75062],[51.73619,35.75043],[51.73564,35.75025],[51.73513,35.75009],[51.73463,35.7499],[51.73413,35.74971],[51.73363,35.74954],[51.73312,35.74935],[51.73253,35.74914],[51.73193,35.7489],[51.73133,35.74865],[51.73074,35.7484],[51.73013,35.74816],[51.72953,35.74792],[51.7289,35.74771],[51.72823,35.74755],[51.72751,35.74745],[51.7268,35.74742],[51.72608,35.74743],[51.72538,35.7475],[51.72466,35.74755],[51.72392,35.7476],[51.72317,35.74764],[51.72243,35.74769],[51.7217,35.74777],[51.72099,35.74788],[51.72024,35.74799],[51.7195,35.74808],[51.71879,35.74813],[51.71808,35.74812],[51.71736,35.74813],[51.71664,35.74814],[51.71589,35.74813],[51.71514,35.74812],[51.71439,35.74812],[51.71366,35.74812],[51.71291,35.74808],[51.71219,35.74798],[51.71148,35.74783],[51.71082,35.74764],[51.71019,35.74734],[51.70969,35.74694],[51.70929,35.74649],[51.70887,35.74603],[51.70836,35.74565],[51.70774,35.74539],[51.70708,35.74518],[51.70646,35.74497],[51.70589,35.74479],[51.70533,35.74463],[51.70477,35.74447],[51.70419,35.74429],[51.70361,35.74412],[51.70311,35.74398],[51.70265,35.74386],[51.70205,35.74368],[51.70173,35.744],[51.70148,35.74449],[51.70118,35.74499],[51.70076,35.74544],[51.70031,35.74595],[51.70025,35.74666],[51.70036,35.74702],[51.70063,35.74772],[51.70076,35.74807],[51.70096,35.74861],[51.70119,35.74922],[51.70127,35.74959],[51.70128,35.74999],[51.70123,35.75038],[51.70114,35.75075],[51.70095,35.75144],[51.70085,35.7518],[51.70074,35.75219],[51.70056,35.75278],[51.70038,35.7527],[51.70056,35.7527],[51.70055,35.75267],[51.70052,35.75264],[51.70051,35.75264],[51.70047,35.75269],[51.70059,35.75229],[51.70074,35.75181],[51.70087,35.7514],[51.7009,35.75138],[51.70096,35.75123],[51.70103,35.75074],[51.70113,35.75014],[51.70116,35.74977],[51.70111,35.7494],[51.70101,35.74901],[51.70089,35.7486],[51.70075,35.74819],[51.70057,35.74776],[51.7004,35.74732],[51.70023,35.74688],[51.70011,35.74651],[51.70018,35.74591],[51.70062,35.74537],[51.70114,35.74486],[51.70142,35.74447],[51.7017,35.744],[51.70164,35.74364],[51.70128,35.74332],[51.70061,35.74294],[51.70022,35.74275],[51.69984,35.74255],[51.69915,35.74221],[51.69873,35.74202],[51.6983,35.74185],[51.6978,35.74173],[51.69786,35.74183],[51.69778,35.74143],[51.69807,35.74153],[51.69807,35.7415],[51.69787,35.74184],[51.69742,35.74179],[51.69683,35.74171],[51.69616,35.7417],[51.69523,35.74171],[51.69468,35.74172],[51.69411,35.74172],[51.69354,35.74169],[51.693,35.7416],[51.69253,35.74143],[51.69217,35.74114],[51.69188,35.7408],[51.69169,35.7404],[51.69152,35.73998],[51.69138,35.73954],[51.69129,35.73908],[51.69131,35.73863],[51.69144,35.73815],[51.69158,35.73768],[51.6917,35.73721],[51.69175,35.73673],[51.69166,35.73631],[51.69138,35.73593],[51.69102,35.73563],[51.69056,35.73546],[51.69005,35.73534],[51.68953,35.73523],[51.68899,35.73513],[51.6885,35.73497],[51.68815,35.73466],[51.68804,35.73424],[51.68817,35.73383],[51.68847,35.73347],[51.6889,35.73326],[51.68938,35.73312],[51.6899,35.73299],[51.69043,35.73287],[51.69093,35.7327],[51.69138,35.7324],[51.69172,35.73204],[51.69188,35.73163],[51.69181,35.73123],[51.69154,35.73089],[51.69112,35.73067],[51.69065,35.73059],[51.69017,35.73061],[51.68972,35.7308],[51.68939,35.73109],[51.68908,35.7314],[51.68876,35.7317],[51.68836,35.73194],[51.68789,35.73209],[51.68738,35.73214],[51.68687,35.73206],[51.68639,35.7319],[51.6859,35.73173],[51.6854,35.73156],[51.6849,35.73137],[51.68439,35.73118],[51.68386,35.731],[51.68332,35.73083],[51.68276,35.73067],[51.68219,35.73051],[51.6816,35.73038],[51.68099,35.73026],[51.68037,35.73019],[51.67975,35.7302],[51.67916,35.7303],[51.67862,35.73056],[51.67818,35.7309],[51.67792,35.73132],[51.67785,35.73177],[51.67792,35.73225],[51.67808,35.73273],[51.67829,35.73319],[51.67851,35.73362],[51.67873,35.73406],[51.67895,35.7345],[51.67916,35.73496],[51.67938,35.73544],[51.67963,35.73595],[51.67992,35.73645],[51.68022,35.73692],[51.68041,35.73741],[51.68041,35.73792],[51.68017,35.73842],[51.67976,35.73878],[51.67917,35.73892],[51.67858,35.73887],[51.67808,35.7386],[51.67777,35.73822],[51.67765,35.73772],[51.67761,35.73723],[51.67755,35.73672],[51.67749,35.73624],[51.67732,35.73581],[51.67692,35.73548],[51.67641,35.73535],[51.67587,35.7354],[51.67538,35.73557],[51.6749,35.73576],[51.67442,35.73587],[51.67389,35.73588],[51.67339,35.73573],[51.67291,35.73549],[51.67243,35.73525],[51.67191,35.73506],[51.67136,35.73494],[51.67079,35.7349],[51.6702,35.73486],[51.66959,35.73481],[51.66903,35.73473],[51.66853,35.73457],[51.66804,35.73437],[51.66754,35.73416],[51.66699,35.73398],[51.66644,35.73382],[51.66586,35.73368],[51.66528,35.73355],[51.66469,35.73346],[51.66408,35.73338],[51.66347,35.73333],[51.66282,35.73331],[51.66213,35.73328],[51.66143,35.73327],[51.66071,35.73325],[51.66001,35.73323],[51.65928,35.73322],[51.65857,35.73322],[51.65785,35.7332],[51.65714,35.73318],[51.65643,35.73316],[51.65573,35.73313],[51.65501,35.73309],[51.6543,35.73304],[51.65355,35.73298],[51.6528,35.73295],[51.65209,35.73288],[51.65141,35.73281],[51.65071,35.73271],[51.65004,35.7326],[51.64937,35.73247],[51.64869,35.73232],[51.64801,35.73216],[51.64733,35.73199],[51.64664,35.7318],[51.64593,35.73162],[51.64521,35.73146],[51.6445,35.73133],[51.64379,35.73126],[51.64307,35.73124],[51.64234,35.7312],[51.6416,35.73118],[51.64086,35.73115],[51.64014,35.73111],[51.63944,35.73107],[51.63874,35.73102],[51.63803,35.73098],[51.63731,35.73094],[51.63658,35.73087],[51.63585,35.73076],[51.63512,35.73066],[51.63439,35.73054],[51.63367,35.73042],[51.63298,35.73031],[51.63229,35.7302],[51.6316,35.73011],[51.63092,35.73007],[51.63022,35.73008],[51.62953,35.7301],[51.62882,35.73013],[51.62811,35.73014],[51.62739,35.73013],[51.62668,35.73005],[51.62597,35.72996],[51.62526,35.72982],[51.62457,35.72964],[51.62389,35.72941],[51.62324,35.72914],[51.62261,35.72883],[51.622,35.7285],[51.62141,35.72814],[51.62086,35.72776],[51.62033,35.72738],[51.61984,35.72697],[51.61939,35.72654],[51.61898,35.72607],[51.61861,35.72556],[51.61829,35.72501],[51.61803,35.72445],[51.61782,35.72388],[51.61761,35.72332],[51.61733,35.72276],[51.61694,35.72225],[51.61639,35.72186],[51.61572,35.72161],[51.61496,35.72152],[51.61421,35.7216],[51.61352,35.72176],[51.61286,35.72194],[51.6122,35.72212],[51.61153,35.72231],[51.61084,35.7225],[51.61017,35.7227],[51.60951,35.72289],[51.60887,35.72308],[51.60823,35.72328],[51.60762,35.72348],[51.60699,35.72368],[51.60634,35.72389],[51.60567,35.72406],[51.60498,35.72421],[51.60428,35.72429],[51.60357,35.72432],[51.6029,35.72433],[51.60226,35.7243],[51.60166,35.72426],[51.601,35.72423],[51.60032,35.72419],[51.59962,35.72415],[51.59892,35.72412],[51.59822,35.72409],[51.59753,35.72405],[51.59683,35.724],[51.59613,35.72396],[51.5954,35.72392],[51.59468,35.72388],[51.59402,35.72382],[51.59336,35.72375],[51.59269,35.72366],[51.59198,35.72357],[51.59126,35.72349],[51.59053,35.72338],[51.58979,35.72329],[51.58903,35.72327],[51.58834,35.72334],[51.58769,35.72351],[51.58712,35.72376],[51.5866,35.72409],[51.58618,35.72444],[51.58588,35.72478],[51.58572,35.72512],[51.58578,35.72548],[51.58611,35.72575],[51.58658,35.72579],[51.58696,35.72555],[51.58707,35.72514],[51.58685,35.72478],[51.58642,35.7245],[51.58584,35.72427],[51.58521,35.72408],[51.58452,35.72395],[51.58383,35.72384],[51.58312,35.7238],[51.58239,35.7238],[51.58169,35.7238],[51.58095,35.72381],[51.58021,35.72384],[51.57946,35.72387],[51.57872,35.7239],[51.57797,35.72395],[51.57726,35.72398],[51.57656,35.724],[51.57585,35.724],[51.57515,35.72402],[51.57443,35.72405],[51.57372,35.72411],[51.57301,35.72418],[51.57231,35.72425],[51.57165,35.72431],[51.57098,35.72438],[51.57031,35.72446],[51.56964,35.72454],[51.56898,35.72464],[51.56835,35.72474],[51.56779,35.72485],[51.56727,35.72494],[51.56675,35.72504],[51.56619,35.72517],[51.56557,35.72534],[51.56494,35.72554],[51.56429,35.72574],[51.56366,35.72592],[51.56303,35.72601],[51.5624,35.72605],[51.56179,35.7261],[51.5612,35.72613],[51.56058,35.72615],[51.55998,35.72619],[51.55947,35.72623],[51.55896,35.72626],[51.55846,35.72628],[51.55798,35.72628],[51.55754,35.72626],[51.55692,35.72626],[51.55688,35.72667],[51.55646,35.72716],[51.55608,35.72758],[51.55569,35.72798],[51.55532,35.72837],[51.55498,35.72877],[51.55465,35.72919],[51.55434,35.72955],[51.55412,35.72989],[51.55402,35.72989],[51.55412,35.72986],[51.55423,35.73003],[51.55431,35.72998],[51.55437,35.73009],[51.55438,35.72996],[51.55426,35.73008],[51.55426,35.73015],[51.55435,35.73015],[51.55454,35.73014],[51.55449,35.73018],[51.55449,35.73004],[51.55443,35.73009],[51.55433,35.73003],[51.5542,35.73009],[51.55428,35.73011],[51.55429,35.73017],[51.55441,35.73001],[51.55448,35.72992],[51.55446,35.73011],[51.55423,35.73003],[51.55409,35.73012],[51.55414,35.73],[51.55405,35.73009]]]}},{"type":"Feature","properties":{"route":15,"color":"#ca8a04","times":[[22745,22805,22865,22925,22985,23045,23105,23165,23225,23318,23329,23365,23395,23407,23416],[24461,24521,24581,24641,24701,24761,24821,24881,24941,25001,25061,25088,25112,25172,25202,25214,25220,25226,25232,25238,25244,25250,25256,25262,25268,25271,25274,25277,25280,25283,25286,25295,25301,25304,25307,25310,25313,25319,25328,25334,25340,25346,25349,25352,25355,25358,25361,25364,25370,25376,25382,25388,25394,25400,25403,25406,25409,25412,25415,25421,25430,25436,25442,25451,25460,25466,25472,25475,25478,25481,25484,25487,25490,25493,25499,25559,25586,25607,25667,25727,25745,25754,25760,25766,25772,25778,25784,25787,25790,25793,25796,25802,25811,25820,25826,25829,25832,25838,25844,25850,25856,25859,25862,25865,25868,25871,25877,25886,25892,25898,25904,25907,25910,25913,25916,25919,25922,25925,25928,25931,25934,25937,25943,25949,25955,25961,25964,25967,25970,25973,25976,25982,25988,25994,26000,26006,26009,26012,26021,26030,26036,26042,26048,26051,26054,26057,26060,26063,26072,26078,26084,26090,26096,26102,26108,26114,26120,26126,26132,26141,26150,26156,26162,26168,26174,26234,26294,26354,26414,26474,26534,26594,26654,26714,26774,26834,26894,26954,27014,27026,27032,27038,27044,27047,27050,27053,27056,27059,27062,27065,27068,27071,27074,27077,27080,27083,27086,27089,27092,27095,27098,27101,27104,27107,27110,27113,27116,27119,27122,27125,27128,27131,27134,27137,27140,27143,27146,27149,27152,27155,27158,27161,27164,27167,27170,27173,27176,27179,27182,27185,27188,27191,27194,27197,27200,27203,27206,27209,27212,27215,27218,27221,27224,27227,27230,27233,27236,27239,27242,27245,27248,27251,27254,27257,27260,27263,27266,27269,27272,27275,27278,27281,27284,27287,27290,27293,27296,27299,27302,27305,27308,27311,27314,27317,27320,27323,27326,27329,27332,27335,27338,27341,27344,27347,27350,27353,27356,27359,27362,27365,27368,27371,27374,27377,27380,27383,27386,27389,27392,27395,27398,27401,27404,27407,27410,27413,27416,27419,27422,27425,27428,27431,27434,27437,27440,27443,27446,27449,27452,27455,27458,27461,27464,27467,27470,27473,27476,27479,27482,27485,27488,27491,27494,27497,27500,27506,27512,27518,27524,27527,27530,27533,27536,27539,27542,27545,27548,27551,27554,27557,27560,27563,27566,27569,27572,27575,27578,27581,27584,27587,27590,27593,27596,27599,27602,27605,27608,27611,27614,27617,27620,27623,27626,27629,27632,27635,27638,27641,27644,27647,27650,27653,27656,27659,27662,27665,27668,27671,27674,27677,27680,27683,27686,27689,27692,27695,27698,27701,27704,27707,27710,27713,27716,27719,27722,27725,27728,27731,27734,27737,27740,27743,27746,27749,27752,27755,27758,27761,27764,27767,27770,27773,27776,27779,27782,27785,27788,27791,27794,27797,27800,27803,27806,27809,27812,27818,27824,27830,27836,27845,27851,27857,27863,27869,27875,27878,27881,27884,27887,27890,27893,27896,27899,27902,27908,27914,27920,27926,27932,27938,27944,27950,27953,27956,27959,27962,27965,27968,27971,27974,27977,27980,27983,27986,27989,27992,27995,27998,28001,28004,28007,28010,28013,28016,28019,28022,28025,28028,28031,28034,28037,28040,28043,28046,28049,28052,28055,28058,28061,28064,28067,28070,28073,28076,28079,28082,28085,28088,28091,28094,28097,28100,28103,28109,28160,28163,28166,28169,28172,28178,28181,28184,28187,28190,28193,28196,28199,28202,28205,28208,28211,28214,28217,28220,28223,28226,28229,28232,28235,28238,28241,28244,28247,28250,28253,28256,28259,28262,28265,28268,28271,28274,28277,28280,28283,28286,28289,28292,28295,28298,28301,28304,28307,28310,28313,28316,28319,28322,28325,28328,28331,28334,28337,28340,28343,28346,28349,28352,28355,28358,28361,28364,28367,28370,28373,28376,28379,28382,28385,28388,28391,28394,28397,28400,28403,28406,28409,28412,28415,28418,28421,28424,28427,28430,28433,28436,28439,28442,28445,28448,28451,28454,28457,28460,28463,28466,28469,28472,28475,28478,28481,28484,28487,28490,28493,28496,28499,28502,28505,28508,28511,28514,28517,28520,28523,28526,28529,28532,28535,28538,28544,28550,28556,28562,28568,28574,28586,28646,28664,28670,28682,28694,28709,28721,28775,28799,28826,29162,29189,29225,29285,29309,29315,29321,29327,29336,29345,29351,29357,29363,29372,29381,29387,29393,29399,29405,29465,29525,29585,29645,29657,29666,29672,29684,29744,29804,29864,29924,29984,30038,30044,30053,30059,30065,30071,30077,30083,30089,30098,30107,30113,30122,30128,30188,30248,30308,30368,30428,30467,30482,30488,30494,30506,30515,30575,30635,30695,30749,30755,30761,30767,30773,30779,30788,30794,30800,30806,30812,30818,30827,30833,30839,30845,30851,30860,30866,30872,30878,30938,30998,31058,31118,31178,31199,31214,31223,31229,31235,31295,31355,31415,31475,31535,31595,31619,31679,31739,31799,31859,31919,31931,31943,32003,32063,32117,32123,32132,32150,32210,32270,32321,32327,32333,32345,32351,32357,32363,32366,32369,32372,32375,32378,32381,32387,32393,32399,32405,32411,32417,32423,32429,32435,32441,32447,32453,32456,32459,32462,32465,32468,32471,32474,32477,32480,32483,32486,32489,32492,32495,32498,32501,32504,32507,32510,32513,32516,32519,32522,32525,32528,32531,32534,32537,32540,32546,32561,32582,32606,32624,32645,32651,32657,32660,32663,32666,32669,32672,32675,32678,32681,32684,32687,32693,32717,32726,32732,32738,32741,32744,32747,32750,32753,32756,32759,32762,32765,32768,32771,32774,32777,32780,32783,32786,32789,32792,32795,32798,32801,32804,32807,32810,32813,32816,32819,32822,32825,32828,32831,32834,32837,32840,32843,32846,32849,32852,32855,32858,32861,32864,32867,32870,32873,32876,32879,32882,32885,32888,32891,32894,32900,32906,32912,32918,32924,32936,32942,32948,32951,32954,32957,32960,32963,32966,32969,32975,32993,32999,33005,33008,33011,33014,33017,33023,33032,33038,33044,33050,33056,33065,33074,33083,33095,33155,33215,33275,33335,33395,33404,33410,33416,33425,33431,33437,33443,33449,33458,33464,33470,33476,33482,33485,33488,33491,33494,33497,33500,33503,33506,33509,33512,33515,33518,33521,33524,33530,33539,33542,33545,33548,33551,33554,33557,33560,33563,33566,33569,33572,33575,33578,33581,33587,33593,33599,33605,33611,33617,33623,33629,33689,33749,33809,33851,33857,33866,33872,33875,33878,33881,33884,33890,33896,33902,33908,33911,33917,33920,33926,33980,33986,33995,34001,34007,34013,34019,34028,34088,34148,34196,34202,34214,34220,34229,34235,34241,34250,34256,34262,34271,34277,34289,34295,34301,34307,34313,34319,34325,34385,34445,34505,34565,34625,34685,34745,34805,34865,34925,34937,34949,34955,34961,34970,34976,34982,34991,34997,35003,35006,35009,35012,35015,35018,35021,35024,35027,35033,35039,35045,35051,35057,35063,35069,35078,35087,35147,35207,35267,35327,35387,35447,35507,35516,35522,35528,35537,35543,35555,35561,35567,35573,35579,35588,35594,35600,35606,35612,35621,35627,35633,35639,35645,35651,35657,35663,35669,35675,35681,35684,35687,35690,35693,35696,35699,35702,35708,35720,35726,35729,35732,35735,35738,35741,35744,35747,35750,35753,35756,35759,35762,35765,35768,35771,35774,35777,35780,35783,35786,35789,35792,35795,35798,35801,35804,35807,35810,35813,35819,35828,35834,35843,35849,35909,35969,36029,36053,36065,36071,36077,36080,36083,36086,36089,36092,36095,36098,36101,36104,36107,36110,36113,36116,36119,36122,36125,36128,36131,36134,36137,36140,36143,36146,36149,36152,36155,36158,36164,36170,36176,36182,36188,36194,36200,36206,36215,36221,36227,36233,36239,36245,36263,36323,36383,36443,36503,36563,36623,36683,36743,36803,36863,36923,36983,36998,37004,37010,37019,37025,37040,37088,37148,37208,37268,37328,37361,37373,37382,37391,37397,37403,37409,37469,37517,37523,37529,37535,37541,37547,37553,37559,37565,37571,37574,37577,37580,37583,37586,37589,37592,37598,37604,37607,37610,37613,37616,37619,37622,37625,37628,37631,37634,37637,37640,37646,37652,37664,37670,37676,37682,37691,37697,37703,37706,37712,37718,37721,37724,37727,37733,37739,37745,37751,37754,37757,37760,37763,37766,37769,37772,37775,37778,37784,37790,37793,37796,37799,37802,37805,37811,37817,37823,37829,37835,37838,37841,37844,37847,37850,37853,37856,37859,37862,37865,37871,37880,37886,37892,37898,37901,37904,37907,37910,37913,37916,37919,37922,37925,37928,37931,37934,37937,37940,37946,37955,37964,37970,37979,37985,37991,38006,38012,38018,38024,38039,38048,38108,38168,38228,38282,38288,38297,38303,38309,38315,38375,38435,38495,38528,38540,38552,38561,38567,38573,38579,38585,38591,38597,38603,38663,38723,38783,38843,38903,38963,39023,39083,39131,39140,39146,39155,39161,39167,39173,39185,39191,39209,39215,39224,39230,39236,39239,39242,39245,39248,39251,39254,39257,39260,39263,39269,39275,39281,39287,39293,39296,39299,39302,39305,39308,39314,39320,39323,39326,39329,39332,39335,39338,39341,39344,39347,39350,39356,39362,39368,39374,39380,39386,39392,39398,39404,39410,39416,39422,39425,39428,39431,39434,39437,39440,39443,39446,39449,39452,39455,39458,39461,39464,39467,39470,39473,39476,39479,39482,39485,39488,39491,39494,39497,39500,39503,39506,39509,39512,39515,39518,39521,39524,39527,39530,39533,39536,39542,39548,39554,39560,39563,39566,39569,39572,39575,39578,39581,39584,39587,39590,39593,39596,39599,39602,39605,39608,39611,39614,39617,39620,39623,39626,39629,39632,39635,39638,39641,39644,39647,39650,39653,39656,39659,39665,39671,39674,39677,39680,39683,39686,39689,39692,39695,39701,39704,39707,39710,39713,39716,39719,39722,39725,39728,39734,39740,39746,39752,39758,39764,39767,39770,39773,39776,39779,39782,39785,39788,39791,39794,39797,39800,39803,39806,39809,39812,39815,39818,39821,39824,39827,39830,39833,39836,39839,39842,39845,39848,39851,39854,39857,39860,39863,39866,39869,39872,39875,39878,39881,39884,39887,39890,39893,39896,39899,39902,39905,39908,39911,39914,39917,39920,39923,39926,39929,39932,39935,39938,39941,39944,39947,39950,39953,39956,39959,39965,39983,39998,40010,40016,40019,40022,40025,40028,40031,40034,40037,40040,40043,40046,40049,40052,40055,40058,40061,40064,40067,40070,40073,40076,40079,40082,40085,40088,40091,40094,40097,40100,40103,40106,40109,40112,40115,40118,40121,40124,40127,40130,40133,40136,40139,40142,40145,40148,40151,40154,40157,40160,40163,40166,40169,40172,40175,40178,40181,40184,40187,40190,40193,40196,40199,40202,40205,40208,40211,40214,40217,40220,40223,40226,40229,40232,40235,40238,40241,40244,40247,40250,40253,40256,40259,40262,40265,40268,40271,40274,40277,40280,40283,40286,40289,40292,40295,40298,40301,40304,40307,40310,40313,40316,40319,40322,40325,40328,40331,40334,40337,40340,40343,40346,40352,40355,40358,40361,40364,40370,40373,40376,40379,40382,40385,40388,40391,40394,40397,40400,40403,40406,40409,40412,40415,40418,40421,40424,40427,40430,40433,40436,40439,40442,40445,40448,40454,40463,40472,40478,40484,40493,40505,40517,40529,40544,40562,40568,40574,40580,40586,40595,40604,40613,40622,40628,40634,40640,40646,40652,40655,40658,40661,40667,40673,40676,40679,40682,40685,40688,40691,40694,40697,40700,40703,40706,40709,40712,40715,40718,40721,40724,40727,40730,40733,40736,40739,40742,40745,40748,40751,40754,40757,40760,40763,40766,40769,40772,40775,40778,40781,40784,40787,40790,40793,40796,40799,40805,40811,40817,40823,40838,40844,40850,40859,40871,40880,40886,40892,40898,40904,40907,40910,40913,40916,40919,40925,40931,40940,40946,40952,40958,40961,40967,40970,40973,40976,40979,40982,40985,40988,40991,40994,40997,41000,41003,41006,41009,41012,41018,41024,41030,41036,41042,41048,41054,41057,41060,41063,41066,41069,41072,41075,41078,41081,41084,41087,41090,41093,41096,41099,41102,41105,41108,41111,41114,41117,41120,41123,41126,41129,41132,41135,41138,41141,41144,41147,41150,41153,41156,41159,41162,41165,41168,41174,41180,41186,41189,41192,41195,41198,41201,41204,41207,41210,41213,41216,41222,41246,41255,41261,41267,41273,41291,41306,41315,41327,41342,41357,41372,41396,41408,41420,41450,41492,41519,41552,41588,41612,41627,41648,41678,41699,41708,41720,41729,41738,41744,41750,41759,41768,41774,41780,41786,41792,41795,41798,41801,41804,41807,41810,41813,41816,41819,41822,41825,41828,41831,41834,41837,41840,41843,41846,41849,41852,41855,41858,41861,41864,41867,41870,41873,41876,41879,41882,41885,41888,41891,41894,41897,41900,41903,41906,41909,41912,41915,41918,41921,41924,41927,41930,41933,41936,41939,41942,41945,41948,41951,41954,41957,41960,41963,41966,41969,41972,41975,41978,41981,41984,41987,41990,41993,41996,41999,42002,42005,42008,42011,42014,42017,42020,42023,42026,42029,42032,42035,42038,42041,42044,42047,42050,42053,42056,42059,42062,42065,42068,42071,42074,42077,42080,42083,42086,42089,42092,42095,42098,42101,42104,42107,42110,42113,42116,42119,42122,42125,42128,42131,42134,42137,42140,42143,42146,42149,42152,42155,42158,42161,42164,42167,42170,42173,42176,42179,42182,42185,42188,42191,42194,42197,42200,42203,42206,42209,42215,42221,42227,42233,42245,42251,42257,42263,42269,42275,42281,42284,42287,42290,42293,42296,42299,42308,42314,42317,42320,42323,42326,42329,42332,42335,42338,42344,42350,42353,42356,42359,42362,42368,42374,42380,42383,42386,42389,42392,42398,42407,42416,42422,42428,42434,42440,42449,42455,42458,42464,42470,42476,42494,42503,42509,42512,42515,42518,42521,42524,42530,42539,42545,42551,42557,42563,42569,42575,42581,42590,42599,42605,42611,42617,42632,42638,42644,42650,42656,42662,42668,42674,42686,42722]]},"geometry":{"type":"MultiLineString","coordinates":[[[51.55407,35.72981],[51.55415,35.72997],[51.55405,35.72992],[51.55396,35.72994],[51.55392,35.72992],[51.55393,35.72993],[51.55394,35.72993],[51.55391,35.72991],[51.55422,35.72991],[51.55827,35.73282],[51.55542,35.73016],[51.55564,35.72982],[51.5551,35.72989],[51.55478,35.73021],[51.55435,35.73035]],[[51.55419,35.72989],[51.55423,35.72993],[51.55418,35.72993],[51.55425,35.73001],[51.55426,35.72992],[51.55406,35.72982],[51.55436,35.72997],[51.55412,35.72989],[51.55423,35.73011],[51.55433,35.73001],[51.55417,35.72993],[51.55473,35.72996],[51.55422,35.72995],[51.55415,35.72993],[51.55381,35.73025],[51.55406,35.73056],[51.55455,35.73088],[51.55507,35.7312],[51.55545,35.73143],[51.55587,35.73163],[51.55645,35.73194],[51.55716,35.73232],[51.55768,35.7323],[51.55805,35.73187],[51.55863,35.73128],[51.55894,35.73093],[51.55929,35.73053],[51.55965,35.73016],[51.56001,35.72974],[51.56034,35.72938],[51.56062,35.72908],[51.56052,35.7287],[51.55988,35.72833],[51.55947,35.72809],[51.55905,35.72784],[51.55862,35.7276],[51.55819,35.72736],[51.55767,35.72704],[51.55811,35.7272],[51.55864,35.72754],[51.55938,35.72793],[51.5601,35.72834],[51.56049,35.72853],[51.56089,35.72873],[51.56128,35.72894],[51.56167,35.72918],[51.56206,35.72941],[51.56244,35.72964],[51.56302,35.73],[51.56367,35.73035],[51.56435,35.73078],[51.56505,35.73116],[51.56576,35.73156],[51.56644,35.73194],[51.5668,35.73217],[51.56716,35.73239],[51.56753,35.73262],[51.5679,35.73285],[51.56826,35.73307],[51.56882,35.73337],[51.5693,35.73294],[51.56982,35.7324],[51.57029,35.73189],[51.57076,35.73181],[51.57127,35.73161],[51.57165,35.73121],[51.57218,35.73062],[51.57247,35.73031],[51.57276,35.72997],[51.57307,35.72958],[51.57339,35.72921],[51.57369,35.72888],[51.57399,35.72854],[51.57427,35.72819],[51.57463,35.72774],[51.57453,35.72771],[51.57443,35.72808],[51.57449,35.72767],[51.57442,35.72751],[51.57437,35.72735],[51.57491,35.72746],[51.57452,35.72797],[51.57418,35.72838],[51.57379,35.72887],[51.57333,35.72931],[51.57286,35.72981],[51.57237,35.73037],[51.57209,35.73067],[51.57178,35.73097],[51.57149,35.7313],[51.57121,35.73162],[51.57081,35.7319],[51.57035,35.73191],[51.57004,35.73226],[51.56962,35.73275],[51.56935,35.73304],[51.56908,35.73333],[51.56877,35.73365],[51.56845,35.734],[51.568,35.73457],[51.56744,35.73513],[51.56715,35.73545],[51.56686,35.73579],[51.56654,35.73614],[51.5662,35.7365],[51.56589,35.73683],[51.56552,35.73725],[51.56592,35.73751],[51.56642,35.73783],[51.56698,35.7382],[51.5677,35.73865],[51.56807,35.73888],[51.56844,35.73911],[51.56881,35.73932],[51.56919,35.73956],[51.56956,35.73979],[51.56995,35.74],[51.57032,35.74023],[51.5707,35.74046],[51.57107,35.74067],[51.57145,35.7409],[51.57184,35.74109],[51.57257,35.74149],[51.57297,35.74187],[51.57302,35.74232],[51.57265,35.74293],[51.57236,35.74324],[51.5721,35.74356],[51.57199,35.74394],[51.57205,35.74432],[51.5722,35.74468],[51.57251,35.74535],[51.57281,35.74585],[51.57335,35.74579],[51.57411,35.74558],[51.57496,35.74531],[51.57541,35.74518],[51.57584,35.74505],[51.57638,35.74491],[51.57656,35.7454],[51.57672,35.74583],[51.57693,35.74639],[51.57711,35.74705],[51.57701,35.74746],[51.57684,35.74783],[51.57663,35.74816],[51.57643,35.74853],[51.57634,35.74889],[51.57653,35.74922],[51.57685,35.74954],[51.57732,35.74997],[51.5779,35.75044],[51.5785,35.75086],[51.57903,35.75124],[51.57917,35.75169],[51.57875,35.75202],[51.5782,35.75235],[51.57771,35.7527],[51.57738,35.75307],[51.57746,35.75345],[51.57789,35.75376],[51.57819,35.75414],[51.5782,35.75459],[51.57787,35.75519],[51.57745,35.75571],[51.57758,35.75584],[51.57761,35.75585],[51.57759,35.75584],[51.57746,35.75581],[51.57747,35.75578],[51.57749,35.75575],[51.57749,35.75578],[51.57751,35.75579],[51.5775,35.75578],[51.57742,35.75577],[51.57744,35.75571],[51.57744,35.75571],[51.57744,35.75571],[51.57731,35.75576],[51.57692,35.75596],[51.57642,35.7561],[51.576,35.75663],[51.57559,35.75722],[51.57532,35.75754],[51.57506,35.75784],[51.57474,35.75813],[51.57438,35.75843],[51.57399,35.75873],[51.57359,35.75901],[51.57319,35.7593],[51.57278,35.75962],[51.57237,35.75997],[51.57194,35.76033],[51.57148,35.76068],[51.57102,35.76107],[51.57056,35.76145],[51.57007,35.76182],[51.56955,35.76221],[51.56905,35.76257],[51.56854,35.76292],[51.56804,35.7633],[51.56755,35.76368],[51.56706,35.76403],[51.56654,35.76437],[51.56601,35.76468],[51.56548,35.76494],[51.56495,35.76525],[51.56441,35.76556],[51.56386,35.76586],[51.56334,35.7662],[51.56283,35.76655],[51.56231,35.76691],[51.5618,35.7673],[51.5613,35.76768],[51.56089,35.76812],[51.56036,35.76842],[51.55984,35.76872],[51.5593,35.769],[51.55872,35.76928],[51.55813,35.76955],[51.55752,35.76984],[51.55689,35.7701],[51.55627,35.77033],[51.55564,35.77051],[51.55502,35.77072],[51.55439,35.77096],[51.55376,35.77122],[51.55311,35.77144],[51.55246,35.77165],[51.55182,35.77186],[51.55118,35.77207],[51.55054,35.7723],[51.54989,35.77252],[51.54927,35.77275],[51.54863,35.77298],[51.54801,35.77322],[51.54738,35.77344],[51.54673,35.77369],[51.54607,35.77393],[51.54542,35.77416],[51.54476,35.77438],[51.54411,35.77461],[51.54347,35.77483],[51.54282,35.77506],[51.54216,35.77527],[51.54149,35.77549],[51.54083,35.77568],[51.54016,35.77588],[51.53949,35.77605],[51.53883,35.77618],[51.53815,35.77631],[51.53746,35.77645],[51.53676,35.77658],[51.53604,35.77669],[51.53532,35.77678],[51.53458,35.77688],[51.53385,35.77696],[51.53311,35.77702],[51.53237,35.7771],[51.53162,35.77717],[51.53088,35.77723],[51.53012,35.77729],[51.52937,35.77734],[51.52862,35.77739],[51.52786,35.77744],[51.52713,35.77749],[51.52641,35.77754],[51.52569,35.77759],[51.52497,35.77763],[51.52423,35.77769],[51.52351,35.77771],[51.52277,35.77775],[51.52204,35.77782],[51.52134,35.77794],[51.52068,35.77813],[51.52005,35.77837],[51.51943,35.77864],[51.51886,35.77896],[51.51829,35.77931],[51.51777,35.77969],[51.51725,35.78008],[51.51675,35.78046],[51.51624,35.78084],[51.51575,35.78122],[51.51524,35.78157],[51.5147,35.78191],[51.51413,35.78222],[51.51353,35.7825],[51.5129,35.78275],[51.51223,35.78297],[51.51156,35.78318],[51.51087,35.78339],[51.51019,35.78359],[51.5095,35.78382],[51.50881,35.78401],[51.50812,35.78419],[51.50745,35.78439],[51.50677,35.78457],[51.50608,35.78476],[51.50539,35.78494],[51.50469,35.78514],[51.504,35.78534],[51.50332,35.78555],[51.50261,35.78574],[51.50192,35.78593],[51.50122,35.7861],[51.50052,35.78624],[51.49982,35.78632],[51.4991,35.78634],[51.49837,35.78634],[51.49766,35.78629],[51.497,35.78622],[51.49633,35.78614],[51.49569,35.78602],[51.49502,35.78592],[51.49436,35.78583],[51.4937,35.78574],[51.49304,35.78571],[51.49242,35.78572],[51.49185,35.78578],[51.49131,35.78586],[51.49078,35.786],[51.49024,35.78619],[51.48972,35.7864],[51.48921,35.78662],[51.48875,35.78687],[51.48828,35.78709],[51.48779,35.78731],[51.48729,35.78755],[51.48681,35.78776],[51.48633,35.78795],[51.48587,35.78814],[51.48542,35.78834],[51.48498,35.78856],[51.48457,35.78874],[51.48434,35.78926],[51.48486,35.78954],[51.48501,35.78912],[51.48476,35.78857],[51.4846,35.78824],[51.48443,35.78786],[51.48423,35.78744],[51.48402,35.78698],[51.48376,35.7865],[51.48349,35.786],[51.48316,35.78548],[51.48281,35.78497],[51.48248,35.78446],[51.48213,35.78396],[51.48178,35.78342],[51.48144,35.78289],[51.48112,35.78236],[51.48079,35.78183],[51.48044,35.78131],[51.48001,35.78082],[51.47948,35.78039],[51.47895,35.77999],[51.47842,35.77959],[51.47792,35.77916],[51.4775,35.77869],[51.4772,35.77817],[51.477,35.77764],[51.47686,35.77709],[51.47673,35.77658],[51.47659,35.77609],[51.47645,35.7756],[51.47626,35.77511],[51.47599,35.77463],[51.47567,35.77417],[51.47528,35.77375],[51.47483,35.77336],[51.47432,35.77303],[51.47379,35.77269],[51.47333,35.77232],[51.47292,35.77189],[51.47256,35.77143],[51.4722,35.77097],[51.47174,35.77056],[51.47122,35.77022],[51.47066,35.76992],[51.47011,35.76965],[51.46966,35.76935],[51.46929,35.76898],[51.46896,35.76857],[51.46869,35.76815],[51.46845,35.76773],[51.46825,35.76729],[51.46803,35.76684],[51.46781,35.76639],[51.46759,35.76595],[51.46737,35.76551],[51.46714,35.76506],[51.46691,35.7646],[51.46672,35.76412],[51.46656,35.76364],[51.46642,35.76314],[51.46629,35.76264],[51.46616,35.76215],[51.46602,35.76168],[51.4659,35.76119],[51.46579,35.76068],[51.46568,35.76016],[51.46558,35.75966],[51.4655,35.75913],[51.46544,35.7586],[51.46538,35.75805],[51.46532,35.7575],[51.46531,35.75697],[51.46528,35.75644],[51.46527,35.75591],[51.46524,35.75538],[51.46523,35.75485],[51.4652,35.75429],[51.46518,35.75375],[51.46515,35.75319],[51.46513,35.75262],[51.46511,35.75208],[51.46509,35.75152],[51.46507,35.75098],[51.465,35.75044],[51.46492,35.74992],[51.46483,35.7494],[51.46474,35.74887],[51.46457,35.74834],[51.46433,35.74783],[51.46408,35.74732],[51.46392,35.74679],[51.46381,35.74624],[51.46361,35.74571],[51.46333,35.74524],[51.46302,35.74481],[51.46266,35.74439],[51.4623,35.74399],[51.46195,35.74361],[51.46163,35.74321],[51.46097,35.74292],[51.46041,35.74308],[51.46008,35.74271],[51.45988,35.74217],[51.45963,35.74178],[51.45938,35.74147],[51.4588,35.74133],[51.45794,35.74127],[51.45731,35.74128],[51.45652,35.7413],[51.45605,35.74134],[51.45557,35.74139],[51.45509,35.74145],[51.45459,35.7415],[51.45408,35.74155],[51.45356,35.7416],[51.45306,35.74164],[51.45258,35.74167],[51.45214,35.74171],[51.45148,35.74176],[51.45089,35.74181],[51.45039,35.74185],[51.44969,35.74192],[51.44887,35.74202],[51.44808,35.74211],[51.44728,35.74215],[51.44638,35.7422],[51.4459,35.74229],[51.44541,35.74238],[51.44488,35.74249],[51.4443,35.74265],[51.4437,35.74277],[51.44312,35.74283],[51.44252,35.74282],[51.44193,35.7428],[51.44139,35.74278],[51.44083,35.74279],[51.44029,35.74278],[51.43975,35.7428],[51.43922,35.7428],[51.43869,35.7428],[51.43815,35.74281],[51.43762,35.74281],[51.43706,35.7428],[51.4365,35.74277],[51.43595,35.74271],[51.4354,35.74259],[51.43486,35.74242],[51.43433,35.74224],[51.43384,35.74198],[51.43338,35.7417],[51.43289,35.74146],[51.43236,35.7412],[51.43176,35.74099],[51.4311,35.74081],[51.43041,35.74066],[51.4297,35.74059],[51.42899,35.74056],[51.42826,35.74053],[51.42754,35.74052],[51.42682,35.74051],[51.42611,35.74048],[51.42539,35.74044],[51.42465,35.74041],[51.42391,35.74039],[51.42317,35.74037],[51.42245,35.74035],[51.42173,35.74031],[51.42101,35.74028],[51.42028,35.74027],[51.41958,35.74025],[51.41889,35.74022],[51.41825,35.74023],[51.4177,35.74023],[51.4172,35.74026],[51.41671,35.74041],[51.41629,35.74059],[51.41593,35.7408],[51.41526,35.74122],[51.40711,35.74407],[51.40655,35.74413],[51.40598,35.74421],[51.40531,35.74438],[51.40456,35.74468],[51.404,35.74404],[51.40324,35.74406],[51.40282,35.74393],[51.40236,35.74377],[51.40188,35.74358],[51.40138,35.74334],[51.40086,35.74304],[51.40036,35.74271],[51.39985,35.74241],[51.39931,35.74212],[51.39877,35.74188],[51.39822,35.74171],[51.39766,35.74157],[51.39711,35.74147],[51.39655,35.74139],[51.39596,35.74136],[51.39539,35.74137],[51.39478,35.74145],[51.39421,35.74156],[51.39366,35.74169],[51.39308,35.74186],[51.3925,35.74207],[51.39193,35.74228],[51.39135,35.74249],[51.3908,35.74271],[51.39026,35.7429],[51.38972,35.74309],[51.38918,35.74328],[51.38864,35.74342],[51.3881,35.74354],[51.38757,35.74358],[51.38706,35.74361],[51.38658,35.74355],[51.38598,35.74347],[51.38537,35.74337],[51.38475,35.74322],[51.3841,35.74308],[51.38347,35.74293],[51.38283,35.74278],[51.38221,35.74264],[51.38157,35.74249],[51.38096,35.74231],[51.38035,35.74215],[51.37977,35.74202],[51.37919,35.74191],[51.37863,35.74181],[51.37807,35.74171],[51.37751,35.74161],[51.37691,35.74151],[51.3763,35.74139],[51.37567,35.7413],[51.375,35.7412],[51.37435,35.74109],[51.37371,35.74099],[51.37307,35.74088],[51.37245,35.74075],[51.3718,35.74061],[51.37114,35.74047],[51.37048,35.74029],[51.36984,35.74014],[51.36919,35.73999],[51.36851,35.73982],[51.36785,35.73964],[51.36719,35.73947],[51.36653,35.73932],[51.36587,35.7392],[51.36522,35.73913],[51.36457,35.73904],[51.36391,35.73896],[51.36325,35.73891],[51.36259,35.73889],[51.36188,35.73892],[51.36117,35.73895],[51.36047,35.73902],[51.35977,35.7391],[51.35909,35.73919],[51.35842,35.7393],[51.35774,35.73939],[51.35707,35.7395],[51.35639,35.73961],[51.3557,35.73971],[51.35502,35.73983],[51.35433,35.73995],[51.35362,35.74006],[51.35293,35.74017],[51.35222,35.7403],[51.35154,35.74041],[51.35084,35.74052],[51.35014,35.74064],[51.34944,35.74074],[51.34877,35.74082],[51.34809,35.7409],[51.34739,35.74095],[51.34671,35.74095],[51.34601,35.74092],[51.34531,35.74087],[51.34462,35.74082],[51.34393,35.74074],[51.34325,35.74066],[51.34257,35.74059],[51.34184,35.74054],[51.34111,35.74052],[51.34035,35.74056],[51.33963,35.7406],[51.3389,35.74064],[51.33818,35.74069],[51.33747,35.74072],[51.33675,35.74071],[51.33603,35.74067],[51.33534,35.74062],[51.33467,35.74057],[51.334,35.74051],[51.33337,35.74044],[51.33273,35.74036],[51.33209,35.74025],[51.33145,35.74011],[51.33081,35.73997],[51.33016,35.73982],[51.32952,35.73968],[51.32896,35.73956],[51.3285,35.73945],[51.32791,35.7395],[51.32744,35.73985],[51.32683,35.74024],[51.32619,35.74064],[51.32565,35.74103],[51.32532,35.74132],[51.32493,35.74153],[51.3249,35.74153],[51.32423,35.74156],[51.32374,35.74164],[51.32328,35.74155],[51.32316,35.74107],[51.32319,35.74069],[51.32299,35.74027],[51.32255,35.74031],[51.32251,35.73994],[51.32255,35.73956],[51.32253,35.73935],[51.32253,35.73973],[51.32248,35.7401],[51.3226,35.74036],[51.32211,35.74021],[51.32161,35.74023],[51.32098,35.74032],[51.32049,35.74028],[51.32028,35.73983],[51.32014,35.73946],[51.32012,35.73908],[51.32007,35.73858],[51.32003,35.73812],[51.32014,35.73756],[51.31983,35.73727],[51.31928,35.73736],[51.31882,35.73747],[51.31831,35.73747],[51.3178,35.73757],[51.31753,35.73753],[51.31762,35.73755],[51.3177,35.73753],[51.31742,35.73762],[51.317,35.73777],[51.31654,35.73776],[51.31602,35.7378],[51.31582,35.73812],[51.31583,35.73821],[51.31582,35.73821],[51.3158,35.73818],[51.31579,35.73818],[51.31573,35.73818],[51.31573,35.73871],[51.31584,35.73907],[51.3156,35.73938],[51.31566,35.73976],[51.31578,35.74029],[51.31591,35.74078],[51.31598,35.74115],[51.31608,35.74163],[51.31619,35.74213],[51.31648,35.7424],[51.3172,35.74235],[51.31767,35.74229],[51.31801,35.74256],[51.31825,35.74292],[51.31817,35.74315],[51.31817,35.74315],[51.31817,35.74315],[51.31817,35.74315],[51.31817,35.74315],[51.31793,35.74266],[51.31759,35.74232],[51.31704,35.74237],[51.31651,35.74245],[51.31635,35.74294],[51.31638,35.74337],[51.3164,35.74339],[51.3164,35.74339],[51.31641,35.74339],[51.31636,35.74385],[51.31638,35.74439],[51.31639,35.74499],[51.31643,35.74548],[51.31646,35.74599],[51.3165,35.74653],[51.31699,35.74676],[51.31761,35.74656],[51.31833,35.74625],[51.31907,35.74595],[51.31983,35.7457],[51.32035,35.74559],[51.32072,35.74594],[51.32099,35.74636],[51.3213,35.74687],[51.32159,35.7473],[51.32184,35.74764],[51.32209,35.74798],[51.32228,35.74832],[51.32258,35.74869],[51.32284,35.74903],[51.32286,35.74907],[51.32286,35.74907],[51.32285,35.74908],[51.32285,35.74909],[51.32284,35.74909],[51.32308,35.74945],[51.3234,35.74983],[51.32397,35.74981],[51.32456,35.74967],[51.32516,35.7496],[51.32534,35.7495],[51.32535,35.74951],[51.32535,35.74951],[51.32536,35.7495],[51.32536,35.74951],[51.32536,35.74951],[51.32581,35.74956],[51.32627,35.74969],[51.32662,35.74977],[51.32662,35.74978],[51.32662,35.74978],[51.32666,35.74979],[51.32724,35.74989],[51.32776,35.7499],[51.32805,35.74997],[51.32805,35.74999],[51.32864,35.75004],[51.32924,35.75005],[51.32968,35.75014],[51.32934,35.7504],[51.32912,35.75053],[51.32908,35.75057],[51.32845,35.75074],[51.32782,35.75088],[51.3272,35.75098],[51.32722,35.75138],[51.32778,35.75139],[51.32854,35.75131],[51.32942,35.75122],[51.32988,35.75118],[51.33035,35.75112],[51.33083,35.75106],[51.33134,35.75101],[51.33185,35.75096],[51.33233,35.75092],[51.33297,35.75074],[51.33297,35.75023],[51.33234,35.75002],[51.33195,35.75041],[51.33196,35.75088],[51.33216,35.75141],[51.33239,35.75192],[51.33292,35.75211],[51.33326,35.75171],[51.33294,35.75128],[51.33234,35.75127],[51.33149,35.75133],[51.33102,35.75135],[51.33049,35.75137],[51.32995,35.75141],[51.32939,35.75146],[51.3288,35.75151],[51.32822,35.75158],[51.32762,35.75164],[51.32701,35.75172],[51.3264,35.75181],[51.32578,35.7519],[51.32519,35.75198],[51.32466,35.75206],[51.32414,35.75213],[51.32358,35.75219],[51.32299,35.75228],[51.32238,35.75239],[51.32175,35.7525],[51.3211,35.7526],[51.32047,35.75271],[51.31983,35.7528],[51.31923,35.75288],[51.31862,35.75295],[51.31804,35.75301],[51.31744,35.75304],[51.31686,35.75307],[51.3163,35.75311],[51.31579,35.75314],[51.31532,35.75319],[51.31486,35.7532],[51.31411,35.75322],[51.31362,35.75323],[51.31316,35.75326],[51.31265,35.75327],[51.31216,35.75329],[51.3116,35.75326],[51.31113,35.75325],[51.31042,35.75324],[51.30997,35.75324],[51.30949,35.75324],[51.30898,35.75323],[51.30845,35.75322],[51.30792,35.75322],[51.30742,35.75322],[51.30691,35.75323],[51.30638,35.75325],[51.30584,35.75325],[51.30535,35.75326],[51.3048,35.75328],[51.30435,35.7533],[51.30379,35.7533],[51.30315,35.75331],[51.30229,35.75332],[51.3018,35.75332],[51.30127,35.75333],[51.3007,35.75334],[51.30009,35.75335],[51.29945,35.75336],[51.29878,35.75337],[51.29808,35.75337],[51.29738,35.75338],[51.29667,35.75338],[51.29595,35.75339],[51.29522,35.75339],[51.29448,35.75341],[51.29372,35.75342],[51.29295,35.75345],[51.29217,35.75348],[51.2914,35.75352],[51.29062,35.75355],[51.28989,35.75358],[51.28923,35.75359],[51.28858,35.75361],[51.28791,35.75364],[51.28721,35.75367],[51.2865,35.7537],[51.28576,35.75373],[51.28502,35.75375],[51.28426,35.75378],[51.2835,35.75381],[51.28273,35.75384],[51.28197,35.75386],[51.28122,35.75389],[51.28046,35.75391],[51.27972,35.75394],[51.27898,35.75397],[51.27825,35.75399],[51.27751,35.75401],[51.27678,35.75404],[51.27606,35.75407],[51.27534,35.75411],[51.27461,35.75413],[51.27388,35.7542],[51.27316,35.75428],[51.27246,35.75443],[51.27179,35.75462],[51.27114,35.75487],[51.27052,35.75516],[51.26993,35.75548],[51.26938,35.75581],[51.26884,35.75613],[51.2683,35.75642],[51.26775,35.75668],[51.2672,35.75691],[51.26671,35.75711],[51.26607,35.75737],[51.26581,35.75782],[51.26579,35.75835],[51.26568,35.75871],[51.26529,35.75896],[51.26541,35.75858],[51.26564,35.75812],[51.2657,35.75734],[51.26568,35.75683],[51.26572,35.75632],[51.26575,35.75585],[51.26573,35.75535],[51.26568,35.75489],[51.26565,35.75444],[51.26558,35.75402],[51.26543,35.75342],[51.26528,35.75301],[51.26515,35.75254],[51.26498,35.75184],[51.26489,35.75142],[51.26479,35.75097],[51.26469,35.75051],[51.26458,35.75008],[51.26445,35.74965],[51.26393,35.74967],[51.26334,35.74982],[51.2628,35.7499],[51.26255,35.7495],[51.26237,35.749],[51.26189,35.74908],[51.26143,35.74923],[51.26096,35.74934],[51.26079,35.74897],[51.26077,35.74896],[51.26078,35.74896],[51.26078,35.74896],[51.26077,35.74895],[51.26073,35.74885],[51.26049,35.74829],[51.26025,35.74772],[51.26001,35.7472],[51.25952,35.74727],[51.2589,35.74746],[51.2582,35.74769],[51.25742,35.74793],[51.25668,35.74816],[51.25622,35.74792],[51.25572,35.74793],[51.25516,35.74815],[51.25484,35.7486],[51.2547,35.74924],[51.25462,35.7496],[51.25454,35.74999],[51.25445,35.7504],[51.25437,35.75084],[51.25431,35.75131],[51.25424,35.75179],[51.25417,35.75228],[51.2541,35.75278],[51.25404,35.7533],[51.25399,35.75383],[51.25395,35.75436],[51.25389,35.75489],[51.25385,35.75537],[51.25382,35.7558],[51.25366,35.75621],[51.25357,35.7556],[51.25363,35.75522],[51.25367,35.75481],[51.2537,35.75435],[51.25374,35.75385],[51.25378,35.75334],[51.25381,35.7528],[51.25384,35.75223],[51.25387,35.75167],[51.25389,35.75111],[51.25391,35.75057],[51.25392,35.75005],[51.25394,35.74954],[51.25395,35.74909],[51.25396,35.74872],[51.25384,35.7483],[51.25332,35.74816],[51.25254,35.74811],[51.25172,35.74804],[51.251,35.74798],[51.25023,35.74791],[51.24963,35.74787],[51.24911,35.74784],[51.24902,35.74784],[51.24903,35.74784],[51.24903,35.74784],[51.24844,35.74777],[51.24799,35.74776],[51.24779,35.74812],[51.24773,35.74868],[51.24767,35.74904],[51.24761,35.74943],[51.24755,35.74983],[51.24749,35.75019],[51.24745,35.7506],[51.2474,35.75114],[51.24732,35.75179],[51.24723,35.75252],[51.24718,35.75289],[51.24708,35.75361],[51.24703,35.75398],[51.24695,35.75462],[51.24691,35.75508],[51.24715,35.75541],[51.24661,35.75573],[51.24589,35.75572],[51.24559,35.7554],[51.24618,35.75522],[51.24664,35.75512],[51.24676,35.75473],[51.24673,35.75471],[51.24676,35.75469],[51.24688,35.75419],[51.24689,35.75377],[51.24635,35.75348],[51.24576,35.75343],[51.24523,35.75337],[51.24475,35.75333],[51.24409,35.75328],[51.24358,35.75321],[51.24301,35.75316],[51.24238,35.75311],[51.24229,35.75273],[51.24238,35.75221],[51.24245,35.75165],[51.24252,35.75115],[51.24261,35.75058],[51.2427,35.7499],[51.24278,35.74919],[51.24287,35.74848],[51.24289,35.74804],[51.24292,35.74802],[51.24293,35.74802],[51.24292,35.74802],[51.24292,35.74801],[51.24292,35.74801],[51.24292,35.74801],[51.24292,35.74801],[51.24292,35.74801],[51.24291,35.74803],[51.24288,35.748],[51.243,35.74747],[51.24258,35.7472],[51.242,35.74716],[51.24155,35.74723],[51.24127,35.74775],[51.24119,35.74845],[51.24116,35.74899],[51.24105,35.74958],[51.241,35.75024],[51.2409,35.75097],[51.24085,35.75137],[51.24079,35.7518],[51.24073,35.75222],[51.24066,35.75265],[51.24059,35.75306],[51.24052,35.75347],[51.24046,35.75389],[51.24042,35.75429],[51.24038,35.75466],[51.24032,35.75507],[51.24025,35.7556],[51.24016,35.7562],[51.2401,35.75677],[51.24003,35.75732],[51.23995,35.75785],[51.23975,35.75818],[51.23976,35.75765],[51.23969,35.75738],[51.23963,35.75739],[51.23962,35.75744],[51.23974,35.75741],[51.23992,35.75722],[51.23999,35.75714],[51.23998,35.7571],[51.24,35.75664],[51.24006,35.75617],[51.24015,35.75556],[51.24021,35.75515],[51.24027,35.75478],[51.24091,35.75468],[51.24156,35.75476],[51.2424,35.75485],[51.24325,35.75492],[51.24377,35.75496],[51.24437,35.75501],[51.24504,35.75509],[51.24578,35.75514],[51.2465,35.75521],[51.24709,35.7553],[51.24689,35.75576],[51.24661,35.75618],[51.24653,35.7567],[51.24646,35.75726],[51.24636,35.75791],[51.24629,35.75854],[51.24621,35.75903],[51.24619,35.75951],[51.24646,35.76],[51.247,35.76025],[51.24781,35.76028],[51.24826,35.7602],[51.24875,35.7601],[51.24926,35.75996],[51.24976,35.75983],[51.25027,35.75967],[51.25078,35.75952],[51.25128,35.75938],[51.25186,35.75925],[51.25123,35.75954],[51.25046,35.75977],[51.25004,35.75991],[51.24962,35.76003],[51.24918,35.76015],[51.24873,35.76027],[51.24825,35.76038],[51.24776,35.76047],[51.24726,35.76053],[51.24673,35.76057],[51.24616,35.76055],[51.24556,35.76049],[51.24493,35.76039],[51.24427,35.76026],[51.24356,35.76011],[51.24285,35.75996],[51.24216,35.75984],[51.24149,35.75971],[51.24082,35.75957],[51.2402,35.75944],[51.23959,35.75933],[51.23897,35.75921],[51.23834,35.7591],[51.23768,35.75898],[51.23698,35.75883],[51.23628,35.75869],[51.23556,35.75856],[51.23486,35.75843],[51.23418,35.75831],[51.23353,35.7582],[51.23292,35.7581],[51.23236,35.75805],[51.23172,35.75802],[51.2312,35.75804],[51.23071,35.75806],[51.23015,35.75802],[51.22986,35.75801],[51.22986,35.75801],[51.23027,35.75808],[51.22984,35.75779],[51.22934,35.7576],[51.22887,35.75752],[51.2281,35.75742],[51.22765,35.75737],[51.22718,35.75729],[51.22672,35.75722],[51.22624,35.75712],[51.2257,35.75705],[51.22515,35.75702],[51.22459,35.75699],[51.22401,35.75694],[51.22338,35.75685],[51.22272,35.75677],[51.22205,35.7567],[51.22135,35.75671],[51.22067,35.75674],[51.21999,35.7568],[51.21932,35.75688],[51.21867,35.75697],[51.21802,35.75706],[51.21735,35.75714],[51.21667,35.75722],[51.21598,35.75731],[51.21529,35.7574],[51.21459,35.75749],[51.21394,35.75758],[51.21332,35.75767],[51.21279,35.75778],[51.21238,35.75793],[51.21199,35.75813],[51.21152,35.75852],[51.21133,35.759],[51.21081,35.75942],[51.21043,35.75993],[51.21021,35.76053],[51.21014,35.76112],[51.20996,35.76172],[51.20967,35.76219],[51.20902,35.76198],[51.20851,35.76153],[51.20792,35.76145],[51.20721,35.76152],[51.2064,35.76156],[51.2057,35.76157],[51.20526,35.7615],[51.20508,35.76162],[51.20508,35.76162],[51.20508,35.76162],[51.20509,35.76161],[51.20509,35.76162],[51.2051,35.76163],[51.2051,35.76164],[51.2051,35.76164],[51.20511,35.76164],[51.20511,35.76164],[51.2051,35.76162],[51.20507,35.76158],[51.2045,35.76159],[51.20395,35.76163],[51.20341,35.76166],[51.20306,35.76131],[51.20283,35.76097],[51.20315,35.76061],[51.20358,35.76053],[51.20357,35.76051],[51.20359,35.76053],[51.20358,35.76053],[51.20354,35.76048],[51.20394,35.76082],[51.20354,35.76119],[51.20318,35.76142],[51.20377,35.76157],[51.20424,35.76154],[51.20483,35.76155],[51.2054,35.76149],[51.20561,35.76149],[51.20623,35.7615],[51.20686,35.76147],[51.20767,35.7615],[51.20844,35.76146],[51.20886,35.76161],[51.2091,35.76191],[51.20958,35.76211],[51.20994,35.76176],[51.21013,35.76114],[51.21014,35.76041],[51.21004,35.76003],[51.20972,35.75974],[51.2093,35.75959],[51.20884,35.7595],[51.20845,35.7593],[51.20818,35.759],[51.20791,35.75871],[51.20725,35.75836],[51.20643,35.75835],[51.20593,35.75834],[51.20538,35.75834],[51.20476,35.75834],[51.20412,35.75833],[51.20347,35.75831],[51.2028,35.75827],[51.20215,35.75823],[51.20152,35.75818],[51.20084,35.75811],[51.20017,35.75804],[51.19961,35.75801],[51.19916,35.75798],[51.19831,35.75785],[51.19762,35.75777],[51.19804,35.7576],[51.19879,35.75771],[51.19962,35.75778],[51.20013,35.75774],[51.19962,35.75767],[51.1989,35.75761],[51.19806,35.75737],[51.19763,35.75724],[51.19711,35.75692],[51.19699,35.75636],[51.19697,35.75599],[51.19696,35.7556],[51.19696,35.75521],[51.19695,35.75472],[51.19667,35.7543],[51.19623,35.75387],[51.1957,35.75333],[51.19538,35.75303],[51.19506,35.7527],[51.19474,35.75235],[51.1944,35.75199],[51.19405,35.75163],[51.19372,35.75127],[51.19339,35.75092],[51.19306,35.75059],[51.19277,35.75026],[51.19274,35.74969],[51.19299,35.74901],[51.19311,35.74863],[51.19324,35.74822],[51.19338,35.74783],[51.19351,35.74747],[51.19362,35.74709],[51.19377,35.74653],[51.19383,35.74615],[51.19369,35.74565],[51.19349,35.74527],[51.19322,35.74467],[51.19315,35.74431],[51.19313,35.74394],[51.19322,35.74355],[51.19333,35.74317],[51.19345,35.74278],[51.19359,35.74238],[51.19373,35.74197],[51.19385,35.74157],[51.19395,35.74117],[51.19403,35.74077],[51.19411,35.74027],[51.19419,35.73988],[51.19433,35.73932],[51.1944,35.73863],[51.19433,35.73793],[51.19421,35.73755],[51.19403,35.73718],[51.19383,35.7368],[51.19363,35.73638],[51.19342,35.73596],[51.19321,35.73555],[51.19301,35.73511],[51.19281,35.73466],[51.19264,35.73421],[51.19248,35.73376],[51.19235,35.73335],[51.19223,35.73298],[51.19213,35.7326],[51.19202,35.73224],[51.19184,35.7317],[51.19175,35.73132],[51.19172,35.73092],[51.19163,35.73047],[51.19157,35.72999],[51.19139,35.72937],[51.19127,35.72899],[51.19059,35.72893],[51.18991,35.72908],[51.18923,35.72922],[51.18848,35.72937],[51.18823,35.72973],[51.18837,35.73019],[51.18849,35.73035],[51.18849,35.73035],[51.18849,35.73035],[51.18861,35.73088],[51.18871,35.73123],[51.18885,35.73177],[51.18895,35.73217],[51.18906,35.73257],[51.18916,35.73294],[51.18927,35.73318],[51.18927,35.73318],[51.18927,35.73318],[51.18939,35.73362],[51.18952,35.73397],[51.1896,35.73436],[51.18973,35.73488],[51.18985,35.73532],[51.18997,35.7357],[51.19009,35.73609],[51.19024,35.73659],[51.1904,35.73718],[51.19059,35.73779],[51.19071,35.73826],[51.19081,35.73859],[51.19081,35.73859],[51.19081,35.73859],[51.19081,35.7386],[51.19081,35.73859],[51.19081,35.7386],[51.19081,35.7386],[51.19082,35.7386],[51.19091,35.73899],[51.19107,35.73951],[51.19119,35.73995],[51.19182,35.74012],[51.19251,35.74],[51.19322,35.73983],[51.19383,35.73993],[51.19428,35.73976],[51.19442,35.73927],[51.19449,35.73969],[51.19434,35.74005],[51.1942,35.74047],[51.19408,35.74101],[51.19392,35.74169],[51.19381,35.74205],[51.19367,35.74243],[51.19354,35.74282],[51.19342,35.74325],[51.1933,35.74367],[51.19321,35.7441],[51.19325,35.74452],[51.19339,35.74492],[51.19358,35.7453],[51.19381,35.74575],[51.19392,35.74622],[51.1938,35.74665],[51.19367,35.7471],[51.19345,35.74778],[51.19331,35.74817],[51.19319,35.74857],[51.19306,35.74898],[51.19292,35.74939],[51.1928,35.74977],[51.19291,35.75039],[51.19344,35.75094],[51.19374,35.75126],[51.19406,35.75159],[51.19438,35.75192],[51.1947,35.75226],[51.19502,35.7526],[51.19536,35.75295],[51.19571,35.7533],[51.19605,35.75366],[51.19638,35.754],[51.19667,35.75432],[51.19699,35.75466],[51.19706,35.75512],[51.19704,35.75561],[51.19707,35.75627],[51.19732,35.75694],[51.19791,35.75729],[51.19866,35.75754],[51.19947,35.75763],[51.20015,35.7576],[51.20063,35.75784],[51.2011,35.75792],[51.20184,35.75798],[51.20229,35.75802],[51.20277,35.75805],[51.20326,35.75807],[51.20376,35.7581],[51.20429,35.75812],[51.20482,35.75814],[51.20537,35.75813],[51.20593,35.75812],[51.20649,35.75811],[51.20706,35.75809],[51.20764,35.75806],[51.20824,35.75801],[51.20885,35.75797],[51.20945,35.75791],[51.21007,35.75785],[51.2107,35.75778],[51.21135,35.7577],[51.21202,35.75762],[51.21269,35.75755],[51.21336,35.75748],[51.21404,35.7574],[51.21472,35.75731],[51.2154,35.75722],[51.21611,35.75714],[51.21683,35.75705],[51.21757,35.75697],[51.21832,35.75689],[51.21907,35.7568],[51.21983,35.75671],[51.22059,35.75664],[51.22134,35.75657],[51.2221,35.75653],[51.22285,35.75655],[51.22361,35.75662],[51.22433,35.75669],[51.22498,35.75676],[51.22553,35.75689],[51.22594,35.75702],[51.22678,35.75715],[51.22762,35.75728],[51.22837,35.75735],[51.22919,35.75738],[51.22965,35.75744],[51.23013,35.75751],[51.23064,35.75758],[51.23118,35.75766],[51.23174,35.75774],[51.23233,35.75783],[51.23293,35.75792],[51.23355,35.75802],[51.23418,35.75813],[51.23482,35.75824],[51.23546,35.75835],[51.23609,35.75845],[51.23671,35.75856],[51.23731,35.75868],[51.2378,35.75879],[51.23823,35.75893],[51.23867,35.75905],[51.23912,35.75913],[51.23959,35.75922],[51.24005,35.75932],[51.24052,35.75942],[51.24101,35.75952],[51.24152,35.75962],[51.24204,35.75971],[51.24254,35.75982],[51.24303,35.75992],[51.24353,35.76001],[51.24403,35.76011],[51.24452,35.76021],[51.24498,35.7603],[51.24543,35.76037],[51.24588,35.76043],[51.24633,35.76048],[51.24708,35.76044],[51.24777,35.76027],[51.24821,35.76019],[51.24869,35.76009],[51.24922,35.75995],[51.24977,35.75979],[51.25034,35.75962],[51.2509,35.75944],[51.2514,35.75929],[51.25182,35.75916],[51.25255,35.75884],[51.25293,35.75864],[51.25343,35.75844],[51.25402,35.75828],[51.25464,35.75817],[51.2553,35.75814],[51.25597,35.7582],[51.25654,35.75823],[51.25705,35.75815],[51.25749,35.75807],[51.25812,35.75798],[51.25866,35.75791],[51.2593,35.75782],[51.25991,35.75775],[51.26047,35.75769],[51.26123,35.75762],[51.26169,35.75758],[51.26219,35.75753],[51.26275,35.75748],[51.26334,35.75742],[51.26394,35.75735],[51.26456,35.75729],[51.26518,35.75722],[51.26579,35.7571],[51.2664,35.75694],[51.26703,35.75677],[51.26763,35.75657],[51.2682,35.75628],[51.26877,35.75598],[51.26931,35.75566],[51.26986,35.75534],[51.2704,35.75505],[51.27096,35.75478],[51.27153,35.75455],[51.27212,35.75437],[51.27275,35.7542],[51.27339,35.75406],[51.27407,35.75398],[51.27473,35.75395],[51.27539,35.75392],[51.27606,35.75391],[51.27673,35.75391],[51.27742,35.75389],[51.27812,35.75387],[51.27883,35.75385],[51.27952,35.75384],[51.28021,35.75382],[51.28088,35.75379],[51.28154,35.75377],[51.28219,35.75374],[51.28284,35.75372],[51.2835,35.75371],[51.28415,35.75369],[51.28479,35.75367],[51.28542,35.75365],[51.28606,35.75362],[51.28671,35.75359],[51.28735,35.75355],[51.288,35.75352],[51.28866,35.75349],[51.28933,35.75346],[51.29,35.75344],[51.29066,35.75342],[51.29136,35.75337],[51.29204,35.75335],[51.29271,35.75332],[51.29338,35.7533],[51.29406,35.75329],[51.29475,35.75327],[51.29543,35.75325],[51.29612,35.75324],[51.29683,35.75323],[51.29752,35.75321],[51.29821,35.75321],[51.29892,35.75321],[51.2996,35.7532],[51.30027,35.7532],[51.30094,35.75319],[51.30154,35.75319],[51.3021,35.75317],[51.30259,35.75317],[51.30312,35.75314],[51.30363,35.75312],[51.30418,35.75311],[51.30476,35.7531],[51.30546,35.75308],[51.30591,35.75308],[51.30642,35.75307],[51.30697,35.75306],[51.30756,35.75306],[51.30821,35.75307],[51.30888,35.75308],[51.30959,35.75308],[51.31029,35.75309],[51.31099,35.75311],[51.31169,35.75313],[51.31239,35.75314],[51.3131,35.75313],[51.31382,35.75312],[51.31453,35.75308],[51.31522,35.75305],[51.31589,35.75301],[51.31654,35.75296],[51.31722,35.75292],[51.31791,35.75285],[51.31862,35.75279],[51.31933,35.75271],[51.32005,35.75262],[51.32075,35.75252],[51.32142,35.75242],[51.32208,35.75231],[51.32279,35.75216],[51.32349,35.75205],[51.32418,35.75194],[51.32488,35.75183],[51.32558,35.75173],[51.32626,35.75161],[51.32695,35.75149],[51.32764,35.75141],[51.32832,35.75134],[51.329,35.75125],[51.32968,35.75116],[51.33038,35.75108],[51.3311,35.75102],[51.33187,35.75101],[51.33261,35.75096],[51.33334,35.75091],[51.33409,35.75087],[51.33486,35.75085],[51.33562,35.75082],[51.33636,35.7508],[51.3371,35.75082],[51.33782,35.75083],[51.33856,35.75086],[51.33929,35.75089],[51.34003,35.75092],[51.34077,35.75094],[51.34152,35.75098],[51.34227,35.751],[51.34299,35.75101],[51.34372,35.75102],[51.34445,35.75103],[51.34517,35.75102],[51.34589,35.751],[51.34661,35.75098],[51.34733,35.75096],[51.34804,35.75093],[51.34873,35.75089],[51.34943,35.75085],[51.35014,35.75081],[51.35085,35.75075],[51.35159,35.75069],[51.35232,35.75062],[51.35303,35.75053],[51.35374,35.75042],[51.35444,35.75031],[51.35514,35.75019],[51.35586,35.75008],[51.35659,35.74996],[51.35734,35.74985],[51.35807,35.74973],[51.35878,35.74965],[51.35949,35.74958],[51.36021,35.7495],[51.36093,35.74944],[51.36168,35.74938],[51.36243,35.74932],[51.36318,35.74926],[51.36392,35.74919],[51.36466,35.74914],[51.36541,35.74909],[51.36617,35.74904],[51.36691,35.74902],[51.36761,35.74897],[51.36826,35.74894],[51.36884,35.74892],[51.36938,35.74895],[51.36996,35.74899],[51.37059,35.74901],[51.37125,35.74905],[51.3719,35.74909],[51.37258,35.74916],[51.37327,35.74925],[51.37398,35.74931],[51.37468,35.74938],[51.37537,35.74945],[51.37603,35.74948],[51.37669,35.74952],[51.37735,35.74958],[51.37799,35.74961],[51.3786,35.74965],[51.37918,35.74969],[51.3798,35.74972],[51.38039,35.74975],[51.38091,35.74977],[51.38138,35.74979],[51.38229,35.74982],[51.38277,35.74984],[51.38323,35.74988],[51.38371,35.74991],[51.38419,35.74996],[51.38504,35.75004],[51.38549,35.75007],[51.38596,35.75011],[51.38645,35.75014],[51.38698,35.7502],[51.38751,35.75024],[51.38807,35.75029],[51.38864,35.75033],[51.38921,35.75037],[51.38979,35.75041],[51.39038,35.75046],[51.39097,35.7505],[51.39155,35.75057],[51.39212,35.7506],[51.3927,35.75064],[51.39329,35.75068],[51.39388,35.75073],[51.39448,35.75079],[51.39509,35.75084],[51.3957,35.75088],[51.39629,35.75091],[51.39687,35.75094],[51.39742,35.75097],[51.398,35.751],[51.39868,35.75092],[51.39925,35.75095],[51.39971,35.75096],[51.40035,35.751],[51.40082,35.75106],[51.40137,35.75109],[51.40194,35.75112],[51.40244,35.75113],[51.40295,35.75112],[51.40353,35.75111],[51.404,35.75108],[51.40446,35.75115],[51.40492,35.75112],[51.40543,35.75121],[51.40598,35.75125],[51.40657,35.75125],[51.40718,35.75125],[51.4077,35.75124],[51.40833,35.75124],[51.40892,35.75122],[51.40957,35.75124],[51.41021,35.75128],[51.41067,35.75132],[51.41119,35.75144],[51.4118,35.75158],[51.41247,35.75177],[51.41326,35.75195],[51.4137,35.75201],[51.41422,35.75199],[51.41468,35.75203],[51.41548,35.75201],[51.41639,35.7519],[51.4169,35.75176],[51.41745,35.7516],[51.41799,35.75139],[51.41855,35.75108],[51.4191,35.75072],[51.41966,35.75034],[51.42027,35.74996],[51.42088,35.74965],[51.42155,35.7494],[51.42223,35.74923],[51.42291,35.74914],[51.42364,35.74908],[51.42437,35.74906],[51.42512,35.74906],[51.42585,35.74907],[51.42661,35.74909],[51.42737,35.74911],[51.42815,35.7491],[51.42894,35.7491],[51.42974,35.74911],[51.4305,35.74913],[51.43128,35.74913],[51.43206,35.74914],[51.43284,35.74914],[51.4336,35.74913],[51.43435,35.74914],[51.43505,35.74918],[51.43572,35.74926],[51.43636,35.74937],[51.43693,35.74951],[51.43742,35.74965],[51.43787,35.7498],[51.43832,35.74995],[51.43882,35.75013],[51.43934,35.75028],[51.43985,35.75041],[51.44035,35.75053],[51.44092,35.7506],[51.44151,35.75065],[51.44209,35.75068],[51.44267,35.75069],[51.44314,35.7507],[51.44396,35.75072],[51.44456,35.75075],[51.44529,35.7508],[51.44586,35.75082],[51.4465,35.75087],[51.44697,35.75098],[51.44747,35.75113],[51.44797,35.75133],[51.44852,35.75158],[51.44911,35.75181],[51.44952,35.75203],[51.45007,35.75232],[51.45073,35.75269],[51.45142,35.75315],[51.45182,35.75342],[51.45223,35.7537],[51.45266,35.75398],[51.45312,35.75424],[51.45354,35.75446],[51.45416,35.75476],[51.45456,35.75493],[51.4551,35.75515],[51.45559,35.75532],[51.45625,35.75555],[51.45706,35.75578],[51.45749,35.75588],[51.45835,35.75606],[51.45883,35.75614],[51.45932,35.75622],[51.45982,35.75629],[51.46028,35.75633],[51.46075,35.75638],[51.46122,35.75642],[51.46167,35.75646],[51.46212,35.75648],[51.46256,35.75651],[51.46303,35.75654],[51.46355,35.75659],[51.46407,35.75661],[51.46462,35.75665],[51.46513,35.75666],[51.4656,35.75667],[51.46641,35.75662],[51.46682,35.75627],[51.46651,35.75586],[51.46589,35.75608],[51.46571,35.7566],[51.46571,35.75723],[51.46571,35.75793],[51.46571,35.75834],[51.46572,35.75877],[51.46576,35.75919],[51.46582,35.75961],[51.4659,35.76004],[51.46599,35.76046],[51.46609,35.76089],[51.46619,35.7613],[51.46629,35.76173],[51.4664,35.76219],[51.46653,35.76263],[51.46666,35.76307],[51.46679,35.76352],[51.46692,35.76399],[51.46708,35.76444],[51.46735,35.76486],[51.46759,35.76525],[51.46782,35.76564],[51.46798,35.76604],[51.46821,35.76644],[51.46843,35.76685],[51.4687,35.76727],[51.46895,35.76766],[51.46917,35.76807],[51.46939,35.76855],[51.46971,35.76897],[51.47015,35.76934],[51.47065,35.76964],[51.47117,35.76993],[51.47166,35.77025],[51.47208,35.77062],[51.47247,35.771],[51.47282,35.77144],[51.47319,35.77189],[51.47361,35.7723],[51.47408,35.77264],[51.47456,35.77292],[51.47497,35.77317],[51.47558,35.77363],[51.47612,35.77421],[51.47653,35.77486],[51.4767,35.77528],[51.47678,35.77569],[51.47688,35.77607],[51.47696,35.77649],[51.47706,35.7769],[51.47716,35.77733],[51.47728,35.77775],[51.47744,35.77815],[51.47767,35.77855],[51.47795,35.77889],[51.47837,35.77928],[51.4787,35.77958],[51.47926,35.77996],[51.47982,35.78038],[51.48032,35.78085],[51.48061,35.78117],[51.48094,35.78161],[51.48119,35.78203],[51.48143,35.78239],[51.48166,35.7827],[51.4819,35.78312],[51.48214,35.78345],[51.48237,35.78378],[51.48254,35.78416],[51.4828,35.78458],[51.48307,35.78499],[51.48331,35.78535],[51.48348,35.78569],[51.48374,35.78606],[51.48393,35.78638],[51.48414,35.78673],[51.48435,35.78713],[51.48458,35.78748],[51.48484,35.78787],[51.4853,35.78787],[51.48573,35.78764],[51.48609,35.78742],[51.48664,35.78724],[51.48714,35.78715],[51.48774,35.78692],[51.48825,35.78671],[51.48882,35.78648],[51.48938,35.78626],[51.48998,35.78602],[51.49055,35.78586],[51.49126,35.78567],[51.49189,35.78555],[51.49268,35.78549],[51.49318,35.78549],[51.49373,35.78554],[51.4943,35.78559],[51.49488,35.78567],[51.4955,35.78574],[51.49613,35.78583],[51.49677,35.78593],[51.49745,35.786],[51.49813,35.78606],[51.49883,35.78609],[51.49955,35.78607],[51.50026,35.78599],[51.50095,35.7859],[51.50161,35.78574],[51.50227,35.78555],[51.50294,35.78536],[51.50361,35.78517],[51.50428,35.78498],[51.50495,35.78479],[51.50563,35.7846],[51.5063,35.78442],[51.50691,35.78425],[51.50747,35.78409],[51.50803,35.78392],[51.50855,35.78377],[51.50908,35.78361],[51.50958,35.78347],[51.51006,35.78333],[51.51055,35.78318],[51.51105,35.78301],[51.51159,35.78286],[51.51214,35.78269],[51.51269,35.78251],[51.51327,35.7823],[51.51385,35.78207],[51.51438,35.78181],[51.51483,35.78157],[51.51523,35.78133],[51.51563,35.78106],[51.51603,35.78078],[51.51638,35.78052],[51.51673,35.78024],[51.51712,35.77995],[51.51753,35.77963],[51.51801,35.77931],[51.51849,35.779],[51.51901,35.7787],[51.51957,35.77839],[51.52023,35.77813],[51.52092,35.77789],[51.52161,35.77772],[51.52232,35.7776],[51.52301,35.77752],[51.52367,35.77748],[51.5243,35.77743],[51.52494,35.77737],[51.5256,35.77732],[51.52627,35.77732],[51.52698,35.77728],[51.52769,35.77722],[51.5284,35.77716],[51.5291,35.77712],[51.52981,35.77708],[51.53051,35.77704],[51.5312,35.777],[51.53191,35.77696],[51.53261,35.7769],[51.53331,35.77686],[51.53401,35.77679],[51.5347,35.77672],[51.53538,35.77664],[51.53606,35.77653],[51.53674,35.77643],[51.53744,35.7763],[51.53813,35.77616],[51.53883,35.77602],[51.53953,35.77585],[51.54023,35.77567],[51.54092,35.77548],[51.54162,35.77528],[51.54232,35.77506],[51.54302,35.77484],[51.54372,35.7746],[51.5444,35.77435],[51.54508,35.7741],[51.54578,35.77385],[51.54648,35.77362],[51.54717,35.77338],[51.54787,35.77314],[51.54855,35.77289],[51.54924,35.77265],[51.54993,35.77241],[51.55063,35.77216],[51.55133,35.77192],[51.55203,35.77169],[51.55273,35.77144],[51.55342,35.77118],[51.55412,35.77093],[51.55483,35.77069],[51.55552,35.77045],[51.5562,35.7702],[51.55689,35.76994],[51.55756,35.76966],[51.55821,35.76936],[51.55884,35.76903],[51.55945,35.76867],[51.56005,35.7683],[51.56061,35.76793],[51.56116,35.76754],[51.56172,35.76715],[51.5623,35.76675],[51.56287,35.76636],[51.56347,35.76599],[51.56407,35.76562],[51.56467,35.76527],[51.56526,35.76491],[51.56586,35.76456],[51.56643,35.76421],[51.56701,35.76383],[51.56758,35.76343],[51.56813,35.76302],[51.56867,35.7626],[51.56922,35.76219],[51.56975,35.76179],[51.57025,35.76141],[51.57071,35.76106],[51.57117,35.7607],[51.57167,35.76033],[51.57217,35.75997],[51.57267,35.75957],[51.57317,35.75917],[51.57364,35.75878],[51.5741,35.75837],[51.57453,35.75796],[51.57493,35.75754],[51.57529,35.75709],[51.57559,35.75666],[51.57584,35.75624],[51.57603,35.75588],[51.5763,35.75532],[51.57644,35.75488],[51.57655,35.75446],[51.57663,35.7541],[51.57683,35.7537],[51.57708,35.75329],[51.5775,35.75283],[51.57807,35.75239],[51.57872,35.75202],[51.57917,35.7516],[51.57884,35.75114],[51.57849,35.75092],[51.5781,35.75065],[51.57766,35.75035],[51.57722,35.75001],[51.57682,35.74967],[51.57652,35.74936],[51.57624,35.74896],[51.57627,35.74843],[51.57645,35.74808],[51.5767,35.74772],[51.57696,35.74735],[51.57704,35.74695],[51.57692,35.74652],[51.57672,35.74607],[51.57652,35.74564],[51.57636,35.74529],[51.57593,35.74508],[51.57527,35.74527],[51.57484,35.74541],[51.57435,35.74555],[51.57383,35.7457],[51.57336,35.74583],[51.57274,35.74599],[51.57247,35.74569],[51.57222,35.74504],[51.57204,35.74463],[51.57189,35.74424],[51.57183,35.74388],[51.57193,35.74351],[51.57221,35.74312],[51.57265,35.74264],[51.57292,35.74227],[51.57292,35.74186],[51.57242,35.74144],[51.57171,35.74105],[51.57115,35.74077],[51.5707,35.74052],[51.57001,35.74013],[51.56962,35.73991],[51.56898,35.73953],[51.56825,35.7391],[51.5678,35.73883],[51.56742,35.73853],[51.56696,35.73823],[51.56633,35.73783],[51.56594,35.73761],[51.56557,35.73739],[51.5652,35.73715],[51.56482,35.73691],[51.56445,35.73669],[51.56398,35.73642],[51.56345,35.73614],[51.5629,35.73581],[51.56237,35.73552],[51.56185,35.73521],[51.56139,35.73495],[51.56089,35.73465],[51.56039,35.73437],[51.55993,35.73409],[51.55952,35.73383],[51.55914,35.73354],[51.55862,35.73323],[51.55802,35.73291],[51.55757,35.73267],[51.5571,35.73242],[51.55664,35.73216],[51.55623,35.73193],[51.55586,35.73172],[51.55544,35.7315],[51.55482,35.73114],[51.55413,35.73076],[51.55368,35.73052],[51.55373,35.73013],[51.55414,35.73001]]]}}]}
