{"type":"FeatureCollection","features":[{"type":"Feature","properties":{"route":1,"color":"#2563eb","times":[[24031,24037,24043,24049,24097,24106,24112,24118,24124,24130,24139,24166,24184,24196,24202,24208,24214,24220,24223,24226,24229,24235,24241,24247,24253,24259,24265,24268,24271,24274,24277,24280,24283,24286,24289,24292,24295,24298,24301,24307,24313,24319,24379,24400,24406,24412,24421,24430,24436,24442,24448,24460,24466,24472,24475,24478,24481,24484,24487,24490,24493,24496,24499,24502,24505,24508,24511,24517,24526,24532,24538,24544,24550,24553,24556,24559,24562,24565,24568,24571,24574,24577,24580,24583,24589,24595,24601,24607,24631,24643,24652,24658,24664,24667,24670,24673,24679,24685,24691,24697,24703,24709,24715,24724,24736,24742,24748,24754,24760,24766,24772,24778,24793,24805,24811,24817,24823,24829,24835,24841,24847,24859,24868,24874,24880,24886,24892,24898,24904,24910,24916,24928,24958,24967,24973,24979,24985,24991,24997,25003,25009,25015,25021,25027,25033,25039,25045,25051,25057,25063,25069,25078,25084,25090,25096,25102,25108,25114,25120,25129,25135,25141,25147,25153,25159,25165,25171,25186,25213,25252,25312,25372,25396,25438,25483,25519,25540,25555,25570,25588,25597,25606,25618,25678,25687,25693,25699,25708,25738,25768,25789,25804,25816,25828,25834,25840,25846,25852,25858,25867,25873,25879,25885,25891,25897,25906,25918,25930,25936,25945,25951,25957,25966,25972,25978,25984,26014,26026,26032,26038,26044,26050,26056,26116,26176,26236,26296,26356,26407,26413,26425,26431,26437,26455,26461,26467,26473,26479,26485,26497,26503,26515,26524,26548,26557,26563,26569,26575,26584,26593,26599,26608,26614,26620,26626,26632,26641,26650,26656,26662,26668,26674,26680,26719,26779,26839,26845,26854,26863,26890,26899,26935,26947,26962,26971,26977,26983,26992,27022,27082,27142,27202,27262,27322,27382,27442,27499,27508,27520,27529,27535,27541,27562,27568,27574,27580,27589,27598,27604,27634,27643,27697,27706,27715,27724,27784,27844,27904,27916,27955,27961,27970,27979,28039,28099,28147,28156,28168,28174,28177,28183,28189,28201,28216,28225,28234,28246,28264,28273,28333,28393,28453,28513,28573,28633,28693,28753,28813,28837,28843,28849,28855,28861,28873,28933,28993,29005,29011,29017,29023,29032,29044,29053,29068,29077,29086,29092,29098,29104,29110,29116,29122,29131,29140,29152,29158,29164,29170,29182,29188,29194,29212,29221,29230,29245,29251,29260,29281,29296,29356,29416,29476,29536,29590,29599,29608,29614,29623,29638,29644,29650,29656,29662,29671,29692,29698,29740,29746,29806,29866,29905,29911,29917,29923,29929,29935,29941,29947,30007,30067,30127,30187,30202,30208,30214,30274,30334,30376,30385,30394,30412,30418,30424,30436,30442,30448,30454,30460,30466,30472,30478,30484,30490,30496,30505,30514,30520,30526,30532,30538,30547,30553,30568,30580,30589,30649,30709,30769,30829,30889,30949,31009,31069,31129,31189,31249,31270,31330,31390,31450,31510,31570,31603,31609,31615,31621,31636,31642,31648,31654,31714,31774,31834,31894,31954,32014,32020,32026,32035,32050,32065,32125,32185,32245,32305,32350,32356,32362,32371,32398,32410,32416,32425,32434,32440,32446,32452,32458,32464,32470,32482,32542,32554,32560,32569,32575,32581,32587,32608,32614,32620,32680,32740,32800,32860,32920,32980,33040,33100,33160,33220,33280,33340,33400,33460,33520,33580,33640,33700,33709,33718,33724,33730,33736,33748,33757,33769,33784,33844,33904,33964,34024,34084,34144,34180,34198,34210,34270,34330,34384,34393,34447,34459,34519,34555,34564,34570,34576,34585,34645,34705,34765,34825,34858,34864,34870,34903,34912,34921,34930,34990,35050,35110,35170,35209,35242,35254,35293,35302,35326,35344,35353,35362,35371,35398,35458,35518,35578,35638,35698,35758,35815,35821,35827,35839,35848,35857,35878,35887,35914,35926,35959,35983,35992,36004,36037,36046,36070,36130,36172,36232,36292,36352,36412,36472,36532,36592,36652,36712,36763,36769,36775,36781,36787,36793,36799,36805,36814,36820,36826,36832,36838,36844,36850,36856,36862,36868,36877,36883,36889,36895,36898,36904,36910,36916,36922,36928,36934,36940,36946,36955,36979,37039,37099,37159,37219,37279,37339,37399,37459,37519,37579,37639,37651,37660,37669,37675,37702,37762,37822,37882,37942,38002,38062,38110,38119,38128,38134,38140,38146,38155,38161,38170,38176,38182,38188,38197,38206,38212,38218,38227,38242,38296,38317,38335,38341,38347,38407,38467,38527,38587,38647,38668,38674,38680,38686,38692,38698,38704,38710,38719,38725,38734,38740,38749,38755,38761,38821,38881,38941,39001,39061,39121,39181,39241,39301,39361,39406,39415,39421,39427,39433,39439,39445,39451,39472,39490,39502,39541,39547,39556,39571,39577,39589,39607,39613,39634,39676,39706,39742,39799,39820,39859,39883,39895,39904,39913,39919,39925,39931,39937,39943,39949,39955,39961,39967,39976,40036,40096,40156,40216,40276,40336,40354,40378,40390,40399,40405,40414,40423,40429,40435,40441,40450,40462,40477,40486,40501,40561,40621,40639,40648,40654,40660,40666,40672,40696,40714,40720,40726,40732,40738,40744,40750,40759,40768,40774,40783,40843,40870,40894,40903,40909,40915,40921,40930,40990,41050,41110,41152,41158,41188,41248,41308,41368,41428,41488,41548,41608,41668,41728,41752,41761,41770,41782,41794,41806,41815,41821,41836,41851,41860,41866,41875,41935,41995,42055,42115,42124,42184,42244,42304,42364,42424,42484,42544,42604,42664,42724,42760,42769,42829,42889,42913,42931,42949,42958,42967,42973,42988,43003,43012,43018,43039,43048,43057,43066,43126,43186,43246,43306,43366,43426,43486,43546,43606,43627,43639,43654,43663,43669,43675,43681,43687,43696,43705,43717,43729,43738,43747,43759,43768,43774,43780,43792,43798,43807,43825,43834,43846,43858,43867,43927,43987,44047,44107,44167,44227,44236,44296,44356,44416,44476,44536,44551,44560,44569,44584,44596,44602,44626,44686,44746,44806,44866,44890,44896,44902,44908,44917,44938,44998,45058,45118,45133,45139,45148,45157,45178,45190,45199,45208,45226,45250,45310,45370,45430,45490,45550,45610,45670,45730,45790,45850,45910,45970,46030,46090,46150,46210,46270,46330,46390,46450,46510,46555,46570,46579,46588,46600,46606,46612,46618,46627,46639,46651,46657,46663,46669,46678,46738,46798,46858,46879,46885,46891,46897,46900,46906,46909,46912,46915,46921,46981,47041,47101,47161,47221,47281,47341,47401,47461,47521,47545,47551,47557,47563,47569,47575,47581,47587,47593,47599,47611,47620,47680,47740,47800,47860,47890,47950,48010,48070,48094,48112,48172,48184,48190,48196,48208,48214,48274,48334,48394,48454,48514,48574,48583,48589,48595,48604,48610,48616,48628,48634,48640,48646,48652,48658,48664,48670,48673,48676,48679,48682,48685,48688,48691,48697,48703,48712,48718,48724,48730,48733,48736,48739,48742,48745,48748,48751,48754,48757,48760,48763,48766,48769,48772,48775,48778,48781,48784,48787,48790,48793,48796,48799,48802,48805,48808,48811,48814,48817,48820,48823,48826,48829,48832,48835,48838,48841,48844,48847,48850,48853,48856,48859,48862,48865,48868,48871,48874,48877,48880,48883,48886,48889,48892,48895,48898,48901,48904,48907,48910,48913,48916,48919,48922,48925,48928,48931,48934,48937,48940,48943,48946,48949,48952,48955,48958,48961,48964,48967,48970,48973,48976,48979,48982,48988,48994,49000,49006,49012,49018,49024,49030,49036,49042,49048,49051,49054,49057,49060,49063,49066,49069,49072,49075,49078,49081,49084,49087,49090,49093,49096,49099,49102,49105,49111,49114,49117,49120,49123,49126,49129,49132,49135,49138,49141,49144,49147,49150,49153,49159,49165,49168,49174,49177,49183,49186,49189,49192,49195,49201,49204,49207,49210,49213,49216,49219,49222,49225,49228,49231,49234,49237,49240,49243,49246,49249,49252,49255,49258,49261,49264,49267,49273,49279,49285,49291,49297,49303,49309,49315,49321,49327,49333,49339,49342,49345,49348,49351,49354,49357,49360,49363,49366,49369,49372,49375,49378,49381,49384,49387,49390,49393,49396,49399,49402,49405,49408,49411,49414,49417,49420,49423,49426,49429,49432,49435,49438,49441,49444,49447,49450,49453,49456,49459,49462,49465,49468,49471,49474,49477,49480,49483,49486,49489,49492,49495,49498,49501,49504,49507,49510,49513,49516,49519,49522,49525,49528,49531,49534,49537,49540,49543,49546,49549,49552,49555,49558,49561,49564,49567,49570,49573,49576,49579,49582,49585,49588,49591,49594,49597,49600,49603,49606,49609,49612,49615,49618,49621,49624,49627,49630,49633,49636,49639,49642,49645,49648,49651,49654,49657,49660,49663,49666,49669,49672,49675,49678,49681,49684,49687,49690,49693,49696,49699,49702,49705,49708,49711,49714,49717,49720,49723,49726,49729,49732,49735,49738,49741,49744,49747,49750,49756,49762,49771,49780,49786,49789,49792,49798,49804,49810,49813,49816,49819,49822,49828,49837,49843,49849,49855,49858,49861,49864,49867,49873,49879,49882,49885,49888,49891,49897,49903,49909,49912,49915,49918,49921,49927,49933,49945,49951,49957,49963,49969,49981,49987,49993,49999,50005,50011,50017,50023,50029,50035,50041,50044,50050,50059,50065,50071,50077,50083,50089,50095,50101,50107,50116,50122,50128,50134,50140,50146,50152,50158,50164,50167,50173,50185,50206,50266,50326,50386,50446,50506,50566,50626,50686,50746,50806,50866,50926,50986,51046,51106,51166,51226,51286,51346,51406,51466,51526,51586,51646,51706,51766,51826]]},"geometry":{"type":"MultiLineString","coordinates":[[[51.54075,35.73366],[51.54001,35.7337],[51.53924,35.73374],[51.5387,35.7338],[51.5382,35.73388],[51.53787,35.73347],[51.53761,35.73297],[51.53733,35.73243],[51.53704,35.73189],[51.53678,35.7314],[51.53655,35.73103],[51.53637,35.73068],[51.53613,35.73029],[51.53581,35.72982],[51.53556,35.72942],[51.53528,35.72889],[51.53496,35.72826],[51.53463,35.72759],[51.53453,35.72723],[51.53447,35.72686],[51.53447,35.7265],[51.53453,35.7258],[51.53454,35.72524],[51.5344,35.72483],[51.53398,35.72467],[51.5333,35.72459],[51.5324,35.72452],[51.53189,35.72449],[51.53138,35.72446],[51.53085,35.72442],[51.53032,35.72438],[51.52981,35.72434],[51.52929,35.72431],[51.52877,35.72427],[51.52824,35.72424],[51.52771,35.7242],[51.52719,35.72417],[51.52668,35.72413],[51.52619,35.72409],[51.52539,35.72402],[51.52476,35.72399],[51.5243,35.72397],[51.52403,35.72399],[51.52354,35.72397],[51.52307,35.72392],[51.52259,35.72391],[51.52206,35.72385],[51.52134,35.72382],[51.52066,35.72374],[51.51994,35.72365],[51.51941,35.72359],[51.51892,35.72351],[51.51828,35.72335],[51.5174,35.72309],[51.51694,35.72295],[51.51648,35.72281],[51.51602,35.72266],[51.51557,35.72252],[51.51511,35.72238],[51.51466,35.72224],[51.51421,35.7221],[51.51375,35.72196],[51.5133,35.72182],[51.51285,35.72167],[51.51238,35.72153],[51.51193,35.72138],[51.51149,35.72124],[51.51096,35.72106],[51.51032,35.72086],[51.50965,35.72065],[51.50893,35.72046],[51.50834,35.72026],[51.50753,35.71999],[51.50706,35.71984],[51.50659,35.71969],[51.50612,35.71954],[51.50568,35.7194],[51.50522,35.71926],[51.50477,35.71912],[51.50433,35.71898],[51.50387,35.71884],[51.50343,35.7187],[51.50298,35.71856],[51.50255,35.71843],[51.50195,35.71824],[51.50143,35.71809],[51.50071,35.71787],[51.50006,35.71767],[51.49958,35.71757],[51.49904,35.71742],[51.49851,35.71724],[51.49789,35.71704],[51.49711,35.71678],[51.49669,35.71665],[51.49626,35.71652],[51.49583,35.7164],[51.49504,35.71616],[51.49431,35.71594],[51.49359,35.71569],[51.49283,35.71545],[51.49205,35.7152],[51.49134,35.71499],[51.49078,35.71484],[51.49021,35.71468],[51.48963,35.71451],[51.48902,35.71432],[51.48823,35.71407],[51.48749,35.71383],[51.48682,35.71361],[51.48605,35.71337],[51.48536,35.71317],[51.48485,35.71305],[51.48436,35.71289],[51.48392,35.71273],[51.48333,35.71255],[51.48267,35.71234],[51.48197,35.71213],[51.48124,35.71189],[51.48049,35.71166],[51.47978,35.71146],[51.4793,35.7113],[51.4788,35.71114],[51.47825,35.71096],[51.47762,35.71078],[51.47687,35.71054],[51.47614,35.71032],[51.47552,35.71009],[51.47479,35.70987],[51.47417,35.70968],[51.47364,35.70951],[51.4731,35.70937],[51.47268,35.70924],[51.47217,35.70906],[51.47151,35.70885],[51.47093,35.70866],[51.47031,35.70846],[51.46968,35.70828],[51.46914,35.70811],[51.46869,35.70798],[51.46806,35.70778],[51.4673,35.70757],[51.46652,35.70736],[51.46579,35.70715],[51.46503,35.70694],[51.46429,35.70672],[51.46359,35.70651],[51.4629,35.70633],[51.46232,35.70616],[51.46165,35.70595],[51.46094,35.70575],[51.46041,35.7056],[51.45984,35.70543],[51.45936,35.70528],[51.45874,35.70512],[51.45804,35.70493],[51.4574,35.70474],[51.45678,35.70458],[51.45627,35.70444],[51.45579,35.70431],[51.4551,35.70412],[51.45448,35.70395],[51.45387,35.70378],[51.45334,35.70363],[51.45276,35.70344],[51.45207,35.70321],[51.45137,35.70299],[51.45074,35.7028],[51.45026,35.70267],[51.44984,35.70253],[51.4494,35.70241],[51.44899,35.7023],[51.44875,35.70226],[51.44837,35.70244],[51.44791,35.70238],[51.44761,35.70211],[51.44714,35.70209],[51.44663,35.70216],[51.44618,35.70226],[51.44572,35.70217],[51.44519,35.70202],[51.44461,35.70203],[51.44397,35.70202],[51.44351,35.70206],[51.44329,35.70202],[51.44275,35.702],[51.44229,35.70199],[51.44184,35.70202],[51.44136,35.702],[51.44089,35.7019],[51.44043,35.70197],[51.4399,35.70202],[51.43942,35.70202],[51.43886,35.70201],[51.43834,35.7021],[51.43785,35.70225],[51.43729,35.70239],[51.43666,35.70261],[51.43598,35.70281],[51.43551,35.70297],[51.43507,35.70316],[51.43462,35.70336],[51.43414,35.70359],[51.43375,35.70381],[51.43333,35.70401],[51.43289,35.70426],[51.43249,35.7045],[51.43209,35.70471],[51.43147,35.70487],[51.431,35.70495],[51.43034,35.70503],[51.42968,35.70519],[51.42923,35.70524],[51.42875,35.7055],[51.42806,35.70569],[51.42718,35.70577],[51.42655,35.70592],[51.42606,35.70598],[51.42606,35.70542],[51.42606,35.70486],[51.42599,35.70435],[51.42593,35.70388],[51.42594,35.70335],[51.42593,35.70294],[51.42593,35.70279],[51.42606,35.70271],[51.42611,35.7029],[51.42622,35.70294],[51.42605,35.70298],[51.42544,35.70298],[51.42498,35.70296],[51.42432,35.70297],[51.42375,35.70296],[51.42321,35.70296],[51.42297,35.70339],[51.42284,35.70381],[51.42283,35.7042],[51.4228,35.70458],[51.42281,35.70499],[51.42278,35.7054],[51.42227,35.70563],[51.42167,35.7056],[51.42121,35.70584],[51.42111,35.7063],[51.42092,35.70669],[51.42096,35.70707],[51.42095,35.70757],[51.42092,35.70804],[51.42088,35.70846],[51.42088,35.70883],[51.42156,35.7089],[51.42228,35.7089],[51.42265,35.70926],[51.4226,35.70973],[51.42255,35.71023],[51.42256,35.71069],[51.42253,35.71111],[51.42211,35.71128],[51.42191,35.71166],[51.42192,35.71215],[51.42187,35.71271],[51.42185,35.71319],[51.42184,35.71375],[51.42183,35.7142],[51.4218,35.71456],[51.42174,35.7146],[51.42115,35.71458],[51.42068,35.71459],[51.42012,35.71459],[51.41952,35.71452],[51.41915,35.7142],[51.41913,35.71361],[51.41864,35.71347],[51.41815,35.7135],[51.41798,35.71385],[51.41737,35.71396],[51.41676,35.71396],[51.41623,35.71396],[51.41567,35.71398],[51.4151,35.71392],[51.41478,35.7139],[51.41478,35.71389],[51.41477,35.71389],[51.41477,35.71389],[51.41477,35.71389],[51.41477,35.71389],[51.41477,35.71389],[51.41459,35.71434],[51.41451,35.71472],[51.41468,35.71513],[51.41524,35.71513],[51.41577,35.71518],[51.41638,35.71518],[51.41586,35.71532],[51.41519,35.71531],[51.41463,35.7153],[51.41412,35.71528],[51.41355,35.71522],[51.41291,35.71496],[51.41244,35.71468],[51.41211,35.71442],[51.4117,35.71413],[51.4115,35.71375],[51.41153,35.71334],[51.41156,35.71281],[51.41154,35.71239],[51.41141,35.7123],[51.41141,35.7123],[51.41136,35.71229],[51.41088,35.71226],[51.41059,35.71185],[51.41057,35.71148],[51.41064,35.711],[51.41074,35.71048],[51.41072,35.71026],[51.41072,35.71026],[51.41015,35.71019],[51.40966,35.71023],[51.40925,35.71009],[51.40861,35.71007],[51.40817,35.71001],[51.40749,35.70996],[51.40701,35.7099],[51.40682,35.7103],[51.40687,35.71068],[51.40703,35.71106],[51.40741,35.7113],[51.40766,35.71161],[51.40818,35.7118],[51.40875,35.71183],[51.40896,35.71183],[51.40897,35.71183],[51.40896,35.71183],[51.40896,35.71182],[51.40896,35.71182],[51.40896,35.71182],[51.40896,35.71182],[51.40889,35.71191],[51.40867,35.71211],[51.40916,35.71222],[51.40966,35.71243],[51.41013,35.71271],[51.41049,35.71295],[51.41079,35.7133],[51.41113,35.71354],[51.41116,35.71351],[51.4113,35.71372],[51.41089,35.71335],[51.41045,35.71289],[51.40989,35.7125],[51.40946,35.71225],[51.40906,35.71208],[51.40848,35.71196],[51.40799,35.71189],[51.40743,35.712],[51.40713,35.71242],[51.40722,35.71302],[51.40731,35.71356],[51.40735,35.71399],[51.40744,35.71447],[51.40763,35.71508],[51.40772,35.71574],[51.40776,35.71614],[51.40781,35.71655],[51.40801,35.71687],[51.4087,35.71681],[51.40944,35.71695],[51.41015,35.71711],[51.41085,35.71721],[51.41122,35.71755],[51.4113,35.71794],[51.41147,35.71846],[51.41095,35.7187],[51.41047,35.71887],[51.4104,35.71932],[51.41099,35.71943],[51.41153,35.71928],[51.41204,35.71917],[51.41253,35.7195],[51.41287,35.71974],[51.41288,35.71971],[51.41288,35.71971],[51.41288,35.7197],[51.41288,35.71969],[51.4135,35.71954],[51.41394,35.71945],[51.41454,35.71936],[51.41501,35.71935],[51.4156,35.71935],[51.41584,35.71892],[51.41591,35.71836],[51.41597,35.7178],[51.41606,35.71733],[51.41617,35.71678],[51.41623,35.71641],[51.41658,35.71596],[51.41692,35.71561],[51.41662,35.71608],[51.41637,35.71645],[51.41634,35.71656],[51.41634,35.71657],[51.41624,35.71697],[51.41615,35.71739],[51.41605,35.71783],[51.41593,35.71835],[51.41582,35.71889],[51.41569,35.71943],[51.41565,35.71987],[51.41561,35.72037],[51.41561,35.72044],[51.41561,35.72044],[51.4156,35.72044],[51.4156,35.72045],[51.41569,35.72092],[51.41578,35.7214],[51.41587,35.72192],[51.41596,35.72224],[51.416,35.72225],[51.4164,35.72243],[51.41705,35.72256],[51.41763,35.7226],[51.41822,35.72285],[51.41892,35.72291],[51.41953,35.72298],[51.42009,35.72261],[51.42044,35.72213],[51.42067,35.72164],[51.42091,35.72118],[51.42115,35.72072],[51.42137,35.7203],[51.42173,35.71977],[51.42211,35.71922],[51.42238,35.71882],[51.42268,35.71842],[51.42301,35.71799],[51.42337,35.71777],[51.42368,35.71805],[51.42397,35.71848],[51.42438,35.71889],[51.42468,35.71918],[51.42499,35.71946],[51.42531,35.71981],[51.4256,35.72015],[51.42551,35.72052],[51.42529,35.72092],[51.42556,35.72124],[51.42566,35.72134],[51.42566,35.72134],[51.42566,35.72134],[51.42566,35.72134],[51.42567,35.72134],[51.42567,35.72134],[51.42567,35.72134],[51.42567,35.72134],[51.42567,35.72134],[51.42568,35.72135],[51.42561,35.7213],[51.42517,35.72123],[51.42511,35.72116],[51.42511,35.72116],[51.42511,35.72116],[51.42511,35.72116],[51.42511,35.72116],[51.42476,35.72139],[51.42439,35.72166],[51.42397,35.72192],[51.4236,35.72214],[51.42321,35.7219],[51.42299,35.72156],[51.42282,35.72109],[51.42274,35.72073],[51.42292,35.72057],[51.42292,35.72057],[51.42292,35.72057],[51.42292,35.72057],[51.42292,35.72056],[51.42271,35.72019],[51.42256,35.71979],[51.42239,35.71939],[51.4223,35.71901],[51.42175,35.71891],[51.4214,35.7192],[51.42121,35.71952],[51.42119,35.71953],[51.42116,35.71954],[51.42115,35.71955],[51.42061,35.71949],[51.42018,35.71957],[51.41971,35.71964],[51.41921,35.71964],[51.41908,35.72014],[51.41961,35.72039],[51.42014,35.72044],[51.4207,35.72037],[51.421,35.71983],[51.42117,35.71935],[51.42134,35.71885],[51.42149,35.71835],[51.42157,35.71786],[51.42169,35.71743],[51.42175,35.71706],[51.42172,35.71667],[51.42149,35.71658],[51.42106,35.71665],[51.42054,35.71671],[51.42004,35.71671],[51.41957,35.71668],[51.41907,35.71664],[51.41851,35.71665],[51.41872,35.71714],[51.41891,35.71751],[51.41909,35.71786],[51.41917,35.71801],[51.41917,35.71801],[51.41917,35.71802],[51.41916,35.71802],[51.41916,35.71803],[51.41916,35.71803],[51.41916,35.71804],[51.41916,35.71805],[51.41915,35.71806],[51.41915,35.71806],[51.41915,35.71807],[51.41914,35.71808],[51.41914,35.71809],[51.41913,35.7181],[51.41913,35.7181],[51.41913,35.71811],[51.41913,35.71812],[51.41915,35.71832],[51.41898,35.71882],[51.41899,35.71931],[51.41895,35.71976],[51.41889,35.72026],[51.41865,35.72072],[51.41844,35.72107],[51.41791,35.72118],[51.41744,35.72135],[51.41707,35.7216],[51.41707,35.72184],[51.41707,35.72185],[51.41707,35.72185],[51.41707,35.72185],[51.41706,35.72185],[51.41706,35.72185],[51.41764,35.72199],[51.41799,35.72234],[51.41798,35.72274],[51.41791,35.7228],[51.41792,35.72283],[51.41798,35.72326],[51.41791,35.72364],[51.41841,35.72379],[51.41892,35.72384],[51.41909,35.72394],[51.41951,35.72408],[51.41935,35.72445],[51.41907,35.72497],[51.41881,35.72548],[51.41868,35.72592],[51.41865,35.72596],[51.41866,35.72597],[51.41868,35.72598],[51.41869,35.72601],[51.41862,35.72646],[51.4186,35.7269],[51.41853,35.72742],[51.41886,35.72768],[51.41942,35.72773],[51.41998,35.72773],[51.4205,35.72776],[51.42086,35.72763],[51.42095,35.72757],[51.42093,35.72756],[51.42095,35.72753],[51.4209,35.72712],[51.42094,35.72673],[51.42096,35.72633],[51.42095,35.72588],[51.42098,35.72552],[51.42092,35.72514],[51.42112,35.72479],[51.42165,35.72487],[51.42221,35.72488],[51.42279,35.72492],[51.42291,35.7253],[51.42283,35.7254],[51.42283,35.72539],[51.42277,35.72543],[51.42276,35.72543],[51.42277,35.72543],[51.42277,35.72542],[51.42284,35.72593],[51.42284,35.72631],[51.42284,35.7267],[51.42235,35.72693],[51.42177,35.72704],[51.42127,35.72709],[51.42091,35.72684],[51.4209,35.72645],[51.42032,35.72637],[51.41984,35.72637],[51.41928,35.72635],[51.41883,35.72633],[51.4187,35.7267],[51.41852,35.72707],[51.41852,35.72745],[51.41848,35.72782],[51.41847,35.7282],[51.41845,35.72823],[51.418,35.72822],[51.41792,35.72827],[51.41792,35.72832],[51.41792,35.72833],[51.41792,35.72837],[51.41793,35.72836],[51.41792,35.72838],[51.41791,35.7284],[51.4179,35.72843],[51.41789,35.72842],[51.41744,35.72833],[51.417,35.7282],[51.41654,35.72808],[51.41599,35.72794],[51.41553,35.72777],[51.41497,35.72765],[51.41439,35.72749],[51.41392,35.72724],[51.41353,35.72749],[51.41337,35.72787],[51.41321,35.72822],[51.41302,35.72859],[51.41283,35.72902],[51.41262,35.72953],[51.41233,35.72999],[51.41211,35.73045],[51.41191,35.7308],[51.41171,35.73117],[51.41142,35.73156],[51.41128,35.73193],[51.41119,35.73236],[51.41096,35.73282],[51.41061,35.73326],[51.4104,35.73368],[51.41026,35.7341],[51.41004,35.73453],[51.40982,35.73495],[51.4096,35.73535],[51.40941,35.73582],[51.40923,35.73629],[51.40911,35.73678],[51.40909,35.73721],[51.40891,35.73758],[51.40868,35.73779],[51.4087,35.7379],[51.40878,35.73793],[51.40874,35.73798],[51.40871,35.73798],[51.40867,35.73799],[51.40865,35.73799],[51.40864,35.73799],[51.40863,35.73798],[51.40862,35.73798],[51.40866,35.73784],[51.40833,35.73825],[51.40808,35.73864],[51.4078,35.73905],[51.40762,35.73939],[51.4073,35.73968],[51.40697,35.73978],[51.40695,35.7398],[51.4069,35.73982],[51.40694,35.73979],[51.40692,35.7398],[51.40692,35.73988],[51.40688,35.74038],[51.40677,35.74077],[51.40667,35.74134],[51.40655,35.74175],[51.40646,35.74218],[51.40635,35.74265],[51.40641,35.74311],[51.40682,35.74332],[51.40716,35.74302],[51.40725,35.74262],[51.4074,35.74217],[51.40751,35.74177],[51.40778,35.74142],[51.40808,35.74102],[51.40832,35.74065],[51.40853,35.74022],[51.4089,35.7398],[51.40935,35.73952],[51.40951,35.73987],[51.40962,35.74027],[51.40973,35.74068],[51.40979,35.74105],[51.4099,35.74144],[51.40997,35.74176],[51.41004,35.74178],[51.41004,35.74179],[51.41004,35.74179],[51.41012,35.74178],[51.4102,35.74218],[51.41031,35.74263],[51.4104,35.74317],[51.41053,35.74375],[51.41065,35.74427],[51.41075,35.7447],[51.41089,35.74507],[51.41104,35.74546],[51.41128,35.74594],[51.41142,35.74638],[51.41142,35.74698],[51.41147,35.74743],[51.41153,35.74789],[51.41154,35.74844],[51.41147,35.74889],[51.41157,35.74914],[51.41157,35.74914],[51.41158,35.74915],[51.41159,35.74916],[51.41159,35.74916],[51.41159,35.74919],[51.4116,35.74921],[51.41161,35.74923],[51.41162,35.74923],[51.41162,35.74923],[51.41142,35.74971],[51.41128,35.75017],[51.41119,35.75059],[51.41112,35.75105],[51.41106,35.75145],[51.41095,35.75194],[51.41087,35.75241],[51.41077,35.75279],[51.41081,35.75319],[51.41073,35.75357],[51.41064,35.75396],[51.4111,35.75412],[51.41155,35.75407],[51.41199,35.75419],[51.41227,35.75385],[51.41236,35.75346],[51.41236,35.75309],[51.41243,35.75259],[51.41244,35.75206],[51.41243,35.75162],[51.41257,35.7512],[51.4126,35.75075],[51.41261,35.75036],[51.41275,35.74998],[51.41283,35.74955],[51.41281,35.74918],[51.41287,35.74878],[51.4129,35.7483],[51.41293,35.74789],[51.41294,35.74744],[51.413,35.74705],[51.41275,35.7467],[51.41237,35.74614],[51.41235,35.74564],[51.41224,35.74514],[51.41213,35.74456],[51.41198,35.74396],[51.41177,35.74335],[51.41157,35.74285],[51.41145,35.74232],[51.41138,35.74228],[51.41138,35.74228],[51.41138,35.74228],[51.41137,35.74228],[51.41137,35.74228],[51.4112,35.74187],[51.41103,35.74145],[51.41117,35.74103],[51.41131,35.74065],[51.4115,35.74005],[51.41164,35.73968],[51.41197,35.73922],[51.41237,35.73883],[51.41282,35.73845],[51.4133,35.73813],[51.4137,35.73794],[51.41421,35.73755],[51.41461,35.73726],[51.41496,35.73697],[51.41512,35.73659],[51.4153,35.73618],[51.4154,35.7361],[51.41536,35.73608],[51.41557,35.73567],[51.41576,35.73522],[51.41555,35.73489],[51.41515,35.73461],[51.41461,35.73446],[51.41412,35.7343],[51.41374,35.73405],[51.41379,35.73355],[51.41395,35.73311],[51.41413,35.73265],[51.41428,35.73221],[51.41443,35.73172],[51.41464,35.73132],[51.41476,35.73086],[51.41486,35.73047],[51.41508,35.72994],[51.41521,35.72952],[51.41536,35.72911],[51.41538,35.72896],[51.41558,35.72839],[51.41578,35.72801],[51.41551,35.72765],[51.41498,35.72743],[51.41443,35.72724],[51.41391,35.72704],[51.4135,35.72666],[51.41349,35.72659],[51.41348,35.7266],[51.41348,35.7266],[51.4133,35.72625],[51.41295,35.72586],[51.41261,35.72563],[51.41256,35.72565],[51.41255,35.7257],[51.4124,35.72578],[51.41243,35.72575],[51.41211,35.72564],[51.41211,35.72565],[51.4123,35.72555],[51.41246,35.72552],[51.41237,35.72559],[51.41194,35.72528],[51.41161,35.72491],[51.41144,35.72458],[51.41119,35.72426],[51.41086,35.72393],[51.41037,35.72405],[51.4097,35.72417],[51.40917,35.72413],[51.4087,35.72403],[51.40824,35.72431],[51.40803,35.7248],[51.4079,35.72518],[51.40782,35.72555],[51.4078,35.72555],[51.40777,35.72555],[51.40777,35.72555],[51.40771,35.72581],[51.40763,35.72618],[51.40762,35.72624],[51.40761,35.72624],[51.40758,35.72624],[51.40756,35.72624],[51.40755,35.72623],[51.40753,35.72623],[51.40752,35.72622],[51.40749,35.7262],[51.40747,35.72618],[51.40748,35.72618],[51.40758,35.72662],[51.40755,35.72707],[51.40749,35.72743],[51.40749,35.72743],[51.40746,35.72791],[51.40751,35.72828],[51.4073,35.72869],[51.40721,35.72916],[51.40709,35.72971],[51.40706,35.73012],[51.40748,35.73028],[51.40792,35.7303],[51.40855,35.73023],[51.40897,35.73046],[51.40909,35.73006],[51.40952,35.72988],[51.41,35.72968],[51.41054,35.72957],[51.41066,35.72968],[51.41059,35.72988],[51.41061,35.72984],[51.41062,35.7298],[51.41062,35.7298],[51.41061,35.72983],[51.41062,35.72981],[51.41063,35.72978],[51.41066,35.72978],[51.41113,35.73006],[51.41163,35.73011],[51.41166,35.73053],[51.41152,35.73088],[51.41132,35.73125],[51.41113,35.73161],[51.4109,35.73211],[51.41076,35.73246],[51.41054,35.73291],[51.41032,35.73332],[51.40995,35.73309],[51.40963,35.73276],[51.40932,35.7324],[51.4089,35.73221],[51.40832,35.73195],[51.40793,35.73177],[51.40742,35.73163],[51.40685,35.73164],[51.40656,35.73199],[51.40646,35.73238],[51.4063,35.73272],[51.40591,35.73297],[51.40531,35.73285],[51.40483,35.73282],[51.40478,35.73241],[51.4048,35.73199],[51.40482,35.73205],[51.40482,35.73198],[51.40476,35.73194],[51.40464,35.73193],[51.4046,35.73198],[51.40478,35.7317],[51.40483,35.73128],[51.40487,35.73102],[51.40487,35.73101],[51.40488,35.73091],[51.40479,35.73091],[51.40478,35.73094],[51.40526,35.73099],[51.40586,35.73104],[51.40633,35.73114],[51.4065,35.73154],[51.40645,35.73193],[51.40636,35.73239],[51.40628,35.73275],[51.40625,35.73278],[51.40625,35.73278],[51.40625,35.73279],[51.40624,35.73282],[51.40607,35.73338],[51.40599,35.73388],[51.4059,35.73427],[51.40584,35.73464],[51.40578,35.73512],[51.40578,35.7355],[51.40579,35.73554],[51.4058,35.73558],[51.40577,35.73565],[51.40569,35.73614],[51.40569,35.73652],[51.40592,35.73699],[51.40578,35.7374],[51.40563,35.73774],[51.40559,35.73814],[51.40556,35.73851],[51.40554,35.73905],[51.40551,35.73941],[51.40543,35.73981],[51.40538,35.73981],[51.4053,35.73983],[51.40532,35.73983],[51.40532,35.73982],[51.40535,35.73986],[51.40536,35.73988],[51.40537,35.73988],[51.40537,35.73988],[51.40538,35.73988],[51.40542,35.73987],[51.40543,35.73987],[51.40543,35.73987],[51.40543,35.73987],[51.40542,35.73987],[51.40542,35.73987],[51.40541,35.73986],[51.40534,35.73976],[51.40535,35.73979],[51.40538,35.73985],[51.4054,35.74008],[51.40542,35.7401],[51.4053,35.74047],[51.40519,35.74083],[51.40509,35.74128],[51.40499,35.74166],[51.40494,35.74215],[51.40492,35.74258],[51.40489,35.74306],[51.40491,35.74356],[51.40482,35.74395],[51.40481,35.74449],[51.4049,35.74501],[51.40496,35.74553],[51.40498,35.74604],[51.40497,35.74649],[51.40496,35.74704],[51.4049,35.74721],[51.40487,35.74719],[51.40487,35.74716],[51.40442,35.74683],[51.40369,35.74676],[51.40289,35.74666],[51.40201,35.74651],[51.40156,35.74646],[51.40075,35.74622],[51.40032,35.74604],[51.39989,35.74585],[51.39947,35.74566],[51.39884,35.74537],[51.39869,35.74531],[51.39869,35.74531],[51.39869,35.74531],[51.39869,35.74532],[51.39869,35.74532],[51.39865,35.7453],[51.39858,35.74533],[51.39865,35.74542],[51.39863,35.7454],[51.39858,35.74533],[51.39815,35.74507],[51.39765,35.74492],[51.39741,35.74524],[51.39735,35.74573],[51.39729,35.74627],[51.39722,35.74683],[51.39719,35.74741],[51.39715,35.74799],[51.39712,35.74857],[51.39706,35.74906],[51.39752,35.74923],[51.39798,35.74929],[51.39805,35.74933],[51.39805,35.74933],[51.39805,35.74933],[51.39805,35.74933],[51.39832,35.74893],[51.39827,35.74867],[51.39825,35.74864],[51.39848,35.74861],[51.39852,35.74912],[51.39876,35.74945],[51.39889,35.74949],[51.39946,35.74954],[51.4002,35.74956],[51.4008,35.74958],[51.40103,35.74919],[51.40108,35.7486],[51.40112,35.74832],[51.40122,35.74824],[51.40127,35.74823],[51.40131,35.74824],[51.40127,35.74825],[51.4014,35.74832],[51.40138,35.74871],[51.40124,35.74912],[51.40115,35.74953],[51.40106,35.75007],[51.40106,35.75048],[51.401,35.75089],[51.40149,35.75111],[51.40202,35.75118],[51.40268,35.75117],[51.40327,35.75118],[51.40389,35.75119],[51.40446,35.75127],[51.40501,35.75129],[51.40584,35.75133],[51.40636,35.75133],[51.4069,35.75133],[51.40747,35.75134],[51.40806,35.75135],[51.40866,35.75137],[51.40922,35.75139],[51.40969,35.75142],[51.41046,35.75153],[51.41092,35.75162],[51.41163,35.75171],[51.41233,35.75185],[51.41308,35.75198],[51.41403,35.7521],[51.41461,35.75218],[51.41518,35.75211],[51.41581,35.75209],[51.41645,35.75202],[51.41707,35.75185],[51.41766,35.75163],[51.41823,35.75137],[51.41876,35.75108],[51.41926,35.75074],[51.41979,35.75039],[51.42035,35.75007],[51.42094,35.7498],[51.42156,35.74956],[51.42221,35.74938],[51.42289,35.74926],[51.42355,35.74921],[51.42424,35.74918],[51.42492,35.74917],[51.42559,35.74917],[51.42627,35.74918],[51.42697,35.74918],[51.4277,35.74918],[51.42843,35.74921],[51.42917,35.74922],[51.42991,35.74923],[51.43063,35.74923],[51.43135,35.74923],[51.43206,35.74924],[51.43277,35.74925],[51.4335,35.74925],[51.43421,35.74927],[51.43491,35.7493],[51.43559,35.74939],[51.43622,35.7495],[51.43686,35.74967],[51.4375,35.74985],[51.43816,35.75007],[51.43883,35.75028],[51.43955,35.75043],[51.44022,35.75056],[51.44089,35.75066],[51.44156,35.75074],[51.44221,35.75077],[51.44287,35.75079],[51.44351,35.75082],[51.44414,35.75084],[51.44476,35.75089],[51.44537,35.75096],[51.44597,35.75105],[51.44656,35.75116],[51.44714,35.75129],[51.44771,35.75144],[51.4483,35.75166],[51.44886,35.75189],[51.44943,35.75217],[51.44999,35.7524],[51.45052,35.75266],[51.45105,35.75297],[51.45157,35.75331],[51.45207,35.75364],[51.45259,35.75396],[51.45314,35.75431],[51.45367,35.7546],[51.45418,35.75486],[51.4547,35.75509],[51.45521,35.75531],[51.45574,35.7555],[51.45629,35.75566],[51.45686,35.75581],[51.45744,35.75593],[51.45804,35.75606],[51.45864,35.75618],[51.45924,35.75628],[51.45986,35.75637],[51.46046,35.75645],[51.46105,35.75652],[51.46161,35.75657],[51.46214,35.7566],[51.46263,35.75664],[51.46312,35.75666],[51.46363,35.75668],[51.46416,35.75671],[51.4647,35.75673],[51.46518,35.75674],[51.466,35.7567],[51.46662,35.75659],[51.46677,35.75614],[51.46614,35.756],[51.46572,35.75647],[51.46572,35.75706],[51.46571,35.75768],[51.46568,35.75828],[51.46569,35.75887],[51.46571,35.75953],[51.46587,35.76024],[51.46597,35.76064],[51.46604,35.76102],[51.46614,35.76139],[51.46622,35.76182],[51.46633,35.76227],[51.46647,35.76273],[51.46663,35.76322],[51.46677,35.76373],[51.46693,35.76421],[51.46717,35.7647],[51.46742,35.76516],[51.46766,35.76562],[51.46791,35.76608],[51.4682,35.76659],[51.46848,35.76709],[51.46876,35.76757],[51.46901,35.76802],[51.46922,35.76842],[51.46943,35.76875],[51.47001,35.76932],[51.47042,35.7696],[51.47084,35.76988],[51.47126,35.77011],[51.47168,35.77036],[51.47209,35.77061],[51.47248,35.77096],[51.47282,35.77136],[51.47313,35.77178],[51.47347,35.77217],[51.47384,35.77252],[51.47423,35.77281],[51.4746,35.77305],[51.47496,35.77328],[51.47531,35.77354],[51.47588,35.77401],[51.47636,35.77453],[51.47658,35.77485],[51.47679,35.77555],[51.47686,35.77591],[51.47696,35.77663],[51.47706,35.77703],[51.4772,35.77741],[51.4773,35.77778],[51.4774,35.77813],[51.4778,35.77883],[51.47813,35.77919],[51.47849,35.77953],[51.47892,35.77989],[51.47938,35.78023],[51.47985,35.78058],[51.48029,35.78098],[51.48066,35.7814],[51.48098,35.78186],[51.48127,35.78233],[51.48152,35.78278],[51.48178,35.78324],[51.48202,35.78363],[51.48231,35.78407],[51.48261,35.78449],[51.48287,35.78486],[51.48312,35.78523],[51.48338,35.78563],[51.48365,35.78602],[51.48389,35.78643],[51.48409,35.78683],[51.48427,35.78723],[51.48443,35.78762],[51.48477,35.78805],[51.48527,35.78803],[51.48589,35.78785],[51.48645,35.78759],[51.48712,35.78741],[51.48773,35.78726],[51.48832,35.78701],[51.48906,35.78667],[51.48974,35.78635],[51.49029,35.78606],[51.49098,35.78583],[51.49173,35.78568],[51.49217,35.78562],[51.49266,35.78559],[51.49318,35.78558],[51.49376,35.78562],[51.49436,35.78567],[51.49498,35.78574],[51.49561,35.78584],[51.49627,35.78594],[51.49693,35.78606],[51.4976,35.78614],[51.49824,35.78619],[51.49891,35.78623],[51.49958,35.78621],[51.50025,35.78614],[51.50091,35.78601],[51.50155,35.78584],[51.50219,35.78565],[51.50282,35.78546],[51.50345,35.78528],[51.50406,35.7851],[51.50464,35.78495],[51.50521,35.7848],[51.5058,35.78466],[51.50641,35.7845],[51.50702,35.78433],[51.50764,35.78416],[51.50828,35.78398],[51.50892,35.7838],[51.50957,35.78361],[51.51023,35.78342],[51.51088,35.78323],[51.5115,35.78303],[51.51213,35.78283],[51.51275,35.78263],[51.51336,35.7824],[51.51394,35.78214],[51.51452,35.78184],[51.51509,35.7815],[51.51566,35.78112],[51.5162,35.78072],[51.51674,35.78032],[51.51729,35.77991],[51.51784,35.7795],[51.51837,35.77911],[51.51893,35.77876],[51.51951,35.77844],[51.52011,35.77817],[51.52074,35.77797],[51.52136,35.7778],[51.52201,35.77768],[51.52265,35.77759],[51.52329,35.77753],[51.52392,35.77748],[51.52457,35.77745],[51.52523,35.77742],[51.5259,35.77738],[51.5266,35.77733],[51.5273,35.7773],[51.52802,35.77726],[51.52873,35.77722],[51.52941,35.77715],[51.53012,35.7771],[51.53083,35.77705],[51.53154,35.77701],[51.53225,35.77697],[51.53296,35.77695],[51.53366,35.77692],[51.53432,35.77687],[51.53494,35.77678],[51.53557,35.77669],[51.53621,35.77656],[51.53684,35.77645],[51.5375,35.77631],[51.53816,35.77617],[51.53882,35.77603],[51.5395,35.77587],[51.54019,35.7757],[51.54089,35.77552],[51.54159,35.77532],[51.5423,35.7751],[51.543,35.77487],[51.54372,35.77463],[51.54441,35.77437],[51.54513,35.77411],[51.54583,35.77384],[51.54654,35.77361],[51.54726,35.77336],[51.54798,35.77311],[51.5487,35.77286],[51.54941,35.77261],[51.55012,35.77236],[51.55084,35.77211],[51.55156,35.77185],[51.55227,35.77161],[51.55298,35.77136],[51.5537,35.77111],[51.55442,35.77086],[51.55513,35.77061],[51.55585,35.77036],[51.55658,35.77011],[51.55726,35.76987],[51.55788,35.76958],[51.55855,35.76922],[51.55916,35.76886],[51.5598,35.7685],[51.5604,35.76813],[51.56097,35.76773],[51.56156,35.76733],[51.56215,35.76693],[51.56276,35.76652],[51.56338,35.76611],[51.56401,35.76572],[51.56464,35.76534],[51.56526,35.76496],[51.5659,35.76459],[51.56651,35.76422],[51.56709,35.76383],[51.56765,35.76344],[51.56821,35.76302],[51.56877,35.76259],[51.56932,35.76217],[51.56989,35.76174],[51.57044,35.76131],[51.571,35.76089],[51.57156,35.76047],[51.57212,35.76004],[51.57269,35.7596],[51.57325,35.75916],[51.57383,35.75872],[51.57432,35.75826],[51.57479,35.75779],[51.5752,35.75729],[51.57556,35.75678],[51.57587,35.75628],[51.57612,35.75577],[51.57631,35.75537],[51.57642,35.755],[51.57661,35.75433],[51.57676,35.75389],[51.57711,35.75337],[51.57742,35.75294],[51.57798,35.7525],[51.57835,35.75227],[51.5787,35.75204],[51.57924,35.7516],[51.57887,35.75115],[51.57821,35.75068],[51.57786,35.75044],[51.57749,35.75019],[51.57715,35.74991],[51.57686,35.74961],[51.57641,35.74919],[51.57629,35.74868],[51.57657,35.74808],[51.57695,35.74747],[51.57704,35.74679],[51.57688,35.74642],[51.57671,35.74602],[51.57653,35.74561],[51.57637,35.74527],[51.57582,35.74517],[51.5751,35.7454],[51.57465,35.74555],[51.57415,35.74569],[51.57365,35.74585],[51.57321,35.74598],[51.57274,35.74605],[51.57254,35.74569],[51.57223,35.74502],[51.57206,35.74464],[51.57191,35.74425],[51.57184,35.74382],[51.57191,35.7434],[51.57227,35.74293],[51.57263,35.7426],[51.57298,35.7422],[51.57287,35.74182],[51.57235,35.74146],[51.57176,35.74112],[51.57135,35.7409],[51.57086,35.74063],[51.57032,35.74029],[51.56974,35.73995],[51.56928,35.73972],[51.56883,35.73944],[51.56831,35.73911],[51.56771,35.73874],[51.56723,35.73843],[51.56667,35.73805],[51.566,35.73762],[51.56532,35.73722],[51.56495,35.737],[51.56431,35.73665],[51.56382,35.73639],[51.56332,35.73612],[51.56271,35.73577],[51.56218,35.73545],[51.56168,35.73514],[51.56131,35.73487],[51.56086,35.73462],[51.56029,35.73428],[51.55981,35.734],[51.55932,35.73368],[51.55877,35.73336],[51.55811,35.73298],[51.55754,35.73267],[51.55702,35.73243],[51.5565,35.73213],[51.5559,35.7318],[51.55531,35.73144],[51.55469,35.7311],[51.55432,35.73089],[51.55387,35.73064],[51.55369,35.73023],[51.55395,35.72993],[51.55413,35.73],[51.55414,35.73003],[51.55428,35.73008],[51.55429,35.73005],[51.55414,35.72994],[51.55407,35.72997],[51.5538,35.73014],[51.55381,35.73014],[51.55381,35.73014],[51.55381,35.73014],[51.55381,35.73014],[51.55381,35.73014],[51.55381,35.73014],[51.55381,35.73014],[51.55381,35.73014],[51.5538,35.73014],[51.5538,35.73014],[51.5538,35.73014],[51.55379,35.73014],[51.55379,35.73014],[51.55379,35.73014],[51.55378,35.73014],[51.55378,35.73014],[51.55378,35.73014],[51.55378,35.73014],[51.55378,35.73014],[51.55379,35.73016]]]}},{"type":"Feature","properties":{"route":2,"color":"#0d9488","times":[[22535,22595,22655,22715,22775,22835,22895,22955,23015,23075,23137,23197,23257,23317,23377,23437,23497,23557,23617,23677,23737,23803,23863,23923,23983,24043,24103,24163,24223,24283,24343,24403,24463,24523,24583,24643,24703,24763,24823,24883,24943,25003,25063,25123,25185,25245,25305,25365,25425,25485,25545,25605,25665,25725,25798,25807,25867,25927,25987,26047,26107,26184,26293,26299,26311,26320,26332,26383,26443,26503,26563,26623,26683,26743,26803,26863,26923,26947,27007,27067,27127,27187,27247,27307,27367,27427,27489,27549,27609,27669,27729,27789,27849,27909,27969,28029,28089,28149,28211,28271,28331,28340,28352,28358,28364,28370,28376,28382,28388,28394,28400,28406,28412,28418,28430,28436,28442,28448,28454,28460,28466,28475,28481,28487,28493,28499,28508,28514,28520,28526,28532,28538,28544,28550,28556,28562,28568,28574,28580,28586,28592,28601,28607,28613,28619,28625,28631,28637,28643,28649,28655,28661,28667,28673,28685,28691,28697,28703,28709,28715,28721,28727,28736,28742,28748,28754,28760,28766,28772,28778,28784,28790,28796,28802,28808,28814,28820,28826,28832,28838,28844,28850,28856,28862,28868,28871,28874,28877,28880,28883,28886,28889,28892,28895,28898,28901,28904,28907,28910,28913,28916,28919,28922,28925,28928,28931,28934,28937,28940,28943,28946,28949,28952,28955,28958,28961,28964,28967,28970,28973,28976,28979,28982,28985,28988,28991,28994,28997,29000,29003,29006,29009,29012,29015,29018,29021,29024,29027,29030,29033,29036,29039,29042,29045,29048,29051,29054,29057,29060,29063,29066,29069,29072,29075,29078,29081,29084,29087,29090,29093,29096,29099,29102,29105,29108,29111,29114,29117,29120,29123,29126,29129,29132,29135,29138,29141,29144,29147,29150,29153,29156,29159,29162,29165,29168,29171,29174,29177,29180,29183,29186,29189,29192,29195,29198,29201,29204,29207,29210,29213,29216,29219,29222,29225,29228,29231,29234,29237,29240,29243,29246,29249,29252,29255,29258,29261,29264,29267,29270,29273,29276,29279,29282,29285,29288,29291,29294,29297,29300,29303,29306,29309,29312,29315,29321,29327,29333,29339,29345,29348,29351,29354,29357,29360,29363,29366,29372,29378,29384,29390,29396,29402,29408,29411,29414,29417,29420,29423,29426,29429,29432,29435,29438,29441,29444,29447,29450,29453,29456,29459,29462,29465,29468,29471,29474,29477,29480,29483,29486,29489,29492,29495,29498,29501,29504,29507,29510,29513,29516,29519,29522,29525,29528,29531,29534,29537,29540,29543,29546,29549,29552,29555,29558,29561,29564,29567,29570,29573,29576,29579,29582,29585,29588,29591,29594,29597,29600,29603,29606,29609,29612,29615,29618,29621,29624,29627,29630,29633,29636,29639,29642,29645,29648,29651,29654,29657,29660,29663,29666,29669,29672,29675,29678,29681,29684,29687,29690,29693,29696,29699,29702,29708,29714,29720,29726,29732,29738,29744,29750,29771,29786,29798,29810,29822,29834,29846,29855,29861,29867,29870,29873,29879,29885,29891,29897,29903,29909,29915,29921,29927,29933,29939,29942,29945,29948,29951,29954,29957,29960,29963,29966,29969,29972,29975,29978,29981,29984,29987,29990,29993,29996,29999,30002,30005,30008,30011,30014,30017,30020,30023,30026,30029,30032,30035,30038,30041,30044,30047,30050,30053,30056,30059,30062,30065,30068,30071,30074,30077,30080,30083,30086,30089,30140,30143,30149,30155,30169,30172,30178,30184,30187,30193,30196,30199,30202,30205,30208,30211,30214,30217,30223,30226,30229,30232,30235,30238,30241,30247,30253,30259,30265,30271,30277,30283,30289,30292,30295,30298,30301,30304,30307,30310,30316,30322,30325,30328,30331,30334,30337,30340,30343,30346,30349,30352,30355,30358,30361,30364,30367,30370,30373,30376,30379,30382,30385,30388,30391,30394,30397,30400,30403,30406,30409,30412,30415,30418,30421,30424,30427,30430,30433,30439,30448,30457,30469,30478,30493,30553,30589,30649,30709,30724,30730,30736,30742,30748,30769,30829,30889,30949,31009,31069,31129,31189,31216,31231,31240,31255,31270,31276,31336,31396,31456,31516,31534,31546,31606,31666,31723,31783,31837,31897,31957,31993,32053,32113,32173,32233,32293,32353,32395,32404,32413,32422,32431,32440,32446,32452,32485,32497,32509,32569,32629,32689,32728,32788,32848,32908,32959,32974,32992,33031,33070,33106,33166,33193,33226,33235,33250,33265,33274,33295,33322,33331,33349,33361,33373,33385,33391,33400,33460,33520,33568,33628,33688,33748,33808,33868,33928,33973,33982,34003,34009,34021,34081,34114,34174,34234,34294,34354,34414,34453,34462,34480,34492,34516,34522,34528,34588,34648,34708,34768,34828,34888,34948,34963,35023,35083,35143,35203,35239,35251,35260,35266,35275,35293,35302,35311,35329,35389,35449,35509,35539,35548,35563,35569,35575,35581,35584,35587,35590,35596,35602,35608,35614,35620,35626,35632,35638,35644,35650,35653,35656,35659,35665,35671,35698,35710,35725,35734,35740,35746,35752,35755,35761,35767,35773,35779,35797,35806,35812,35836,35845,35860,35869,35875,35881,35896,35947,36007,36067,36127,36187,36202,36211,36217,36223,36235,36244,36253,36262,36271,36286,36331,36391,36451,36511,36571,36631,36691,36751,36811,36871,36931,36991,37003,37018,37024,37030,37036,37045,37051,37057,37063,37069,37075,37084,37090,37096,37102,37105,37108,37111,37114,37117,37120,37126,37132,37138,37144,37150,37156,37162,37177,37186,37195,37204,37213,37228,37237,37297,37357,37417,37471,37480,37486,37495,37501,37507,37513,37519,37528,37546,37555,37561,37570,37630,37690,37750,37810,37870,37930,37992,38053,38065,38071,38077,38083,38089,38095,38101,38107,38120,38132,38141,38153,38214,38274,38335,38395,38413,38425,38434,38446,38455,38461,38470,38476,38485,38545,38605,38665,38725,38785,38797,38806,38866,38926,38986,39046,39106,39167,39227,39287,39347,39407,39467,39527,39587,39649,39664,39670,39682,39688,39694,39700,39712,39721,39781,39841,39901,39961,39988,39997,40027,40039,40051,40066,40072,40078,40084,40090,40099,40147,40207,40267,40327,40389,40449,40509,40569,40629,40689,40716,40776,40794,40824,40851,40857,40863,40869,40929,40989,41049,41109,41169,41229,41286,41346,41370,41430,41490,41550,41610,41622,41631,41637,41646,41655,41664,41670,41676,41682,41688,41694,41700,41709,41718,41773,41796,41816,41848,41857,41963,42024,42084,42120,42132,42147,42171,42231,42291,42351,42408,42414,42420,42426,42432,42438,42447,42507,42567,42624,42684,42744,42759,42768,42783,42789,42798,42807,42816,42822,42828,42834,42840,42846,42852,42858,42864,42870,42876,42882,42888,42894,42900,42921,42927,42933,42939,42948,42957,42966,42972,42981,42993,43002,43017,43023,43029,43035,43041,43047,43050,43056,43059,43062,43065,43068,43071,43074,43077,43080,43083,43086,43089,43092,43095,43098,43101,43104,43107,43110,43113,43116,43119,43122,43125,43128,43131,43134,43137,43140,43143,43146,43149,43152,43155,43158,43161,43164,43167,43170,43173,43176,43179,43182,43185,43188,43191,43194,43197,43200,43203,43206,43209,43212,43215,43218,43221,43224,43227,43230,43233,43236,43239,43242,43245,43248,43251,43254,43257,43260,43263,43266,43269,43272,43275,43278,43281,43284,43287,43290,43293,43296,43299,43302,43305,43308,43311,43314,43317,43320,43323,43326,43329,43332,43335,43338,43341,43344,43347,43350,43353,43356,43359,43362,43365,43368,43371,43374,43377,43380,43383,43389,43395,43407,43434,43440,43446,43452,43461,43467,43473,43479,43485,43491,43494,43497,43500,43503,43506,43509,43512,43515,43518,43521,43524,43527,43530,43533,43536,43539,43542,43545,43548,43551,43554,43557,43560,43563,43566,43569,43572,43575,43578,43581,43584,43587,43590,43593,43596,43599,43602,43605,43608,43611,43614,43617,43620,43623,43626,43629,43632,43635,43638,43641,43644,43647,43650,43653,43656,43659,43662,43665,43668,43671,43674,43677,43680,43683,43686,43689,43692,43695,43698,43701,43704,43707,43710,43713,43716,43719,43722,43725,43728,43731,43734,43737,43740,43743,43746,43749,43752,43755,43758,43761,43764,43767,43770,43773,43776,43779,43782,43785,43788,43791,43794,43797,43800,43803,43806,43809,43812,43815,43818,43821,43824,43827,43830,43833,43836,43839,43842,43845,43848,43854,43860,43863,43866,43869,43872,43878,43884,43887,43893,43896,43899,43902,43908,43911,43914,43917,43920,43923,43926,43929,43932,43935,43938,43941,43944,43947,43950,43953,43956,43959,43962,43965,43968,43971,43974,43977,43980,43983,43986,43989,43992,43995,43998,44001,44004,44007,44010,44013,44016,44019,44022,44025,44028,44031,44034,44037,44040,44043,44046,44049,44052,44055,44058,44061,44064,44070,44076,44082,44088,44094,44100,44106,44112,44118,44127,44133,44139,44151,44160,44169,44178,44184,44187,44190,44193,44196,44199,44202,44205,44208,44211,44214,44217,44220,44223,44226,44229,44232,44235,44238,44241,44244,44247,44250,44253,44256,44259,44262,44265,44268,44271,44274,44277,44280,44283,44286,44289,44292,44295,44298,44301,44304,44307,44310,44313,44316,44319,44322,44325,44328,44331,44334,44337,44340,44343,44346,44349,44352,44355,44358,44361,44364,44367,44370,44373,44376,44379,44382,44385,44388,44391,44394,44397,44400,44403,44406,44409,44412,44415,44418,44421,44424,44427,44430,44433,44436,44439,44442,44445,44448,44451,44454,44457,44460,44463,44466,44469,44472,44475,44478,44481,44484,44487,44490,44493,44496,44499,44502,44505,44508,44511,44514,44517,44520,44523,44526,44529,44532,44535,44538,44541,44544,44547,44550,44553,44556,44559,44562,44565,44568,44571,44574,44577,44583,44592,44598,44604,44610,44616,44622,44625,44628,44631,44634,44637,44640,44649,44658,44664,44667,44673,44676,44679,44682,44688,44694,44700,44703,44706,44709,44715,44724,44730,44733,44736,44742,44748,44757,44763,44775,44784,44790,44796,44805,44811,44817,44820,44826,44832,44838,44844,44850,44853,44856,44859,44862,44865,44871,44883,44889,44895,44901,44907,44913,44919,44925,44934,44940,44946,44952,44958,44964,44970,44979,44985,44991,44997,45012,45072,45132]]},"geometry":{"type":"MultiLineString","coordinates":[[[51.554,35.72992],[51.55418,35.72983],[51.55414,35.72995],[51.55417,35.72997],[51.55414,35.73006],[51.55422,35.73001],[51.55406,35.72999],[51.55405,35.73001],[51.55403,35.73001],[51.55404,35.73],[51.55421,35.72996],[51.55416,35.72996],[51.55418,35.73001],[51.55417,35.73005],[51.55416,35.73004],[51.55417,35.73005],[51.55417,35.7301],[51.55417,35.73005],[51.55416,35.73005],[51.55414,35.73003],[51.55421,35.72994],[51.55438,35.72923],[51.5542,35.72951],[51.55416,35.72973],[51.55408,35.72983],[51.55415,35.72982],[51.55414,35.72995],[51.55419,35.72995],[51.5542,35.72989],[51.55414,35.72992],[51.55405,35.72988],[51.55408,35.72995],[51.55393,35.72986],[51.55409,35.72979],[51.5541,35.72985],[51.55414,35.72982],[51.55408,35.72987],[51.55409,35.73002],[51.55412,35.72999],[51.55401,35.72986],[51.55431,35.73004],[51.5542,35.72987],[51.55383,35.72985],[51.55398,35.72998],[51.55416,35.72997],[51.55423,35.72993],[51.55415,35.72995],[51.5541,35.72992],[51.55406,35.72998],[51.55408,35.72988],[51.55422,35.72993],[51.55419,35.73001],[51.55419,35.72999],[51.55424,35.72996],[51.55466,35.73038],[51.55434,35.7301],[51.55415,35.7299],[51.55402,35.7299],[51.55382,35.72982],[51.55389,35.72991],[51.55393,35.73],[51.55385,35.72972],[51.55072,35.72787],[51.55272,35.72921],[51.55312,35.72939],[51.55365,35.72973],[51.55402,35.72997],[51.55439,35.7302],[51.55433,35.72995],[51.55432,35.72996],[51.55424,35.72999],[51.55424,35.72999],[51.55424,35.72999],[51.55424,35.72999],[51.55423,35.72999],[51.55421,35.73001],[51.55421,35.73019],[51.55412,35.72983],[51.5543,35.72985],[51.55413,35.73002],[51.55413,35.72997],[51.55425,35.72995],[51.55425,35.72996],[51.55424,35.72997],[51.55422,35.72994],[51.55418,35.73003],[51.55427,35.73015],[51.55451,35.73022],[51.55442,35.72999],[51.55424,35.72995],[51.55419,35.72984],[51.55413,35.72991],[51.55408,35.72971],[51.5541,35.72985],[51.55414,35.72991],[51.55404,35.72984],[51.55419,35.72982],[51.55403,35.72991],[51.55422,35.72975],[51.55417,35.72994],[51.55406,35.73001],[51.55373,35.73024],[51.55402,35.7306],[51.55446,35.73086],[51.55497,35.73113],[51.55549,35.73142],[51.55602,35.73171],[51.55654,35.73199],[51.55707,35.73229],[51.55761,35.73256],[51.55811,35.73286],[51.55865,35.73318],[51.55918,35.73348],[51.5596,35.73371],[51.56005,35.73403],[51.56051,35.7343],[51.56109,35.73461],[51.5616,35.73492],[51.56215,35.73525],[51.56271,35.73557],[51.56307,35.73578],[51.56347,35.73601],[51.56388,35.73625],[51.56433,35.73654],[51.56486,35.73685],[51.56535,35.73716],[51.56574,35.73743],[51.56616,35.73767],[51.56667,35.73799],[51.5672,35.73833],[51.56773,35.73866],[51.56824,35.73901],[51.56881,35.73933],[51.56934,35.73966],[51.56988,35.73998],[51.57046,35.7403],[51.57099,35.74062],[51.57151,35.74093],[51.57203,35.74122],[51.57257,35.7415],[51.57291,35.74183],[51.57298,35.74231],[51.57272,35.74276],[51.57229,35.74325],[51.57201,35.74385],[51.57215,35.74442],[51.57238,35.74496],[51.57259,35.74547],[51.57287,35.74583],[51.57342,35.74578],[51.57414,35.74556],[51.57491,35.74534],[51.57572,35.74511],[51.57619,35.74498],[51.57654,35.7454],[51.57671,35.74587],[51.57693,35.74638],[51.57714,35.74693],[51.57699,35.7475],[51.57663,35.74801],[51.57637,35.74854],[51.57636,35.74903],[51.57664,35.74936],[51.57697,35.74965],[51.57735,35.75003],[51.57781,35.75037],[51.57832,35.75071],[51.57882,35.75105],[51.57923,35.75142],[51.57911,35.75185],[51.57851,35.75218],[51.57794,35.75256],[51.57747,35.753],[51.57745,35.75337],[51.57785,35.75364],[51.57823,35.75402],[51.57842,35.75448],[51.57825,35.75493],[51.57781,35.75535],[51.57744,35.75579],[51.57699,35.75609],[51.57639,35.75622],[51.57603,35.75669],[51.57563,35.75728],[51.57512,35.75787],[51.57481,35.75816],[51.57447,35.75844],[51.5741,35.75871],[51.57374,35.759],[51.57335,35.75931],[51.57295,35.75964],[51.57254,35.75998],[51.57211,35.76031],[51.57167,35.76064],[51.57122,35.76099],[51.57075,35.76134],[51.57028,35.76168],[51.56982,35.76202],[51.56937,35.76238],[51.56891,35.76272],[51.56845,35.76309],[51.56798,35.76344],[51.56751,35.76378],[51.567,35.76413],[51.56649,35.76446],[51.56597,35.76478],[51.56547,35.76508],[51.56496,35.76538],[51.56446,35.76567],[51.56397,35.76595],[51.56349,35.76624],[51.56301,35.76654],[51.56256,35.76685],[51.56209,35.76716],[51.56164,35.76747],[51.56117,35.76778],[51.56072,35.76811],[51.56026,35.76843],[51.55976,35.76874],[51.55925,35.76904],[51.55874,35.76932],[51.5582,35.76958],[51.55766,35.76984],[51.55708,35.77007],[51.55649,35.77029],[51.5559,35.77049],[51.5553,35.77071],[51.55471,35.77093],[51.5541,35.77116],[51.5535,35.77137],[51.5529,35.77157],[51.55228,35.77179],[51.55169,35.772],[51.55109,35.7722],[51.55049,35.7724],[51.54989,35.77262],[51.5493,35.77283],[51.54874,35.77303],[51.54819,35.77323],[51.54762,35.77342],[51.54705,35.77363],[51.54647,35.77383],[51.54589,35.77403],[51.54531,35.77423],[51.54473,35.77444],[51.54414,35.77465],[51.54354,35.77487],[51.54294,35.77507],[51.54233,35.77528],[51.5417,35.77545],[51.54107,35.77564],[51.54047,35.77581],[51.53986,35.77597],[51.53924,35.77612],[51.53863,35.77625],[51.53801,35.77639],[51.5374,35.77651],[51.53679,35.77661],[51.53618,35.77669],[51.53554,35.77679],[51.53491,35.77685],[51.53425,35.77692],[51.53357,35.77697],[51.53288,35.77703],[51.53222,35.77708],[51.53159,35.77711],[51.53094,35.77714],[51.53029,35.77718],[51.52963,35.77721],[51.52898,35.77725],[51.52834,35.7773],[51.52771,35.77735],[51.52708,35.77741],[51.52645,35.77745],[51.52584,35.77748],[51.52521,35.77753],[51.52459,35.77756],[51.52397,35.7776],[51.52335,35.77764],[51.52271,35.7777],[51.52206,35.77777],[51.52142,35.77789],[51.52081,35.77807],[51.52026,35.77828],[51.51972,35.77851],[51.51921,35.77876],[51.51873,35.77904],[51.51831,35.77933],[51.51789,35.77963],[51.51748,35.77995],[51.51708,35.78025],[51.51667,35.78057],[51.51624,35.78088],[51.51579,35.78121],[51.51534,35.78153],[51.51487,35.78185],[51.51436,35.78214],[51.51382,35.7824],[51.51325,35.78264],[51.51264,35.78287],[51.51201,35.78308],[51.51135,35.78328],[51.51069,35.78349],[51.51004,35.78371],[51.50944,35.7839],[51.50884,35.78406],[51.50824,35.78424],[51.50764,35.7844],[51.50703,35.78457],[51.50641,35.78473],[51.50577,35.7849],[51.50514,35.78507],[51.50453,35.78525],[51.50391,35.78542],[51.50331,35.78559],[51.50271,35.78575],[51.50209,35.78592],[51.50147,35.78609],[51.50082,35.78625],[51.50015,35.78637],[51.49952,35.78642],[51.49889,35.78643],[51.49826,35.7864],[51.49763,35.78633],[51.49699,35.78627],[51.49634,35.78619],[51.49571,35.78609],[51.49509,35.78598],[51.49451,35.78589],[51.49394,35.7858],[51.4934,35.78575],[51.49285,35.78573],[51.49233,35.78574],[51.49185,35.78576],[51.49112,35.78591],[51.49045,35.78609],[51.48968,35.78645],[51.48894,35.78681],[51.48822,35.78713],[51.48781,35.78731],[51.48737,35.78751],[51.48692,35.7877],[51.48647,35.78788],[51.48602,35.78807],[51.48557,35.78827],[51.48515,35.78848],[51.48451,35.7888],[51.48431,35.78919],[51.48463,35.78956],[51.48506,35.78933],[51.48491,35.78888],[51.48469,35.78839],[51.48439,35.7878],[51.48422,35.78744],[51.48403,35.78705],[51.48381,35.78663],[51.48356,35.78617],[51.48328,35.78569],[51.48299,35.78522],[51.48268,35.78477],[51.48239,35.78431],[51.4821,35.78386],[51.48181,35.7834],[51.4815,35.78292],[51.4812,35.78245],[51.4809,35.78199],[51.48058,35.78148],[51.48023,35.78102],[51.47981,35.78063],[51.47935,35.78028],[51.47891,35.77999],[51.4785,35.77967],[51.4781,35.77932],[51.47773,35.77893],[51.47744,35.77851],[51.47721,35.77808],[51.47705,35.77763],[51.47692,35.77714],[51.47679,35.77663],[51.47664,35.77613],[51.47647,35.77562],[51.47627,35.77515],[51.47601,35.7747],[51.47572,35.77428],[51.47539,35.77387],[51.47501,35.77348],[51.47455,35.77316],[51.47411,35.77288],[51.47374,35.77263],[51.47339,35.77234],[51.47304,35.77199],[51.4727,35.77159],[51.47236,35.77116],[51.47195,35.77074],[51.47151,35.77039],[51.47106,35.77011],[51.47059,35.76983],[51.47013,35.76958],[51.4697,35.76929],[51.46933,35.76895],[51.46902,35.76857],[51.46876,35.76814],[51.46856,35.76768],[51.46834,35.76722],[51.46808,35.76676],[51.46782,35.76628],[51.46759,35.76582],[51.46736,35.76535],[51.46712,35.76488],[51.46689,35.76439],[51.46671,35.76389],[51.46657,35.76337],[51.46642,35.76286],[51.46628,35.76234],[51.46613,35.76183],[51.46599,35.7613],[51.46587,35.76075],[51.46575,35.76019],[51.46566,35.75966],[51.46558,35.75913],[51.4655,35.75861],[51.46544,35.75809],[51.46539,35.75758],[51.46536,35.75709],[51.46533,35.75658],[51.4653,35.75605],[51.46529,35.75554],[51.46527,35.75503],[51.46527,35.75455],[51.46525,35.75405],[51.46524,35.75355],[51.46522,35.75304],[51.46519,35.75255],[51.46517,35.75205],[51.46516,35.75153],[51.46514,35.75103],[51.46508,35.75052],[51.465,35.75001],[51.4649,35.74951],[51.4648,35.74901],[51.46466,35.74853],[51.46447,35.74806],[51.46425,35.74763],[51.46406,35.74717],[51.46394,35.74667],[51.4638,35.74617],[51.46364,35.74571],[51.46341,35.74529],[51.46315,35.74491],[51.4629,35.74457],[51.46263,35.74429],[51.46207,35.74374],[51.46158,35.74314],[51.46099,35.74289],[51.46044,35.74303],[51.46011,35.74278],[51.45995,35.74231],[51.45971,35.74186],[51.45947,35.74155],[51.45902,35.74143],[51.45851,35.74133],[51.45804,35.74126],[51.45755,35.7413],[51.45706,35.74137],[51.45646,35.74142],[51.45594,35.74139],[51.45534,35.74147],[51.45464,35.74153],[51.45377,35.74159],[51.45331,35.74163],[51.45287,35.74167],[51.45208,35.74172],[51.45141,35.74175],[51.45073,35.7418],[51.44996,35.74188],[51.44919,35.74195],[51.44846,35.742],[51.44778,35.74204],[51.44712,35.74204],[51.44642,35.74209],[51.44564,35.74222],[51.44478,35.74245],[51.44431,35.74257],[51.44381,35.74269],[51.44329,35.74274],[51.44273,35.74275],[51.44217,35.74276],[51.44161,35.74278],[51.44103,35.74279],[51.44046,35.74279],[51.43989,35.74279],[51.43933,35.74279],[51.43876,35.74278],[51.43819,35.74277],[51.43761,35.74276],[51.43702,35.74276],[51.43642,35.74274],[51.43583,35.74265],[51.43527,35.74252],[51.43472,35.74235],[51.43418,35.74213],[51.43365,35.74185],[51.43311,35.74155],[51.43255,35.74127],[51.43193,35.74103],[51.43127,35.74084],[51.43057,35.7407],[51.42988,35.74062],[51.42921,35.74058],[51.42855,35.74057],[51.4279,35.74055],[51.42728,35.74054],[51.42665,35.74054],[51.42601,35.74052],[51.42534,35.74048],[51.42466,35.74046],[51.42398,35.74043],[51.4233,35.74039],[51.42262,35.74036],[51.42195,35.74035],[51.4213,35.74033],[51.42066,35.7403],[51.42003,35.74027],[51.4194,35.74025],[51.41878,35.74023],[51.41818,35.74021],[51.41763,35.74022],[51.41711,35.74029],[51.41663,35.74046],[51.41616,35.74064],[51.41576,35.7409],[51.41543,35.74115],[51.40752,35.74409],[51.40701,35.74412],[51.40629,35.74414],[51.40577,35.74421],[51.40421,35.74409],[51.40378,35.74401],[51.40304,35.74383],[51.40225,35.74359],[51.40184,35.74343],[51.40106,35.74305],[51.40061,35.7428],[51.40019,35.74255],[51.39973,35.74229],[51.39927,35.74203],[51.39879,35.74181],[51.39827,35.74163],[51.39774,35.74151],[51.39728,35.74143],[51.39641,35.74132],[51.39594,35.74132],[51.39544,35.74135],[51.39493,35.74142],[51.39442,35.74151],[51.39391,35.74164],[51.39342,35.74179],[51.39273,35.74209],[51.39213,35.74235],[51.39144,35.74263],[51.39077,35.74292],[51.39016,35.74315],[51.38951,35.74334],[51.38877,35.74353],[51.38793,35.74366],[51.38746,35.7437],[51.387,35.7437],[51.38651,35.74367],[51.38602,35.74362],[51.38554,35.74358],[51.38509,35.74367],[51.3847,35.74384],[51.38388,35.74384],[51.38324,35.74334],[51.38298,35.74302],[51.38282,35.74268],[51.38285,35.74228],[51.38308,35.7419],[51.38322,35.74149],[51.38324,35.74105],[51.38323,35.74057],[51.38322,35.74007],[51.38321,35.73954],[51.38321,35.73901],[51.3832,35.73847],[51.38319,35.73791],[51.38318,35.73735],[51.3832,35.73679],[51.38323,35.73621],[51.38321,35.73565],[51.38319,35.7351],[51.38317,35.73456],[51.38315,35.73404],[51.38312,35.73354],[51.38306,35.73303],[51.38301,35.73252],[51.38301,35.73203],[51.38306,35.73154],[51.38312,35.73105],[51.38316,35.73057],[51.38318,35.73007],[51.38315,35.72957],[51.3831,35.72909],[51.38303,35.72864],[51.38294,35.72823],[51.38283,35.72786],[51.38271,35.7275],[51.38255,35.72712],[51.38237,35.72675],[51.38217,35.72637],[51.38195,35.72602],[51.38157,35.72554],[51.38093,35.72541],[51.38041,35.72568],[51.38002,35.72589],[51.37964,35.72611],[51.37959,35.72647],[51.37922,35.72664],[51.37965,35.72655],[51.37947,35.72663],[51.37951,35.72663],[51.3795,35.72706],[51.37943,35.72753],[51.37935,35.72802],[51.37928,35.72854],[51.37918,35.72909],[51.37911,35.72946],[51.37898,35.72942],[51.3789,35.72925],[51.37892,35.7294],[51.37899,35.72962],[51.37903,35.7298],[51.3789,35.72946],[51.37888,35.72947],[51.37883,35.7299],[51.37876,35.7304],[51.37864,35.73078],[51.37859,35.73125],[51.3785,35.73164],[51.37835,35.7321],[51.3783,35.73211],[51.37833,35.73218],[51.37838,35.7321],[51.37822,35.73222],[51.37807,35.73265],[51.37795,35.73301],[51.37795,35.73301],[51.37798,35.73294],[51.37805,35.7333],[51.37802,35.73314],[51.37777,35.73344],[51.37798,35.73355],[51.37774,35.73337],[51.37797,35.73307],[51.3779,35.73292],[51.37795,35.73285],[51.37793,35.73277],[51.37791,35.73276],[51.37794,35.73285],[51.37788,35.73281],[51.37776,35.73321],[51.37771,35.73364],[51.37763,35.73411],[51.37749,35.73454],[51.37736,35.7349],[51.3772,35.73541],[51.37708,35.73575],[51.37696,35.73611],[51.37726,35.7364],[51.37773,35.73659],[51.37822,35.73682],[51.37847,35.73708],[51.3787,35.73702],[51.37883,35.73705],[51.37916,35.73732],[51.3789,35.73763],[51.37884,35.7377],[51.37884,35.73774],[51.37884,35.73812],[51.37871,35.73854],[51.37855,35.73897],[51.37843,35.73937],[51.37837,35.73976],[51.37831,35.7402],[51.37822,35.74018],[51.37821,35.73979],[51.37775,35.73966],[51.3772,35.73958],[51.37725,35.73909],[51.37744,35.7386],[51.37757,35.73812],[51.37767,35.73776],[51.37721,35.73763],[51.37674,35.7375],[51.37629,35.73741],[51.37578,35.73731],[51.37535,35.73719],[51.37544,35.73666],[51.37561,35.73625],[51.37573,35.73578],[51.37568,35.73545],[51.37578,35.73536],[51.37558,35.73569],[51.37547,35.7357],[51.37561,35.73551],[51.37572,35.73544],[51.3757,35.7354],[51.37573,35.7354],[51.37566,35.73537],[51.37594,35.73494],[51.37605,35.73456],[51.37596,35.73416],[51.37542,35.734],[51.37498,35.73389],[51.37488,35.73399],[51.37513,35.73364],[51.37517,35.73332],[51.37524,35.73327],[51.37499,35.73341],[51.3752,35.73327],[51.37526,35.7333],[51.37473,35.73315],[51.37414,35.733],[51.3737,35.73291],[51.37318,35.73281],[51.37316,35.7323],[51.37306,35.73184],[51.37292,35.73139],[51.37293,35.73127],[51.37283,35.73127],[51.37292,35.73125],[51.37285,35.73126],[51.37277,35.73119],[51.37297,35.73128],[51.37281,35.73112],[51.37272,35.7307],[51.37257,35.73067],[51.37245,35.73063],[51.3725,35.73064],[51.37248,35.73064],[51.37254,35.73022],[51.37248,35.72984],[51.37234,35.72937],[51.37228,35.72899],[51.37216,35.72847],[51.37261,35.72833],[51.37305,35.72852],[51.37344,35.72871],[51.3738,35.72845],[51.37407,35.7285],[51.37383,35.72827],[51.37393,35.72836],[51.37383,35.72789],[51.3737,35.72754],[51.37308,35.72743],[51.37261,35.72751],[51.37197,35.7277],[51.3712,35.728],[51.37079,35.72818],[51.37038,35.72835],[51.36999,35.72852],[51.36921,35.7288],[51.3685,35.72901],[51.36799,35.72927],[51.36787,35.72977],[51.36826,35.73029],[51.36894,35.73057],[51.36951,35.73029],[51.36938,35.7297],[51.36883,35.72915],[51.36827,35.72858],[51.36798,35.72827],[51.36769,35.72798],[51.36737,35.72769],[51.36682,35.72722],[51.3664,35.72684],[51.36609,35.72651],[51.36575,35.72619],[51.36542,35.72587],[51.36498,35.72546],[51.36446,35.72498],[51.36388,35.72445],[51.36333,35.72391],[51.36302,35.72364],[51.36253,35.72315],[51.36199,35.72267],[51.36143,35.72215],[51.36108,35.72185],[51.3606,35.72181],[51.36036,35.72135],[51.36002,35.72105],[51.35957,35.72113],[51.35909,35.72131],[51.35859,35.72151],[51.35816,35.72161],[51.35773,35.72171],[51.3573,35.72181],[51.35688,35.72201],[51.35704,35.72234],[51.35709,35.72236],[51.35707,35.7223],[51.35717,35.7222],[51.35705,35.7224],[51.35712,35.72283],[51.35728,35.7234],[51.35738,35.7239],[51.35752,35.72437],[51.35806,35.72439],[51.35866,35.72429],[51.3591,35.72403],[51.35958,35.724],[51.36007,35.7239],[51.36061,35.72388],[51.36103,35.72373],[51.36113,35.72376],[51.36108,35.72375],[51.36122,35.72363],[51.36114,35.72369],[51.36118,35.724],[51.36121,35.72414],[51.36121,35.72414],[51.36117,35.72424],[51.36129,35.72434],[51.36116,35.72405],[51.36118,35.72424],[51.36128,35.72461],[51.36096,35.72496],[51.36046,35.72513],[51.35984,35.72533],[51.35934,35.72549],[51.35864,35.72572],[51.35798,35.72597],[51.35722,35.72621],[51.35645,35.72645],[51.35563,35.72661],[51.35511,35.72658],[51.35458,35.7267],[51.35397,35.72652],[51.35322,35.72618],[51.35238,35.72587],[51.35193,35.72571],[51.35146,35.72553],[51.35098,35.72534],[51.3505,35.72518],[51.35004,35.72497],[51.34958,35.72478],[51.34903,35.72452],[51.34849,35.7243],[51.34792,35.72405],[51.34742,35.72386],[51.34684,35.72372],[51.34625,35.72367],[51.34576,35.72369],[51.34572,35.72322],[51.34559,35.72272],[51.3457,35.72235],[51.34623,35.72213],[51.34668,35.72213],[51.34721,35.72216],[51.34744,35.72247],[51.3477,35.72278],[51.34767,35.72279],[51.34766,35.72267],[51.34785,35.72306],[51.34801,35.72349],[51.34804,35.72386],[51.34737,35.72389],[51.34676,35.72369],[51.34621,35.72367],[51.34569,35.72372],[51.34511,35.72371],[51.34461,35.72371],[51.34412,35.72368],[51.34357,35.72382],[51.34303,35.72391],[51.34254,35.72387],[51.34257,35.72392],[51.34259,35.72392],[51.34254,35.72398],[51.34259,35.72403],[51.34256,35.72388],[51.34272,35.72409],[51.34259,35.72397],[51.34253,35.72399],[51.34191,35.72412],[51.34135,35.72419],[51.34069,35.72422],[51.3401,35.72426],[51.33949,35.72441],[51.33886,35.72456],[51.33817,35.72469],[51.33747,35.72473],[51.3373,35.72434],[51.33741,35.72392],[51.33751,35.72342],[51.33762,35.72307],[51.33774,35.72295],[51.33765,35.72284],[51.33779,35.72259],[51.33759,35.72225],[51.33804,35.72202],[51.33852,35.7219],[51.33902,35.72183],[51.33953,35.72184],[51.33993,35.72163],[51.34035,35.72146],[51.34046,35.72107],[51.34044,35.72067],[51.34046,35.72021],[51.34056,35.72016],[51.34084,35.71995],[51.34072,35.72003],[51.34078,35.7201],[51.34078,35.72008],[51.34072,35.7197],[51.34064,35.71934],[51.3406,35.71916],[51.34055,35.71917],[51.3405,35.71907],[51.34066,35.71919],[51.34066,35.71886],[51.34057,35.7188],[51.34051,35.71889],[51.34066,35.71916],[51.34062,35.71926],[51.34059,35.71942],[51.34056,35.7196],[51.34067,35.71944],[51.34058,35.7195],[51.34054,35.71917],[51.34006,35.71911],[51.33961,35.71914],[51.33915,35.71912],[51.33863,35.71922],[51.33802,35.71932],[51.3376,35.71942],[51.33766,35.71983],[51.33766,35.72026],[51.33774,35.72056],[51.33785,35.72082],[51.33784,35.72082],[51.3378,35.72074],[51.3384,35.72077],[51.33897,35.72059],[51.33948,35.72048],[51.3399,35.72036],[51.34046,35.72042],[51.34091,35.72049],[51.34137,35.72049],[51.34186,35.72043],[51.34243,35.72034],[51.34293,35.72033],[51.34337,35.72028],[51.34382,35.72037],[51.34411,35.72037],[51.34375,35.72039],[51.34373,35.72024],[51.34384,35.72016],[51.34385,35.72033],[51.34382,35.72029],[51.34373,35.7202],[51.34377,35.72017],[51.34366,35.71986],[51.34325,35.72],[51.34334,35.71987],[51.34372,35.72008],[51.34406,35.72033],[51.34458,35.72019],[51.34501,35.72005],[51.34559,35.71989],[51.34622,35.71981],[51.34645,35.71959],[51.34647,35.71957],[51.34644,35.7197],[51.34659,35.71946],[51.34659,35.71926],[51.34658,35.71926],[51.34648,35.71961],[51.34647,35.71959],[51.34661,35.71924],[51.34659,35.71947],[51.34665,35.71919],[51.34665,35.7193],[51.34645,35.71957],[51.34641,35.71917],[51.34618,35.71865],[51.34606,35.71829],[51.34593,35.7179],[51.34575,35.71752],[51.3457,35.71716],[51.34619,35.71715],[51.34692,35.71719],[51.34767,35.71735],[51.3484,35.71763],[51.34909,35.71802],[51.34961,35.71844],[51.35021,35.71861],[51.35067,35.71867],[51.35054,35.71903],[51.35028,35.71935],[51.35015,35.71972],[51.3497,35.7196],[51.34926,35.71977],[51.3492,35.72002],[51.34898,35.71988],[51.34895,35.71988],[51.3495,35.7199],[51.3499,35.71967],[51.35021,35.71938],[51.35058,35.71913],[51.35082,35.71888],[51.35084,35.71886],[51.35085,35.71885],[51.3513,35.71886],[51.35195,35.71882],[51.35254,35.71874],[51.35309,35.71874],[51.35362,35.71875],[51.35409,35.71873],[51.35455,35.71869],[51.35483,35.71873],[51.35498,35.71881],[51.35492,35.7192],[51.3548,35.71951],[51.3548,35.71957],[51.35482,35.72002],[51.3548,35.72041],[51.35522,35.7207],[51.35567,35.72068],[51.35619,35.72067],[51.35669,35.72077],[51.35716,35.72094],[51.35785,35.72091],[51.35863,35.72081],[51.35933,35.72066],[51.36001,35.7205],[51.36069,35.72038],[51.36137,35.72017],[51.3619,35.71999],[51.36243,35.71988],[51.36312,35.71954],[51.36362,35.71904],[51.36407,35.71856],[51.36451,35.71811],[51.36493,35.71768],[51.3653,35.71728],[51.36502,35.71767],[51.36458,35.71812],[51.36409,35.71864],[51.36357,35.71917],[51.36334,35.71948],[51.36298,35.71975],[51.36261,35.72015],[51.3623,35.7205],[51.36193,35.72082],[51.36163,35.72109],[51.36128,35.72146],[51.36157,35.72187],[51.36192,35.72217],[51.36226,35.72255],[51.36268,35.72294],[51.36316,35.72342],[51.36369,35.72399],[51.36393,35.72434],[51.3645,35.72491],[51.3648,35.72518],[51.3651,35.72547],[51.36539,35.72576],[51.36569,35.72606],[51.36601,35.72635],[51.36633,35.72667],[51.36666,35.72698],[51.367,35.72726],[51.36734,35.72757],[51.36767,35.72789],[51.36803,35.7282],[51.36838,35.72855],[51.36875,35.72888],[51.36909,35.72917],[51.36944,35.72955],[51.3698,35.72991],[51.37014,35.73025],[51.37047,35.73063],[51.37074,35.73104],[51.37096,35.73148],[51.37114,35.73194],[51.37125,35.73237],[51.37133,35.73283],[51.37136,35.73329],[51.37135,35.73379],[51.37129,35.73428],[51.3712,35.73476],[51.37108,35.73528],[51.37098,35.73577],[51.37087,35.73624],[51.37078,35.7367],[51.37067,35.73718],[51.37057,35.73766],[51.37046,35.73813],[51.37036,35.73862],[51.37026,35.7391],[51.37016,35.73959],[51.37006,35.74006],[51.36996,35.74056],[51.36987,35.74106],[51.36977,35.74157],[51.36969,35.74207],[51.36964,35.74255],[51.36964,35.74305],[51.36966,35.74355],[51.36971,35.74405],[51.36982,35.74454],[51.36996,35.74503],[51.37011,35.74552],[51.3703,35.74598],[51.37054,35.74641],[51.37083,35.7468],[51.37115,35.74718],[51.37146,35.74752],[51.3718,35.74784],[51.37221,35.74812],[51.37264,35.74837],[51.37309,35.74861],[51.37356,35.74884],[51.37408,35.74905],[51.37461,35.74923],[51.37518,35.74941],[51.37579,35.74953],[51.37642,35.74959],[51.37705,35.74964],[51.3777,35.74968],[51.37834,35.74971],[51.37899,35.74975],[51.37964,35.74979],[51.38029,35.7498],[51.38097,35.74985],[51.38165,35.74992],[51.38229,35.74997],[51.38294,35.75001],[51.38358,35.75006],[51.38421,35.75012],[51.38482,35.75017],[51.38541,35.75024],[51.38601,35.75026],[51.38662,35.75031],[51.3872,35.75035],[51.38779,35.7504],[51.3884,35.75046],[51.38901,35.75052],[51.38963,35.75056],[51.39024,35.7506],[51.39088,35.75062],[51.39155,35.75063],[51.39223,35.75066],[51.39291,35.75068],[51.3935,35.75082],[51.39413,35.75089],[51.39474,35.75094],[51.39535,35.75099],[51.39596,35.75104],[51.39659,35.75108],[51.39724,35.75111],[51.39786,35.75117],[51.39852,35.75122],[51.39922,35.75123],[51.39987,35.75124],[51.4005,35.75129],[51.40114,35.75131],[51.4018,35.75132],[51.40242,35.75129],[51.40302,35.7513],[51.40362,35.75132],[51.40417,35.75134],[51.40462,35.75134],[51.40531,35.75133],[51.40582,35.75136],[51.40629,35.75135],[51.4068,35.75136],[51.40742,35.75139],[51.40817,35.75142],[51.40872,35.75144],[51.40943,35.75144],[51.41,35.75146],[51.41051,35.75155],[51.41102,35.75165],[51.41165,35.75178],[51.41242,35.75196],[51.41288,35.75205],[51.41341,35.75211],[51.41393,35.75218],[51.41443,35.75223],[51.41492,35.75225],[51.41541,35.75222],[51.41594,35.75214],[51.41651,35.75198],[51.41707,35.75183],[51.41764,35.75164],[51.41819,35.75138],[51.41873,35.75105],[51.41927,35.75069],[51.41981,35.75031],[51.42038,35.74997],[51.421,35.74969],[51.42164,35.74946],[51.4223,35.74928],[51.42297,35.74917],[51.42366,35.74908],[51.42434,35.74907],[51.42502,35.74907],[51.42572,35.74906],[51.42643,35.74907],[51.42716,35.74907],[51.42789,35.74909],[51.42862,35.74908],[51.42931,35.74908],[51.43002,35.74905],[51.43073,35.74906],[51.43149,35.74908],[51.43225,35.74911],[51.43294,35.74914],[51.43362,35.74916],[51.43429,35.74916],[51.43496,35.7492],[51.43558,35.74928],[51.43616,35.74939],[51.43671,35.74952],[51.43724,35.74967],[51.43776,35.74985],[51.43827,35.75002],[51.43882,35.7502],[51.43939,35.75038],[51.44,35.7505],[51.44065,35.75061],[51.44127,35.75068],[51.44192,35.7507],[51.44255,35.75073],[51.44317,35.75076],[51.44378,35.75077],[51.4444,35.75079],[51.445,35.75085],[51.4456,35.75091],[51.44622,35.75099],[51.44683,35.75106],[51.44743,35.75122],[51.44804,35.7514],[51.44863,35.75161],[51.44922,35.75179],[51.44977,35.75204],[51.45026,35.75232],[51.45072,35.7526],[51.45119,35.7529],[51.45167,35.75322],[51.45216,35.75357],[51.45263,35.75395],[51.45312,35.75431],[51.45366,35.75459],[51.45417,35.75485],[51.45464,35.75509],[51.45515,35.75529],[51.45567,35.75548],[51.45618,35.75564],[51.45675,35.7558],[51.45733,35.75596],[51.45791,35.7561],[51.4585,35.7562],[51.45908,35.75629],[51.45963,35.75637],[51.46017,35.75645],[51.46071,35.75651],[51.46125,35.75655],[51.46181,35.75659],[51.46233,35.75662],[51.46286,35.75664],[51.46339,35.75668],[51.46391,35.75671],[51.46445,35.75673],[51.46501,35.75675],[51.46558,35.75677],[51.46616,35.75679],[51.46674,35.7568],[51.46736,35.75676],[51.46799,35.75673],[51.46862,35.75671],[51.46926,35.75669],[51.4699,35.7567],[51.47054,35.75672],[51.47119,35.75678],[51.47184,35.7569],[51.47248,35.75702],[51.47312,35.75717],[51.47375,35.75737],[51.47438,35.75759],[51.47501,35.75781],[51.47562,35.75805],[51.47624,35.75827],[51.47685,35.75849],[51.47746,35.7587],[51.47806,35.75889],[51.47866,35.75902],[51.47926,35.75909],[51.47985,35.75923],[51.48047,35.75928],[51.48109,35.75928],[51.48169,35.7593],[51.48227,35.75929],[51.48272,35.75927],[51.48344,35.75913],[51.48427,35.75896],[51.48471,35.75886],[51.48518,35.75873],[51.48566,35.75859],[51.48612,35.75846],[51.48674,35.75808],[51.4865,35.75755],[51.48608,35.75738],[51.48544,35.75762],[51.48533,35.75801],[51.48515,35.75839],[51.48497,35.75879],[51.48467,35.75952],[51.48453,35.75999],[51.48441,35.76041],[51.48432,35.76085],[51.48428,35.76129],[51.4843,35.76172],[51.4844,35.76216],[51.48459,35.7626],[51.48485,35.76304],[51.48512,35.76352],[51.48539,35.76402],[51.48564,35.76453],[51.48584,35.76506],[51.48598,35.76561],[51.48606,35.76617],[51.4861,35.76671],[51.48615,35.76725],[51.48621,35.76778],[51.48626,35.76832],[51.48629,35.76888],[51.48633,35.76945],[51.48638,35.76999],[51.4864,35.77052],[51.4864,35.77107],[51.4864,35.77163],[51.48642,35.77217],[51.48647,35.77273],[51.48657,35.77328],[51.48674,35.77382],[51.48699,35.77435],[51.48728,35.77486],[51.48764,35.77536],[51.48804,35.77583],[51.48845,35.77631],[51.48888,35.77676],[51.48931,35.77721],[51.48972,35.77766],[51.4901,35.7781],[51.49043,35.77854],[51.49061,35.77905],[51.49057,35.77966],[51.49051,35.78023],[51.49049,35.78079],[51.49049,35.78134],[51.49048,35.7819],[51.49048,35.78246],[51.49052,35.78301],[51.49066,35.78354],[51.49093,35.78403],[51.49129,35.78442],[51.49176,35.78463],[51.49227,35.78463],[51.49275,35.78465],[51.49343,35.78503],[51.49404,35.78544],[51.49477,35.78563],[51.49538,35.78569],[51.49608,35.78579],[51.49661,35.78586],[51.49712,35.78581],[51.49745,35.78549],[51.49748,35.78511],[51.49773,35.78476],[51.4982,35.78496],[51.49866,35.78523],[51.49902,35.78563],[51.49947,35.78584],[51.49999,35.78597],[51.50066,35.786],[51.50139,35.78583],[51.50184,35.7857],[51.50229,35.78558],[51.50275,35.78547],[51.50325,35.78534],[51.50379,35.78522],[51.50436,35.78509],[51.50495,35.78494],[51.50557,35.78475],[51.50621,35.78457],[51.50687,35.78441],[51.50754,35.7842],[51.50824,35.784],[51.50894,35.7838],[51.50961,35.7836],[51.51026,35.7834],[51.51091,35.78321],[51.51156,35.78302],[51.51218,35.78282],[51.51279,35.78261],[51.51338,35.78238],[51.51396,35.78212],[51.51454,35.78181],[51.5151,35.78146],[51.51563,35.78107],[51.51614,35.7807],[51.51664,35.78031],[51.51716,35.77992],[51.51766,35.77952],[51.51818,35.77915],[51.51871,35.77879],[51.51926,35.77849],[51.51984,35.77822],[51.52044,35.77801],[51.52104,35.77782],[51.52166,35.77769],[51.52229,35.77759],[51.52292,35.77755],[51.52354,35.77751],[51.52414,35.77746],[51.52474,35.77742],[51.52535,35.77738],[51.52597,35.77734],[51.52662,35.77727],[51.5273,35.77723],[51.52797,35.77719],[51.52866,35.77718],[51.52933,35.77714],[51.53,35.77712],[51.53069,35.77707],[51.53135,35.77703],[51.53199,35.77698],[51.53265,35.77694],[51.53332,35.77689],[51.53398,35.77683],[51.53462,35.77677],[51.53526,35.77669],[51.53589,35.7766],[51.53654,35.77648],[51.53719,35.77637],[51.53786,35.77626],[51.53853,35.77611],[51.5392,35.77595],[51.53986,35.77578],[51.54053,35.77561],[51.54117,35.77544],[51.54181,35.77525],[51.54245,35.77504],[51.54309,35.77483],[51.54372,35.77459],[51.54437,35.77434],[51.54503,35.77412],[51.54566,35.77387],[51.54628,35.77367],[51.54692,35.77347],[51.54757,35.77324],[51.54821,35.77301],[51.54884,35.77278],[51.54947,35.77256],[51.55012,35.77235],[51.55074,35.77214],[51.55136,35.77191],[51.55199,35.7717],[51.55261,35.77148],[51.55324,35.77124],[51.55386,35.77101],[51.5545,35.77081],[51.55515,35.77058],[51.55581,35.77036],[51.55644,35.77014],[51.55707,35.76989],[51.55769,35.76963],[51.55828,35.76933],[51.55887,35.76903],[51.55945,35.76868],[51.56001,35.76831],[51.56058,35.76793],[51.56114,35.76756],[51.56168,35.76718],[51.5622,35.76681],[51.56275,35.76642],[51.56329,35.76606],[51.56385,35.76572],[51.56441,35.76541],[51.565,35.76507],[51.56557,35.76472],[51.56616,35.76438],[51.56672,35.76402],[51.56726,35.76362],[51.56781,35.76323],[51.56836,35.76285],[51.56889,35.76247],[51.56942,35.76209],[51.56995,35.76168],[51.57047,35.76128],[51.57097,35.76087],[51.57146,35.76044],[51.57196,35.76004],[51.57247,35.75966],[51.57298,35.75926],[51.57346,35.75887],[51.57392,35.75847],[51.57439,35.75806],[51.57481,35.75764],[51.57519,35.7572],[51.57552,35.75674],[51.57581,35.75629],[51.57606,35.75582],[51.57628,35.75535],[51.57642,35.75496],[51.57654,35.7546],[51.57661,35.75423],[51.57677,35.75375],[51.57709,35.75324],[51.57757,35.75274],[51.57813,35.75235],[51.57877,35.75197],[51.57922,35.75158],[51.57888,35.75118],[51.57852,35.75096],[51.57812,35.75068],[51.5777,35.75039],[51.57729,35.75008],[51.57692,35.74974],[51.57662,35.74942],[51.57629,35.74906],[51.5763,35.74843],[51.57665,35.74782],[51.57688,35.7475],[51.57706,35.74684],[51.57692,35.74648],[51.57675,35.74612],[51.57658,35.74571],[51.57626,35.74517],[51.57579,35.74519],[51.57509,35.74537],[51.57467,35.7455],[51.5742,35.74563],[51.57373,35.74577],[51.57303,35.74598],[51.57251,35.74574],[51.5723,35.74516],[51.57214,35.74481],[51.57198,35.74444],[51.57187,35.74374],[51.57215,35.74321],[51.57241,35.74289],[51.5727,35.74253],[51.57298,35.74209],[51.57263,35.7416],[51.57203,35.74126],[51.57137,35.74088],[51.57096,35.74063],[51.57043,35.74034],[51.56975,35.73997],[51.56938,35.73975],[51.56867,35.73934],[51.5681,35.73898],[51.56764,35.73869],[51.56711,35.73835],[51.56649,35.73796],[51.56614,35.73774],[51.56576,35.73751],[51.56539,35.73727],[51.565,35.73703],[51.56461,35.7368],[51.56404,35.73645],[51.56349,35.73622],[51.56308,35.73592],[51.56245,35.73553],[51.56178,35.73514],[51.56131,35.73487],[51.56074,35.73452],[51.56012,35.73415],[51.55962,35.73384],[51.55904,35.73352],[51.55855,35.73321],[51.55802,35.73293],[51.55747,35.7326],[51.55694,35.73232],[51.55639,35.73202],[51.55593,35.73178],[51.55544,35.7315],[51.55499,35.73122],[51.5543,35.73084],[51.55374,35.73051],[51.55373,35.73015],[51.55399,35.72988],[51.55411,35.72995]]]}},{"type":"Feature","properties":{"route":3,"color":"#7c3aed","times":[[21296,21311,21350,21404,21463,21496,21517,21541,21553,21613,21673,21733,21778,21811,21871,21883,21910,21916,21940,22000,22060,22120,22180,22240,22427,22436,22463,22475,22535,22568,22595,22601,22607,22613,22619,23030,23036,23183,23222,23259,23277,23337,23397,23457,23517,23577,23637,23697,23724,23784,23844,23904,23964,24024,24084,24144,24204,24264,24324,24384,24444,24504,24564,24624,24684,24744,24804,24864,24924,24984,25038,25098,25134,25164,25171,25231,25291,25351,25411,25471,25531,25591,25651,25711,25771,25831,25891,25951,26011,26071,26131,26191,26251,26311,26371,26431,26491,26551,26611,26671,26731,26791,26851,26911,26971,27031,27091,27152,27212,27272,27332,27392,27452,27513,27573,27634,27696,27757,27819,27880,27941,28001,28063,28124,28186,28247,28308,28370,28432,28492,28552,28612,28672,28732,28792,28837,28846,28855,28864,28873,28879,28885,28894,28903,28912,28921,28927,28936,28945,28951,28957,28963,28969,28975,28981,28987,28996,29002,29008,29014,29023,29029,29035,29041,29047,29056,29065,29071,29077,29137,29176,29182,29188,29194,29200,29209,29218,29224,29227,29233,29239,29248,29254,29260,29269,29329,29344,29350,29356,29362,29368,29374,29377,29380,29386,29392,29398,29404,29410,29416,29422,29428,29434,29440,29446,29455,29470,29497,29500,29503,29506,29509,29512,29515,29518,29524,29533,29542,29548,29554,29560,29566,29575,29581,29587,29593,29599,29602,29605,29608,29611,29614,29617,29623,29635,29644,29650,29656,29659,29662,29665,29668,29671,29674,29677,29683,29689,29698,29704,29713,29719,29725,29731,29737,29743,29749,29755,29761,29767,29779,29818,29839,29851,29857,29863,29869,29875,29881,29887,29893,29899,29902,29905,29908,29911,29914,29917,29920,29923,29926,29929,29932,29935,29938,29941,29944,29947,29950,29953,29956,29962,29968,29974,29980,29986,29992,29998,30004,30010,30016,30022,30028,30031,30034,30037,30040,30043,30046,30049,30055,30061,30067,30070,30073,30076,30079,30082,30085,30091,30100,30112,30121,30148,30157,30172,30184,30199,30211,30226,30232,30238,30244,30250,30256,30262,30268,30274,30277,30280,30283,30286,30289,30292,30295,30298,30301,30304,30307,30310,30313,30316,30319,30322,30325,30328,30331,30334,30337,30340,30343,30346,30349,30352,30355,30358,30361,30364,30367,30370,30373,30376,30379,30382,30385,30388,30391,30394,30397,30400,30403,30406,30409,30412,30415,30418,30421,30424,30427,30430,30433,30436,30439,30442,30445,30448,30451,30454,30457,30460,30509,30515,30521,30533,30536,30539,30542,30545,30548,30551,30554,30557,30560,30563,30566,30569,30572,30575,30578,30581,30584,30587,30590,30593,30596,30599,30602,30605,30608,30611,30614,30617,30620,30623,30626,30629,30632,30635,30638,30641,30644,30647,30650,30653,30656,30659,30662,30665,30668,30671,30674,30677,30680,30683,30686,30689,30692,30695,30698,30701,30704,30707,30710,30716,30722,30728,30731,30734,30737,30740,30743,30746,30749,30752,30755,30758,30761,30764,30767,30770,30773,30776,30779,30782,30785,30788,30791,30794,30797,30800,30803,30806,30809,30812,30815,30818,30821,30824,30827,30830,30833,30836,30839,30842,30845,30848,30851,30854,30857,30860,30863,30866,30869,30872,30875,30878,30881,30884,30887,30890,30893,30896,30899,30902,30905,30908,30911,30914,30917,30920,30923,30926,30929,30932,30935,30938,30941,30944,30947,30950,30953,30956,30959,30962,30965,30968,30971,30974,30977,30980,30983,30986,30989,30992,30995,30998,31001,31004,31007,31010,31013,31016,31019,31022,31028,31034,31040,31043,31049,31055,31058,31061,31064,31067,31070,31073,31076,31082,31088,31094,31100,31103,31106,31109,31112,31118,31127,31133,31142,31148,31157,31166,31175,31181,31187,31193,31202,31208,31220,31226,31232,31238,31247,31253,31259,31319,31379,31439,31499,31559,31619,31676,31736,31796,31856,31916,31976,32036,32096,32156,32216,32276,32336,32342,32351,32357,32363,32369,32375,32387,32393,32402,32408,32414,32420,32426,32438,32444,32477,32537,32597,32657,32717,32777,32837,32897,32957,33017,33077,33137,33197,33257,33317,33377,33401,33416,33428,33437,33443,33449,33455,33461,33464,33467,33470,33473,33479,33485,33491,33494,33497,33500,33503,33506,33509,33512,33518,33524,33530,33536,33542,33551,33557,33563,33569,33575,33581,33587,33593,33602,33608,33614,33620,33626,33641,33650,33656,33671,33680,33686,33722,33731,33791,33815,33833,33869,33890,33935,33950,34001,34049,34109,34118,34127,34133,34139,34145,34205,34265,34292,34301,34307,34313,34322,34331,34346,34355,34403,34463,34523,34583,34616,34625,34634,34640,34646,34652,34658,34664,34670,34679,34685,34691,34700,34706,34712,34718,34724,34733,34793,34829,35020,35080,35140,35200,35260,35320,35353,35377,35389,35401,35461,35521,35581,35611,35626,35641,35650,35659,35665,35671,35680,35686,35692,35698,35704,35710,35716,35722,35728,35734,35740,35746,35749,35752,35755,35758,35761,35764,35770,35776,35782,35788,35794,35800,35806,35809,35812,35815,35818,35821,35824,35827,35833,35839,35845,35851,35857,35860,35866,35872,35878,35893,35899,35905,35911,35923,35929,35938,35947,35953,35959,35965,35974,35983,35992,35998,36004,36007,36013,36022,36028,36034,36037,36040,36043,36046,36049,36052,36055,36058,36061,36067,36079,36088,36100,36106,36112,36118,36124,36130,36136,36145,36205,36265,36325,36385,36445,36463,36472,36478,36484,36493,36499,36559,36619,36679,36709,36718,36727,36733,36739,36754,36760,36814,36874,36934,36994,37021,37027,37045,37051,37102,37111,37120,37126,37141,37147,37156,37216,37276,37336,37351,37375,37387,37399,37405,37414,37420,37426,37432,37435,37438,37441,37444,37447,37450,37453,37456,37459,37462,37465,37468,37474,37522,37582,37642,37702,37735,37795,37855,37885,37900,37906,37915,37927,37933,37939,37945,37954,37960,37969,37978,37984,37990,37996,38002,38008,38017,38023,38029,38041,38047,38056,38068,38074,38080,38086,38092,38098,38104,38107,38113,38116,38119,38122,38125,38128,38131,38134,38137,38140,38143,38146,38149,38152,38155,38158,38161,38164,38167,38170,38173,38176,38179,38182,38185,38188,38191,38194,38197,38200,38203,38206,38209,38212,38215,38218,38221,38224,38227,38230,38233,38236,38239,38242,38245,38248,38251,38254,38257,38260,38263,38266,38269,38272,38275,38278,38281,38284,38287,38290,38293,38296,38299,38302,38305,38308,38311,38314,38317,38320,38323,38326,38329,38332,38335,38338,38341,38344,38350,38356,38362,38368,38389,38395,38401,38410,38419,38434,38440,38446,38452,38470,38476,38482,38488,38494,38506,38512,38518,38527,38539,38557,38617,38677,38737,38797,38806,38824,38830,38839,38845,38851,38863,38911,38971,39016,39076,39136,39160,39166,39172,39184,39190,39202,39211,39217,39223,39229,39289,39337,39397,39457,39517,39577,39637,39697,39757,39817,39850,39856,39880,39892,39952,40012,40072,40132,40147,40165,40183,40189,40195,40216,40231,40246,40261,40267,40276,40288,40297,40303,40309,40315,40321,40327,40333,40339,40345,40351,40357,40366,40375,40399,40417,40423,40435,40495,40555,40615,40669,40681,40690,40696,40726,40786,40840,40858,40864,40870,40879,40885,40894,40903,40909,40915,40921,40933,40945,40954,40963,40984,41044,41104,41119,41125,41131,41137,41143,41149,41155,41164,41170,41176,41182,41188,41194,41200,41215,41230,41245,41257,41263,41269,41275,41281,41293,41299,41305,41365,41425,41485,41545,41551,41557,41569,41575,41581,41587,41611,41617,41632,41644,41653,41662,41668,41674,41680,41686,41689,41692,41695,41698,41701,41704,41707,41710,41713,41719,41725,41731,41737,41740,41743,41749,41755,41761,41764,41767,41773,41779,41839,41866,41872,41881,41890,41896,41902,41911,41917,41923,41929,41941,41947,41953,41965,42025,42085,42145,42205,42265,42325,42334,42340,42349,42355,42361,42367,42373,42379,42385,42394,42400,42406,42415,42421,42427,42433,42463,42472,42478,42484,42487,42490,42493,42499,42505,42511,42517,42523,42526,42529,42532,42535,42538,42541,42544,42547,42550,42553,42556,42559,42562,42565,42568,42571,42574,42577,42580,42583,42586,42589,42592,42595,42598,42601,42604,42607,42613,42619,42622,42628,42634,42637,42640,42643,42646,42649,42652,42655,42658,42661,42664,42667,42670,42673,42676,42679,42682,42685,42688,42691,42694,42697,42700,42703,42706,42709,42712,42715,42718,42721,42724,42727,42730,42733,42736,42739,42742,42745,42748,42751,42754,42757,42760,42763,42766,42769,42772,42775,42778,42781,42784,42787,42790,42793,42796,42799,42802,42805,42808,42811,42814,42817,42820,42823,42826,42829,42832,42835,42838,42841,42844,42847,42850,42853,42856,42859,42862,42865,42868,42871,42874,42877,42880,42883,42886,42889,42892,42895,42898,42901,42904,42907,42910,42913,42916,42919,42922,42925,42928,42931,42934,42937,42940,42943,42946,42949,42952,42955,42958,42961,42964,42967,42970,42973,42976,42979,42982,42985,42988,42991,42994,42997,43000,43003,43006,43009,43012,43015,43018,43021,43024,43027,43030,43036,43042,43048,43054,43060,43066,43072,43078,43081,43084,43087,43090,43093,43096,43099,43102,43105,43108,43111,43114,43117,43127,43130,43133,43177,43180,43183,43186,43189,43192,43195,43198,43201,43204,43207,43210,43213,43216,43219,43222,43225,43231,43234,43237,43240,43243,43246,43249,43255,43261,43264,43267,43270,43273,43276,43279,43282,43285,43288,43294,43297,43300,43303,43306,43309,43312,43315,43318,43321,43324,43327,43330,43333,43336,43339,43342,43345,43348,43351,43354,43357,43360,43366,43372,43378,43384,43387,43390,43393,43396,43399,43402,43405,43408,43411,43414,43417,43420,43423,43426,43429,43432,43438,43447,43456,43468,43477,43483,43489,43495,43501,43507,43513,43519,43525,43531,43540,43546,43552,43558,43564,43570,43576,43582,43588,43600,43612,43621,43627,43633,43639,43645,43651,43657,43663,43666,43669,43672,43675,43678,43681,43684,43687,43690,43693,43696,43699,43705,43726,43741,43768,43786,43804,43813,43828,43846,43867,43894,43909,43945,43957,43963,43966,43969,43972,43975,43978,43984,43990,43996,44002,44008,44017,44026,44038,44044,44050,44056,44062,44065,44071,44077,44083,44089,44095,44101,44104,44107,44110,44113,44116,44119,44122,44125,44128,44131,44137,44143,44152,44158,44164,44170,44194,44200,44206,44209,44215,44221,44233,44242,44248,44254,44263,44272,44278,44284,44290,44296,44305,44314,44320,44326,44332,44338,44344,44350,44410,44470,44497,44503,44509,44515,44521,44527,44533,44539,44545,44584,44590,44596,44602,44635,44647,44656,44662,44668,44674,44680,44686,44692,44701,44707,44713,44719,44725,44731,44734,44737,44740,44743,44749,44758,44764,44770,44773,44776,44779,44782,44785,44791,44806,44812,44818,44824,44830,44839,44845,44854,44860,44881,44890,44902,44917]]},"geometry":{"type":"MultiLineString","coordinates":[[[51.55017,35.7417],[51.55097,35.74141],[51.55107,35.74101],[51.55807,35.73417],[51.5576,35.73378],[51.5573,35.73342],[51.55694,35.73321],[51.55689,35.73273],[51.55659,35.73244],[51.55628,35.73227],[51.55594,35.73207],[51.55584,35.73191],[51.55569,35.73157],[51.55555,35.73122],[51.55541,35.73105],[51.5548,35.73087],[51.55405,35.73004],[51.55381,35.73045],[51.55413,35.73072],[51.55421,35.73059],[51.55408,35.73025],[51.55413,35.73014],[51.55442,35.73027],[51.55461,35.73027],[51.55313,35.73015],[51.55355,35.7303],[51.55409,35.7303],[51.55459,35.73026],[51.55464,35.73014],[51.55427,35.73034],[51.55378,35.73046],[51.55331,35.73039],[51.55284,35.73033],[51.5523,35.73037],[51.55171,35.73045],[51.55465,35.72911],[51.55465,35.72948],[51.55427,35.73115],[51.5548,35.73112],[51.55485,35.73076],[51.55485,35.73039],[51.55464,35.73018],[51.55477,35.73023],[51.55478,35.73023],[51.55479,35.73023],[51.55479,35.73022],[51.55479,35.73023],[51.55475,35.73027],[51.55423,35.73021],[51.55409,35.72992],[51.55402,35.72984],[51.55403,35.72982],[51.55412,35.72982],[51.55422,35.72995],[51.5542,35.72984],[51.55419,35.72978],[51.55412,35.72982],[51.55401,35.72981],[51.55403,35.72985],[51.55403,35.72984],[51.55403,35.72984],[51.55401,35.72982],[51.55401,35.72983],[51.55402,35.72985],[51.55398,35.72989],[51.55395,35.72992],[51.55395,35.72992],[51.55394,35.72993],[51.55395,35.72997],[51.55398,35.72998],[51.55443,35.73016],[51.55466,35.73038],[51.55449,35.73005],[51.55438,35.73042],[51.55411,35.73008],[51.55424,35.73001],[51.55421,35.72995],[51.5542,35.72994],[51.55407,35.72989],[51.5541,35.72992],[51.5541,35.72993],[51.55412,35.72993],[51.55421,35.73001],[51.55388,35.72992],[51.55394,35.72988],[51.55393,35.72983],[51.554,35.72987],[51.55396,35.72995],[51.55396,35.72995],[51.55396,35.72994],[51.55398,35.72996],[51.554,35.73],[51.55412,35.72999],[51.55414,35.73012],[51.55423,35.72992],[51.55423,35.72998],[51.55417,35.73002],[51.55418,35.73002],[51.55417,35.73002],[51.55414,35.73002],[51.55413,35.73004],[51.55414,35.73003],[51.55413,35.73004],[51.55413,35.73006],[51.55411,35.73007],[51.55415,35.73003],[51.55415,35.73005],[51.55426,35.72992],[51.55422,35.72991],[51.55421,35.72992],[51.55417,35.72995],[51.55415,35.72998],[51.55422,35.72993],[51.55426,35.72992],[51.554,35.72997],[51.55411,35.72999],[51.55418,35.72995],[51.55422,35.72993],[51.55423,35.72992],[51.55422,35.72993],[51.55421,35.72993],[51.5542,35.72994],[51.55419,35.72994],[51.55419,35.72994],[51.55417,35.72995],[51.55405,35.72998],[51.55389,35.72987],[51.55387,35.72996],[51.55398,35.72981],[51.554,35.72971],[51.55399,35.72974],[51.5538,35.72995],[51.55396,35.72995],[51.55398,35.72987],[51.55408,35.72989],[51.55378,35.7302],[51.55349,35.73051],[51.55321,35.73079],[51.55282,35.73121],[51.55251,35.7315],[51.55225,35.73179],[51.55194,35.73212],[51.55158,35.73253],[51.55123,35.73295],[51.55091,35.73335],[51.55061,35.73369],[51.55033,35.73399],[51.54971,35.73415],[51.54923,35.73416],[51.54875,35.73412],[51.5482,35.73382],[51.54775,35.73354],[51.54727,35.73326],[51.54675,35.73296],[51.54625,35.73265],[51.54586,35.7324],[51.54536,35.73224],[51.54504,35.7325],[51.54459,35.73288],[51.54402,35.73317],[51.54345,35.7333],[51.54289,35.73336],[51.54218,35.73347],[51.54146,35.73358],[51.54082,35.73362],[51.54037,35.73367],[51.53984,35.73373],[51.53929,35.73378],[51.53876,35.73388],[51.53858,35.73387],[51.5381,35.73395],[51.53757,35.734],[51.53697,35.73408],[51.5363,35.7342],[51.53576,35.73427],[51.53525,35.73434],[51.53466,35.73443],[51.5339,35.73452],[51.53345,35.73457],[51.53271,35.73467],[51.5322,35.73473],[51.53172,35.73478],[51.5311,35.73488],[51.53056,35.73495],[51.53004,35.73503],[51.52997,35.73504],[51.52933,35.73508],[51.5287,35.73516],[51.52815,35.73522],[51.52746,35.73531],[51.52678,35.7354],[51.52598,35.73551],[51.52551,35.73557],[51.52505,35.73563],[51.52438,35.73574],[51.52369,35.73584],[51.52298,35.73591],[51.52229,35.736],[51.52159,35.7361],[51.52095,35.73618],[51.52059,35.7365],[51.52063,35.73703],[51.52085,35.73749],[51.52115,35.73801],[51.5215,35.73854],[51.52179,35.73891],[51.52203,35.73922],[51.52155,35.73875],[51.52128,35.73844],[51.52102,35.73807],[51.52075,35.73764],[51.52047,35.7372],[51.52021,35.73681],[51.51996,35.73645],[51.51975,35.73611],[51.51944,35.73562],[51.51919,35.73526],[51.51897,35.73494],[51.5187,35.73455],[51.51842,35.73412],[51.51809,35.73363],[51.51782,35.73321],[51.51729,35.73291],[51.51662,35.73296],[51.51581,35.73306],[51.51497,35.73318],[51.51408,35.73329],[51.51358,35.73335],[51.51309,35.73342],[51.51257,35.73349],[51.51207,35.73357],[51.51155,35.73365],[51.51107,35.73371],[51.51049,35.73382],[51.50999,35.73389],[51.50952,35.73395],[51.50898,35.73398],[51.50823,35.73406],[51.50778,35.73409],[51.5073,35.73415],[51.50679,35.73423],[51.50629,35.73428],[51.50582,35.73434],[51.50534,35.73439],[51.50488,35.73445],[51.50416,35.73455],[51.5037,35.73463],[51.503,35.73472],[51.50241,35.73479],[51.50176,35.73488],[51.50114,35.73496],[51.50046,35.73504],[51.49992,35.73512],[51.49947,35.73517],[51.49901,35.73523],[51.49836,35.73532],[51.49771,35.7354],[51.49693,35.7355],[51.49635,35.73558],[51.49587,35.73565],[51.49538,35.7357],[51.49493,35.73574],[51.49439,35.7358],[51.49389,35.73587],[51.49338,35.73593],[51.49288,35.736],[51.49242,35.73605],[51.49186,35.73612],[51.49121,35.73621],[51.49057,35.73641],[51.48972,35.73654],[51.48922,35.73662],[51.48868,35.73672],[51.48813,35.73679],[51.48764,35.73689],[51.48714,35.73694],[51.48664,35.737],[51.48614,35.73709],[51.48564,35.73718],[51.48513,35.73726],[51.48461,35.73736],[51.48405,35.73746],[51.48345,35.73755],[51.48285,35.73764],[51.48223,35.73773],[51.48159,35.73781],[51.48096,35.73792],[51.48035,35.73803],[51.4798,35.73814],[51.47936,35.73822],[51.47859,35.73838],[51.47791,35.73852],[51.4772,35.73867],[51.47658,35.7388],[51.47601,35.73892],[51.4753,35.73906],[51.47458,35.73917],[51.47386,35.7393],[51.47314,35.73944],[51.47237,35.73958],[51.47157,35.73971],[51.47076,35.73983],[51.47031,35.73989],[51.46984,35.73996],[51.46936,35.74003],[51.46888,35.74009],[51.46842,35.74015],[51.46797,35.74021],[51.46753,35.74027],[51.46681,35.74035],[51.46607,35.74046],[51.46522,35.74052],[51.46477,35.74052],[51.46431,35.74052],[51.46383,35.74056],[51.4633,35.74066],[51.46276,35.74081],[51.46232,35.74094],[51.46176,35.74111],[51.46129,35.74125],[51.46077,35.74134],[51.46031,35.74138],[51.45974,35.74135],[51.45921,35.74129],[51.45867,35.74122],[51.45816,35.74117],[51.45763,35.74117],[51.45716,35.74119],[51.45656,35.74125],[51.45609,35.74128],[51.45564,35.74133],[51.45506,35.74138],[51.45435,35.74143],[51.45352,35.74152],[51.45269,35.74159],[51.45198,35.74166],[51.45121,35.74175],[51.45075,35.74178],[51.45023,35.74183],[51.44971,35.74187],[51.44919,35.74192],[51.44869,35.74194],[51.44818,35.74197],[51.44767,35.74198],[51.44717,35.742],[51.44665,35.74205],[51.44611,35.74211],[51.4456,35.7422],[51.44511,35.74232],[51.44463,35.74246],[51.44418,35.74259],[51.44369,35.74267],[51.44318,35.74271],[51.44263,35.74272],[51.44209,35.74272],[51.44158,35.74273],[51.44105,35.74273],[51.44051,35.74273],[51.43999,35.74273],[51.4395,35.74274],[51.43899,35.74275],[51.43846,35.74274],[51.4379,35.74274],[51.43732,35.74272],[51.43671,35.74271],[51.43608,35.74265],[51.43548,35.74255],[51.43488,35.74238],[51.43431,35.74215],[51.43375,35.74188],[51.43319,35.74156],[51.43262,35.74126],[51.432,35.74101],[51.43135,35.74081],[51.43066,35.74066],[51.42999,35.74058],[51.42932,35.74054],[51.42868,35.74051],[51.42807,35.7405],[51.42748,35.74048],[51.42688,35.74046],[51.42626,35.74044],[51.42562,35.74042],[51.42495,35.7404],[51.42424,35.74037],[51.42351,35.74034],[51.42277,35.74031],[51.42207,35.74029],[51.42137,35.74027],[51.42071,35.74026],[51.42004,35.74024],[51.41936,35.74021],[51.41866,35.74019],[51.41799,35.74016],[51.41739,35.74019],[51.41682,35.7403],[51.4163,35.74052],[51.41582,35.74082],[51.41536,35.74116],[51.40727,35.74395],[51.40642,35.74412],[51.40554,35.74417],[51.40396,35.74401],[51.40336,35.74399],[51.40291,35.74391],[51.40248,35.74375],[51.40202,35.74358],[51.40158,35.74339],[51.40109,35.74311],[51.40061,35.74276],[51.40014,35.74246],[51.39963,35.74223],[51.39914,35.74198],[51.39863,35.74177],[51.39811,35.7416],[51.39758,35.74147],[51.39708,35.74138],[51.39655,35.74132],[51.396,35.74125],[51.39544,35.74126],[51.39482,35.74136],[51.3942,35.74147],[51.39362,35.74166],[51.39307,35.74183],[51.39256,35.74204],[51.39204,35.74225],[51.39147,35.74246],[51.39089,35.74267],[51.39031,35.7429],[51.38974,35.74309],[51.38914,35.74328],[51.38854,35.74341],[51.38795,35.74352],[51.38737,35.74358],[51.38677,35.74361],[51.38612,35.74355],[51.38546,35.74344],[51.38476,35.74328],[51.38406,35.74311],[51.38333,35.74293],[51.38261,35.74274],[51.38189,35.74256],[51.38116,35.74238],[51.38045,35.74222],[51.37976,35.74208],[51.37911,35.74195],[51.3785,35.74183],[51.37789,35.7417],[51.37728,35.7416],[51.37665,35.7415],[51.37599,35.7414],[51.37531,35.74128],[51.37459,35.74116],[51.37387,35.74103],[51.37324,35.74093],[51.37266,35.74081],[51.37205,35.74067],[51.37146,35.74052],[51.37088,35.74039],[51.37031,35.74027],[51.36973,35.74014],[51.36921,35.74005],[51.36845,35.74021],[51.36831,35.74086],[51.36904,35.74119],[51.36946,35.74104],[51.36971,35.7407],[51.36982,35.74032],[51.36994,35.73989],[51.37006,35.73943],[51.37018,35.73891],[51.37031,35.73835],[51.37043,35.73778],[51.37055,35.7372],[51.37068,35.73662],[51.3708,35.73604],[51.37091,35.7355],[51.37102,35.73498],[51.37113,35.73449],[51.37121,35.73397],[51.37126,35.73342],[51.37123,35.73284],[51.37112,35.73231],[51.37096,35.73179],[51.37079,35.73133],[51.37056,35.73092],[51.3703,35.73054],[51.36999,35.73017],[51.36964,35.72981],[51.36927,35.72948],[51.36892,35.72917],[51.36862,35.72887],[51.36833,35.72858],[51.36803,35.72829],[51.36769,35.72798],[51.36731,35.72764],[51.36693,35.72728],[51.36656,35.72695],[51.36618,35.72659],[51.36583,35.72625],[51.36546,35.72591],[51.3651,35.72559],[51.36477,35.72527],[51.36446,35.72498],[51.36416,35.7247],[51.36385,35.72441],[51.36352,35.7241],[51.36317,35.72377],[51.36282,35.72344],[51.36247,35.72311],[51.36209,35.72276],[51.36173,35.72243],[51.3614,35.72211],[51.36104,35.72178],[51.36072,35.72147],[51.3604,35.72118],[51.3601,35.72089],[51.35979,35.72058],[51.35946,35.72028],[51.35912,35.71996],[51.35883,35.71968],[51.35854,35.71941],[51.35823,35.71912],[51.35793,35.71882],[51.35762,35.71853],[51.35732,35.71824],[51.35702,35.71797],[51.35672,35.71768],[51.35641,35.7174],[51.35609,35.7171],[51.35576,35.71679],[51.35539,35.71646],[51.35502,35.71613],[51.35459,35.7158],[51.35412,35.71548],[51.35361,35.71516],[51.35305,35.71484],[51.35244,35.71456],[51.35181,35.7143],[51.35114,35.71406],[51.35046,35.71385],[51.3498,35.71369],[51.34917,35.71355],[51.3486,35.71341],[51.34808,35.7133],[51.34754,35.7132],[51.34698,35.71307],[51.34646,35.71296],[51.34594,35.71285],[51.34538,35.71272],[51.34481,35.71259],[51.34421,35.71247],[51.34357,35.71232],[51.34294,35.71221],[51.34233,35.71212],[51.34169,35.71205],[51.34102,35.71199],[51.34034,35.71196],[51.33968,35.71195],[51.33903,35.71195],[51.33837,35.71196],[51.33776,35.712],[51.3372,35.71206],[51.3365,35.71217],[51.3357,35.71231],[51.33485,35.71251],[51.33441,35.71261],[51.33361,35.71281],[51.33278,35.71303],[51.33235,35.71314],[51.33191,35.71326],[51.33146,35.71337],[51.33099,35.71353],[51.33048,35.71365],[51.32996,35.71374],[51.32951,35.71382],[51.32871,35.71401],[51.32801,35.71427],[51.32793,35.71483],[51.32858,35.71477],[51.32887,35.7144],[51.32899,35.71399],[51.32917,35.71356],[51.32938,35.71318],[51.3297,35.71273],[51.33017,35.7123],[51.33053,35.71205],[51.33064,35.71163],[51.33022,35.71124],[51.32974,35.71115],[51.32918,35.71132],[51.32866,35.71128],[51.32811,35.71102],[51.32741,35.71071],[51.32681,35.71046],[51.32642,35.71023],[51.32586,35.70996],[51.3254,35.7097],[51.32495,35.7095],[51.32439,35.70925],[51.3237,35.70938],[51.32308,35.70946],[51.32241,35.70932],[51.32187,35.70923],[51.32184,35.70921],[51.32184,35.70921],[51.3218,35.70917],[51.32182,35.70932],[51.32189,35.70922],[51.32167,35.70947],[51.32155,35.70987],[51.32133,35.7098],[51.32165,35.70975],[51.32162,35.70955],[51.32157,35.70965],[51.3216,35.70964],[51.32156,35.7096],[51.32155,35.70968],[51.32171,35.70948],[51.32163,35.70963],[51.32179,35.70926],[51.32209,35.70917],[51.32259,35.70923],[51.32312,35.70934],[51.32366,35.70931],[51.32422,35.70931],[51.32484,35.70956],[51.32533,35.70972],[51.32586,35.70989],[51.3264,35.71015],[51.32686,35.71036],[51.32734,35.71047],[51.32785,35.71059],[51.32832,35.7109],[51.32869,35.71122],[51.32879,35.7116],[51.32853,35.71189],[51.32822,35.71216],[51.32806,35.71203],[51.328,35.71206],[51.32804,35.7121],[51.32791,35.71191],[51.32802,35.71219],[51.32808,35.71219],[51.32805,35.71218],[51.32802,35.71215],[51.328,35.71211],[51.32803,35.71218],[51.3284,35.71208],[51.32841,35.71239],[51.32843,35.71239],[51.32843,35.71239],[51.32843,35.71224],[51.32878,35.7119],[51.32889,35.71149],[51.32939,35.71123],[51.32991,35.71106],[51.33027,35.71079],[51.33067,35.71037],[51.33098,35.71005],[51.33102,35.70935],[51.33103,35.70897],[51.33107,35.70861],[51.33109,35.70823],[51.33109,35.70785],[51.33111,35.70715],[51.33113,35.7066],[51.33114,35.70595],[51.33115,35.70557],[51.33118,35.70517],[51.33119,35.70473],[51.33121,35.70426],[51.33122,35.70377],[51.33125,35.70329],[51.33126,35.70291],[51.33126,35.70242],[51.33127,35.70203],[51.33129,35.70142],[51.33131,35.70073],[51.33132,35.70015],[51.33098,35.69984],[51.33033,35.69982],[51.32946,35.69979],[51.32864,35.69976],[51.3278,35.69973],[51.32696,35.69971],[51.32621,35.69971],[51.3256,35.6997],[51.32511,35.69969],[51.32459,35.69967],[51.32389,35.69967],[51.32321,35.69965],[51.32272,35.69966],[51.3225,35.70007],[51.32235,35.70043],[51.3219,35.70041],[51.32169,35.70087],[51.32165,35.70144],[51.32161,35.70185],[51.32134,35.70217],[51.32089,35.70223],[51.32055,35.7025],[51.32025,35.7028],[51.31987,35.70301],[51.32034,35.70448],[51.32022,35.70486],[51.32021,35.70524],[51.32034,35.7056],[51.32013,35.70592],[51.3202,35.70629],[51.32013,35.70632],[51.31961,35.70632],[51.31957,35.70673],[51.31955,35.70717],[51.31949,35.70761],[51.31946,35.7081],[51.31953,35.70839],[51.31937,35.70833],[51.31946,35.70784],[51.31951,35.70737],[51.31955,35.70699],[51.31957,35.70661],[51.31926,35.70629],[51.31874,35.70619],[51.31822,35.70616],[51.31777,35.70608],[51.31734,35.70595],[51.31724,35.70593],[51.31728,35.70593],[51.31737,35.7062],[51.31687,35.70612],[51.31636,35.70615],[51.31593,35.70623],[51.31583,35.7066],[51.31577,35.70701],[51.31576,35.70752],[51.31574,35.70809],[51.31573,35.70869],[51.31569,35.70917],[51.31567,35.70972],[51.31564,35.71025],[51.31564,35.71076],[51.31566,35.71125],[51.31564,35.71172],[51.31561,35.71222],[51.31562,35.71266],[51.31556,35.71305],[51.31563,35.71348],[51.31577,35.71349],[51.31612,35.71371],[51.31595,35.71347],[51.31579,35.71352],[51.31613,35.7136],[51.31613,35.71372],[51.31611,35.71387],[51.31616,35.71395],[51.31582,35.71367],[51.3164,35.71371],[51.31654,35.71422],[51.31654,35.7146],[51.3162,35.71485],[51.31623,35.71495],[51.3165,35.71487],[51.31656,35.71447],[51.31656,35.71396],[51.31602,35.71376],[51.31554,35.71377],[51.31508,35.7141],[51.31456,35.71422],[51.31389,35.71422],[51.31326,35.7142],[51.31269,35.71415],[51.31202,35.71415],[51.31124,35.71414],[51.31047,35.71411],[51.31002,35.71395],[51.31,35.71339],[51.30985,35.71295],[51.30927,35.71275],[51.30857,35.7129],[51.30808,35.71341],[51.30768,35.71402],[51.30754,35.71438],[51.30748,35.71475],[51.30747,35.71512],[51.30747,35.7155],[51.30747,35.71589],[51.30746,35.71626],[51.30745,35.71692],[51.30744,35.71737],[51.30744,35.71779],[51.30748,35.71821],[51.30765,35.71875],[51.30782,35.71935],[51.30803,35.72006],[51.30813,35.72043],[51.30823,35.7208],[51.30834,35.72116],[51.30846,35.72152],[51.30859,35.7219],[51.30871,35.72227],[51.30881,35.72263],[51.30892,35.7233],[51.30904,35.72387],[51.3092,35.72445],[51.3094,35.7251],[51.30961,35.72575],[51.3097,35.7261],[51.30991,35.72675],[51.31004,35.72728],[51.31013,35.72774],[51.30987,35.72734],[51.30971,35.72673],[51.30954,35.72614],[51.3094,35.72571],[51.30897,35.72558],[51.3085,35.72571],[51.30791,35.72592],[51.30736,35.7261],[51.30677,35.72631],[51.30615,35.72653],[51.30552,35.72675],[51.30502,35.72691],[51.30446,35.72709],[51.30393,35.72708],[51.30376,35.7267],[51.30358,35.72605],[51.30349,35.72565],[51.30338,35.72507],[51.30331,35.72465],[51.30317,35.72413],[51.30301,35.72345],[51.3029,35.72307],[51.30279,35.72265],[51.30269,35.72223],[51.30259,35.72178],[51.30246,35.72136],[51.30236,35.72095],[51.30225,35.72052],[51.30213,35.7201],[51.30204,35.71969],[51.30189,35.71911],[51.30137,35.71913],[51.30085,35.71922],[51.30069,35.71965],[51.30084,35.72003],[51.30094,35.72053],[51.30097,35.72102],[51.30058,35.72127],[51.29991,35.72136],[51.29935,35.7215],[51.29934,35.72203],[51.29927,35.7221],[51.29906,35.72215],[51.29923,35.72216],[51.29933,35.72228],[51.29927,35.72212],[51.29944,35.72253],[51.29956,35.72296],[51.29967,35.72346],[51.29981,35.72404],[51.29995,35.72445],[51.30004,35.72486],[51.30004,35.72495],[51.30007,35.72496],[51.29998,35.72494],[51.30014,35.72534],[51.30031,35.7259],[51.30071,35.72626],[51.30123,35.72621],[51.30166,35.72614],[51.30202,35.72643],[51.30215,35.72679],[51.30196,35.72712],[51.30204,35.72732],[51.30203,35.72725],[51.30206,35.72722],[51.3015,35.72724],[51.30103,35.7273],[51.3008,35.72763],[51.30086,35.72803],[51.30098,35.72839],[51.30107,35.72893],[51.30121,35.72942],[51.30132,35.72981],[51.30178,35.72989],[51.30225,35.72983],[51.30269,35.72973],[51.30262,35.72993],[51.30277,35.73008],[51.30282,35.72979],[51.30274,35.72943],[51.30223,35.72927],[51.30175,35.72928],[51.30128,35.72913],[51.30107,35.7288],[51.30047,35.7287],[51.29981,35.72894],[51.29905,35.72921],[51.29823,35.7295],[51.29779,35.72965],[51.29731,35.72984],[51.29683,35.73],[51.29636,35.7301],[51.29588,35.73017],[51.29539,35.73019],[51.29486,35.73019],[51.29432,35.73018],[51.29375,35.73014],[51.29322,35.73001],[51.29272,35.72983],[51.2923,35.72964],[51.29183,35.72949],[51.29222,35.72971],[51.29267,35.72983],[51.29267,35.7298],[51.29294,35.72991],[51.2925,35.72989],[51.29229,35.72976],[51.29223,35.72971],[51.29185,35.72946],[51.29126,35.72918],[51.29065,35.72891],[51.29024,35.72872],[51.28985,35.72902],[51.28954,35.72941],[51.28912,35.72991],[51.28884,35.73029],[51.28852,35.73065],[51.28815,35.73111],[51.28793,35.73147],[51.28763,35.73187],[51.28735,35.73223],[51.28704,35.73263],[51.28676,35.73301],[51.28634,35.73335],[51.28583,35.7336],[51.28525,35.73354],[51.28481,35.73325],[51.28424,35.733],[51.28362,35.73315],[51.28322,35.73345],[51.28285,35.73377],[51.28273,35.73413],[51.28291,35.7346],[51.28311,35.73514],[51.2833,35.73571],[51.28351,35.73611],[51.28395,35.73606],[51.28428,35.73545],[51.28449,35.73512],[51.28493,35.73454],[51.28517,35.73421],[51.28552,35.73393],[51.28596,35.73367],[51.28644,35.73348],[51.28692,35.73338],[51.28742,35.73332],[51.28794,35.7333],[51.28847,35.73333],[51.289,35.73336],[51.28954,35.73338],[51.29011,35.7334],[51.29067,35.73344],[51.2912,35.73347],[51.29175,35.73349],[51.29232,35.73351],[51.29291,35.73351],[51.29349,35.73347],[51.29407,35.7334],[51.29467,35.73331],[51.29527,35.7332],[51.29584,35.73309],[51.29642,35.73299],[51.29703,35.73288],[51.29767,35.73277],[51.29833,35.73265],[51.29901,35.73252],[51.29968,35.73239],[51.30032,35.73229],[51.30092,35.73221],[51.3015,35.73214],[51.30201,35.73209],[51.30252,35.73205],[51.30307,35.73203],[51.30362,35.73202],[51.30421,35.73207],[51.30479,35.73212],[51.30535,35.73217],[51.30589,35.73224],[51.30644,35.7324],[51.30698,35.73253],[51.30752,35.73266],[51.30805,35.73278],[51.30855,35.73292],[51.30906,35.73308],[51.30955,35.73323],[51.31002,35.73341],[51.31047,35.73363],[51.31093,35.73388],[51.31139,35.73416],[51.31186,35.73445],[51.31234,35.73476],[51.31284,35.73507],[51.31338,35.73536],[51.31391,35.73562],[51.3144,35.73581],[51.31486,35.73597],[51.31536,35.73612],[51.31587,35.73624],[51.3164,35.73635],[51.31695,35.73649],[51.31746,35.73659],[51.31794,35.7367],[51.31842,35.73683],[51.31897,35.737],[51.31954,35.73713],[51.3201,35.73726],[51.32069,35.73737],[51.3212,35.7375],[51.3217,35.73763],[51.32225,35.73775],[51.32282,35.73786],[51.32338,35.73799],[51.32394,35.73811],[51.32451,35.73823],[51.32503,35.73835],[51.32553,35.73846],[51.32599,35.73857],[51.32669,35.73865],[51.32699,35.73833],[51.32696,35.7376],[51.32695,35.73703],[51.32716,35.7367],[51.3277,35.7366],[51.32826,35.73652],[51.3288,35.73645],[51.32931,35.73639],[51.32988,35.73633],[51.33035,35.73629],[51.33094,35.73622],[51.33152,35.73614],[51.33193,35.73573],[51.33207,35.73524],[51.33215,35.73482],[51.33221,35.73443],[51.33232,35.73406],[51.33256,35.73357],[51.33266,35.73309],[51.33274,35.73269],[51.33282,35.7323],[51.33293,35.73189],[51.33306,35.73148],[51.33314,35.73145],[51.3332,35.73138],[51.33302,35.73119],[51.33273,35.73118],[51.33219,35.73122],[51.3316,35.73119],[51.33104,35.73124],[51.33034,35.7312],[51.32972,35.73112],[51.32906,35.73112],[51.32862,35.731],[51.32861,35.73063],[51.32874,35.73047],[51.32907,35.73023],[51.32886,35.73047],[51.32863,35.7303],[51.32857,35.72987],[51.32857,35.72934],[51.32854,35.72885],[51.32869,35.72851],[51.32903,35.72829],[51.32948,35.72806],[51.32946,35.72767],[51.32921,35.72717],[51.3289,35.72666],[51.32862,35.72617],[51.32863,35.72613],[51.32858,35.72649],[51.32865,35.72644],[51.32869,35.72622],[51.3286,35.72618],[51.32868,35.72624],[51.32877,35.72627],[51.32884,35.72613],[51.32878,35.72615],[51.32881,35.72625],[51.32941,35.72596],[51.32979,35.72571],[51.33022,35.72559],[51.33048,35.72601],[51.33062,35.72623],[51.3306,35.72617],[51.3306,35.72598],[51.33074,35.7262],[51.33097,35.72655],[51.33114,35.72691],[51.33105,35.72728],[51.33062,35.72748],[51.33015,35.72779],[51.32967,35.728],[51.32926,35.72821],[51.32891,35.72844],[51.32829,35.72874],[51.32774,35.72898],[51.32729,35.7292],[51.32692,35.72952],[51.32681,35.72995],[51.3268,35.73055],[51.32677,35.73114],[51.32679,35.73182],[51.32674,35.73242],[51.32677,35.73294],[51.32675,35.73335],[51.32682,35.73385],[51.32684,35.73434],[51.3269,35.73483],[51.32687,35.73532],[51.32686,35.73575],[51.32686,35.73613],[51.32689,35.73652],[51.3268,35.73603],[51.3268,35.73557],[51.32618,35.73541],[51.32582,35.7355],[51.3258,35.73555],[51.32578,35.73541],[51.32631,35.73528],[51.32677,35.73526],[51.32678,35.7349],[51.32672,35.73449],[51.32636,35.73427],[51.32629,35.73427],[51.32639,35.73385],[51.32581,35.73384],[51.32517,35.73383],[51.32436,35.73382],[51.32361,35.73381],[51.32312,35.73382],[51.32267,35.73378],[51.32243,35.73329],[51.32232,35.73275],[51.32219,35.73211],[51.32208,35.73174],[51.3224,35.73138],[51.32278,35.73108],[51.32328,35.73072],[51.32369,35.73057],[51.32377,35.73017],[51.32362,35.73013],[51.32368,35.73013],[51.3235,35.72979],[51.32326,35.72929],[51.32303,35.72878],[51.32279,35.72833],[51.32249,35.72792],[51.32217,35.72751],[51.32194,35.72715],[51.3215,35.72707],[51.32098,35.7273],[51.32044,35.7275],[51.31989,35.72771],[51.31944,35.72788],[51.3189,35.72809],[51.31833,35.72833],[51.31791,35.72849],[51.31744,35.72868],[51.31694,35.72889],[51.31662,35.72925],[51.31667,35.72964],[51.31676,35.7301],[51.31638,35.73037],[51.31577,35.73048],[51.31563,35.73099],[51.31566,35.73144],[51.31567,35.73187],[51.31568,35.73216],[51.31572,35.73218],[51.31569,35.73222],[51.31566,35.73171],[51.31563,35.73119],[51.31559,35.73071],[51.31609,35.7304],[51.31661,35.73029],[51.31673,35.72987],[51.31664,35.72938],[51.31616,35.72927],[51.31571,35.72945],[51.31522,35.72962],[51.31476,35.72979],[51.31431,35.72998],[51.31379,35.73018],[51.31332,35.73041],[51.31272,35.73076],[51.31212,35.73123],[51.31157,35.73178],[51.3113,35.73208],[51.31099,35.73238],[51.31063,35.7327],[51.31032,35.73301],[51.31004,35.73333],[51.30973,35.7336],[51.3094,35.73391],[51.30908,35.73425],[51.30882,35.73455],[51.30859,35.73487],[51.30831,35.73521],[51.30786,35.73572],[51.30735,35.73635],[51.30707,35.73667],[51.3068,35.737],[51.30631,35.73755],[51.30583,35.7381],[51.30534,35.73869],[51.30507,35.73899],[51.3048,35.7393],[51.30429,35.73981],[51.30392,35.74005],[51.3039,35.74009],[51.30341,35.74035],[51.30294,35.74058],[51.30239,35.74087],[51.30196,35.74108],[51.30151,35.74131],[51.30105,35.74155],[51.30066,35.74178],[51.3003,35.74206],[51.30015,35.74244],[51.29991,35.7429],[51.29991,35.74343],[51.29991,35.74383],[51.29996,35.7443],[51.29985,35.7447],[51.29967,35.74485],[51.2998,35.74462],[51.29955,35.7448],[51.29958,35.74498],[51.29979,35.74491],[51.30018,35.74508],[51.30032,35.74551],[51.30036,35.74616],[51.30057,35.74649],[51.30112,35.74647],[51.30157,35.74647],[51.30201,35.74639],[51.30257,35.74645],[51.30318,35.74649],[51.30364,35.74654],[51.30412,35.74662],[51.30482,35.74654],[51.30551,35.74633],[51.30597,35.74623],[51.3066,35.74634],[51.30736,35.74646],[51.30812,35.74658],[51.30856,35.74658],[51.30917,35.74653],[51.30975,35.74658],[51.31055,35.74659],[51.311,35.74665],[51.31146,35.74662],[51.31191,35.74657],[51.31257,35.74655],[51.31323,35.74658],[51.31392,35.74659],[51.31429,35.74637],[51.31433,35.74581],[51.31434,35.74541],[51.31434,35.745],[51.31431,35.74458],[51.31425,35.74413],[51.3142,35.74366],[51.31416,35.74316],[51.31408,35.7427],[51.31397,35.74223],[51.31385,35.74178],[51.31377,35.74136],[51.31369,35.74096],[51.3136,35.74051],[51.31351,35.74006],[51.3134,35.73961],[51.31331,35.73915],[51.31321,35.7387],[51.31312,35.73825],[51.31304,35.73776],[51.31294,35.7373],[51.31279,35.73685],[51.31264,35.73638],[51.31248,35.73591],[51.3123,35.73542],[51.31208,35.73495],[51.31189,35.73449],[51.31173,35.73404],[51.31158,35.73354],[51.3115,35.73312],[51.31109,35.73265],[51.31056,35.73289],[51.31055,35.73329],[51.31112,35.73371],[51.31178,35.73417],[51.31213,35.73444],[51.31248,35.7347],[51.31287,35.73497],[51.31333,35.73523],[51.31384,35.7355],[51.31437,35.73573],[51.31495,35.73592],[51.31552,35.73612],[51.31608,35.73627],[51.31662,35.7364],[51.31719,35.73649],[51.31777,35.73659],[51.31835,35.73676],[51.31892,35.73691],[51.31946,35.73703],[51.32002,35.73712],[51.32061,35.73728],[51.32117,35.73742],[51.32176,35.73756],[51.32235,35.7377],[51.32295,35.73786],[51.32354,35.73801],[51.32412,35.73814],[51.3247,35.73834],[51.32525,35.73858],[51.3258,35.73875],[51.32635,35.73887],[51.32694,35.73893],[51.32751,35.73899],[51.32808,35.73908],[51.32863,35.73922],[51.3292,35.73933],[51.32977,35.73942],[51.33037,35.73955],[51.33095,35.7397],[51.33152,35.73982],[51.33209,35.73993],[51.33266,35.74007],[51.33327,35.74016],[51.3339,35.74022],[51.3346,35.74028],[51.33534,35.7403],[51.3361,35.74035],[51.33684,35.7404],[51.33759,35.74041],[51.33832,35.74039],[51.33905,35.74035],[51.33978,35.74031],[51.34047,35.7403],[51.34118,35.74028],[51.34187,35.74029],[51.34254,35.74034],[51.34318,35.7404],[51.34381,35.74047],[51.34443,35.74053],[51.34506,35.7406],[51.3457,35.74065],[51.34638,35.74069],[51.34707,35.74069],[51.34775,35.74068],[51.34843,35.74066],[51.34914,35.74059],[51.34985,35.74049],[51.35055,35.74037],[51.35124,35.74025],[51.35191,35.74013],[51.35259,35.74001],[51.35328,35.73991],[51.35396,35.73978],[51.35463,35.73965],[51.35533,35.73953],[51.35602,35.73943],[51.35672,35.73931],[51.35742,35.73919],[51.35813,35.73907],[51.35882,35.73896],[51.3595,35.73886],[51.36019,35.73878],[51.36088,35.73873],[51.36157,35.73869],[51.36227,35.73867],[51.363,35.73867],[51.36374,35.73871],[51.36446,35.73877],[51.36517,35.73885],[51.36585,35.73894],[51.36649,35.73906],[51.36713,35.7392],[51.36779,35.73937],[51.36846,35.73954],[51.3691,35.73971],[51.36971,35.73988],[51.37033,35.74005],[51.37094,35.74021],[51.37154,35.74036],[51.37213,35.74052],[51.37273,35.74066],[51.3733,35.74078],[51.37387,35.74089],[51.37442,35.74099],[51.37496,35.74108],[51.37549,35.74119],[51.37602,35.74132],[51.37654,35.74146],[51.37709,35.74156],[51.37766,35.74166],[51.37827,35.74175],[51.3789,35.74185],[51.37957,35.74195],[51.38023,35.74209],[51.38092,35.74223],[51.38161,35.74236],[51.38228,35.7425],[51.3829,35.74266],[51.38348,35.7428],[51.38402,35.74291],[51.38456,35.74304],[51.3851,35.74318],[51.38566,35.74329],[51.38623,35.74338],[51.38678,35.74343],[51.38732,35.74339],[51.38787,35.74334],[51.38843,35.74325],[51.389,35.74312],[51.38956,35.74296],[51.39014,35.74277],[51.39074,35.74255],[51.3914,35.74231],[51.39194,35.74211],[51.39245,35.74192],[51.3929,35.74175],[51.39369,35.74148],[51.39445,35.74131],[51.39518,35.74121],[51.39591,35.74119],[51.39669,35.74122],[51.39735,35.74129],[51.398,35.74135],[51.39874,35.74155],[51.39918,35.74171],[51.39964,35.74191],[51.40016,35.74211],[51.40069,35.74231],[51.40119,35.74255],[51.40161,35.74287],[51.40203,35.7432],[51.40252,35.74345],[51.40307,35.74362],[51.40367,35.74375],[51.40429,35.74389],[51.40483,35.7439],[51.40541,35.74392],[51.40751,35.74382],[51.40816,35.74368],[51.40883,35.74357],[51.41813,35.73986],[51.41886,35.73986],[51.41954,35.73993],[51.42022,35.74],[51.42093,35.74003],[51.42164,35.74004],[51.42231,35.74009],[51.42299,35.74012],[51.42369,35.74014],[51.42441,35.74016],[51.42512,35.74018],[51.42584,35.74021],[51.42652,35.74024],[51.42714,35.74026],[51.42771,35.74029],[51.42827,35.74028],[51.42872,35.74028],[51.42944,35.74034],[51.4299,35.74036],[51.43043,35.74038],[51.431,35.74045],[51.4316,35.74055],[51.43215,35.74075],[51.43258,35.74094],[51.43321,35.74128],[51.43389,35.7417],[51.4343,35.7419],[51.43473,35.74207],[51.43513,35.74223],[51.43553,35.74241],[51.43603,35.74247],[51.43651,35.74254],[51.43698,35.74258],[51.43744,35.74258],[51.43789,35.74259],[51.43877,35.74257],[51.43926,35.74254],[51.43977,35.74255],[51.4403,35.74253],[51.44085,35.74251],[51.44136,35.74252],[51.44185,35.74251],[51.44239,35.74249],[51.44294,35.74248],[51.44347,35.74251],[51.44402,35.74249],[51.44463,35.74229],[51.44517,35.74213],[51.44573,35.74198],[51.44629,35.74188],[51.44689,35.7418],[51.44749,35.74175],[51.44809,35.74175],[51.44869,35.74172],[51.44932,35.74168],[51.44992,35.74164],[51.45048,35.7416],[51.45098,35.74157],[51.45181,35.74148],[51.4526,35.74139],[51.45343,35.74133],[51.45425,35.74124],[51.45472,35.74119],[51.45519,35.74116],[51.45571,35.74114],[51.45627,35.7411],[51.45687,35.74108],[51.4575,35.74105],[51.4581,35.74103],[51.45872,35.74106],[51.45937,35.7411],[51.45999,35.74121],[51.46059,35.74121],[51.46118,35.74114],[51.46175,35.74102],[51.46228,35.74082],[51.46273,35.7407],[51.46318,35.74057],[51.46381,35.74043],[51.46426,35.74036],[51.46472,35.74032],[51.4652,35.74038],[51.46587,35.74041],[51.46638,35.74032],[51.46688,35.74024],[51.46745,35.74017],[51.46804,35.74008],[51.46868,35.7401],[51.46939,35.74],[51.46999,35.73991],[51.47059,35.73985],[51.47107,35.73982],[51.47164,35.73976],[51.4721,35.73965],[51.47261,35.7395],[51.47322,35.73934],[51.47387,35.73925],[51.47445,35.73915],[51.47502,35.73899],[51.47559,35.73884],[51.47604,35.73877],[51.47652,35.73871],[51.47704,35.73863],[51.47753,35.73858],[51.4781,35.73845],[51.47877,35.73828],[51.47931,35.73817],[51.48004,35.73803],[51.48085,35.73787],[51.48157,35.73776],[51.48243,35.73765],[51.4829,35.73759],[51.48342,35.73752],[51.48394,35.73744],[51.48443,35.73736],[51.48495,35.73727],[51.48548,35.73715],[51.48606,35.73705],[51.48665,35.73695],[51.48721,35.73687],[51.48772,35.73679],[51.48824,35.73673],[51.48869,35.73667],[51.48922,35.73659],[51.48976,35.73654],[51.4902,35.73646],[51.49071,35.7364],[51.49112,35.73627],[51.49161,35.73618],[51.49207,35.73612],[51.49257,35.7361],[51.49307,35.73599],[51.49351,35.73592],[51.49401,35.73586],[51.49448,35.73581],[51.49496,35.73582],[51.4956,35.73574],[51.49632,35.73562],[51.49676,35.73558],[51.49724,35.73548],[51.49775,35.73539],[51.49825,35.73531],[51.49869,35.73524],[51.49944,35.73514],[51.50003,35.73513],[51.50071,35.73503],[51.50145,35.73491],[51.50191,35.73485],[51.50239,35.73476],[51.50297,35.73466],[51.50362,35.73458],[51.50406,35.73448],[51.50458,35.73442],[51.5053,35.73433],[51.50613,35.73421],[51.50657,35.73414],[51.50733,35.73405],[51.50813,35.73396],[51.50889,35.73385],[51.50934,35.7338],[51.50989,35.73372],[51.5107,35.73362],[51.51118,35.73354],[51.5117,35.73347],[51.51222,35.7334],[51.51277,35.73335],[51.51331,35.73329],[51.51386,35.73322],[51.51434,35.73316],[51.51483,35.7331],[51.51529,35.73302],[51.51574,35.73295],[51.51647,35.73289],[51.51691,35.73282],[51.51718,35.73245],[51.51699,35.73212],[51.51663,35.73167],[51.51638,35.73134],[51.51692,35.73168],[51.51729,35.73226],[51.51767,35.73284],[51.51788,35.73316],[51.51829,35.73376],[51.51864,35.73409],[51.51887,35.73449],[51.51923,35.73498],[51.51958,35.7355],[51.51991,35.73601],[51.52027,35.73624],[51.52095,35.73617],[51.52152,35.7361],[51.52214,35.73607],[51.52289,35.73593],[51.52362,35.73584],[51.5241,35.73577],[51.52456,35.73575],[51.52519,35.73568],[51.52596,35.7356],[51.52677,35.73551],[51.52746,35.73541],[51.52815,35.73531],[51.52886,35.7352],[51.52926,35.7351],[51.52927,35.7351],[51.5297,35.73504],[51.53022,35.73498],[51.5307,35.7349],[51.53129,35.73485],[51.53193,35.73479],[51.53258,35.73472],[51.53328,35.73462],[51.53391,35.73453],[51.53456,35.73442],[51.53515,35.73436],[51.53583,35.73428],[51.53668,35.7341],[51.53733,35.73403],[51.53789,35.73396],[51.53845,35.7339],[51.5391,35.7338],[51.53973,35.7337],[51.54027,35.73366],[51.54095,35.73354],[51.54165,35.73348],[51.54241,35.73341],[51.54316,35.73331],[51.54375,35.73311],[51.54433,35.73286],[51.54469,35.73263],[51.54504,35.73223],[51.54543,35.73178],[51.54592,35.73129],[51.5462,35.73099],[51.54649,35.73066],[51.54678,35.73033],[51.54707,35.73004],[51.54742,35.72967],[51.54775,35.72925],[51.54818,35.72873],[51.54869,35.72816],[51.54897,35.72785],[51.54926,35.72749],[51.54959,35.72712],[51.54993,35.72675],[51.5502,35.72644],[51.55052,35.72607],[51.55068,35.72652],[51.55117,35.72679],[51.55178,35.72714],[51.55238,35.72752],[51.55287,35.72777],[51.55326,35.72802],[51.55366,35.72828],[51.55405,35.7285],[51.55444,35.7287],[51.55477,35.72899],[51.55441,35.72939],[51.55412,35.72967],[51.55404,35.73003]]]}},{"type":"Feature","properties":{"route":4,"color":"#d97706","times":[[20972,20976,20991,21051,21111,21141,21154,21170,21176,21182,21230,21290,21350,21410,21470,21530,21590,21650,21710,21770,21830,21890,21950,22010,22070,22130,22190,22208,22268,22328,22388,22448,22508,22568,22628,22688,22748,22808,22868,22928,22988,23048,23108,23168,23228,23288,23348,23408,23468,23528,23588,23648,23708,23768,23828,23888,23948,24008,24068,24128,24188,24248,24308,24368,24428,24488,24548,24608,24614,24620,24626,24632,24638,24644,24650,24659,24665,24671,24677,24683,24689,24692,24695,24698,24701,24704,24707,24710,24713,24716,24719,24722,24725,24728,24731,24734,24737,24740,24743,24746,24749,24752,24755,24758,24761,24764,24770,24776,24782,24785,24788,24791,24794,24797,24800,24803,24806,24809,24812,24815,24818,24821,24824,24827,24830,24833,24836,24839,24842,24845,24851,24857,24863,24872,24890,24908,24914,24920,24926,24932,24938,24944,24950,24953,24956,24959,24962,24965,24968,24971,24974,24977,24980,24983,24986,24989,24992,24995,24998,25001,25004,25007,25010,25013,25016,25019,25022,25025,25028,25031,25034,25037,25043,25049,25055,25058,25061,25064,25067,25070,25073,25076,25079,25082,25085,25088,25091,25094,25097,25100,25103,25106,25109,25112,25115,25118,25121,25124,25127,25130,25133,25139,25142,25145,25148,25151,25154,25157,25160,25163,25166,25169,25172,25175,25178,25181,25184,25190,25196,25199,25202,25205,25208,25211,25214,25217,25223,25229,25241,25247,25253,25259,25265,25271,25277,25283,25289,25295,25355,25415,25475,25535,25595,25655,25715,25775,25832,25838,25844,25847,25850,25853,25856,25859,25862,25865,25868,25871,25874,25880,25892,25901,25907,25913,25919,25931,25937,25943,25952,25958,25964,25970,25976,25985,26009,26030,26042,26054,26063,26075,26081,26099,26108,26120,26180,26240,26300,26342,26351,26357,26363,26369,26378,26384,26390,26411,26426,26438,26453,26465,26477,26489,26504,26513,26525,26537,26552,26564,26570,26579,26585,26645,26705,26765,26813,26819,26825,26831,26837,26843,26849,26855,26861,26867,26927,26987,27047,27107,27167,27227,27287,27347,27407,27467,27491,27497,27503,27509,27515,27521,27527,27536,27545,27554,27560,27566,27593,27653,27713,27773,27809,27821,27827,27833,27839,27848,27866,27872,27878,27893,27911,27971,28031,28091,28151,28172,28184,28196,28202,28208,28214,28226,28232,28241,28250,28310,28370,28430,28436,28442,28448,28454,28460,28466,28526,28586,28646,28706,28766,28826,28844,28850,28856,28865,28871,28877,28889,28907,28916,28925,28931,28937,28946,28952,28958,28973,28979,28988,28994,29000,29006,29018,29024,29030,29039,29045,29051,29057,29063,29069,29075,29081,29093,29102,29111,29171,29231,29291,29351,29411,29471,29531,29558,29567,29579,29588,29600,29609,29618,29627,29636,29642,29651,29657,29669,29675,29681,29687,29693,29699,29711,29717,29723,29729,29735,29738,29744,29750,29756,29762,29771,29780,29789,29795,29801,29807,29813,29819,29825,29834,29840,29846,29852,29858,29864,29870,29876,29882,29888,29894,29906,29915,29921,29927,29936,29942,29948,29954,29963,29969,29975,29999,30008,30014,30020,30026,30086,30146,30206,30266,30320,30326,30332,30338,30353,30413,30473,30533,30593,30644,30650,30665,30683,30689,30692,30695,30698,30701,30704,30707,30710,30713,30716,30719,30725,30740,30746,30752,30770,30776,30782,30797,30809,30818,30854,30914,30974,31034,31094,31154,31214,31274,31334,31394,31454,31514,31574,31634,31694,31754,31814,31874,31934,31994,32054,32114,32174,32234,32294,32354,32414,32474,32534,32594,32654,32714,32747,32753,32780,32795,32801,32807,32810,32813,32816,32819,32825,32834,32840,32843,32846,32849,32852,32855,32861,32873,32882,32888,32894,32900,32906,32912,32918,32924,32933,32981,32987,32993,32999,33017,33023,33029,33035,33038,33044,33050,33059,33068,33074,33080,33089,33098,33104,33110,33116,33140,33200,33218,33272,33278,33281,33284,33287,33290,33293,33296,33299,33305,33311,33317,33323,33329,33335,33341,33347,33350,33353,33356,33362,33380,33389,33395,33401,33407,33413,33419,33425,33431,33437,33443,33449,33458,33464,33470,33479,33485,33491,33500,33509,33515,33521,33530,33536,33545,33551,33554,33557,33560,33563,33566,33569,33572,33575,33578,33584,33602,33608,33614,33620,33626,33632,33638,33647,33653,33659,33665,33686,33692,33698,33704,33716,33722,33728,33734,33746,33752,33758,33764,33773,33788,33794,33812,33821,33830,33848,33857,33875,33890,33896,33902,33908,33917,33923,33932,33938,33947,33953,33962,33971,33980,33989,34049,34109,34169,34229,34289,34349,34409,34469,34529,34589,34616,34637,34652,34664,34679,34691,34700,34709,34718,34724,34730,34736,34742,34748,34754,34766,34799,34811,34820,34826,34832,34838,34844,34850,34859,34865,34871,34880,34892,34952,35012,35072,35132,35192,35252,35312,35372,35432,35492,35552,35612,35672,35732,35777,35795,35804,35813,35825,35846,35855,35867,35876,35936,35996,36056,36116,36176,36236,36296,36356,36416,36425,36440,36455,36464,36473,36488,36509,36518,36524,36533,36539,36545,36551,36557,36563,36569,36578,36584,36590,36596,36605,36611,36617,36623,36629,36635,36644,36650,36656,36662,36668,36674,36680,36689,36701,36707,36716,36722,36728,36734,36740,36746,36752,36758,36764,36776,36782,36788,36830,36866,36881,36899,36908,36917,36926,36932,36938,36944,36950,37010,37070,37130,37190,37250,37310,37370,37430,37490,37550,37610,37670,37730,37790,37850,37910,37970,38030,38072,38081,38087,38093,38099,38105,38111,38117,38123,38129,38135,38150,38159,38171,38186,38192,38198,38207,38213,38219,38222,38225,38228,38231,38234,38237,38240,38243,38246,38252,38258,38264,38270,38282,38288,38294,38300,38306,38315,38321,38327,38336,38342,38348,38357,38363,38372,38390,38399,38405,38465,38525,38585,38645,38654,38660,38666,38672,38678,38684,38690,38699,38705,38711,38717,38723,38729,38735,38741,38747,38753,38759,38765,38774,38780,38786,38792,38798,38804,38810,38870,38930,38990,39050,39110,39152,39158,39164,39176,39191,39200,39209,39218,39227,39236,39242,39266,39284,39296,39308,39326,39350,39362,39368,39374,39386,39392,39398,39404,39416,39422,39428,39434,39440,39449,39458,39479,39494,39503,39509,39515,39524,39530,39536,39542,39548,39554,39560,39569,39587,39647,39665,39674,39680,39740,39791,39800,39812,39824,39845,39899,39929,39989,40049,40109,40169,40208,40268,40328,40385,40445,40505,40565,40625,40670,40730,40775,40805,40817,40823,40832,40847,40865,40871,40877,40901,40907,40913,40919,40925,40985,41003,41027,41039,41048,41060,41075,41081,41087,41093,41099,41105,41111,41120,41129,41141,41156,41165,41174,41183,41192,41198,41204,41210,41216,41225,41231,41237,41246,41255,41315,41375,41435,41495,41555,41615,41639,41648,41666,41681,41690,41699,41711,41729,41738,41747,41753,41762,41777,41798,41804,41813,41822,41828,41834,41840,41846,41852,41858,41864,41870,41876,41879,41882,41888,41897,41906,41915,41975,41984,41990,41999,42008,42014,42020,42080,42134,42143,42152,42197,42212,42272,42332,42392,42452,42503,42515,42539,42551,42560,42575,42587,42599,42605,42614,42623,42635,42641,42647,42653,42659,42665,42671,42677,42683,42716,42725,42731,42737,42743,42749,42755,42761,42767,42773,42794,42821,42845,42905,42941,42995,43034,43046,43076,43136,43196,43247,43271,43277,43283,43289,43295,43301,43313,43322,43328,43334,43340,43346,43352,43358,43364,43370,43376,43382,43391,43397,43409,43424,43433,43442,43451,43460,43472,43532,43592,43652,43712,43772,43832,43892,43952,43967,43976,43982,43997,44003,44009,44018,44024,44030,44039,44048,44054,44060,44066,44072,44078,44084,44093,44099,44108,44114,44123,44138,44144,44150,44159,44165,44171,44177,44198,44213,44225,44237,44243,44303,44363,44423,44483,44543,44603,44609,44615,44624,44633,44642,44675,44735,44795,44855,44915,44975,45035,45053,45062,45068,45074,45080,45092,45098,45104,45134,45158,45164,45170,45176,45185,45191,45197,45203,45209,45215,45221,45227,45230,45236,45239,45242,45245,45248,45258,45264,45270,45276,45282,45288,45294,45303,45309,45315,45321,45327,45333,45339,45345,45351,45357,45363,45369,45375,45381,45387,45393,45399,45408,45414,45420,45426,45432,45438,45444,45450,45456,45462,45468,45474,45477,45483,45489,45495,45498,45504,45510,45519,45525,45531,45537,45543,45549,45555,45561,45573,45579,45585,45591,45597,45603,45609,45615,45621,45666,45675,45681,45687,45693,45699,45705,45711,45717,45723,45729,45735,45741,45747,45759,45765,45771,45777,45783,45789,45795,45804,45813,45822,45837,45852,45861,45870,45882,45918,45933,45948,45969,45993,46053,46113,46149,46158,46173,46188,46200,46221,46230,46239,46257,46269,46281,46341,46401,46461,46509,46521,46533,46545,46554,46563,46575,46593,46599,46605,46614,46623,46629,46635,46659,46665,46671,46677,46683,46689,46701,46707,46713,46722,46728,46737,46743,46749,46755,46761,46770,46791,46842,46857,46863,46869,46875,46878,46881,46884,46887,46890,46893,46896,46899,46905,46911,46917,46926,46935,46941,46947,46953,46959,46965,46971,46983,46995,47001,47007,47013,47019,47025,47031,47037,47052,47061,47067,47073,47082,47091,47097,47106,47112,47118,47124,47133,47139,47145,47151,47157,47163,47172,47178,47190,47196,47202,47208,47232,47241,47250,47268,47274,47280,47289,47295,47310,47319,47328,47346,47391,47397,47403,47463,47523,47583,47643,47703,47763,47823,47883,47943,48003,48063,48123,48183,48225,48240,48255,48264,48273,48285,48294,48315,48330,48339,48351,48363,48390,48396,48402,48408,48420,48432,48441,48447,48453,48462,48471,48477,48483,48495,48501,48510,48516,48522,48531,48540,48558,48567,48573,48579,48585,48591,48597,48603,48609,48615,48621,48630,48636,48642,48648,48654,48660,48666,48672,48681,48690,48699,48708,48714,48726,48732,48738,48744,48750,48759,48765,48771,48780,48789,48798,48804,48810,48816,48822,48828,48834,48840,48846,48852,48858,48864,48870,48876,48882,48891,48897,48903,48912,48924,48951,48960,48966,48972,48978,48984,48993,49044,49053,49059,49065,49068,49074,49080,49086,49092,49098,49104,49110,49116,49122,49128,49131,49134,49137,49146,49161,49170,49179,49185,49191,49194,49200,49209,49215,49221,49224,49233,49245,49254,49260,49266,49272,49278,49284,49290,49296,49302,49308,49314,49374,49410,49419,49434,49494,49527,49536,49542,49548,49554,49563,49569,49575,49578,49581,49584,49587,49590,49593,49596,49599,49602,49608,49614,49620,49626,49632,49638,49644,49647,49653,49659,49665,49671,49677,49683,49692,49701,49713,49722,49737,49743,49749,49755,49761,49767,49776,49806,49848,49857,49863,49869,49875,49881,49887,49893,49896,49899,49902,49905,49908,49911,49914,49917,49920,49923,49926,49929,49932,49935,49938,49941,49944,49947,49950,49953,49956,49959,49962,49965,49968,49971,49974,49977,49980,49983,49986,49989,49992,49995,49998,50001,50004,50007,50010,50013,50016,50034,50040,50046,50052,50061,50067,50073,50079,50085,50094,50106,50112,50124,50130,50190,50250,50310,50370,50430,50490,50550,50610,50670,50730,50810,50855,50915]]},"geometry":{"type":"MultiLineString","coordinates":[[[51.55141,35.73355],[51.55084,35.73353],[51.55095,35.73389],[51.55077,35.73402],[51.55058,35.73403],[51.55606,35.73616],[51.55489,35.73281],[51.55554,35.73426],[51.5557,35.73471],[51.55591,35.73505],[51.55595,35.73542],[51.55592,35.73545],[51.55581,35.73531],[51.55586,35.73562],[51.55584,35.73568],[51.55588,35.73573],[51.55581,35.73588],[51.55584,35.73596],[51.55579,35.73598],[51.55588,35.73601],[51.55584,35.73607],[51.55579,35.73605],[51.55573,35.73611],[51.55606,35.73632],[51.55598,35.73638],[51.556,35.7365],[51.55561,35.73639],[51.55414,35.72986],[51.55414,35.72986],[51.55415,35.72982],[51.55425,35.72985],[51.55402,35.72982],[51.55405,35.72984],[51.55413,35.72983],[51.55399,35.7297],[51.55404,35.72982],[51.55403,35.72976],[51.55404,35.72979],[51.55402,35.72979],[51.55396,35.72977],[51.55399,35.72981],[51.55405,35.7298],[51.55406,35.7298],[51.55405,35.7298],[51.55413,35.72988],[51.55418,35.72989],[51.5542,35.7299],[51.55422,35.7299],[51.55422,35.7299],[51.55422,35.7299],[51.55422,35.7299],[51.55422,35.72991],[51.55422,35.72991],[51.55423,35.7299],[51.55422,35.72992],[51.55412,35.72986],[51.5541,35.72986],[51.55409,35.72986],[51.55408,35.72986],[51.55407,35.72986],[51.55409,35.72985],[51.55404,35.72982],[51.55404,35.72982],[51.55403,35.72982],[51.55404,35.72982],[51.55401,35.72983],[51.55401,35.72983],[51.55431,35.72945],[51.55461,35.72912],[51.55491,35.7288],[51.5553,35.72837],[51.55575,35.72789],[51.55621,35.72738],[51.55662,35.7269],[51.55689,35.7266],[51.55636,35.72637],[51.55565,35.72624],[51.55493,35.72613],[51.55413,35.72607],[51.55349,35.72603],[51.55276,35.72596],[51.5523,35.72592],[51.55178,35.72587],[51.55125,35.72583],[51.55069,35.72578],[51.55011,35.72572],[51.54952,35.72568],[51.54894,35.72564],[51.54832,35.72561],[51.5477,35.72557],[51.54707,35.72552],[51.54644,35.72549],[51.54583,35.72546],[51.54523,35.72542],[51.54466,35.72538],[51.54409,35.72534],[51.54352,35.72531],[51.54297,35.72527],[51.54243,35.72524],[51.54189,35.7252],[51.54136,35.72516],[51.54083,35.72512],[51.54032,35.72508],[51.53981,35.72503],[51.53931,35.72499],[51.53881,35.72499],[51.53807,35.72495],[51.53739,35.72491],[51.53646,35.72484],[51.53596,35.72481],[51.53547,35.72475],[51.53498,35.7247],[51.5345,35.72469],[51.53404,35.72465],[51.53355,35.72462],[51.53306,35.72458],[51.53256,35.72454],[51.53207,35.7245],[51.53159,35.72447],[51.53112,35.72443],[51.53064,35.72439],[51.53014,35.72437],[51.52965,35.72434],[51.52916,35.72429],[51.52865,35.72427],[51.52816,35.72424],[51.52766,35.72421],[51.52715,35.72418],[51.52665,35.72415],[51.5262,35.7241],[51.52559,35.72407],[51.52509,35.724],[51.52456,35.72397],[51.52398,35.72395],[51.52361,35.72376],[51.52337,35.72335],[51.52312,35.7229],[51.52268,35.72264],[51.52205,35.72257],[51.52143,35.72248],[51.52083,35.72239],[51.52027,35.72225],[51.51943,35.72215],[51.51894,35.7221],[51.51842,35.72206],[51.51784,35.72201],[51.51726,35.72195],[51.51665,35.72184],[51.51606,35.72169],[51.51546,35.72151],[51.5149,35.72129],[51.51436,35.72104],[51.51382,35.72076],[51.5133,35.72044],[51.51282,35.72008],[51.51237,35.71967],[51.51193,35.71928],[51.5115,35.71885],[51.51107,35.71842],[51.51065,35.71799],[51.51022,35.71755],[51.50977,35.7171],[51.50933,35.71666],[51.50891,35.71622],[51.5085,35.71578],[51.50811,35.71534],[51.50775,35.71493],[51.50738,35.71453],[51.50703,35.71413],[51.50669,35.71374],[51.50637,35.7134],[51.50606,35.7131],[51.50552,35.71266],[51.50486,35.7128],[51.50448,35.71344],[51.50431,35.7138],[51.50411,35.71416],[51.50391,35.71453],[51.50372,35.7149],[51.50354,35.71531],[51.50333,35.71575],[51.50314,35.71619],[51.50292,35.71664],[51.50273,35.71708],[51.50253,35.71751],[51.50234,35.71795],[51.50214,35.71838],[51.50197,35.7188],[51.50191,35.71926],[51.50195,35.7197],[51.50208,35.72014],[51.50229,35.72055],[51.50257,35.72096],[51.5029,35.72138],[51.50321,35.72179],[51.50349,35.72216],[51.50377,35.72253],[51.50403,35.7229],[51.50427,35.72324],[51.50451,35.72357],[51.50477,35.72388],[51.50531,35.72445],[51.50563,35.72475],[51.50597,35.72505],[51.50633,35.72534],[51.5067,35.72564],[51.50708,35.72594],[51.50751,35.72621],[51.508,35.72645],[51.50853,35.72662],[51.50908,35.72671],[51.50965,35.72673],[51.51022,35.72672],[51.51075,35.72673],[51.51126,35.72675],[51.51175,35.72685],[51.51217,35.727],[51.51292,35.72729],[51.51361,35.72775],[51.51392,35.72803],[51.5142,35.72835],[51.51448,35.72868],[51.51476,35.72901],[51.51505,35.72934],[51.51532,35.72966],[51.51558,35.72996],[51.51601,35.73051],[51.51626,35.73084],[51.51581,35.73049],[51.51539,35.73002],[51.51494,35.7295],[51.51451,35.729],[51.51408,35.72855],[51.5136,35.72818],[51.51292,35.72798],[51.5122,35.728],[51.51147,35.72814],[51.51093,35.72822],[51.51105,35.72821],[51.51105,35.72821],[51.51105,35.72821],[51.51105,35.72821],[51.51105,35.72822],[51.51105,35.72822],[51.51105,35.72825],[51.51105,35.72825],[51.5104,35.72833],[51.50968,35.72839],[51.50881,35.72847],[51.50836,35.72851],[51.50791,35.72859],[51.50744,35.72865],[51.50695,35.72872],[51.50644,35.72878],[51.50593,35.72886],[51.50542,35.72893],[51.50492,35.72901],[51.50444,35.72909],[51.50397,35.72916],[51.50328,35.72925],[51.50314,35.72976],[51.50326,35.73022],[51.50335,35.73058],[51.50348,35.73105],[51.50355,35.73149],[51.50301,35.73173],[51.5025,35.73178],[51.50191,35.73186],[51.50145,35.7319],[51.50093,35.73196],[51.50028,35.73204],[51.49975,35.73216],[51.49913,35.73224],[51.49869,35.73236],[51.49879,35.73275],[51.49814,35.73294],[51.49755,35.73303],[51.49713,35.7332],[51.49719,35.73372],[51.49681,35.73403],[51.49628,35.73412],[51.49602,35.7345],[51.49633,35.73486],[51.49621,35.73532],[51.49621,35.73541],[51.49621,35.73542],[51.4962,35.73542],[51.49671,35.73542],[51.49732,35.73533],[51.49783,35.73524],[51.49841,35.73519],[51.49896,35.7351],[51.4996,35.73499],[51.50005,35.73493],[51.50051,35.73489],[51.50066,35.73451],[51.5003,35.73423],[51.5005,35.73377],[51.50039,35.73338],[51.50015,35.73306],[51.50002,35.73267],[51.50018,35.73224],[51.5001,35.73173],[51.49999,35.73121],[51.4999,35.73077],[51.49984,35.73037],[51.49975,35.72992],[51.5,35.72959],[51.50057,35.72949],[51.50114,35.72937],[51.50159,35.7293],[51.50197,35.72925],[51.50198,35.72926],[51.50198,35.72926],[51.50237,35.72884],[51.50242,35.72838],[51.50241,35.7278],[51.50244,35.72729],[51.50244,35.72683],[51.50238,35.72626],[51.50232,35.7257],[51.50225,35.7252],[51.50216,35.72473],[51.50208,35.72432],[51.50208,35.72427],[51.50206,35.72427],[51.50196,35.72428],[51.50197,35.72427],[51.50201,35.72431],[51.50205,35.72433],[51.50209,35.72435],[51.50211,35.72435],[51.50208,35.72426],[51.50204,35.72427],[51.50197,35.72368],[51.50189,35.72319],[51.50177,35.72265],[51.5017,35.72214],[51.50159,35.72156],[51.50149,35.721],[51.50142,35.72059],[51.50131,35.72014],[51.50105,35.71972],[51.50044,35.71975],[51.49986,35.71981],[51.49941,35.71983],[51.49939,35.72025],[51.49932,35.72038],[51.49932,35.72038],[51.49938,35.72048],[51.49934,35.72003],[51.49879,35.71984],[51.49827,35.71989],[51.49756,35.71993],[51.49677,35.71999],[51.4963,35.72001],[51.49687,35.71985],[51.49751,35.71978],[51.49815,35.71972],[51.49835,35.71925],[51.49823,35.71881],[51.49831,35.71911],[51.49831,35.71911],[51.49831,35.71911],[51.49831,35.71912],[51.49843,35.71953],[51.49901,35.71961],[51.49862,35.71979],[51.49796,35.71988],[51.49722,35.71994],[51.49652,35.71997],[51.4963,35.72048],[51.49638,35.72086],[51.4965,35.7214],[51.4966,35.72181],[51.49657,35.7218],[51.49662,35.72176],[51.49605,35.72194],[51.49543,35.72209],[51.49489,35.72217],[51.49443,35.72226],[51.49372,35.72236],[51.49298,35.72238],[51.49244,35.72242],[51.49235,35.72276],[51.49229,35.72288],[51.49235,35.72287],[51.49234,35.72291],[51.49233,35.72286],[51.49235,35.723],[51.4925,35.72355],[51.49265,35.72403],[51.49271,35.72449],[51.4928,35.72501],[51.4929,35.72553],[51.49298,35.72597],[51.49309,35.72644],[51.49339,35.72686],[51.49379,35.72708],[51.49441,35.72693],[51.49498,35.72684],[51.49548,35.72678],[51.496,35.72673],[51.49664,35.7267],[51.49725,35.72664],[51.49763,35.72707],[51.49769,35.72746],[51.49782,35.72798],[51.4979,35.72843],[51.49802,35.72896],[51.49809,35.72944],[51.49818,35.72985],[51.49825,35.73023],[51.49838,35.73071],[51.4985,35.73121],[51.49859,35.73164],[51.4987,35.73224],[51.49877,35.73268],[51.49888,35.73322],[51.49901,35.73388],[51.49911,35.73451],[51.49921,35.73499],[51.49972,35.73507],[51.50025,35.73499],[51.5007,35.73483],[51.50065,35.73464],[51.50066,35.73464],[51.50066,35.73464],[51.50066,35.73464],[51.50065,35.73469],[51.50067,35.73469],[51.50063,35.73473],[51.50036,35.73433],[51.50054,35.73399],[51.50048,35.73361],[51.50032,35.73324],[51.50006,35.73286],[51.50017,35.7325],[51.50009,35.73208],[51.49993,35.73154],[51.49987,35.73111],[51.49981,35.73075],[51.49975,35.73037],[51.4997,35.73],[51.50004,35.72961],[51.50062,35.7295],[51.50108,35.72943],[51.5017,35.72937],[51.50245,35.72925],[51.5029,35.7291],[51.5029,35.72864],[51.50279,35.72814],[51.50264,35.72759],[51.5025,35.72709],[51.50236,35.72646],[51.5023,35.72607],[51.50219,35.72538],[51.50211,35.72488],[51.50203,35.72438],[51.50196,35.72399],[51.50188,35.72351],[51.50177,35.72296],[51.50164,35.72247],[51.50157,35.722],[51.50151,35.72154],[51.50135,35.72095],[51.50123,35.72042],[51.5012,35.72005],[51.50098,35.71968],[51.50049,35.71966],[51.49992,35.71975],[51.49935,35.71979],[51.49874,35.71985],[51.49811,35.7199],[51.49744,35.71995],[51.49676,35.72],[51.49625,35.72006],[51.49576,35.7201],[51.49506,35.72016],[51.49448,35.72023],[51.49437,35.72061],[51.49444,35.72116],[51.49455,35.72167],[51.49462,35.72207],[51.49479,35.72247],[51.49489,35.72297],[51.49495,35.72354],[51.49501,35.72406],[51.49514,35.72443],[51.49525,35.72487],[51.49536,35.72536],[51.49539,35.72573],[51.49545,35.7261],[51.4956,35.72666],[51.49564,35.72703],[51.49576,35.72758],[51.49583,35.72781],[51.49583,35.72782],[51.49583,35.72782],[51.49583,35.72782],[51.49564,35.72732],[51.4956,35.72692],[51.49551,35.72655],[51.49545,35.72611],[51.49489,35.72594],[51.49465,35.72597],[51.49463,35.72599],[51.4946,35.72604],[51.49457,35.726],[51.49409,35.72596],[51.49351,35.72596],[51.49332,35.72635],[51.49305,35.72597],[51.49287,35.72527],[51.49278,35.72487],[51.4927,35.72448],[51.49261,35.72407],[51.49252,35.72363],[51.49244,35.72321],[51.49238,35.72279],[51.4923,35.72239],[51.49222,35.722],[51.49214,35.72159],[51.49206,35.72121],[51.49194,35.72064],[51.49202,35.72024],[51.4925,35.72022],[51.49322,35.72013],[51.49353,35.71973],[51.49355,35.71925],[51.49351,35.7188],[51.49303,35.7186],[51.4926,35.71866],[51.49209,35.71876],[51.49168,35.71892],[51.49158,35.71887],[51.49153,35.71885],[51.49152,35.71885],[51.49152,35.71884],[51.49152,35.71883],[51.49146,35.71882],[51.49146,35.71882],[51.49147,35.71879],[51.49147,35.71875],[51.49144,35.71871],[51.49142,35.71868],[51.49141,35.71868],[51.49141,35.71868],[51.49143,35.71869],[51.49146,35.71872],[51.49146,35.71875],[51.49153,35.71875],[51.49152,35.7188],[51.49149,35.71874],[51.49142,35.71868],[51.49138,35.71859],[51.49137,35.71864],[51.49128,35.71863],[51.49138,35.71875],[51.4914,35.71871],[51.49152,35.71868],[51.49158,35.71869],[51.49152,35.71863],[51.49152,35.71864],[51.49152,35.71864],[51.49151,35.71865],[51.49154,35.71908],[51.49162,35.71953],[51.49167,35.71997],[51.4915,35.72031],[51.49105,35.72039],[51.4903,35.72052],[51.48985,35.72057],[51.48935,35.7206],[51.48883,35.72061],[51.48838,35.72065],[51.48779,35.72073],[51.48716,35.72077],[51.48644,35.72083],[51.48598,35.72086],[51.48552,35.72089],[51.48507,35.72092],[51.4846,35.72097],[51.48415,35.721],[51.48348,35.72104],[51.48302,35.72109],[51.48251,35.72117],[51.4818,35.72127],[51.48127,35.72131],[51.48062,35.72143],[51.48005,35.72146],[51.47938,35.72154],[51.47871,35.72165],[51.47813,35.72174],[51.47769,35.72179],[51.47721,35.7217],[51.47711,35.72128],[51.47695,35.72063],[51.47685,35.72015],[51.47712,35.71971],[51.47761,35.71931],[51.47818,35.71885],[51.4788,35.7183],[51.47912,35.71802],[51.47945,35.71771],[51.47984,35.7174],[51.4802,35.71706],[51.48068,35.71669],[51.48116,35.71628],[51.48163,35.71594],[51.48197,35.71558],[51.48241,35.71521],[51.48286,35.71478],[51.4834,35.7143],[51.4839,35.71386],[51.48419,35.71349],[51.48441,35.71332],[51.48459,35.71298],[51.48421,35.7128],[51.48352,35.71259],[51.48306,35.71244],[51.48256,35.71228],[51.48206,35.71212],[51.48158,35.71195],[51.48111,35.7118],[51.48065,35.71167],[51.48021,35.71155],[51.47942,35.7113],[51.47879,35.71112],[51.47836,35.71095],[51.4777,35.71077],[51.47698,35.71057],[51.47641,35.71042],[51.47577,35.71025],[51.47496,35.71001],[51.47451,35.70986],[51.47408,35.70971],[51.47366,35.70957],[51.47289,35.70929],[51.47241,35.70915],[51.47181,35.70896],[51.47139,35.70882],[51.47098,35.70869],[51.4703,35.7085],[51.46964,35.7083],[51.46913,35.70814],[51.46867,35.70798],[51.46811,35.7078],[51.46745,35.7076],[51.4667,35.7074],[51.46603,35.70723],[51.46536,35.70701],[51.46463,35.7068],[51.46421,35.70667],[51.46371,35.70652],[51.46322,35.70638],[51.46279,35.70625],[51.46235,35.70612],[51.46186,35.70598],[51.46134,35.70582],[51.46079,35.70569],[51.46024,35.70555],[51.45967,35.70543],[51.45901,35.70516],[51.45822,35.70497],[51.45774,35.70482],[51.45725,35.70469],[51.45678,35.70455],[51.45629,35.70441],[51.45582,35.70428],[51.45538,35.70416],[51.45493,35.70404],[51.45447,35.7039],[51.45403,35.70377],[51.45334,35.70355],[51.4531,35.70301],[51.45296,35.70249],[51.4528,35.70194],[51.45262,35.70144],[51.4525,35.70099],[51.45237,35.70045],[51.45223,35.70002],[51.45212,35.69963],[51.452,35.69927],[51.45189,35.69878],[51.45171,35.69827],[51.45156,35.6978],[51.45142,35.69729],[51.45127,35.69684],[51.45118,35.69647],[51.451,35.69596],[51.45084,35.69549],[51.45068,35.69496],[51.45059,35.69457],[51.45016,35.69446],[51.44962,35.69455],[51.44895,35.69467],[51.44826,35.69482],[51.44784,35.69496],[51.44766,35.69447],[51.44761,35.69401],[51.44725,35.69379],[51.44675,35.69371],[51.44628,35.69356],[51.44581,35.69372],[51.44564,35.69414],[51.44555,35.69453],[51.44515,35.69491],[51.44474,35.69511],[51.44412,35.69537],[51.44357,35.69563],[51.44304,35.69581],[51.44248,35.696],[51.44191,35.69615],[51.44143,35.69626],[51.44101,35.69639],[51.44043,35.69657],[51.43996,35.69677],[51.43947,35.69707],[51.43906,35.69742],[51.43874,35.69785],[51.43855,35.69813],[51.43852,35.69819],[51.43858,35.69819],[51.43849,35.69812],[51.43848,35.69808],[51.43847,35.69809],[51.43854,35.69813],[51.43848,35.69823],[51.43851,35.69811],[51.43857,35.69803],[51.43828,35.69835],[51.43779,35.6984],[51.43749,35.6981],[51.43715,35.6978],[51.43744,35.69745],[51.43791,35.69709],[51.43831,35.69671],[51.43871,35.69646],[51.43915,35.69617],[51.4395,35.69584],[51.43985,35.69554],[51.44026,35.69528],[51.44064,35.69495],[51.44112,35.69459],[51.44159,35.69426],[51.4419,35.69398],[51.44228,35.69417],[51.44286,35.69405],[51.44333,35.69372],[51.44374,35.6934],[51.44418,35.69307],[51.44474,35.69276],[51.44518,35.69242],[51.44559,35.69206],[51.44595,35.69166],[51.44638,35.69136],[51.44667,35.69105],[51.44718,35.69077],[51.44735,35.69043],[51.44738,35.69033],[51.44739,35.69029],[51.44742,35.69028],[51.44742,35.69029],[51.44736,35.69031],[51.44738,35.69029],[51.4474,35.69029],[51.44743,35.69028],[51.44741,35.69024],[51.44738,35.69022],[51.44744,35.69024],[51.44741,35.69031],[51.44743,35.69026],[51.44742,35.69028],[51.44732,35.68983],[51.44724,35.68946],[51.44726,35.68906],[51.44723,35.68869],[51.44716,35.6882],[51.4467,35.68803],[51.44621,35.68825],[51.44569,35.68844],[51.44517,35.68865],[51.44483,35.68871],[51.44481,35.68869],[51.44481,35.68867],[51.44481,35.68865],[51.4448,35.68869],[51.44477,35.68873],[51.44471,35.68872],[51.44472,35.68863],[51.44437,35.68835],[51.44415,35.688],[51.44457,35.68783],[51.44512,35.68766],[51.44557,35.6875],[51.44614,35.68725],[51.44658,35.687],[51.447,35.68674],[51.44704,35.68638],[51.44705,35.68601],[51.447,35.68548],[51.44698,35.68507],[51.44695,35.68448],[51.44689,35.68397],[51.44683,35.68355],[51.44676,35.68308],[51.44675,35.68268],[51.44679,35.68232],[51.44676,35.68182],[51.44673,35.68135],[51.44666,35.6808],[51.44659,35.68037],[51.44658,35.67996],[51.44654,35.67943],[51.44651,35.67896],[51.4465,35.67848],[51.44644,35.67788],[51.4464,35.67748],[51.44635,35.67696],[51.44636,35.67648],[51.44635,35.67602],[51.44628,35.67539],[51.44622,35.67484],[51.44617,35.67441],[51.44614,35.67395],[51.44622,35.67353],[51.44614,35.67316],[51.44607,35.67264],[51.44604,35.67215],[51.44599,35.67162],[51.44593,35.67119],[51.44591,35.67073],[51.44588,35.67029],[51.44588,35.66989],[51.44586,35.66948],[51.44583,35.66904],[51.44579,35.6686],[51.44578,35.66823],[51.44577,35.66775],[51.44577,35.66739],[51.44573,35.66694],[51.44569,35.66655],[51.44564,35.66611],[51.44553,35.66576],[51.44531,35.66542],[51.44465,35.66552],[51.44399,35.66576],[51.44331,35.66599],[51.4427,35.6662],[51.4422,35.66636],[51.44178,35.66644],[51.44188,35.66657],[51.44183,35.66652],[51.44181,35.66646],[51.44183,35.66645],[51.4418,35.66653],[51.44184,35.66651],[51.44185,35.66657],[51.44185,35.66655],[51.44179,35.66655],[51.44176,35.66645],[51.44175,35.66645],[51.44177,35.66647],[51.44177,35.66647],[51.44177,35.66647],[51.44174,35.66641],[51.44174,35.66641],[51.44174,35.66641],[51.44127,35.66659],[51.44063,35.66675],[51.44015,35.66691],[51.43951,35.66702],[51.43891,35.66718],[51.43837,35.66727],[51.43781,35.66745],[51.43719,35.66762],[51.4367,35.66778],[51.43611,35.66792],[51.43569,35.66807],[51.43578,35.66857],[51.436,35.66898],[51.4362,35.66936],[51.43652,35.66982],[51.4367,35.67035],[51.43697,35.67094],[51.4372,35.67139],[51.43734,35.67183],[51.43759,35.67245],[51.43772,35.67282],[51.43787,35.67321],[51.43801,35.67357],[51.43811,35.67394],[51.43817,35.67434],[51.43822,35.67475],[51.43825,35.67516],[51.43828,35.67557],[51.43831,35.67598],[51.43833,35.67663],[51.43836,35.67722],[51.43841,35.67777],[51.43843,35.67832],[51.43849,35.67876],[51.43834,35.67916],[51.43818,35.6796],[51.43802,35.6801],[51.43781,35.68067],[51.4376,35.68117],[51.43746,35.68171],[51.43729,35.68218],[51.43713,35.68265],[51.43699,35.68304],[51.43681,35.68338],[51.43661,35.68382],[51.43625,35.68412],[51.43588,35.68434],[51.43575,35.68469],[51.43578,35.6851],[51.43578,35.68551],[51.43577,35.68571],[51.43571,35.68586],[51.43569,35.68598],[51.43574,35.68621],[51.43565,35.68661],[51.4356,35.68697],[51.43562,35.68744],[51.4357,35.68794],[51.43578,35.68842],[51.43584,35.68894],[51.43597,35.68951],[51.43617,35.69008],[51.43641,35.69061],[51.43664,35.69108],[51.43683,35.69145],[51.43702,35.6919],[51.43705,35.69228],[51.43658,35.6925],[51.43592,35.6926],[51.43523,35.6927],[51.43469,35.69277],[51.43409,35.69281],[51.43357,35.69288],[51.43371,35.69335],[51.43401,35.69384],[51.43434,35.69427],[51.43464,35.69474],[51.4349,35.69518],[51.43514,35.69558],[51.43536,35.69598],[51.43551,35.69625],[51.43551,35.69625],[51.43551,35.69625],[51.4355,35.69625],[51.4355,35.69624],[51.43573,35.69662],[51.43599,35.69714],[51.43618,35.6976],[51.4365,35.69794],[51.43669,35.69829],[51.43694,35.69877],[51.43717,35.69919],[51.43738,35.69951],[51.4377,35.7],[51.43794,35.70048],[51.43809,35.70083],[51.43835,35.70116],[51.43807,35.70077],[51.43784,35.70041],[51.43767,35.70006],[51.43743,35.69974],[51.43731,35.69938],[51.43688,35.69946],[51.43653,35.69979],[51.43612,35.70016],[51.43566,35.70049],[51.43516,35.70093],[51.43454,35.70143],[51.43416,35.70173],[51.43371,35.70176],[51.43327,35.70174],[51.43269,35.70188],[51.43215,35.70194],[51.43169,35.70196],[51.43112,35.70197],[51.43056,35.70209],[51.43015,35.70189],[51.42978,35.70159],[51.42923,35.70171],[51.42863,35.70181],[51.42814,35.70177],[51.42759,35.7017],[51.42715,35.70169],[51.42651,35.70168],[51.42588,35.70172],[51.42539,35.70168],[51.42488,35.70171],[51.4244,35.7017],[51.42388,35.70166],[51.42344,35.70153],[51.42334,35.7015],[51.42281,35.70153],[51.42223,35.70145],[51.42176,35.70148],[51.42131,35.7015],[51.42083,35.70156],[51.42033,35.70162],[51.41984,35.70165],[51.41927,35.70172],[51.41882,35.70167],[51.41841,35.70146],[51.41796,35.70156],[51.41794,35.70162],[51.41795,35.70148],[51.41788,35.7013],[51.4179,35.70108],[51.41772,35.70142],[51.41773,35.70141],[51.41774,35.70135],[51.41798,35.70105],[51.41808,35.70082],[51.41803,35.70067],[51.41815,35.70057],[51.41804,35.70061],[51.41782,35.70092],[51.4178,35.70112],[51.41798,35.7007],[51.41763,35.70097],[51.41723,35.70117],[51.41663,35.70135],[51.41616,35.70139],[51.4157,35.70149],[51.41508,35.7014],[51.4145,35.70138],[51.41397,35.70138],[51.41455,35.70138],[51.41517,35.70138],[51.41584,35.70134],[51.41662,35.70136],[51.41726,35.70134],[51.41739,35.70146],[51.41783,35.70145],[51.41826,35.7013],[51.41882,35.70116],[51.41938,35.70128],[51.41977,35.70147],[51.42028,35.70146],[51.42081,35.70138],[51.4213,35.70133],[51.42181,35.70134],[51.42246,35.7014],[51.42318,35.70139],[51.42378,35.70148],[51.42439,35.70144],[51.42507,35.70154],[51.42556,35.70151],[51.42596,35.70131],[51.42605,35.70085],[51.42599,35.70038],[51.42592,35.69989],[51.42582,35.6994],[51.42574,35.69903],[51.42567,35.69854],[51.42559,35.69805],[51.42552,35.69769],[51.42504,35.6975],[51.42451,35.69737],[51.42395,35.69724],[51.42348,35.69713],[51.4229,35.69698],[51.42251,35.69691],[51.42244,35.69695],[51.42229,35.69703],[51.42229,35.69697],[51.4223,35.697],[51.42229,35.69698],[51.42175,35.69689],[51.42127,35.69685],[51.42129,35.69722],[51.42124,35.69762],[51.42119,35.69803],[51.42105,35.69846],[51.42101,35.69895],[51.42127,35.69925],[51.4218,35.69929],[51.42242,35.69929],[51.42291,35.69911],[51.42343,35.699],[51.42396,35.69883],[51.4244,35.69874],[51.42485,35.69866],[51.42542,35.69857],[51.42581,35.6982],[51.42627,35.69818],[51.42678,35.698],[51.42736,35.69801],[51.42792,35.69808],[51.42857,35.69796],[51.42905,35.69801],[51.42955,35.69792],[51.43005,35.69771],[51.43089,35.69806],[51.43134,35.69838],[51.43168,35.69864],[51.43235,35.6988],[51.43277,35.69899],[51.43324,35.69908],[51.43386,35.69898],[51.434,35.69901],[51.4338,35.69846],[51.43358,35.69787],[51.43346,35.69748],[51.43337,35.69691],[51.43318,35.69631],[51.43298,35.69572],[51.43266,35.69557],[51.43222,35.69545],[51.43171,35.69538],[51.43156,35.69505],[51.43111,35.69521],[51.43058,35.69539],[51.43029,35.69549],[51.43034,35.69545],[51.43037,35.69552],[51.43029,35.69553],[51.4304,35.69589],[51.4301,35.69622],[51.42964,35.69641],[51.42921,35.69655],[51.42872,35.69669],[51.42828,35.69677],[51.42782,35.69682],[51.42735,35.69709],[51.427,35.69746],[51.42645,35.69763],[51.42586,35.69761],[51.42542,35.69733],[51.4253,35.69694],[51.42515,35.6964],[51.42503,35.69592],[51.42498,35.69549],[51.42486,35.69496],[51.4248,35.6945],[51.42471,35.69408],[51.42465,35.69372],[51.42453,35.69319],[51.4244,35.69269],[51.42438,35.69224],[51.42427,35.69174],[51.42419,35.69125],[51.42411,35.69077],[51.42406,35.69035],[51.42408,35.68984],[51.42413,35.68937],[51.42406,35.68898],[51.42351,35.68894],[51.42308,35.68906],[51.42255,35.68901],[51.42258,35.68916],[51.42254,35.68952],[51.42298,35.68944],[51.42351,35.68944],[51.42387,35.6891],[51.42409,35.68942],[51.4242,35.68934],[51.42425,35.68924],[51.42411,35.6896],[51.42398,35.68919],[51.424,35.68874],[51.42383,35.68824],[51.42373,35.68783],[51.42335,35.68744],[51.42283,35.68713],[51.42234,35.68692],[51.42221,35.6865],[51.4219,35.68619],[51.42132,35.68606],[51.42075,35.68596],[51.42047,35.68565],[51.42063,35.6851],[51.42067,35.6845],[51.42071,35.68397],[51.42071,35.68345],[51.42072,35.68296],[51.42074,35.68254],[51.42119,35.6823],[51.42167,35.68226],[51.42213,35.68231],[51.42256,35.68248],[51.42265,35.68283],[51.42309,35.68293],[51.42341,35.68327],[51.42351,35.68363],[51.42374,35.68396],[51.42373,35.68398],[51.42375,35.68396],[51.42381,35.68397],[51.42395,35.68431],[51.42392,35.68429],[51.42386,35.68424],[51.42376,35.68415],[51.42372,35.68415],[51.42377,35.68454],[51.4239,35.685],[51.42396,35.68539],[51.4235,35.6856],[51.42292,35.68563],[51.42248,35.68576],[51.42209,35.68601],[51.42155,35.68606],[51.42098,35.68614],[51.42054,35.68645],[51.42052,35.68694],[51.42047,35.68739],[51.42041,35.688],[51.42038,35.68837],[51.42033,35.68888],[51.42027,35.68952],[51.42023,35.69002],[51.42018,35.69053],[51.42012,35.69096],[51.41949,35.69105],[51.41884,35.69105],[51.41832,35.69104],[51.41781,35.691],[51.41735,35.69109],[51.41682,35.69113],[51.4163,35.691],[51.41577,35.69096],[51.41506,35.69098],[51.41443,35.69105],[51.41424,35.69138],[51.4143,35.69175],[51.41432,35.69221],[51.41426,35.69268],[51.4143,35.69306],[51.41437,35.69331],[51.41451,35.69349],[51.41464,35.69356],[51.41456,35.69348],[51.41446,35.69349],[51.4143,35.69367],[51.41435,35.69417],[51.41429,35.6946],[51.41436,35.69498],[51.41437,35.69541],[51.41434,35.69595],[51.41435,35.69639],[51.41432,35.69663],[51.41434,35.69676],[51.41433,35.69677],[51.41432,35.69671],[51.4143,35.69671],[51.4143,35.69675],[51.41434,35.69717],[51.41407,35.69748],[51.41351,35.69747],[51.41276,35.69749],[51.4123,35.69743],[51.41216,35.69694],[51.4121,35.69647],[51.41204,35.69607],[51.41195,35.69559],[51.41219,35.69521],[51.41192,35.69484],[51.41179,35.69431],[51.41172,35.6937],[51.41154,35.6932],[51.41138,35.69272],[51.41127,35.69231],[51.41119,35.69164],[51.41107,35.69114],[51.411,35.69065],[51.41084,35.69004],[51.41068,35.68934],[51.4106,35.68898],[51.41052,35.68842],[51.41045,35.68807],[51.41038,35.68769],[51.41029,35.68726],[51.41025,35.68684],[51.40987,35.68528],[51.4098,35.68475],[51.40974,35.68431],[51.40967,35.68374],[51.40956,35.68327],[51.40943,35.68269],[51.40932,35.68227],[51.40923,35.68173],[51.40913,35.68131],[51.40904,35.68079],[51.40893,35.68031],[51.40883,35.67982],[51.40875,35.67942],[51.40868,35.67897],[51.4086,35.67847],[51.40853,35.67795],[51.4084,35.67737],[51.40825,35.67678],[51.4081,35.67621],[51.40803,35.67567],[51.40792,35.67507],[51.40779,35.67449],[51.40768,35.67393],[51.40762,35.67355],[51.40752,35.67317],[51.40748,35.67279],[51.40737,35.67219],[51.40726,35.67148],[51.40714,35.67078],[51.40705,35.67015],[51.40692,35.66949],[51.4068,35.66884],[51.40668,35.66819],[51.40657,35.66761],[51.40643,35.66693],[51.40628,35.6662],[51.40619,35.66581],[51.40606,35.66512],[51.40597,35.66455],[51.40584,35.66386],[51.40577,35.6635],[51.40565,35.66284],[51.40555,35.66236],[51.40544,35.66181],[51.40534,35.66137],[51.40525,35.66092],[51.40516,35.66047],[51.40508,35.66001],[51.405,35.65953],[51.40492,35.65908],[51.40486,35.65871],[51.40555,35.65852],[51.4063,35.65841],[51.40688,35.65837],[51.40763,35.65829],[51.40832,35.65821],[51.40889,35.65821],[51.40966,35.65823],[51.41042,35.65831],[51.411,35.65843],[51.4115,35.65851],[51.41211,35.65862],[51.41267,35.65868],[51.41324,35.65874],[51.4138,35.65876],[51.41428,35.65884],[51.41487,35.65885],[51.4156,35.65886],[51.41629,35.65887],[51.41692,35.65893],[51.41761,35.65897],[51.41837,35.65902],[51.41909,35.65907],[51.41975,35.6591],[51.4204,35.65916],[51.42087,35.65934],[51.42122,35.65969],[51.42133,35.6601],[51.42135,35.66046],[51.42158,35.66079],[51.42186,35.66114],[51.42221,35.66158],[51.42256,35.66199],[51.4228,35.66231],[51.42276,35.66268],[51.42229,35.66295],[51.42189,35.66309],[51.42143,35.66323],[51.42094,35.66336],[51.42115,35.66374],[51.42139,35.66407],[51.42171,35.66442],[51.42203,35.66466],[51.42237,35.66495],[51.42249,35.66503],[51.42247,35.66505],[51.42299,35.66482],[51.42331,35.66455],[51.42368,35.66424],[51.42395,35.66392],[51.42429,35.66358],[51.42477,35.66365],[51.42512,35.66405],[51.42538,35.66443],[51.42568,35.66479],[51.42616,35.66504],[51.42642,35.66542],[51.4262,35.66549],[51.42623,35.66565],[51.42634,35.66579],[51.4263,35.66616],[51.42623,35.66653],[51.42623,35.66699],[51.42673,35.66711],[51.42725,35.66719],[51.42775,35.66724],[51.42836,35.66729],[51.42869,35.667],[51.42864,35.66662],[51.42857,35.66622],[51.42878,35.66589],[51.42916,35.66553],[51.42936,35.6652],[51.42947,35.66481],[51.42994,35.66462],[51.43054,35.6646],[51.43131,35.66461],[51.43209,35.66461],[51.43286,35.66459],[51.43341,35.66458],[51.43372,35.66497],[51.43401,35.66548],[51.43433,35.66607],[51.43464,35.66657],[51.43484,35.66698],[51.43516,35.66752],[51.43542,35.66797],[51.43571,35.66844],[51.43599,35.66895],[51.43624,35.66934],[51.43651,35.66977],[51.43661,35.67012],[51.43674,35.67049],[51.43692,35.67085],[51.43707,35.67119],[51.43721,35.67157],[51.43744,35.67218],[51.43759,35.67254],[51.43776,35.67294],[51.4379,35.67332],[51.43802,35.67372],[51.43812,35.67412],[51.43818,35.67452],[51.43821,35.67493],[51.43823,35.67531],[51.43828,35.67596],[51.43832,35.67645],[51.43831,35.67688],[51.43833,35.67733],[51.43833,35.67787],[51.43835,35.67833],[51.43844,35.67876],[51.43832,35.6792],[51.43819,35.67971],[51.43799,35.68024],[51.43782,35.68071],[51.43765,35.68113],[51.43748,35.6816],[51.43735,35.68199],[51.43719,35.68246],[51.43705,35.68282],[51.43688,35.68326],[51.43671,35.68373],[51.43649,35.68405],[51.43603,35.68424],[51.43562,35.68447],[51.43577,35.68504],[51.43581,35.6856],[51.43577,35.68602],[51.43572,35.68645],[51.43566,35.68692],[51.43571,35.68742],[51.43574,35.68795],[51.43579,35.68842],[51.43586,35.68908],[51.43597,35.68957],[51.43622,35.69017],[51.43648,35.69074],[51.43669,35.69124],[51.43687,35.69163],[51.43708,35.69207],[51.43735,35.69237],[51.43799,35.69239],[51.43849,35.69227],[51.43895,35.69226],[51.43947,35.69218],[51.44011,35.69207],[51.44072,35.69203],[51.44127,35.69198],[51.44191,35.69179],[51.44244,35.69159],[51.443,35.69147],[51.44344,35.69127],[51.44385,35.69099],[51.44446,35.69078],[51.44483,35.69058],[51.44514,35.69028],[51.44553,35.69002],[51.44596,35.68979],[51.44641,35.68969],[51.44605,35.68897],[51.4454,35.68887],[51.44493,35.68893],[51.44454,35.68878],[51.44453,35.68872],[51.44453,35.68873],[51.44445,35.68874],[51.44452,35.6887],[51.44457,35.68868],[51.44449,35.68874],[51.44438,35.68871],[51.44462,35.68881],[51.44444,35.68872],[51.44441,35.6887],[51.44445,35.6887],[51.44452,35.68883],[51.44405,35.68897],[51.44356,35.68916],[51.44307,35.68938],[51.44267,35.68959],[51.44212,35.6897],[51.44154,35.68981],[51.44101,35.68999],[51.44051,35.69007],[51.44053,35.69056],[51.44061,35.69092],[51.44084,35.69127],[51.44096,35.69163],[51.4412,35.69211],[51.44139,35.69255],[51.44161,35.69299],[51.44183,35.6934],[51.44197,35.6938],[51.44221,35.69426],[51.44241,35.69463],[51.44265,35.69503],[51.44292,35.69548],[51.44251,35.69577],[51.44209,35.69596],[51.44167,35.69607],[51.44123,35.69619],[51.4406,35.69642],[51.44006,35.69654],[51.43959,35.69678],[51.43922,35.69728],[51.43885,35.6977],[51.43858,35.69803],[51.43816,35.69841],[51.43794,35.69882],[51.43847,35.69912],[51.43903,35.69931],[51.43961,35.69949],[51.44014,35.69967],[51.44066,35.69981],[51.44118,35.69997],[51.4417,35.70012],[51.44227,35.70025],[51.44282,35.70041],[51.44327,35.70055],[51.44387,35.7007],[51.44432,35.70081],[51.44481,35.70093],[51.44537,35.70105],[51.44591,35.70121],[51.44644,35.70139],[51.44689,35.70154],[51.44734,35.70167],[51.44783,35.70161],[51.44843,35.70161],[51.44882,35.70196],[51.44935,35.70225],[51.4498,35.70241],[51.45042,35.7026],[51.45099,35.70273],[51.45163,35.70291],[51.45231,35.70313],[51.45291,35.70331],[51.45346,35.70347],[51.454,35.70362],[51.45454,35.70378],[51.45502,35.70391],[51.45549,35.70405],[51.4561,35.70415],[51.45663,35.70436],[51.45728,35.70459],[51.45794,35.70477],[51.45856,35.70493],[51.45938,35.70515],[51.46015,35.70538],[51.46089,35.7056],[51.46171,35.70583],[51.4625,35.70605],[51.46316,35.70625],[51.4637,35.7064],[51.46433,35.70659],[51.46494,35.70678],[51.46549,35.70691],[51.46609,35.70705],[51.46668,35.70721],[51.46728,35.70743],[51.46781,35.70763],[51.46825,35.70777],[51.4687,35.70792],[51.46926,35.7081],[51.46972,35.70825],[51.47021,35.70835],[51.47072,35.70848],[51.47115,35.7086],[51.47162,35.70874],[51.47215,35.70888],[51.47275,35.70909],[51.47341,35.70931],[51.47419,35.70958],[51.47462,35.70971],[51.47539,35.70997],[51.47612,35.71019],[51.47684,35.71043],[51.47738,35.71059],[51.47803,35.7108],[51.47865,35.711],[51.47913,35.71116],[51.4797,35.71135],[51.48035,35.71156],[51.48117,35.7118],[51.48161,35.71191],[51.48207,35.71204],[51.48249,35.71217],[51.48299,35.7123],[51.48348,35.71238],[51.48398,35.71249],[51.48447,35.71258],[51.48506,35.71281],[51.48584,35.71311],[51.48626,35.71328],[51.48691,35.7135],[51.48749,35.71367],[51.48807,35.71384],[51.48886,35.7141],[51.48928,35.71423],[51.48983,35.71436],[51.49027,35.71449],[51.4908,35.71465],[51.49126,35.71486],[51.49181,35.71502],[51.49239,35.71525],[51.49301,35.71541],[51.49367,35.71563],[51.4944,35.71585],[51.49517,35.7161],[51.4959,35.71636],[51.49654,35.71655],[51.49696,35.71668],[51.49706,35.71667],[51.49755,35.71677],[51.49798,35.7169],[51.49837,35.7171],[51.49837,35.7171],[51.49885,35.71724],[51.49941,35.71739],[51.50012,35.71759],[51.5009,35.71782],[51.50151,35.71805],[51.50209,35.71822],[51.50269,35.71844],[51.50351,35.71865],[51.50395,35.71878],[51.50442,35.71892],[51.50491,35.71905],[51.50537,35.71912],[51.50587,35.71925],[51.50639,35.71943],[51.50693,35.7196],[51.50746,35.71983],[51.50792,35.71997],[51.50861,35.72023],[51.50922,35.7204],[51.50992,35.72062],[51.51064,35.72087],[51.51127,35.72108],[51.51191,35.72128],[51.51269,35.7215],[51.51311,35.72163],[51.5138,35.72184],[51.51436,35.72203],[51.51514,35.72231],[51.51589,35.72253],[51.51647,35.7227],[51.51694,35.72282],[51.51743,35.72294],[51.51794,35.72311],[51.51843,35.72322],[51.51898,35.72331],[51.51948,35.72342],[51.51997,35.72339],[51.52044,35.72301],[51.52105,35.7228],[51.52184,35.72297],[51.52224,35.72327],[51.5226,35.72357],[51.52313,35.72381],[51.52358,35.7239],[51.52415,35.72394],[51.52475,35.72394],[51.52555,35.72402],[51.52639,35.72408],[51.52704,35.72411],[51.52769,35.72416],[51.52844,35.7242],[51.5289,35.72424],[51.52938,35.72428],[51.5299,35.72432],[51.53044,35.72437],[51.53098,35.7244],[51.53153,35.72443],[51.53211,35.72445],[51.53271,35.72448],[51.53334,35.72454],[51.53395,35.72458],[51.53457,35.72462],[51.53517,35.72464],[51.5358,35.72467],[51.53643,35.72471],[51.53704,35.72478],[51.53765,35.72486],[51.53828,35.72492],[51.53892,35.72496],[51.53958,35.725],[51.54023,35.72504],[51.54089,35.72508],[51.54155,35.72509],[51.54221,35.72511],[51.54288,35.72515],[51.54355,35.7252],[51.54421,35.72526],[51.54488,35.72531],[51.54554,35.72534],[51.54624,35.72539],[51.54692,35.72542],[51.5476,35.72548],[51.54826,35.72553],[51.5489,35.72558],[51.54952,35.72563],[51.55012,35.72568],[51.55072,35.72573],[51.55127,35.72577],[51.55172,35.72577],[51.55218,35.72577],[51.55265,35.72581],[51.55311,35.72589],[51.55261,35.72601],[51.55177,35.72599],[51.55103,35.72609],[51.55062,35.7263],[51.551,35.7267],[51.55158,35.72702],[51.55221,35.7274],[51.5528,35.72779],[51.55327,35.72807],[51.55381,35.72835],[51.55434,35.72869],[51.5548,35.72896],[51.55449,35.72946],[51.55419,35.7298],[51.55404,35.72994],[51.55414,35.72999],[51.55414,35.73],[51.55414,35.73],[51.55415,35.73],[51.55415,35.73],[51.55415,35.73001],[51.55415,35.73001],[51.55416,35.73001],[51.55416,35.73001],[51.55447,35.73025],[51.55427,35.72993],[51.55412,35.72995]]]}},{"type":"Feature","properties":{"route":5,"color":"#0891b2","times":[[22614,22656,22716,22776,22836,22896,22956,23016,23076,23136,23196,23256,23316,23376,23436,23496,23556,23616,23676,23736,23796,23856,23916,23976,24036,24096,24156,24216,24276,24336,24348,24357,24363,24369,24375,24381,24387,24393,24399,24405,24411,24417,24423,24429,24435,24441,24444,24450,24453,24456,24459,24462,24465,24468,24471,24474,24477,24480,24483,24486,24489,24492,24495,24498,24501,24504,24507,24510,24513,24516,24519,24522,24525,24531,24537,24543,24546,24549,24552,24555,24558,24561,24564,24567,24570,24573,24576,24579,24582,24585,24591,24597,24603,24609,24621,24642,24669,24678,24687,24693,24699,24705,24711,24714,24717,24720,24723,24726,24729,24732,24735,24738,24741,24744,24747,24750,24753,24756,24759,24762,24765,24768,24771,24774,24777,24780,24783,24786,24789,24792,24795,24798,24801,24804,24807,24810,24813,24816,24819,24822,24825,24828,24831,24834,24837,24840,24843,24846,24849,24852,24855,24858,24861,24864,24867,24870,24873,24876,24879,24882,24885,24888,24891,24894,24897,24900,24903,24906,24909,24912,24915,24918,24921,24924,24927,24930,24933,24936,24939,24942,24945,24948,24951,24957,24963,24969,24975,24978,24981,24984,24987,24990,24993,24996,24999,25002,25008,25023,25038,25065,25071,25080,25092,25101,25110,25116,25119,25125,25131,25137,25143,25149,25155,25158,25161,25167,25173,25179,25182,25185,25188,25191,25197,25203,25206,25209,25215,25224,25230,25233,25254,25260,25266,25272,25278,25284,25290,25296,25302,25308,25311,25314,25317,25323,25329,25332,25335,25338,25341,25347,25353,25359,25389,25395,25401,25410,25416,25422,25431,25437,25443,25449,25455,25461,25464,25470,25476,25491,25503,25509,25515,25521,25530,25536,25542,25548,25554,25560,25566,25572,25578,25584,25599,25608,25614,25626,25635,25641,25653,25659,25665,25671,25677,25683,25689,25695,25698,25701,25704,25707,25710,25716,25722,25725,25728,25731,25734,25737,25740,25743,25746,25752,25755,25758,25761,25764,25767,25770,25773,25776,25779,25782,25785,25788,25791,25794,25797,25800,25803,25806,25809,25812,25815,25818,25821,25824,25827,25830,25833,25836,25839,25842,25845,25848,25851,25854,25857,25860,25863,25866,25869,25872,25875,25878,25881,25884,25887,25890,25893,25896,25899,25902,25905,25908,25911,25914,25917,25920,25923,25926,25929,25932,25935,25938,25941,25944,25947,25950,25953,25956,25959,25962,25965,25968,25971,25974,25977,25980,25983,25986,25989,25992,25995,25998,26001,26004,26007,26010,26013,26016,26019,26022,26025,26028,26031,26034,26037,26040,26043,26046,26049,26052,26055,26058,26061,26064,26067,26070,26073,26076,26079,26082,26085,26088,26091,26094,26097,26100,26103,26106,26109,26112,26115,26118,26121,26124,26127,26130,26133,26136,26139,26142,26145,26148,26151,26154,26157,26160,26163,26166,26169,26172,26175,26178,26181,26184,26187,26190,26193,26196,26199,26202,26205,26208,26211,26214,26217,26220,26223,26226,26229,26232,26235,26238,26241,26244,26247,26250,26253,26256,26259,26262,26265,26268,26271,26274,26277,26280,26283,26286,26289,26292,26295,26298,26301,26304,26307,26310,26313,26316,26319,26322,26325,26328,26331,26334,26337,26340,26343,26349,26352,26355,26358,26361,26364,26367,26370,26373,26376,26379,26382,26385,26388,26391,26394,26397,26400,26403,26406,26409,26412,26415,26418,26421,26424,26427,26430,26433,26436,26439,26442,26445,26448,26451,26454,26457,26460,26463,26466,26469,26472,26475,26478,26481,26484,26487,26490,26496,26502,26508,26514,26520,26523,26529,26535,26538,26541,26544,26547,26550,26553,26556,26559,26562,26565,26568,26571,26574,26577,26580,26583,26586,26589,26592,26595,26598,26601,26604,26607,26610,26613,26616,26619,26622,26625,26631,26637,26640,26643,26646,26649,26652,26655,26658,26661,26664,26667,26670,26673,26676,26679,26682,26685,26688,26691,26694,26697,26700,26703,26706,26709,26712,26715,26718,26721,26724,26727,26730,26736,26742,26745,26748,26751,26754,26757,26760,26763,26766,26769,26772,26775,26778,26781,26784,26787,26790,26793,26796,26799,26802,26808,26814,26820,26826,26832,26838,26841,26844,26847,26850,26853,26856,26859,26862,26865,26868,26871,26874,26877,26880,26883,26886,26892,26898,26901,26904,26907,26910,26913,26916,26919,26922,26925,26928,26931,26934,26937,26940,26943,26946,26949,26952,26955,26958,26964,26970,26973,26976,26979,26982,26985,26988,26991,26994,26997,27000,27003,27006,27009,27012,27015,27018,27021,27024,27027,27030,27033,27039,27042,27045,27048,27051,27054,27057,27060,27063,27066,27069,27072,27075,27078,27081,27084,27087,27090,27093,27096,27099,27102,27105,27108,27111,27114,27117,27120,27123,27126,27129,27132,27135,27138,27141,27144,27147,27150,27153,27156,27159,27162,27165,27168,27171,27174,27177,27180,27183,27186,27189,27195,27201,27207,27210,27213,27216,27219,27222,27228,27234,27240,27249,27258,27267,27279,27291,27303,27309,27315,27318,27324,27330,27336,27342,27348,27354,27360,27366,27375,27384,27390,27396,27402,27408,27411,27414,27417,27420,27423,27426,27429,27432,27435,27438,27441,27444,27447,27450,27453,27456,27459,27462,27465,27468,27471,27474,27477,27480,27483,27486,27489,27492,27495,27498,27501,27504,27507,27510,27513,27516,27519,27522,27525,27528,27531,27534,27537,27540,27543,27546,27549,27552,27555,27558,27561,27564,27567,27570,27573,27576,27579,27582,27585,27588,27591,27594,27597,27600,27603,27606,27609,27612,27615,27618,27621,27624,27627,27630,27633,27639,27645,27651,27657,27663,27669,27672,27675,27678,27681,27684,27687,27690,27693,27696,27699,27702,27705,27708,27711,27714,27717,27720,27723,27726,27729,27732,27735,27738,27741,27744,27747,27750,27753,27756,27759,27762,27765,27768,27771,27774,27777,27780,27783,27786,27789,27792,27795,27798,27801,27804,27807,27810,27813,27816,27819,27822,27825,27828,27831,27834,27837,27840,27843,27849,27909,27969,28026,28077,28137,28197,28227,28287,28347,28407,28467,28527,28587,28647,28707,28767,28827,28887,28926,28935,28995,29055,29115,29175,29235,29295,29301,29361,29421,29439,29499,29559,29619,29679,29739,29799,29859,29910,29916,29922,29928,29934,29937,29940,29943,29946,29949,29952,29955,29958,29961,29964,29967,29970,29973,29976,29979,29982,29985,29988,29991,29994,29997,30000,30003,30006,30012,30018,30021,30024,30027,30030,30033,30036,30039,30042,30045,30048,30051,30054,30057,30063,30069,30075,30081,30087,30090,30093,30096,30099,30102,30105,30108,30111,30114,30117,30120,30123,30126,30129,30132,30135,30138,30141,30144,30147,30150,30153,30156,30159,30162,30165,30168,30171,30174,30177,30180,30183,30186,30189,30192,30195,30198,30201,30204,30207,30210,30213,30216,30219,30222,30225,30228,30231,30234,30237,30240,30243,30246,30249,30252,30255,30258,30261,30264,30267,30270,30273,30276,30279,30282,30285,30288,30291,30294,30297,30300,30303,30306,30309,30312,30315,30318,30324,30327,30333,30336,30339,30342,30345,30348,30351,30354,30357,30360,30363,30366,30369,30372,30375,30378,30381,30384,30387,30390,30393,30396,30399,30402,30405,30408,30411,30414,30417,30420,30434,30437,30440,30443,30446,30449,30452,30455,30458,30461,30464,30467,30470,30473,30476,30479,30482,30485,30839,30881,30887,30893,30899,30908,30914,30920,30926,30932,30938,30944,30956,30965,30971,30980,31004,31013,31019,31028,31064,31082,31091,31097,31103,31109,31118,31124,31130,31133,31136,31139,31142,31145,31148,31151,31154,31157,31160,31163,31166,31169,31172,31175,31178,31181,31184,31187,31190,31193,31196,31199,31205,31211,31214,31217,31220,31223,31226,31229,31232,31235,31238,31241,31247,31253,31262,31268,31274,31277,31280,31283,31286,31289,31292,31295,31298,31301,31304,31307,31310,31316,31322,31328,31334,31340,31346,31352,31358,31361,31364,31367,31370,31376,31379,31382,31385,31391,31397,31403,31406,31409,31415,31421,31427,31439,31451,31463,31484,31490,31496,31502,31508,31514,31517,31520,31523,31529,31541,31547,31553,31559,31565,31571,31577,31583,31589,31595,31601,31607,31613,31616,31619,31622,31625,31628,31631,31634,31637,31640,31643,31649,31655,31658,31661,31664,31667,31670,31673,31676,31679,31685,31691,31697,31703,31709,31718,31724,31727,31730,31733,31736,31739,31742,31745,31748,31754,31760,31763,31766,31769,31772,31775,31778,31781,31784,31787,31790,31793,31799,31805,31811,31817,31823,31829,31832,31835,31841,31847,31853,31859,31865,31871,31877,31883,31886,31892,31904,31916,31922,31928,31934,31940,31946,31952,31961,31973,31982,31988,31994,32000,32003,32009,32015,32021,32027,32033,32039,32045,32051,32057,32063,32072,32078,32084,32087,32093,32096,32099,32102,32108,32117,32123,32126,32129,32132,32135,32138,32141,32144,32147,32150,32156,32162,32165,32168,32171,32174,32177,32180,32183,32186,32189,32198,32204,32213,32222,32228,32234,32243,32249,32252,32255,32261,32270,32276,32282,32291,32297,32303,32309,32315,32321,32327,32336,32396,32456,32516,32576,32636,32696,32708,32720,32729,32735,32741,32744,32747,32750,32753,32756,32759,32762,32765,32768,32771,32774,32780,32789,32795,32798,32801,32804,32807,32810,32813,32816,32819,32822,32825,32828,32831,32834,32837,32840,32843,32846,32849,32852,32855,32858,32861,32864,32867,32870,32873,32876,32879,32882,32885,32888,32891,32894,32897,32900,32903,32906,32909,32912,32915,32918,32921,32924,32927,32930,32933,32936,32939,32942,32945,32948,32951,32954,32957,32960,32963,32966,32969,32972,32975,32978,32981,32984,32987,32990,32993,32996,32999,33002,33005,33008,33011,33014,33017,33020,33023,33026,33029,33032,33041,33047,33053,33062,33068,33071,33074,33077,33080,33083,33086,33089,33092,33095,33098,33101,33104,33107,33110,33113,33116,33119,33122,33125,33128,33131,33134,33137,33140,33143,33146,33149,33152,33155,33158,33161,33164,33167,33170,33173,33179,33185,33191,33197,33200,33203,33206,33209,33212,33215,33218,33221,33227,33233,33239,33242,33245,33248,33251,33254,33257,33260,33263,33266,33269,33272,33275,33278,33281,33284,33290,33296,33302,33305,33308,33314,33320,33326,33329,33332,33335,33338,33341,33344,33347,33353,33359,33365,33371,33380,33386,33392,33398,33404,33410,33413,33416,33419,33422,33428,33437,33443,33449,33455,33461,33464,33467,33470,33473,33476,33482,33491,33497,33503,33509,33512,33515,33518,33521,33524,33527,33530,33533,33536,33539,33542,33545,33548,33551,33554,33557,33560,33563,33566,33569,33572,33575,33578,33581,33584,33587,33590,33593,33596,33599,33602,33605,33611,33620,33626,33629,33632,33635,33638,33641,33647,33656,33662,33665,33668,33671],[45553,45559,45565,45571,45574,45580,45589,45595,45601,45607,45613,45619,45625,45628,45634,45643,45649,45655,45661,45667,45670,45673,45679,45685,45688,45691,45694,45697,45703,45709,45718,45727,45736,45742,45748,45754,45814,45874,45934,45994,46054,46114,46174,46186,46234,46246,46270,46279,46312,46333,46393,46423,46465,46525,46585,46597,46606,46618,46642,46654,46745,46775,46799,46859,46871,46901,46919,46931,46946,47006,47039,47063,47093,47114,47126,47178,47205,47211,47217,47253,47262,47292,47310,47370,47400,47409,47438,47450,47489,47549,47594,47633,47658,47691,47751,47811,47820,47826,47832,47838,47844,47856,47865,47871,47877,47883,47889,47892,47898,47901,47907,47913,47919,47925,47931,47940,47949,47955,47961,47967,47970,47973,47976,47979,47982,47985,47988,47991,47994,47997,48000,48003,48006,48009,48012,48015,48018,48021,48024,48027,48030,48033,48039,48045,48054,48060,48066,48072,48078,48084,48090,48096,48099,48102,48108,48114,48120,48123,48126,48129,48132,48135,48138,48141,48144,48153,48159,48162,48165,48168,48171,48174,48177,48180,48189,48201,48213,48252,48258,48267,48273,48279,48285,48288,48291,48294,48297,48300,48303,48306,48309,48312,48318,48327,48333,48336,48339,48342,48345,48348,48351,48354,48357,48360,48363,48366,48369,48372,48375,48378,48387,48399,48405,48414,48420,48426,48432,48438,48441,48444,48447,48450,48453,48459,48468,48474,48480,48486,48522,48564,48573,48582,48588,48597,48657,48705,48765,48825,48885,48945,49005,49065,49125,49185,49245,49305,49365,49401,49461,49521,49581,49641,49677,49734,49794,49854,49911,49917,49923,49926,49929,49932,49935,49938,49941,49944,49947,49950,49956,49965,49971,49974,49977,49980,49983,49986,49989,49992,49995,49998,50001,50007,50022,50028,50034,50040,50046,50055,50061,50073,50082,50106,50121,50151,50154,50160,50166,50175,50190,50196,50208,50226,50232,50238,50244,50256,50265,50319,50337,50349,50364,50370,50376,50382,50391,50397,50403,50409,50415,50427,50436,50445,50454,50460,50466,50475,50493,50499,50505,50511,50517,50523,50529,50535,50541,50547,50553,50613,50673,50694,50700,50706,50712,50718,50724,50730,50736,50742,50748,50808,50868,50928,50988,51048,51102,51162,51222,51267,51327,51387,51447,51507,51567,51627,51687,51747,51762,51771,51801,51807,51813,51819,51825,51831,51837,51843,51849,51855,51861,51867,51873,51879,51888,51897,51912,51921,51927,51933,51942,51951,51957,51975,51981,51987,51993,51999,52038,52044,52047,52053,52059,52065,52071,52077,52083,52089,52101,52110,52116,52122,52131,52152,52161,52167,52173,52182,52200,52212,52227,52242,52251,52260,52266,52272,52281,52287,52296,52305,52332,52347,52356,52362,52368,52377,52386,52398,52458,52518,52578,52638,52698,52758,52818,52878,52938,52998,53028,53040,53049,53058,53064,53070,53088,53097,53106,53115,53124,53130,53136,53145,53151,53157,53163,53172,53181,53190,53196,53202,53208,53214,53220,53226,53232,53238,53244,53250,53259,53265,53271,53277,53283,53292,53301,53307,53310,53313,53316,53319,53322,53325,53328,53331,53334,53337,53340,53349,53355,53361,53367,53373,53376,53379,53382,53385,53388,53391,53394,53397,53400,53406,53412,53418,53427,53433,53439,53445,53454,53460,53466,53472,53481,53487,53493,53499,53505,53511,53514,53532,53541,53547,53553,53559,53571,53601,53661,53721,53781,53841,53901,53934,53994,54045,54105,54165,54225,54252,54312,54372,54432,54459,54471,54483,54504,54519,54534,54594,54654,54714,54774,54834,54891,54903,54912,54921,54933,54993,55053,55113,55173,55233,55293,55353,55368,55383,55389,55404,55437,55452,55464,55476,55482,55491,55500,55512,55524,55533,55539,55548,55560,55575,55584,55590,55596,55599,55602,55605,55608,55611,55617,55623,55629,55632,55635,55638,55641,55644,55650,55656,55659,55662,55665,55671,55677,55683,55689,55695,55701,55704,55707,55710,55713,55716,55722,55725,55728,55731,55737,55743,55749,55752,55755,55758,55761,55764,55767,55770,55773,55776,55782,55788,55791,55794,55797,55800,55803,55806,55809,55812,55815,55818,55824,55830,55836,55839,55842,55845,55848,55851,55854,55857,55863,55872,55878,55881,55884,55887,55890,55893,55896,55899,55902,55905,55908,55911,55914,55917,55920,55923,55926,55929,55932,55935,55941,55947,55983,55989,55995,56001,56010,56016,56022,56028,56034,56040,56046,56052,56058,56064,56070,56076,56082,56088,56109,56115,56121,56127,56133,56136,56139,56142,56145,56148,56154,56157,56163,56181,56190,56196,56202,56208,56214,56220,56226,56229,56235,56241,56247,56253,56259,56265,56268,56271,56277,56283,56289,56295,56301,56307,56334,56340,56346,56352,56361,56397,56406,56415,56427,56487,56547,56693,56753,56762,56771,56780,56786,56792,56801,56810,56819,56825,56834,56846,56858,56867,56873,56879,56885,56891,56897,56903,56909,56915,56918,56924,56930,56936,56942,56948,56954,56960,56966,56978,56981,56984,56987,56990,56993,56996,57002,57008,57014,57023,57029,57035,57041,57044,57047,57050,57053,57056,57059,57062,57068,57074,57080,57086,57092,57098,57104,57110,57113,57116,57119,57122,57125,57131,57137,57143,57146,57149,57152,57155,57158,57161,57167,57173,57179,57185,57188,57191,57194,57197,57200,57203,57206,57209,57212,57215,57218,57221,57224,57227,57233,57248,57254,57257,57260,57263,57266,57272,57278,57284,57290,57296,57299,57305,57314,57329,57341,57350,57356,57362,57368,57371,57374,57377,57380,57383,57386,57389,57392,57395,57398,57401,57404,57407,57410,57413,57416,57419,57422,57425,57428,57431,57434,57437,57440,57443,57446,57449,57452,57455,57458,57461,57464,57467,57470,57473,57476,57479,57482,57887,57890,57893,57896,57899,57902,57905,57908,57911,57914,57917,57920,57923,57926,57929,57932,57935,57938,57941,57944,57947,57950,57953,57956,57959,57962,57965,57968,57971,57974,57977,57980,57983,57986,57989,57992,57995,57998,58001,58004,58007,58010,58013,58016,58019,58022,58025,58028,58031,58034,58037,58040,58043,58046,58049,58052,58055,58058,58061,58064,58067,58070,58073,58076,58079,58082,58085,58088,58091,58094,58097,58100,58108,58114,58163,58169,58175,58181,58187,58193,58346,58349,58352,58355,58358,58361,58364,58367,58370,58373,58376,58379,58382,58385,58388,58391,58394,58397,58400,58403,58406,58409,58412,58415,58418,58421,58424,58427,58430,58433,58436,58439,58442,58445,58448,58451,58454,58457,58460,58463,58466,58469,58472,58475,58478,58481,58484,58487,58490,58493,58496,58499,58502,58508,58517,58526,58532,58535,58538,58541,58544,58547,58550,58553,58556,58559,58562,58565,58568,58571,58574,58577,58580,58583,58586,58589,58592,58595,58598,58601,58604,58607,58610,58613,58616,58619,58622,58625,58628,58631,58634,58637,58640,58643,58646,58649,58652,58655,58658,58661,58664,58667,58670,58673,58676,58679,58682,58685,58688,58691,58694,58697,58700,58703,58706,58709,58712,58715,58718,58721,58724,58727,58730,58733,58736,58739,58742,58745,58748,58754,58757,58760,58763,58769,58772,58775,58778,58781,58784,58790,58796,58802,58805,58808,58811,58814,58817,58820,58823,58826,58829,58832,58835,58838,58841,58844,58847,58850,58853,58856,58859,58862,58865,58868,58871,58874,58877,58880,58883,58886,58889,58892,58895,58898,58901,58904,58907,58910,58913,58916,58919,58922,58925,58928,58931,58934,58937,58940,58943,58946,58949,58952,58955,58958,58961,58964,58967,58970,58973,58976,58979,58982,58985,58988,58991,58994,58997,59000,59003,59006,59009,59012,59015,59018,59021,59024,59030,59033,59036,59039,59042,59045,59048,59051,59054,59057,59060,59063,59069,59072,59075,59078,59081,59084,59087,59090,59093,59096,59099,59102,59106,59112,59117,59343,59349,59352,59355,59358,59361,59364,59367,59370,59373,59376,59379,59382,59385,59388,59391,59397,59403,59406,59409,59412,59415,59418,59421,59427,59433,59436,59439,59442,59445,59448,59451,59454,59457,59460,59463,59466,59469,59472,59475,59478,59481,59484,59487,59490,59493,59496,59499,59502,59505,59508,59511,59514,59517,59520,59523,59526,59529,59532,59535,59538,59541,59547,59556,59562,59583,59592,59610,59649,59673,59733,59772,59790,59802,59823,59847,59880,59898,59913,59919,59934,59952,59967,59982,59997,60036,60054,60087,60126,60141,60159,60168,60177,60186,60198,60207,60213,60219,60222,60225,60228,60231,60234,60237,60240,60243,60246,60249,60252,60255,60258,60261,60264,60267,60270,60273,60276,60279,60282,60285,60288,60291,60294,60297,60300,60303,60306,60309,60312,60315,60318,60321,60324,60327,60330,60333,60336,60339,60342,60345,60351,60357,60360,60363,60366,60369,60372,60375,60378,60381,60384,60387,60390,60393,60396,60399,60402,60405,60408,60411,60414,60420,60426,60432,60438,60441,60444,60447,60450,60453,60456,60459,60462,60465,60468,60471,60474,60477,60480,60483,60486,60489,60492,60495,60498,60501,60504,60507,60510,60513,60516,60519,60522,60525,60528,60531,60534,60537,60543,60549,60552,60555,60558,60561,60564,60567,60570,60573,60576,60579,60582,60585,60588,60591,60594,60597,60600,60603,60606,60609,60612,60615,60618,60621,60624,60627,60630,60633,60636,60639,60642,60645,60648,60651,60654,60657,60660,60663,60666,60669,60672,60675,60678,60681,60684,60687,60690,60693,60696,60699,60702,60705,60708,60711,60714,60717,60720,60723,60726,60729,60732,60735,60738,60741,60744,60747,60750,60753,60756,60759,60762,60765,60768,60771,60774,60777,60780,60783,60786,60789,60792,60795,60798,60801,60804,60807,60810,60813,60819,60825,60846,60879,60891,60909,60933,60987,61029,61056,61104,61116,61143,61164,61197,61221,61230,61239,61245,61254,61266,61275,61287,61299,61314,61329,61341,61347,61356,61368,61377,61404,61413,61422,61428,61437,61452,61464,61476,61491,61512,61536,61554,61578,61587,61647,61662,61674,61689,61698,61707,61713,61719,61728,61752,61767,61791,61818,61878,61929,61989,62049,62109,62169,62229,62253,62289,62307,62319,62328,62334,62346,62358,62367,62376,62382,62388,62394,62403,62409,62415,62421,62427,62442,62484,62490,62493,62496,62499,62502,62505,62511,62520,62526,62529,62532,62538,62547,62553,62556,62559,62562,62565,62568,62571,62574,62577,62580,62583,62586,62589,62592,62595,62598,62601,62607,62613,62619,62625,62631,62637,62646,62652,62658,62664,62676,62685,62691,62697,62703,62709,62712,62718,62721,62724,62727,62730,62733,62736,62739,62742,62745,62748,62754,62763,62769,62775,62781,62787,62793,62799,62805,62811,62817,62823,62826,62829,62832,62835,62838,62841,62844,62850,62856,62862,62868,62874,62883,62889,62895,62901,62910,62928,62946,62955,62964,62997,63027,63039,63045,63051,63057,63060,63063,63066,63069,63072,63075,63078,63081,63084,63087,63090,63093,63096,63099,63102,63105,63108,63111,63114,63117,63120,63123,63126,63129,63132,63135,63138,63141,63144,63147,63150,63153,63156,63159,63162,63165,63168,63171,63174,63177,63180,63186,63189,63192,63195,63198,63201,63204,63210,63216,63222,63231,63240,63246,63252,63258,63264,63270,63276,63282,63288,63294,63300,63306,63312,63315,63318,63324,63327,63330,63333,63336,63339,63342,63345,63348,63351,63354,63357,63360,63363,63369,63375,63381,63384,63387,63390,63393,63396,63399,63402,63405,63408,63411,63414,63417,63420,63426,63432,63438,63441,63444,63447,63450,63453,63456,63459,63462,63465,63468,63471,63474,63477,63480,63483,63486,63489,63492,63495,63498,63501,63504,63507,63510,63513,63516,63519,63522,63525,63528,63531,63534,63537,63540,63543,63546,63549,63552,63555,63558,63561,63564,63567,63570,63573,63576,63579,63582,63585,63588,63591,63594,63597,63600,63603,63606,63609,63612,63615,63618,63621,63624,63627,63630,63633,63636,63642,63663,63684,63693,63705,63723,63735,63795,63813,63828,63852,63864,63873,63879,63885,63891,63906,63915,63924,63930,63939]]},"geometry":{"type":"MultiLineString","coordinates":[[[51.55912,35.74576],[51.55413,35.73007],[51.55416,35.72987],[51.55417,35.72992],[51.5541,35.72986],[51.55392,35.72985],[51.55407,35.72992],[51.55408,35.72989],[51.55411,35.72991],[51.55413,35.72984],[51.55416,35.72986],[51.55413,35.72987],[51.55409,35.72991],[51.5541,35.72989],[51.55409,35.72982],[51.55413,35.72984],[51.55388,35.72982],[51.55395,35.72978],[51.55395,35.72983],[51.5539,35.72984],[51.55403,35.72976],[51.55399,35.72991],[51.5539,35.72985],[51.554,35.72975],[51.55396,35.72977],[51.55385,35.72984],[51.55384,35.72984],[51.55387,35.72985],[51.55397,35.72982],[51.55409,35.72977],[51.55453,35.72933],[51.55496,35.72884],[51.55542,35.72835],[51.55592,35.72788],[51.55638,35.72745],[51.55676,35.727],[51.55677,35.7266],[51.55626,35.72641],[51.55558,35.72625],[51.55486,35.72611],[51.55419,35.72603],[51.55372,35.72597],[51.55319,35.72594],[51.55258,35.72591],[51.55191,35.72587],[51.55114,35.72581],[51.5507,35.72575],[51.54986,35.72568],[51.54939,35.72565],[51.54888,35.72561],[51.54839,35.72557],[51.5479,35.72554],[51.54742,35.72551],[51.54693,35.72546],[51.54646,35.72544],[51.54597,35.72542],[51.54544,35.7254],[51.54489,35.72538],[51.54434,35.72536],[51.54377,35.72535],[51.54322,35.72533],[51.54264,35.72529],[51.54203,35.72523],[51.54146,35.72516],[51.54094,35.72511],[51.54048,35.72508],[51.54001,35.72503],[51.53945,35.72499],[51.53891,35.72495],[51.53832,35.7249],[51.53778,35.72487],[51.53727,35.72484],[51.53683,35.72481],[51.53594,35.72472],[51.53526,35.72468],[51.53458,35.72462],[51.53411,35.7246],[51.53361,35.72458],[51.53308,35.72455],[51.53254,35.72452],[51.53202,35.72451],[51.5315,35.72447],[51.53096,35.72444],[51.53041,35.7244],[51.52985,35.72436],[51.5293,35.7243],[51.52875,35.72424],[51.52822,35.7242],[51.5277,35.72418],[51.52724,35.72416],[51.52639,35.72409],[51.52566,35.72404],[51.52514,35.72399],[51.52465,35.72394],[51.52417,35.72391],[51.52365,35.72382],[51.5234,35.72344],[51.52309,35.72292],[51.52256,35.72261],[51.52195,35.72257],[51.52118,35.72244],[51.5205,35.72231],[51.51978,35.72218],[51.51933,35.72212],[51.51885,35.72207],[51.51834,35.72202],[51.51779,35.72197],[51.51725,35.72191],[51.51669,35.72182],[51.51613,35.72168],[51.51559,35.72152],[51.51504,35.72133],[51.51454,35.72112],[51.51405,35.72089],[51.51359,35.72062],[51.51316,35.72034],[51.51276,35.72003],[51.51236,35.7197],[51.51194,35.71935],[51.51157,35.71899],[51.51118,35.7186],[51.51077,35.71821],[51.51039,35.71782],[51.51002,35.71745],[51.50964,35.71708],[51.50926,35.71668],[51.50888,35.71628],[51.5085,35.71587],[51.50811,35.71545],[51.50774,35.71502],[51.50737,35.71458],[51.50699,35.71414],[51.50661,35.71371],[51.50625,35.71325],[51.50586,35.71279],[51.50547,35.71231],[51.5051,35.71182],[51.50475,35.71133],[51.50446,35.7108],[51.50419,35.71024],[51.50396,35.70972],[51.50377,35.70921],[51.50361,35.70871],[51.50341,35.70817],[51.50318,35.7076],[51.50295,35.707],[51.50268,35.70639],[51.50237,35.70577],[51.50203,35.70513],[51.50173,35.70451],[51.50144,35.7039],[51.50119,35.7033],[51.50094,35.70271],[51.50069,35.7021],[51.50046,35.70151],[51.5002,35.70094],[51.49989,35.70038],[51.49954,35.69983],[51.49919,35.69928],[51.49884,35.69874],[51.49844,35.6982],[51.49803,35.69769],[51.49758,35.69718],[51.49714,35.69666],[51.49674,35.69616],[51.49634,35.69566],[51.49595,35.69519],[51.49558,35.6947],[51.49517,35.6942],[51.49476,35.69368],[51.49439,35.69319],[51.49403,35.69262],[51.49374,35.69207],[51.49348,35.69154],[51.49326,35.69097],[51.49308,35.69042],[51.49292,35.68989],[51.4928,35.68942],[51.4927,35.68899],[51.49262,35.68858],[51.49254,35.68817],[51.49247,35.68776],[51.4924,35.68741],[51.49233,35.68675],[51.49225,35.6861],[51.49234,35.68541],[51.49235,35.68475],[51.49235,35.68436],[51.49235,35.68392],[51.49237,35.68347],[51.49239,35.68301],[51.49241,35.68257],[51.49244,35.68213],[51.49247,35.6817],[51.49248,35.68128],[51.49242,35.68086],[51.49237,35.68039],[51.49184,35.6802],[51.49135,35.68024],[51.49092,35.68003],[51.49087,35.67966],[51.4909,35.67919],[51.49085,35.67875],[51.49081,35.67832],[51.49085,35.67782],[51.49088,35.67724],[51.49091,35.67688],[51.49078,35.67635],[51.49044,35.67583],[51.49006,35.67532],[51.48962,35.67484],[51.48903,35.67432],[51.48845,35.6738],[51.48818,35.6735],[51.48795,35.67317],[51.48766,35.67258],[51.48756,35.67216],[51.48744,35.67164],[51.48737,35.67128],[51.48731,35.67092],[51.48724,35.67056],[51.48719,35.67018],[51.48706,35.66949],[51.48695,35.66878],[51.48684,35.66839],[51.48674,35.66802],[51.48662,35.66745],[51.48609,35.66727],[51.48536,35.66742],[51.48492,35.66747],[51.48544,35.66728],[51.48615,35.66712],[51.48654,35.66685],[51.48652,35.66629],[51.48642,35.66573],[51.48628,35.66512],[51.48612,35.66441],[51.48596,35.66383],[51.48587,35.66339],[51.4857,35.66275],[51.48559,35.66233],[51.48549,35.66192],[51.48541,35.6615],[51.48533,35.66107],[51.48523,35.66051],[51.48513,35.66012],[51.48506,35.6597],[51.48494,35.65926],[51.48486,35.65882],[51.48472,35.65827],[51.48462,35.65776],[51.48452,35.65709],[51.48442,35.65672],[51.48432,35.65622],[51.48422,35.65568],[51.4842,35.65516],[51.48403,35.65451],[51.48392,35.65392],[51.48385,35.65354],[51.4837,35.65301],[51.48356,35.65239],[51.48348,35.65199],[51.48331,35.6514],[51.48319,35.65072],[51.4831,35.65035],[51.48293,35.64973],[51.48296,35.64934],[51.48286,35.64895],[51.48329,35.64857],[51.48402,35.64852],[51.48468,35.64842],[51.48511,35.64827],[51.48524,35.64782],[51.4851,35.64737],[51.48499,35.64689],[51.48487,35.64636],[51.48479,35.64587],[51.48474,35.64541],[51.48472,35.64495],[51.48467,35.6445],[51.48465,35.64408],[51.48464,35.6437],[51.48456,35.6433],[51.48449,35.64291],[51.48447,35.6425],[51.48443,35.64206],[51.48436,35.64159],[51.48427,35.64119],[51.4842,35.6407],[51.48417,35.64032],[51.48406,35.6399],[51.48398,35.63937],[51.48397,35.63896],[51.48392,35.63856],[51.48373,35.63801],[51.48327,35.63737],[51.48292,35.63708],[51.48251,35.63684],[51.48206,35.63667],[51.48157,35.63656],[51.48112,35.63653],[51.48051,35.63657],[51.47968,35.6367],[51.47926,35.63686],[51.47884,35.63705],[51.47844,35.63722],[51.47802,35.63743],[51.47757,35.63765],[51.47711,35.6379],[51.47666,35.6381],[51.47623,35.63826],[51.47537,35.63834],[51.4749,35.6383],[51.47444,35.63818],[51.47399,35.63802],[51.47356,35.63775],[51.47316,35.63741],[51.4728,35.637],[51.47246,35.63658],[51.4721,35.63618],[51.47172,35.63581],[51.47135,35.6355],[51.47094,35.63523],[51.47053,35.63495],[51.47006,35.63467],[51.46956,35.63442],[51.46902,35.63423],[51.46843,35.63404],[51.46788,35.63382],[51.46734,35.63358],[51.46678,35.63335],[51.46617,35.63311],[51.46559,35.63288],[51.46506,35.63267],[51.46451,35.63246],[51.46396,35.63228],[51.4634,35.63207],[51.46283,35.63187],[51.46223,35.63168],[51.4616,35.6315],[51.46101,35.63134],[51.46043,35.63119],[51.45987,35.63104],[51.45928,35.63091],[51.45866,35.63079],[51.45802,35.63067],[51.45734,35.6305],[51.45674,35.63032],[51.45613,35.63017],[51.45548,35.63003],[51.45481,35.6299],[51.45411,35.62981],[51.45341,35.62977],[51.45276,35.62974],[51.45209,35.62971],[51.45142,35.62967],[51.45076,35.62965],[51.45005,35.62968],[51.44932,35.62968],[51.4486,35.62968],[51.44788,35.62964],[51.44712,35.62961],[51.44637,35.62955],[51.44558,35.62949],[51.44481,35.6294],[51.44401,35.62931],[51.44323,35.6292],[51.44243,35.62909],[51.44165,35.62894],[51.44086,35.62877],[51.44009,35.6286],[51.43933,35.62842],[51.43858,35.62822],[51.43785,35.62802],[51.43709,35.6278],[51.43636,35.62758],[51.43558,35.6273],[51.43483,35.62702],[51.43412,35.62674],[51.43341,35.62646],[51.43269,35.62615],[51.432,35.62584],[51.43138,35.62555],[51.43078,35.62525],[51.43021,35.62495],[51.42964,35.62463],[51.42908,35.62431],[51.42853,35.62399],[51.42797,35.62365],[51.42742,35.6233],[51.42691,35.62295],[51.42638,35.62261],[51.42585,35.62223],[51.42532,35.62184],[51.4248,35.62145],[51.42431,35.62107],[51.42382,35.62068],[51.42334,35.62027],[51.42286,35.61989],[51.42241,35.61951],[51.42193,35.61912],[51.42145,35.61872],[51.42093,35.61832],[51.42043,35.61793],[51.41989,35.61758],[51.41931,35.61725],[51.41869,35.61694],[51.41803,35.61665],[51.4174,35.61636],[51.41673,35.61609],[51.4161,35.61585],[51.41547,35.61564],[51.4148,35.61543],[51.41417,35.61528],[51.41359,35.61514],[51.41294,35.61501],[51.41228,35.61492],[51.41161,35.61483],[51.41091,35.61475],[51.41018,35.61467],[51.40942,35.6146],[51.40867,35.61453],[51.40796,35.6145],[51.40725,35.61447],[51.40655,35.61446],[51.40586,35.61445],[51.40521,35.61445],[51.40461,35.61446],[51.40402,35.61449],[51.40345,35.61446],[51.40287,35.61446],[51.40225,35.61448],[51.40162,35.61449],[51.40094,35.6145],[51.40025,35.61451],[51.39954,35.61452],[51.3988,35.61453],[51.39811,35.61452],[51.39747,35.61449],[51.39682,35.61445],[51.39614,35.61444],[51.39543,35.61441],[51.39471,35.6144],[51.39399,35.61438],[51.3933,35.6144],[51.39262,35.6144],[51.39192,35.61442],[51.3912,35.61442],[51.39046,35.61442],[51.38974,35.6144],[51.38898,35.6144],[51.38825,35.61442],[51.38748,35.61446],[51.38666,35.61447],[51.38585,35.61447],[51.38502,35.61449],[51.38421,35.6145],[51.38336,35.61453],[51.38252,35.61455],[51.38167,35.61456],[51.38085,35.61456],[51.38006,35.61453],[51.37929,35.61448],[51.37851,35.61445],[51.37772,35.61441],[51.37694,35.61434],[51.3762,35.61429],[51.37548,35.6142],[51.37481,35.61412],[51.37419,35.61403],[51.37363,35.61395],[51.37309,35.61388],[51.37247,35.61377],[51.37181,35.61364],[51.37114,35.61351],[51.37044,35.61337],[51.36971,35.61323],[51.36897,35.61304],[51.36826,35.61284],[51.36762,35.61266],[51.36698,35.61247],[51.36632,35.61228],[51.36565,35.6121],[51.36503,35.61193],[51.36441,35.61176],[51.36381,35.61158],[51.36326,35.61142],[51.36273,35.61125],[51.36219,35.61114],[51.36162,35.61105],[51.361,35.611],[51.36039,35.61092],[51.35981,35.61078],[51.35922,35.61063],[51.35864,35.61046],[51.358,35.61027],[51.35735,35.61011],[51.35669,35.60994],[51.35612,35.60976],[51.35558,35.60961],[51.35507,35.60945],[51.35457,35.60929],[51.35405,35.60916],[51.35354,35.60904],[51.35302,35.60894],[51.35248,35.60883],[51.35187,35.60871],[51.35133,35.60861],[51.35086,35.60854],[51.35001,35.60843],[51.34953,35.6084],[51.34896,35.60835],[51.34839,35.60832],[51.34784,35.60829],[51.3473,35.60831],[51.34677,35.60835],[51.34628,35.60838],[51.34582,35.60842],[51.3453,35.60847],[51.34481,35.60854],[51.3443,35.60862],[51.34376,35.60868],[51.34324,35.60875],[51.34268,35.60885],[51.34211,35.60901],[51.34153,35.60913],[51.34097,35.60924],[51.3404,35.6094],[51.33983,35.6096],[51.33923,35.60976],[51.33865,35.60993],[51.33804,35.61018],[51.33742,35.61043],[51.33682,35.61074],[51.33627,35.61104],[51.33573,35.61131],[51.33518,35.61164],[51.33467,35.61193],[51.33419,35.61224],[51.33372,35.61255],[51.33326,35.61287],[51.33284,35.61318],[51.33246,35.61345],[51.3321,35.61375],[51.33173,35.61405],[51.33137,35.61436],[51.33104,35.61465],[51.33073,35.61496],[51.3304,35.6153],[51.33008,35.61564],[51.32978,35.61599],[51.32949,35.61633],[51.3292,35.61668],[51.32888,35.61703],[51.32859,35.61737],[51.32831,35.6177],[51.32803,35.61802],[51.32754,35.6186],[51.32707,35.61915],[51.32663,35.61966],[51.32634,35.62005],[51.32594,35.62062],[51.32573,35.62094],[51.3253,35.62137],[51.32486,35.62187],[51.32457,35.62222],[51.32426,35.6226],[51.32392,35.62301],[51.32355,35.62343],[51.32318,35.62386],[51.32281,35.62431],[51.32243,35.62476],[51.32207,35.62518],[51.32172,35.62557],[51.32135,35.62596],[51.32099,35.62637],[51.32061,35.62675],[51.3202,35.62711],[51.31979,35.62749],[51.31938,35.62785],[51.31895,35.62824],[51.31855,35.62859],[51.31812,35.62894],[51.31771,35.62927],[51.31729,35.62956],[51.31689,35.62984],[51.31649,35.63009],[51.31611,35.63034],[51.31574,35.63059],[51.31533,35.63084],[51.3149,35.6311],[51.31445,35.63135],[51.31403,35.63161],[51.31358,35.63187],[51.31314,35.6321],[51.31247,35.63244],[51.31177,35.63276],[51.31138,35.63296],[51.31097,35.63317],[51.31057,35.63336],[51.31013,35.63358],[51.30971,35.63381],[51.30925,35.63405],[51.30877,35.63429],[51.30825,35.63454],[51.30779,35.63481],[51.30732,35.63505],[51.30683,35.63531],[51.30634,35.63556],[51.30589,35.63579],[51.30543,35.63602],[51.305,35.63627],[51.30457,35.63652],[51.30418,35.63671],[51.30377,35.6369],[51.30338,35.63711],[51.30298,35.63732],[51.30257,35.63751],[51.30212,35.63771],[51.30166,35.63795],[51.30118,35.63818],[51.30074,35.63841],[51.3003,35.63862],[51.29989,35.63885],[51.29949,35.63906],[51.29907,35.63924],[51.29863,35.63943],[51.29823,35.63961],[51.29754,35.63994],[51.29685,35.6403],[51.29649,35.64051],[51.29609,35.64074],[51.29566,35.64096],[51.2952,35.64116],[51.29471,35.64139],[51.2942,35.64165],[51.29367,35.64191],[51.29311,35.64214],[51.29254,35.64234],[51.292,35.64255],[51.29147,35.64278],[51.29091,35.64303],[51.29035,35.64326],[51.28977,35.64353],[51.28921,35.64382],[51.28867,35.64405],[51.28815,35.64429],[51.28766,35.64456],[51.28718,35.64482],[51.28673,35.64504],[51.286,35.64536],[51.28545,35.64564],[51.28484,35.64595],[51.28426,35.64626],[51.2835,35.64652],[51.28274,35.64683],[51.28234,35.64703],[51.2819,35.64723],[51.28143,35.64745],[51.28096,35.64765],[51.2805,35.64786],[51.28009,35.64805],[51.27969,35.64822],[51.27925,35.64842],[51.27877,35.64862],[51.27829,35.6488],[51.27782,35.64899],[51.27736,35.64919],[51.2769,35.64939],[51.27648,35.64955],[51.27607,35.64973],[51.27568,35.64991],[51.27492,35.65018],[51.27416,35.65049],[51.27372,35.65066],[51.27327,35.65085],[51.27283,35.65101],[51.27238,35.65119],[51.27192,35.65139],[51.27147,35.65156],[51.271,35.65175],[51.27051,35.65194],[51.27,35.65215],[51.26948,35.65234],[51.26894,35.65254],[51.26837,35.65274],[51.26781,35.65295],[51.26726,35.65317],[51.26673,35.65338],[51.2662,35.6536],[51.26567,35.65381],[51.26512,35.65403],[51.26462,35.65422],[51.26417,35.65439],[51.26349,35.65466],[51.26267,35.65495],[51.26221,35.65511],[51.26172,35.65528],[51.26122,35.65545],[51.2607,35.65566],[51.26015,35.65587],[51.25956,35.65606],[51.25894,35.65628],[51.25832,35.65652],[51.25771,35.65674],[51.2571,35.65696],[51.25649,35.65718],[51.25584,35.6574],[51.25519,35.65762],[51.25457,35.65784],[51.25393,35.65808],[51.25333,35.6583],[51.25276,35.65851],[51.25225,35.6587],[51.25184,35.65885],[51.25142,35.65901],[51.25098,35.65917],[51.25015,35.65945],[51.24968,35.65962],[51.24915,35.65982],[51.24862,35.66001],[51.24806,35.66022],[51.24746,35.66042],[51.24686,35.66063],[51.24624,35.66086],[51.24561,35.66108],[51.24496,35.6613],[51.24432,35.66152],[51.24368,35.66173],[51.24309,35.66195],[51.24249,35.66223],[51.24189,35.66251],[51.24129,35.66277],[51.24069,35.66304],[51.24011,35.66334],[51.23953,35.66364],[51.23898,35.66396],[51.23846,35.66431],[51.23802,35.66464],[51.23761,35.66495],[51.23724,35.66524],[51.23686,35.66554],[51.23648,35.66586],[51.23609,35.66624],[51.23572,35.66662],[51.23537,35.66699],[51.23501,35.66738],[51.23469,35.6678],[51.23439,35.66822],[51.23413,35.66861],[51.23386,35.66898],[51.23362,35.66937],[51.23338,35.66977],[51.23313,35.67018],[51.23293,35.67057],[51.23275,35.671],[51.23257,35.67144],[51.23242,35.67182],[51.23227,35.67218],[51.23213,35.67258],[51.23201,35.67301],[51.23192,35.67341],[51.23186,35.67378],[51.2318,35.67419],[51.23174,35.67458],[51.23168,35.67498],[51.23163,35.67538],[51.2316,35.67574],[51.23161,35.67645],[51.23163,35.67707],[51.2317,35.67779],[51.23175,35.6782],[51.23181,35.6786],[51.2319,35.67896],[51.23199,35.67932],[51.23208,35.6797],[51.23228,35.6803],[51.23242,35.68068],[51.23255,35.68103],[51.23276,35.68144],[51.23296,35.68187],[51.2332,35.6823],[51.23346,35.68277],[51.2337,35.68315],[51.23391,35.68357],[51.23429,35.68409],[51.23479,35.68467],[51.23509,35.68496],[51.23573,35.6853],[51.23643,35.68521],[51.23685,35.6848],[51.23682,35.6842],[51.23651,35.6836],[51.23604,35.68318],[51.23543,35.68303],[51.23486,35.68317],[51.23442,35.68331],[51.23393,35.68345],[51.23342,35.68362],[51.23279,35.68382],[51.23216,35.68403],[51.2314,35.68429],[51.23097,35.68443],[51.23049,35.68459],[51.22998,35.68476],[51.22946,35.68498],[51.22891,35.68518],[51.22834,35.68541],[51.22774,35.68566],[51.22712,35.68591],[51.22649,35.68614],[51.22583,35.6864],[51.22516,35.68666],[51.22448,35.68695],[51.22383,35.68721],[51.22322,35.68745],[51.22261,35.68768],[51.22199,35.68793],[51.22139,35.68818],[51.22078,35.68842],[51.2202,35.68866],[51.21958,35.6889],[51.21896,35.68916],[51.21832,35.68944],[51.21766,35.68971],[51.21698,35.68999],[51.21631,35.69026],[51.21565,35.69054],[51.21502,35.6908],[51.21439,35.69107],[51.21373,35.69134],[51.21307,35.69162],[51.21236,35.69191],[51.21164,35.69218],[51.21097,35.69241],[51.21036,35.69265],[51.20978,35.69289],[51.2092,35.69313],[51.20862,35.69338],[51.208,35.69364],[51.20739,35.69389],[51.20679,35.69415],[51.20618,35.69439],[51.20557,35.69463],[51.20495,35.69489],[51.20433,35.69514],[51.20373,35.69537],[51.20309,35.69562],[51.20242,35.69587],[51.20174,35.69615],[51.2011,35.69641],[51.20047,35.69668],[51.19987,35.69691],[51.19928,35.69714],[51.19867,35.69738],[51.19802,35.69762],[51.19738,35.69788],[51.19675,35.69814],[51.19608,35.69841],[51.19539,35.69869],[51.19468,35.69899],[51.19394,35.69931],[51.1932,35.6996],[51.19251,35.69988],[51.19188,35.70015],[51.19134,35.70038],[51.19079,35.70061],[51.19019,35.70086],[51.18954,35.70112],[51.18887,35.70137],[51.18823,35.70163],[51.18759,35.70188],[51.18695,35.70213],[51.18634,35.70237],[51.18584,35.70258],[51.18539,35.70277],[51.18499,35.70294],[51.18434,35.70322],[51.18394,35.70339],[51.18352,35.70355],[51.18305,35.70373],[51.18239,35.70397],[51.18161,35.70423],[51.18115,35.70437],[51.18067,35.7045],[51.18017,35.70461],[51.17967,35.70473],[51.17914,35.70486],[51.1786,35.705],[51.17807,35.70513],[51.17756,35.70524],[51.17707,35.70535],[51.17654,35.70548],[51.176,35.70563],[51.17544,35.70577],[51.17486,35.7059],[51.17429,35.706],[51.17376,35.70612],[51.17324,35.70623],[51.17269,35.70635],[51.17213,35.70647],[51.17154,35.70662],[51.17092,35.70676],[51.17027,35.70692],[51.16959,35.70709],[51.16891,35.70727],[51.16823,35.70744],[51.16758,35.70758],[51.16695,35.70771],[51.16636,35.70784],[51.16576,35.70795],[51.16513,35.70806],[51.16451,35.70824],[51.16392,35.70844],[51.16333,35.70864],[51.16276,35.70882],[51.16222,35.70901],[51.16173,35.70918],[51.16125,35.70932],[51.16077,35.70948],[51.1603,35.70961],[51.15983,35.70979],[51.15935,35.70997],[51.15886,35.71015],[51.15837,35.71031],[51.15787,35.71049],[51.15736,35.71067],[51.15684,35.71085],[51.1563,35.71104],[51.15575,35.71123],[51.15521,35.71141],[51.15471,35.71158],[51.15419,35.71175],[51.15369,35.71192],[51.15319,35.71209],[51.15267,35.71227],[51.15214,35.71246],[51.15161,35.71265],[51.15108,35.71287],[51.15056,35.71308],[51.15007,35.71328],[51.14949,35.71352],[51.14941,35.71357],[51.14968,35.71357],[51.14923,35.71355],[51.14881,35.71368],[51.14883,35.71362],[51.1489,35.71362],[51.14845,35.71377],[51.14818,35.71388],[51.14813,35.71391],[51.14816,35.71386],[51.14817,35.71392],[51.14818,35.71393],[51.1482,35.71398],[51.14822,35.71392],[51.14818,35.71392],[51.14814,35.71392],[51.14811,35.7139],[51.14816,35.71383],[51.14769,35.71404],[51.14724,35.71423],[51.14692,35.71436],[51.14694,35.71432],[51.14697,35.71432],[51.14695,35.71435],[51.14699,35.71434],[51.14663,35.71448],[51.14616,35.71464],[51.14581,35.71479],[51.14581,35.71477],[51.14535,35.71495],[51.14519,35.71501],[51.14512,35.7151],[51.14511,35.71528],[51.14511,35.71531],[51.14505,35.71539],[51.145,35.71534],[51.14499,35.71537],[51.14436,35.71528],[51.14363,35.71551],[51.14304,35.71569],[51.14246,35.71588],[51.14175,35.71622],[51.14131,35.71646],[51.14083,35.71671],[51.14034,35.71698],[51.13983,35.7173],[51.13936,35.71762],[51.13892,35.71791],[51.13846,35.71824],[51.13799,35.71858],[51.1375,35.71895],[51.13702,35.71932],[51.13653,35.7197],[51.13603,35.72008],[51.13556,35.72046],[51.1351,35.72082],[51.13463,35.72118],[51.13416,35.72156],[51.13366,35.72196],[51.13317,35.72237],[51.13265,35.72278],[51.13216,35.72319],[51.13168,35.72364],[51.13122,35.72408],[51.13079,35.7245],[51.13047,35.7248],[51.13,35.72525],[51.12954,35.72574],[51.12927,35.72603],[51.12893,35.72635],[51.12857,35.72668],[51.1282,35.7271],[51.12794,35.72747],[51.12779,35.72786],[51.12786,35.72826],[51.12803,35.72861],[51.12825,35.72895],[51.12845,35.72935],[51.12864,35.72974],[51.12884,35.73015],[51.12901,35.73049],[51.12899,35.73105],[51.12839,35.73126],[51.12763,35.73141],[51.12713,35.73157],[51.12652,35.73175],[51.12603,35.73194],[51.12545,35.73209],[51.12495,35.73228],[51.12447,35.7325],[51.12391,35.73286],[51.12334,35.73314],[51.12276,35.73344],[51.12216,35.73374],[51.12155,35.73405],[51.12091,35.73434],[51.12027,35.73464],[51.1196,35.73497],[51.11888,35.73534],[51.1182,35.73567],[51.11751,35.73601],[51.11684,35.73633],[51.11614,35.73667],[51.11539,35.73704],[51.11459,35.73741],[51.11379,35.73774],[51.11298,35.73799],[51.11216,35.7382],[51.11136,35.73842],[51.11059,35.73864],[51.10979,35.73892],[51.10903,35.73914],[51.10825,35.73934],[51.10746,35.73957],[51.10668,35.73978],[51.10592,35.73994],[51.10513,35.74008],[51.10432,35.74023],[51.10349,35.74035],[51.10265,35.74041],[51.10184,35.74048],[51.10107,35.74061],[51.10029,35.74072],[51.09949,35.7409],[51.09872,35.74105],[51.09798,35.7412],[51.09722,35.74139],[51.09647,35.74153],[51.09573,35.74169],[51.09501,35.74183],[51.0943,35.74197],[51.09356,35.7421],[51.09283,35.74223],[51.09212,35.74239],[51.09138,35.74257],[51.09066,35.74273],[51.08991,35.74289],[51.08915,35.74306],[51.0884,35.74325],[51.08762,35.7435],[51.08689,35.74372],[51.08622,35.74392],[51.08558,35.74419],[51.08499,35.74446],[51.08439,35.74473],[51.08384,35.74502],[51.08331,35.74536],[51.08271,35.74577],[51.08213,35.7461],[51.08152,35.74644],[51.08091,35.74677],[51.08025,35.74717],[51.07963,35.74754],[51.07898,35.74784],[51.07813,35.7485],[51.0773,35.74897],[51.07647,35.74939],[51.07567,35.7498],[51.07499,35.75014],[51.07439,35.75042],[51.07383,35.75066],[51.07335,35.75088],[51.07295,35.75107],[51.07217,35.75145],[51.07178,35.75167],[51.07107,35.75198],[51.07061,35.75216],[51.07009,35.75241],[51.06956,35.75266],[51.06902,35.7529],[51.06843,35.75319],[51.06787,35.75345],[51.06729,35.75368],[51.0667,35.75393],[51.06612,35.75416],[51.06553,35.75443],[51.06491,35.75473],[51.06431,35.75503],[51.06372,35.7553],[51.06317,35.75556],[51.0626,35.75579],[51.06195,35.75608],[51.0613,35.75639],[51.06065,35.7567],[51.05998,35.757],[51.05929,35.7573],[51.05864,35.75758],[51.05797,35.75783],[51.05736,35.75806],[51.05668,35.75837],[51.05608,35.75863],[51.05548,35.75893],[51.05488,35.75929],[51.05432,35.75968],[51.0538,35.76012],[51.05112,35.7618],[51.05048,35.76217],[51.04987,35.76248],[51.04926,35.76279],[51.04858,35.76313],[51.048,35.7634],[51.04738,35.76374],[51.04677,35.76405],[51.04611,35.76441],[51.0455,35.76474],[51.04486,35.76507],[51.04428,35.76534],[51.04375,35.76558],[51.04327,35.76577],[51.04275,35.76609],[51.04223,35.7665],[51.04178,35.76693],[51.04131,35.76738],[51.00319,35.7908],[51.00317,35.79033],[51.00322,35.78983],[51.00338,35.7893],[51.00363,35.78892],[51.00397,35.7885],[51.00423,35.78808],[51.00453,35.78778],[51.00488,35.7874],[51.00514,35.78701],[51.00535,35.78661],[51.00553,35.78624],[51.00578,35.78585],[51.00588,35.78536],[51.00598,35.78493],[51.00606,35.78448],[51.00611,35.78409],[51.00621,35.78355],[51.00622,35.78316],[51.00619,35.7826],[51.00617,35.78224],[51.0061,35.78186],[51.00609,35.7813],[51.00606,35.78081],[51.00601,35.78033],[51.00601,35.77992],[51.00597,35.77945],[51.00596,35.77902],[51.00587,35.77831],[51.00582,35.77793],[51.00578,35.77754],[51.00571,35.77712],[51.00565,35.77665],[51.00559,35.77615],[51.00552,35.77563],[51.00549,35.77508],[51.00546,35.77449],[51.00543,35.7739],[51.00541,35.77332],[51.00538,35.77276],[51.00536,35.77222],[51.00532,35.77167],[51.00528,35.77113],[51.00517,35.77062],[51.00496,35.77013],[51.00471,35.76961],[51.00444,35.76906],[51.00418,35.76848],[51.00393,35.76792],[51.00369,35.76737],[51.00345,35.76685],[51.00326,35.76637],[51.00312,35.76581],[51.00299,35.76514],[51.00294,35.76472],[51.00287,35.76428],[51.0028,35.76387],[51.00272,35.76344],[51.00264,35.76304],[51.00255,35.76262],[51.00247,35.76223],[51.00241,35.76184],[51.00235,35.76146],[51.00229,35.76109],[51.0021,35.76049],[51.00188,35.75999],[51.00168,35.75964],[51.0014,35.75911],[51.00109,35.75849],[51.00092,35.75814],[51.00076,35.75776],[51.00056,35.75741],[51.00037,35.75704],[51.00016,35.75667],[50.99993,35.75627],[50.9997,35.75587],[50.99947,35.75548],[50.99926,35.75508],[50.99909,35.75465],[50.99896,35.7542],[50.99887,35.75385],[50.99878,35.75346],[50.99872,35.75308],[50.99865,35.75264],[50.99853,35.75212],[50.99843,35.75169],[50.99824,35.75106],[50.99809,35.75052],[50.99796,35.75],[50.99786,35.74962],[50.99775,35.74924],[50.99763,35.74885],[50.99753,35.74849],[50.99732,35.74783],[50.99719,35.74744],[50.99707,35.74699],[50.99696,35.7466],[50.99685,35.7462],[50.9967,35.74562],[50.99651,35.74493],[50.99641,35.74454],[50.99631,35.74417],[50.99614,35.74354],[50.99601,35.7431],[50.99593,35.74274],[50.99588,35.74238],[50.99583,35.74194],[50.99579,35.74154],[50.99572,35.74103],[50.99569,35.74058],[50.9956,35.73993],[50.99557,35.73926],[50.99553,35.73882],[50.99546,35.73812],[50.99542,35.73768],[50.99536,35.73726],[50.99531,35.73689],[50.99526,35.73643],[50.99521,35.73589],[50.99519,35.73548],[50.99515,35.73511],[50.99507,35.73461],[50.995,35.73402],[50.99492,35.73347],[50.99484,35.73298],[50.99481,35.73245],[50.99478,35.7318],[50.99475,35.73122],[50.99473,35.73085],[50.99469,35.73047],[50.99464,35.72994],[50.9946,35.72955],[50.99457,35.72917],[50.99455,35.72879],[50.9945,35.7284],[50.99447,35.72803],[50.99444,35.72765],[50.99441,35.72727],[50.99438,35.72687],[50.99433,35.72648],[50.99429,35.72612],[50.99427,35.72561],[50.99419,35.72496],[50.99414,35.72452],[50.99409,35.72408],[50.99403,35.7236],[50.994,35.7231],[50.99395,35.7226],[50.9939,35.72211],[50.99384,35.72162],[50.9938,35.72117],[50.99376,35.72059],[50.99367,35.72],[50.9936,35.71935],[50.99354,35.71872],[50.9935,35.7183],[50.99345,35.71787],[50.99339,35.71726],[50.99334,35.71686],[50.99329,35.71639],[50.99325,35.71591],[50.9932,35.71543],[50.99316,35.71495],[50.99311,35.71448],[50.99307,35.71401],[50.99303,35.71354],[50.99294,35.71291],[50.99287,35.71227],[50.99286,35.71189],[50.99282,35.71143],[50.99272,35.71096],[50.9926,35.71048],[50.99242,35.70999],[50.99226,35.70948],[50.9921,35.70897],[50.99194,35.70847],[50.99177,35.70797],[50.99163,35.7075],[50.99151,35.70712],[50.9913,35.70656],[50.99103,35.70602],[50.99085,35.70549],[50.99077,35.70496],[50.99061,35.70437],[50.99041,35.70369],[50.99029,35.7033],[50.99016,35.70293],[50.98993,35.70226],[50.98973,35.7016],[50.98957,35.70111],[50.9894,35.70058],[50.98922,35.7],[50.98905,35.69951],[50.9889,35.69906],[50.9887,35.69837],[50.98858,35.69801],[50.98841,35.69761],[50.98826,35.6972],[50.98811,35.69663],[50.98799,35.6962],[50.9878,35.69575],[50.98761,35.69516],[50.98744,35.69458],[50.98723,35.69401],[50.98709,35.69359],[50.98697,35.69319],[50.98687,35.69279],[50.98674,35.69228],[50.9866,35.69185],[50.98646,35.69147],[50.98625,35.69085],[50.98613,35.69049],[50.98596,35.68987],[50.98577,35.68921],[50.98558,35.6886],[50.98538,35.68802],[50.98523,35.68748],[50.98511,35.68706],[50.98498,35.68664],[50.9848,35.6861],[50.98462,35.68548],[50.98446,35.68493],[50.9843,35.68454],[50.98414,35.6841],[50.9839,35.68346],[50.98379,35.6831],[50.98361,35.68237],[50.98348,35.68192],[50.98334,35.68149],[50.98321,35.68105],[50.98303,35.6805],[50.98284,35.67996],[50.98263,35.67929],[50.98249,35.67885],[50.98233,35.67836],[50.98216,35.67786],[50.98198,35.67734],[50.98181,35.67683],[50.98165,35.67628],[50.98148,35.67572],[50.98129,35.67517],[50.98113,35.6747],[50.98092,35.67418],[50.98067,35.67357],[50.98052,35.67315],[50.98037,35.67272],[50.98022,35.67227],[50.98006,35.67179],[50.97991,35.67131],[50.97975,35.67082],[50.97961,35.67034],[50.97945,35.66988],[50.97933,35.66949],[50.97916,35.66896],[50.97897,35.66842],[50.97885,35.66796],[50.9787,35.66737],[50.97855,35.66683],[50.97839,35.66639],[50.97822,35.66582],[50.97803,35.66513],[50.97791,35.66477],[50.97781,35.66441],[50.97766,35.66384],[50.97749,35.66326],[50.97726,35.6626],[50.9771,35.66201],[50.97695,35.6615],[50.9768,35.66101],[50.97667,35.66056],[50.97648,35.6599],[50.97627,35.65924],[50.97607,35.65863],[50.97587,35.65814],[50.97569,35.65772],[50.97565,35.65766],[50.97566,35.65767],[50.97556,35.65755],[50.97557,35.65752],[50.97557,35.65752],[50.97557,35.65751],[50.97547,35.65711],[50.97509,35.65684],[50.97444,35.65682],[50.97384,35.65701],[50.973,35.65721],[50.97249,35.65734],[50.97192,35.6575],[50.97135,35.65766],[50.97076,35.65785],[50.97015,35.65804],[50.96952,35.65825],[50.96885,35.65845],[50.96818,35.65867],[50.9675,35.65889],[50.96688,35.6591],[50.96637,35.65926],[50.96581,35.65943],[50.96516,35.65963],[50.96438,35.65989],[50.96389,35.66006],[50.96338,35.66027],[50.96284,35.66051],[50.96231,35.66077],[50.96176,35.66105],[50.96118,35.66133],[50.96059,35.66162],[50.95997,35.66193],[50.95934,35.66224],[50.95869,35.66257],[50.95802,35.66288],[50.95733,35.66318],[50.95661,35.66346],[50.95586,35.66375],[50.9551,35.66402],[50.95434,35.66431],[50.95356,35.66459],[50.95279,35.66488],[50.95201,35.66516],[50.95122,35.66545],[50.95044,35.66574],[50.94965,35.66603],[50.94886,35.66632],[50.94808,35.6666],[50.94729,35.6669],[50.9465,35.66719],[50.94571,35.66747],[50.94492,35.66777],[50.94414,35.66807],[50.94337,35.66836],[50.94259,35.66863],[50.94183,35.66889],[50.94107,35.66913],[50.9403,35.66938],[50.93954,35.66964],[50.93876,35.6699],[50.93797,35.67018],[50.93718,35.67046],[50.93638,35.67072],[50.93555,35.67095],[50.93471,35.67115],[50.93386,35.67134],[50.93299,35.67153],[50.93212,35.67171],[50.93126,35.67189],[50.9304,35.67207],[50.92955,35.67225],[50.92871,35.67242],[50.9279,35.6726],[50.92708,35.67279],[50.92625,35.67298],[50.92542,35.67318],[50.92459,35.67338],[50.92377,35.67357],[50.92293,35.67377],[50.9221,35.67396],[50.92128,35.67415],[50.92043,35.67434],[50.9196,35.67453],[50.91876,35.67472],[50.91793,35.67491],[50.91715,35.67509],[50.91638,35.67526],[50.9156,35.67544],[50.91482,35.67562],[50.91404,35.6758],[50.91327,35.67598],[50.91257,35.67616],[50.91196,35.67633],[50.91132,35.67648],[50.91065,35.67661],[50.90996,35.67676],[50.90924,35.6769],[50.9085,35.67708],[50.90774,35.67724],[50.90698,35.6774],[50.9063,35.67754],[50.90571,35.67767],[50.90526,35.67778],[50.90465,35.6779],[50.904,35.67803],[50.9035,35.67815],[50.90275,35.67833],[50.90186,35.67854],[50.90133,35.67871],[50.90077,35.67892],[50.90024,35.67915],[50.8997,35.67943],[50.89916,35.67974],[50.89861,35.68007],[50.89805,35.68041],[50.89747,35.68074],[50.89686,35.68108],[50.89625,35.68141],[50.89561,35.68173],[50.89495,35.68207],[50.89428,35.68239],[50.89362,35.68272],[50.89295,35.68306],[50.89227,35.6834],[50.89162,35.68372],[50.89098,35.68404],[50.89038,35.68436],[50.8898,35.68466],[50.88924,35.68493],[50.88871,35.68518],[50.88821,35.68535],[50.88766,35.6855],[50.88705,35.68565],[50.88642,35.68581],[50.88577,35.68599],[50.8851,35.68618],[50.88441,35.68637],[50.8837,35.68657],[50.88297,35.68678],[50.88222,35.687],[50.88147,35.6872],[50.88074,35.68738],[50.88017,35.68754],[50.87962,35.6877],[50.8792,35.68783],[50.87845,35.68801],[50.87763,35.6882],[50.87714,35.68829],[50.87657,35.68836],[50.87595,35.68843],[50.8753,35.68849],[50.87463,35.68857],[50.87395,35.68864],[50.8733,35.68872],[50.87273,35.68878],[50.8721,35.68884],[50.87159,35.68887],[50.87076,35.68895],[50.87022,35.68899],[50.86961,35.68905],[50.86899,35.68912],[50.86834,35.68917],[50.86767,35.68923],[50.867,35.68931],[50.86631,35.68937],[50.8656,35.68944],[50.86487,35.68951],[50.86413,35.68958],[50.86336,35.68966],[50.86259,35.68975],[50.86184,35.68982],[50.86117,35.68988],[50.86064,35.68993],[50.86006,35.68998],[50.85944,35.69002],[50.85852,35.69011],[50.85795,35.6902],[50.85742,35.69029],[50.85673,35.69041],[50.85612,35.69052],[50.85517,35.69067],[50.85458,35.69076],[50.85399,35.69085],[50.8534,35.69096],[50.85279,35.69106],[50.8522,35.69117],[50.85162,35.69127],[50.85112,35.69136],[50.85046,35.69146],[50.84991,35.69151],[50.84918,35.69157],[50.84865,35.69165],[50.84802,35.69174],[50.84742,35.69186],[50.84671,35.69201],[50.8462,35.69208],[50.84571,35.69208],[50.84483,35.69205],[50.84427,35.69201],[50.84373,35.69199],[50.84323,35.69197],[50.84278,35.69195],[50.84229,35.69194],[50.84164,35.69189],[50.8409,35.69184],[50.84043,35.69182],[50.83978,35.69178],[50.83888,35.69173],[50.8383,35.6917],[50.83768,35.69168],[50.83702,35.69164],[50.83637,35.69161],[50.83579,35.69158],[50.83512,35.69157],[50.83441,35.69158],[50.83366,35.69168],[50.83302,35.69156],[50.83211,35.69143],[50.83154,35.69139],[50.83094,35.69137],[50.83031,35.69136],[50.82967,35.69137],[50.829,35.6914],[50.82829,35.69144],[50.82755,35.69148],[50.82679,35.69152],[50.82602,35.69157],[50.82522,35.69162],[50.82441,35.69167],[50.82361,35.69175],[50.82278,35.69183],[50.82194,35.6919],[50.8211,35.69195],[50.82025,35.69201],[50.81938,35.69209],[50.81849,35.69217],[50.81764,35.6923],[50.81678,35.69246],[50.81592,35.69263],[50.81507,35.6928],[50.81419,35.69297],[50.81334,35.69315],[50.81252,35.69331],[50.81175,35.69347],[50.81101,35.6937],[50.81032,35.69398],[50.80969,35.69431],[50.80909,35.69464],[50.80848,35.69492],[50.80799,35.69516],[50.80755,35.69539],[50.80692,35.69573],[50.80615,35.6961],[50.80568,35.69634],[50.80516,35.69661],[50.80465,35.69688],[50.80412,35.69716],[50.80365,35.69742],[50.80314,35.6977],[50.80262,35.69796],[50.80192,35.69831],[50.80146,35.69849],[50.80093,35.69867],[50.8004,35.69885]],[[50.8002,35.72405],[50.80075,35.72432],[50.80114,35.72455],[50.80176,35.72496],[50.80214,35.72514],[50.80283,35.72546],[50.80334,35.72572],[50.80392,35.72601],[50.80457,35.72637],[50.80495,35.7266],[50.80533,35.72682],[50.80595,35.72707],[50.80681,35.72734],[50.80725,35.72749],[50.80784,35.72767],[50.80837,35.72774],[50.80905,35.7278],[50.80981,35.72781],[50.81028,35.72783],[50.81094,35.72776],[50.81138,35.72776],[50.81183,35.7277],[50.81252,35.72765],[50.81313,35.72761],[50.81358,35.72757],[50.81411,35.72751],[50.8146,35.72748],[50.81505,35.72745],[50.81582,35.72743],[50.81628,35.72743],[50.81679,35.72752],[50.81726,35.72741],[50.81783,35.72721],[50.81853,35.72708],[50.81934,35.72693],[50.8198,35.72685],[50.81998,35.72691],[50.81982,35.72689],[50.81978,35.72693],[50.81992,35.72692],[50.81988,35.727],[50.8202,35.72696],[50.82008,35.72699],[50.8206,35.72712],[50.82017,35.72698],[50.81982,35.72672],[50.81942,35.72654],[50.81898,35.72644],[50.81933,35.72671],[50.81973,35.72693],[50.8199,35.72705],[50.81944,35.72683],[50.81976,35.7271],[50.81978,35.72733],[50.81992,35.72708],[50.82045,35.72726],[50.8209,35.72752],[50.82141,35.72771],[50.82183,35.72757],[50.82166,35.72719],[50.82022,35.72722],[50.81981,35.72738],[50.81983,35.72693],[50.8201,35.7267],[50.82051,35.72648],[50.82011,35.72667],[50.8197,35.72687],[50.81941,35.72716],[50.81993,35.72706],[50.81986,35.72707],[50.8199,35.72756],[50.81988,35.72794],[50.81975,35.7276],[50.81987,35.72724],[50.82008,35.72688],[50.81982,35.72769],[50.82009,35.72721],[50.82028,35.72686],[50.82043,35.72629],[50.81988,35.72738],[50.82009,35.72703],[50.8202,35.72654],[50.81985,35.72697],[50.81971,35.72708],[50.81987,35.72667],[50.82014,35.72624],[50.81994,35.72693],[50.82043,35.72703],[50.81999,35.72695],[50.81987,35.72685],[50.81985,35.72726],[50.81987,35.72685],[50.81966,35.72754],[50.81995,35.72704],[50.81991,35.72704],[50.82005,35.72704],[50.82054,35.727],[50.82108,35.72693],[50.8217,35.7269],[50.82235,35.72688],[50.82285,35.72686],[50.8234,35.7268],[50.82403,35.72671],[50.82457,35.72668],[50.82516,35.72662],[50.82576,35.72647],[50.82657,35.72643],[50.82701,35.72644],[50.82789,35.72642],[50.82835,35.7264],[50.82921,35.72635],[50.82984,35.72632],[50.83027,35.72621],[50.83078,35.72618],[50.83125,35.72617],[50.83179,35.72604],[50.83241,35.72589],[50.83282,35.72603],[50.83341,35.72607],[50.8342,35.72605],[50.83465,35.72602],[50.83513,35.72598],[50.83561,35.72596],[50.83611,35.72591],[50.83661,35.72586],[50.83712,35.72582],[50.83765,35.72576],[50.83821,35.72571],[50.83878,35.72567],[50.83933,35.72561],[50.83992,35.72556],[50.84051,35.7255],[50.84106,35.72546],[50.84158,35.72541],[50.84213,35.72536],[50.8427,35.72532],[50.84331,35.72528],[50.84393,35.72524],[50.84455,35.72519],[50.84513,35.72514],[50.84569,35.7251],[50.84618,35.72508],[50.84702,35.725],[50.84754,35.72496],[50.84818,35.72492],[50.84892,35.72489],[50.8497,35.72486],[50.85052,35.72494],[50.85133,35.72506],[50.85188,35.72516],[50.85233,35.72522],[50.85301,35.72534],[50.85346,35.7254],[50.85393,35.72547],[50.85454,35.72558],[50.85511,35.72567],[50.85593,35.72584],[50.85645,35.72593],[50.85702,35.72604],[50.8576,35.72612],[50.85822,35.72622],[50.85885,35.72632],[50.85951,35.72645],[50.86011,35.72657],[50.86056,35.72666],[50.86118,35.72672],[50.86187,35.72683],[50.86234,35.72697],[50.86285,35.72711],[50.86339,35.72723],[50.86394,35.72735],[50.86447,35.72746],[50.86496,35.72756],[50.8654,35.72764],[50.86587,35.72776],[50.86633,35.72786],[50.86676,35.72801],[50.86733,35.72821],[50.86781,35.72837],[50.86842,35.72858],[50.86912,35.72881],[50.86968,35.72898],[50.87035,35.72919],[50.8708,35.72934],[50.87131,35.72951],[50.87186,35.72968],[50.87245,35.72987],[50.87304,35.73006],[50.87365,35.73027],[50.87429,35.73049],[50.87489,35.73068],[50.87535,35.73083],[50.8758,35.73099],[50.87637,35.73116],[50.87711,35.7314],[50.87759,35.73157],[50.87808,35.73176],[50.87859,35.73197],[50.87908,35.7322],[50.87959,35.73244],[50.88008,35.73271],[50.88059,35.73296],[50.8811,35.73325],[50.88163,35.73356],[50.88216,35.73388],[50.88269,35.73421],[50.88321,35.73454],[50.88375,35.7349],[50.88424,35.73522],[50.88466,35.73548],[50.88505,35.73575],[50.88555,35.73613],[50.88601,35.73643],[50.88647,35.7367],[50.88686,35.73694],[50.8874,35.73721],[50.888,35.73753],[50.88869,35.7379],[50.88906,35.73811],[50.88944,35.73832],[50.88982,35.73853],[50.89021,35.73874],[50.89058,35.73894],[50.89107,35.73922],[50.89149,35.73944],[50.89205,35.7398],[50.89276,35.74021],[50.8933,35.74049],[50.89292,35.74029],[50.89334,35.74053],[50.89376,35.74075],[50.89428,35.74108],[50.89464,35.74129],[50.89508,35.74152],[50.89506,35.74143],[50.89515,35.7418],[50.89519,35.74182],[50.8952,35.74185],[50.89511,35.74187],[50.89514,35.74184],[50.89526,35.74184],[50.89527,35.74173],[50.89507,35.74173],[50.89512,35.74171],[50.89519,35.74185],[50.89499,35.74187],[50.89523,35.74178],[50.89563,35.7416],[50.89574,35.74189],[50.89551,35.74167],[50.89507,35.74154],[50.89515,35.74155],[50.89496,35.74189],[50.89528,35.74164],[50.89518,35.7418],[50.89501,35.74179],[50.89532,35.74149],[50.89574,35.74164],[50.8964,35.74206],[50.89675,35.74229],[50.89712,35.7425],[50.89748,35.74271],[50.89785,35.74293],[50.89822,35.74316],[50.89859,35.74341],[50.89897,35.74362],[50.8994,35.7439],[50.89978,35.74415],[50.90021,35.74443],[50.9008,35.74478],[50.90142,35.74517],[50.90183,35.74542],[50.90228,35.74569],[50.90278,35.74597],[50.90332,35.74619],[50.90388,35.74641],[50.90449,35.74666],[50.90507,35.74688],[50.90564,35.74714],[50.90613,35.74743],[50.90651,35.74764],[50.90687,35.74793],[50.90639,35.74788],[50.90605,35.74762],[50.90563,35.74735],[50.90514,35.74712],[50.90474,35.74692],[50.90412,35.74674],[50.90367,35.74659],[50.90325,35.74638],[50.90261,35.74614],[50.90217,35.74624],[50.90203,35.7467],[50.90145,35.74668],[50.90104,35.74655],[50.90034,35.74641],[50.89968,35.74641],[50.89941,35.74678],[50.8997,35.74722],[50.89999,35.74749],[50.90034,35.74786],[50.89989,35.74814],[50.89937,35.74818],[50.89888,35.74825],[50.89843,35.74827],[50.89803,35.74799],[50.89777,35.74769],[50.89745,35.74736],[50.89719,35.74699],[50.89704,35.74663],[50.89703,35.74622],[50.89753,35.74617],[50.8982,35.74623],[50.89888,35.74625],[50.89936,35.74627],[50.89985,35.74631],[50.90039,35.74638],[50.90099,35.74654],[50.90153,35.74678],[50.90199,35.74689],[50.90215,35.74648],[50.90228,35.74606],[50.90198,35.74569],[50.90142,35.74529],[50.90089,35.74494],[50.9005,35.7447],[50.90094,35.74485],[50.90141,35.74515],[50.90199,35.74549],[50.90261,35.74588],[50.90333,35.74625],[50.90404,35.74647],[50.90476,35.74674],[50.90532,35.74699],[50.90597,35.74736],[50.90655,35.74774],[50.90686,35.74802],[50.90702,35.74813],[50.90717,35.74805],[50.90776,35.74837],[50.90828,35.7487],[50.90879,35.74912],[50.90926,35.74947],[50.90979,35.74987],[50.91025,35.75033],[50.91072,35.75075],[50.91113,35.75116],[50.91155,35.75151],[50.91187,35.7518],[50.91216,35.75199],[50.91204,35.75194],[50.91204,35.75194],[50.91179,35.75217],[50.91175,35.75219],[50.91219,35.75213],[50.9119,35.75218],[50.91168,35.75211],[50.91188,35.75176],[50.91174,35.75188],[50.91181,35.75219],[50.91181,35.75219],[50.91165,35.75214],[50.91179,35.75214],[50.91202,35.75212],[50.9122,35.75198],[50.9122,35.75206],[50.91241,35.75244],[50.91265,35.75277],[50.91214,35.75243],[50.9118,35.75208],[50.91147,35.75175],[50.91115,35.75146],[50.91081,35.75117],[50.91051,35.75087],[50.91016,35.75055],[50.90978,35.75024],[50.90939,35.74989],[50.90901,35.74959],[50.90858,35.74924],[50.90808,35.74889],[50.90762,35.74856],[50.90723,35.74831],[50.90677,35.74808],[50.90641,35.74785],[50.90598,35.74756],[50.90545,35.74729],[50.90503,35.74706],[50.90459,35.74681],[50.90402,35.74661],[50.90347,35.74634],[50.90301,35.74622],[50.90254,35.74606],[50.90204,35.74574],[50.90141,35.74532],[50.90082,35.74494],[50.90044,35.7447],[50.89995,35.74442],[50.89929,35.74407],[50.89893,35.74386],[50.89845,35.74361],[50.89795,35.74333],[50.89753,35.74312],[50.89706,35.74285],[50.89649,35.74251],[50.89592,35.74214],[50.8955,35.74188],[50.89494,35.74215],[50.89452,35.74242],[50.8942,35.74267],[50.89386,35.74293],[50.8934,35.74329],[50.893,35.74358],[50.89266,35.74382],[50.89222,35.74408],[50.89176,35.74441],[50.89134,35.7447],[50.89094,35.74494],[50.89054,35.74533],[50.89022,35.74563],[50.88999,35.74594],[50.89031,35.74638],[50.89058,35.7468],[50.89084,35.74716],[50.89108,35.74747],[50.8914,35.74787],[50.8916,35.74831],[50.89179,35.74866],[50.89208,35.74908],[50.89207,35.74948],[50.8916,35.74956],[50.89098,35.74936],[50.89052,35.74919],[50.89011,35.74901],[50.88959,35.74884],[50.88918,35.74863],[50.88872,35.74839],[50.8886,35.74827],[50.8886,35.74818],[50.88866,35.74817],[50.8886,35.74818],[50.88876,35.74813],[50.88859,35.74816],[50.88853,35.7483],[50.88859,35.74822],[50.88861,35.74823],[50.88845,35.74819],[50.88888,35.7484],[50.88936,35.74865],[50.8899,35.74885],[50.89041,35.74907],[50.89089,35.74932],[50.89149,35.74956],[50.89185,35.74985],[50.89228,35.75004],[50.89286,35.75024],[50.89332,35.75055],[50.89383,35.75072],[50.89434,35.75086],[50.89488,35.75103],[50.89537,35.75129],[50.89579,35.75149],[50.89622,35.75171],[50.89661,35.75193],[50.89696,35.75219],[50.89731,35.75187],[50.89763,35.75149],[50.89807,35.7512],[50.89865,35.75086],[50.8993,35.75057],[50.89999,35.75033],[50.9006,35.75009],[50.90117,35.74988],[50.90186,35.7496],[50.90253,35.74929],[50.90322,35.74901],[50.90383,35.74882],[50.90424,35.74865],[50.90474,35.74853],[50.90537,35.74846],[50.90612,35.74826],[50.90684,35.74812],[50.90725,35.74798],[50.90795,35.74821],[50.90863,35.74871],[50.90892,35.74903],[50.90925,35.74938],[50.90963,35.7497],[50.90997,35.75004],[50.91033,35.7504],[50.91071,35.75079],[50.91112,35.75118],[50.91157,35.75156],[50.91199,35.75194],[50.91233,35.75231],[50.91262,35.7526],[50.91299,35.75296],[50.91333,35.7532],[50.91372,35.75357],[50.91413,35.75391],[50.91479,35.75436],[50.91516,35.75465],[50.91553,35.75493],[50.91589,35.75522],[50.91631,35.75554],[50.91679,35.75581],[50.91728,35.75609],[50.91783,35.75637],[50.91841,35.75662],[50.91885,35.75684],[50.9193,35.75711],[50.91972,35.7576],[50.91997,35.75807],[50.9201,35.75858],[50.92002,35.75917],[50.91993,35.75961],[50.91999,35.7602],[50.92017,35.76085],[50.9206,35.76136],[50.92109,35.76188],[50.9215,35.76234],[50.9218,35.76265],[50.92211,35.76295],[50.9225,35.76342],[50.92293,35.76393],[50.92336,35.76449],[50.92382,35.76507],[50.92405,35.76538],[50.92401,35.76578],[50.92367,35.76535],[50.92339,35.76496],[50.92314,35.76456],[50.92291,35.76421],[50.92268,35.76382],[50.92234,35.76358],[50.92233,35.76358],[50.92268,35.76376],[50.92273,35.7641],[50.92256,35.76423],[50.92268,35.76428],[50.92249,35.76392],[50.9225,35.76364],[50.92213,35.76336],[50.92229,35.76347],[50.92228,35.76332],[50.92229,35.76295],[50.92184,35.76306],[50.92173,35.76287],[50.92181,35.76293],[50.92214,35.76326],[50.92193,35.76293],[50.92162,35.7626],[50.92136,35.76226],[50.92128,35.76186],[50.92087,35.76156],[50.92053,35.76123],[50.9206,35.76123],[50.92056,35.76119],[50.92051,35.7613],[50.92042,35.76109],[50.92037,35.76122],[50.92026,35.76087],[50.92003,35.76043],[50.91977,35.75995],[50.91936,35.75956],[50.91928,35.75916],[50.91907,35.75916],[50.91898,35.75929],[50.91899,35.75912],[50.91896,35.75918],[50.91892,35.75923],[50.919,35.7592],[50.91891,35.75911],[50.91934,35.75888],[50.91972,35.75855],[50.91966,35.75819],[50.91959,35.75775],[50.91945,35.7574],[50.91994,35.75763],[50.92,35.75809],[50.91999,35.7585],[50.91994,35.75886],[50.91989,35.75932],[50.91991,35.75971],[50.92004,35.76012],[50.92023,35.76054],[50.92057,35.76103],[50.92083,35.76136],[50.92119,35.76178],[50.9215,35.76206],[50.92179,35.7625],[50.92205,35.76284],[50.92247,35.76321],[50.92308,35.76376],[50.92342,35.76407],[50.92369,35.76445],[50.92392,35.7648],[50.92421,35.76512],[50.92451,35.76541],[50.9249,35.76589],[50.92519,35.76631],[50.92565,35.76683],[50.92597,35.76718],[50.92627,35.7675],[50.9266,35.76787],[50.92695,35.76818],[50.9273,35.7684],[50.92789,35.76891],[50.92845,35.76959],[50.9287,35.77],[50.92895,35.77038],[50.92921,35.77071],[50.9297,35.77114],[50.93024,35.77161],[50.93084,35.77219],[50.93134,35.77265],[50.93169,35.77295],[50.93219,35.77334],[50.93247,35.77362],[50.93277,35.7739],[50.93306,35.77419],[50.93336,35.7745],[50.93365,35.77481],[50.93419,35.77535],[50.93448,35.77563],[50.93478,35.7759],[50.93505,35.7762],[50.93538,35.77666],[50.93576,35.77698],[50.93633,35.77741],[50.93666,35.77768],[50.93698,35.77799],[50.93735,35.77835],[50.93766,35.77872],[50.93796,35.77902],[50.93827,35.77929],[50.93859,35.7796],[50.93898,35.77989],[50.93935,35.78014],[50.93981,35.78044],[50.94038,35.78086],[50.94076,35.78109],[50.94113,35.78134],[50.94153,35.78161],[50.94191,35.78187],[50.94226,35.78213],[50.94266,35.78239],[50.94305,35.78265],[50.94341,35.78291],[50.9438,35.78316],[50.94416,35.7834],[50.94465,35.78372],[50.94513,35.78403],[50.9458,35.78453],[50.94618,35.78482],[50.94659,35.78512],[50.94702,35.78545],[50.94748,35.78576],[50.94794,35.78605],[50.94834,35.78632],[50.9487,35.78656],[50.94923,35.78688],[50.94982,35.78727],[50.95044,35.78769],[50.95079,35.78793],[50.95114,35.78817],[50.95152,35.78839],[50.95191,35.78865],[50.95232,35.78892],[50.95274,35.78921],[50.9532,35.78951],[50.95364,35.7898],[50.95405,35.79009],[50.95444,35.79038],[50.95481,35.79063],[50.95518,35.79087],[50.95555,35.79109],[50.95592,35.79135],[50.95628,35.7916],[50.95664,35.79186],[50.95702,35.79213],[50.95739,35.7924],[50.95776,35.79263],[50.95843,35.79306],[50.9589,35.79334],[50.95831,35.79306],[50.95767,35.79264],[50.95707,35.79225],[50.9565,35.79188],[50.95613,35.79163],[50.9556,35.79129],[50.95514,35.79099],[50.9547,35.79071],[50.95428,35.79047],[50.95384,35.79018],[50.95343,35.78994],[50.95298,35.78963],[50.95255,35.78933],[50.95207,35.78905],[50.95148,35.78874],[50.9509,35.78841],[50.95041,35.78809],[50.94998,35.78778],[50.94959,35.78749],[50.94925,35.7872],[50.94874,35.78689],[50.94815,35.78656],[50.94758,35.78615],[50.94723,35.7859],[50.94682,35.7856],[50.94642,35.78527],[50.94601,35.78502],[50.94569,35.78476],[50.94496,35.78425],[50.94455,35.784],[50.94412,35.78375],[50.94446,35.78341],[50.94502,35.78317],[50.94543,35.78281],[50.94592,35.78249],[50.94631,35.78214],[50.94682,35.78168],[50.94726,35.78119],[50.94781,35.78064],[50.9481,35.78036],[50.94866,35.77977],[50.94908,35.77923],[50.94937,35.77879],[50.94983,35.77842],[50.95021,35.77798],[50.95093,35.77753],[50.95133,35.77732],[50.95175,35.77713],[50.95229,35.77672],[50.95265,35.77622],[50.95314,35.77571],[50.95363,35.77514],[50.95402,35.77459],[50.95424,35.77421],[50.95485,35.77425],[50.95527,35.77438],[50.95557,35.7741],[50.95583,35.77367],[50.956,35.7733],[50.95597,35.77288],[50.95589,35.77251],[50.95573,35.77216],[50.95551,35.77179],[50.95558,35.77176],[50.95558,35.77179],[50.95556,35.77175],[50.9557,35.77183],[50.95593,35.77222],[50.95601,35.77271],[50.95596,35.77321],[50.95571,35.77369],[50.95542,35.77407],[50.95513,35.77446],[50.95463,35.77441],[50.95417,35.77476],[50.95392,35.77507],[50.95355,35.77539],[50.95317,35.77568],[50.95283,35.77603],[50.95246,35.77645],[50.95204,35.77679],[50.95145,35.77719],[50.95098,35.77772],[50.95047,35.77823],[50.95002,35.77864],[50.94951,35.77911],[50.94909,35.77963],[50.94864,35.78016],[50.94832,35.78043],[50.94785,35.78093],[50.94735,35.78136],[50.94684,35.78175],[50.94649,35.7821],[50.94604,35.78254],[50.94561,35.78297],[50.94516,35.78342],[50.94486,35.78377],[50.94547,35.78409],[50.94591,35.7844],[50.94628,35.78468],[50.9466,35.78498],[50.94692,35.78531],[50.94728,35.78559],[50.94764,35.78587],[50.94822,35.78619],[50.94878,35.78654],[50.94923,35.78697],[50.94967,35.7873],[50.9502,35.78758],[50.95082,35.78799],[50.95152,35.78845],[50.9519,35.78874],[50.95233,35.78898],[50.95276,35.78924],[50.95317,35.78952],[50.95359,35.78977],[50.95396,35.79005],[50.95436,35.79026],[50.95492,35.79061],[50.95545,35.79101],[50.95611,35.79145],[50.95669,35.79186],[50.95733,35.79233],[50.95799,35.79279],[50.95855,35.79319],[50.95916,35.7937],[50.95954,35.79395],[50.95996,35.79422],[50.96042,35.79457],[50.96087,35.79495],[50.96124,35.79516],[50.96184,35.79541],[50.96245,35.79561],[50.96313,35.796],[50.96353,35.79627],[50.96393,35.79652],[50.96436,35.79677],[50.96477,35.79701],[50.96515,35.79723],[50.96551,35.79748],[50.96609,35.7978],[50.96673,35.79774],[50.96741,35.7974],[50.96799,35.79695],[50.96834,35.79666],[50.9687,35.7964],[50.96906,35.79613],[50.96941,35.79584],[50.96977,35.79555],[50.97014,35.79525],[50.97049,35.79494],[50.97085,35.79466],[50.97121,35.79438],[50.97152,35.7941],[50.97181,35.7938],[50.97213,35.79348],[50.97246,35.79318],[50.97277,35.7929],[50.97312,35.79259],[50.97357,35.79275],[50.97406,35.7932],[50.97441,35.79346],[50.97471,35.79373],[50.97503,35.79406],[50.97538,35.79436],[50.97591,35.79473],[50.97634,35.79503],[50.97688,35.79536],[50.97738,35.79511],[50.978,35.79461],[50.9781,35.79424],[50.97806,35.79364],[50.97863,35.79356],[50.97904,35.79327],[50.97938,35.79358],[50.97985,35.79394],[50.98035,35.79427],[50.98107,35.7944],[50.98191,35.79434],[50.98231,35.79416],[50.98276,35.79403],[50.9832,35.79384],[50.98368,35.79363],[50.98418,35.79342],[50.98473,35.7932],[50.98531,35.79301],[50.98594,35.79284],[50.98657,35.7927],[50.98722,35.79252],[50.98788,35.79236],[50.98855,35.79221],[50.98924,35.79204],[50.98994,35.7919],[50.99062,35.79171],[50.99135,35.79157],[50.99209,35.79145],[50.99284,35.79133],[50.99363,35.79128],[50.99443,35.79121],[50.99517,35.79113],[50.99592,35.79113],[50.99656,35.79108],[50.99724,35.79106],[50.99791,35.79106],[50.99854,35.79093],[50.99916,35.79076],[50.99975,35.79064],[51.00039,35.79055],[51.00106,35.7906],[51.00174,35.79059],[51.00243,35.79058],[51.00317,35.79059],[51.00382,35.79051],[51.00445,35.79041],[51.00503,35.7904],[51.00548,35.79044],[51.00586,35.79024],[51.07596,35.74947],[51.07646,35.74921],[51.0769,35.74895],[51.07722,35.74853],[51.07763,35.74816],[51.07811,35.74781],[51.07865,35.74748],[51.07923,35.74716],[51.07982,35.74683],[51.08042,35.74654],[51.08097,35.74624],[51.08148,35.74594],[51.08204,35.74568],[51.08266,35.74542],[51.0833,35.74515],[51.08388,35.7448],[51.08441,35.74443],[51.08491,35.74408],[51.08548,35.74375],[51.08603,35.74347],[51.08661,35.74328],[51.08725,35.7431],[51.08799,35.74288],[51.08879,35.74264],[51.08962,35.74243],[51.09042,35.74228],[51.09124,35.74211],[51.0921,35.74193],[51.09295,35.74178],[51.09379,35.74163],[51.09469,35.74147],[51.09556,35.74132],[51.0964,35.74116],[51.09719,35.741],[51.098,35.74085],[51.09881,35.74072],[51.09957,35.74056],[51.10025,35.74046],[51.10094,35.74034],[51.10165,35.74026],[51.10236,35.74015],[51.1031,35.74005],[51.10388,35.73995],[51.10465,35.73987],[51.10541,35.73975],[51.10613,35.73958],[51.10684,35.73939],[51.10755,35.73919],[51.10826,35.739],[51.10894,35.73877],[51.10959,35.73854],[51.11024,35.7383],[51.1109,35.73808],[51.11151,35.73785],[51.11213,35.73766],[51.11272,35.73741],[51.11324,35.73709],[51.11382,35.73683],[51.11441,35.73664],[51.11497,35.7364],[51.11545,35.73602],[51.11597,35.73573],[51.11651,35.73547],[51.11704,35.73526],[51.11752,35.73499],[51.11796,35.73469],[51.11848,35.73443],[51.11905,35.73433],[51.11969,35.73437],[51.12009,35.73407],[51.12057,35.73382],[51.12116,35.7337],[51.12217,35.73291],[51.12279,35.73252],[51.12701,35.7272],[51.12736,35.7268],[51.12789,35.72635],[51.12841,35.72578],[51.12895,35.72526],[51.12942,35.72479],[51.14408,35.71552],[51.1447,35.71519],[51.14535,35.71486],[51.14599,35.71451],[51.14667,35.71417],[51.14731,35.71384],[51.14794,35.71347],[51.14864,35.7131],[51.14938,35.71279],[51.1502,35.71256],[51.15101,35.71234],[51.15176,35.71203],[51.15263,35.7118],[51.15353,35.71155],[51.15443,35.71133],[51.1553,35.71108],[51.1561,35.71081],[51.15686,35.71053],[51.15767,35.71028],[51.15849,35.70997],[51.15935,35.70966],[51.16016,35.70936],[51.16093,35.7091],[51.16169,35.70885],[51.16241,35.70863],[51.16311,35.70839],[51.16382,35.70819],[51.16454,35.70802],[51.16526,35.70786],[51.166,35.70769],[51.1667,35.70753],[51.16739,35.7074],[51.16807,35.70727],[51.16877,35.70713],[51.1695,35.70696],[51.17025,35.70678],[51.17103,35.70662],[51.17182,35.70645],[51.17264,35.70625],[51.17343,35.70606],[51.1742,35.70589],[51.17498,35.70571],[51.17574,35.70552],[51.17648,35.7053],[51.17718,35.70513],[51.17791,35.70491],[51.17864,35.70472],[51.17937,35.70452],[51.18008,35.7044],[51.18076,35.70428],[51.18137,35.70414],[51.18191,35.70399],[51.18237,35.70387],[51.18312,35.70362],[51.18359,35.70343],[51.18417,35.70316],[51.18491,35.70287],[51.1854,35.70266],[51.18593,35.70245],[51.18648,35.70225],[51.18704,35.70201],[51.18759,35.70177],[51.18816,35.70152],[51.18876,35.70128],[51.18938,35.70103],[51.18999,35.70079],[51.19062,35.70055],[51.19126,35.7003],[51.19191,35.70004],[51.19257,35.69979],[51.19324,35.69953],[51.19391,35.69926],[51.19461,35.69898],[51.1953,35.69869],[51.196,35.69841],[51.19669,35.69815],[51.1974,35.69787],[51.19815,35.69758],[51.19892,35.69728],[51.19969,35.69699],[51.20043,35.69668],[51.20116,35.69638],[51.20188,35.69611],[51.20261,35.69583],[51.20329,35.69556],[51.20394,35.69532],[51.20462,35.69507],[51.20532,35.6948],[51.20604,35.69452],[51.20678,35.69422],[51.20754,35.6939],[51.2083,35.69358],[51.20905,35.69327],[51.20977,35.69297],[51.21042,35.69269],[51.21107,35.69245],[51.21172,35.69217],[51.21236,35.69193],[51.21304,35.6917],[51.2137,35.69141],[51.21434,35.69112],[51.21501,35.69082],[51.21566,35.69054],[51.21631,35.69028],[51.2169,35.69002],[51.2174,35.68978],[51.21788,35.68954],[51.21841,35.6893],[51.21892,35.68909],[51.21936,35.6889],[51.21979,35.68872],[51.22023,35.68853],[51.22069,35.68836],[51.22116,35.68818],[51.22161,35.68802],[51.22209,35.68783],[51.22255,35.68767],[51.22302,35.68747],[51.22352,35.68726],[51.22402,35.68708],[51.22448,35.68687],[51.22494,35.68667],[51.22536,35.68649],[51.22577,35.68632],[51.22619,35.68616],[51.22659,35.68598],[51.227,35.6858],[51.22743,35.68566],[51.22785,35.68551],[51.22847,35.68502],[51.22869,35.68466],[51.22888,35.68428],[51.22905,35.68392],[51.2295,35.68334],[51.22989,35.68314],[51.23036,35.68298],[51.2309,35.6828],[51.23142,35.6826],[51.23186,35.68236],[51.23211,35.68185],[51.23174,35.68125],[51.23147,35.68064],[51.23137,35.68024],[51.23125,35.67979],[51.2311,35.67935],[51.231,35.67883],[51.2309,35.67828],[51.23081,35.67771],[51.23075,35.67712],[51.2307,35.67652],[51.23073,35.67597],[51.23075,35.67545],[51.23079,35.67491],[51.23089,35.67432],[51.23101,35.67373],[51.23118,35.6731],[51.23134,35.67254],[51.23153,35.67199],[51.23171,35.67139],[51.23196,35.67078],[51.23224,35.67015],[51.23253,35.66956],[51.23286,35.66899],[51.23319,35.66845],[51.23356,35.66789],[51.23395,35.66735],[51.23433,35.66689],[51.2347,35.66645],[51.23505,35.66603],[51.23544,35.6656],[51.23588,35.66517],[51.23637,35.66474],[51.23686,35.66433],[51.23736,35.66394],[51.23787,35.66358],[51.23842,35.66323],[51.23898,35.66291],[51.23951,35.6626],[51.2401,35.66234],[51.24062,35.6621],[51.24117,35.66186],[51.24172,35.66161],[51.24228,35.66134],[51.24285,35.66114],[51.24347,35.6609],[51.24407,35.66067],[51.24467,35.66044],[51.24526,35.66023],[51.24592,35.65996],[51.24662,35.65971],[51.2473,35.65945],[51.24794,35.65921],[51.24855,35.65898],[51.24917,35.65875],[51.24982,35.65852],[51.25042,35.65831],[51.25101,35.65806],[51.25153,35.65783],[51.25201,35.65765],[51.25251,35.65745],[51.253,35.65728],[51.25356,35.65707],[51.25416,35.65683],[51.25476,35.65663],[51.25538,35.65646],[51.25602,35.65619],[51.25669,35.65594],[51.25735,35.65571],[51.25805,35.65548],[51.25865,35.65518],[51.25923,35.65495],[51.25975,35.65476],[51.26023,35.65457],[51.26071,35.65436],[51.26115,35.65422],[51.26159,35.65407],[51.26238,35.65384],[51.26282,35.65367],[51.26326,35.65351],[51.26371,35.65332],[51.26417,35.65316],[51.26466,35.65296],[51.26518,35.65275],[51.26572,35.65255],[51.26631,35.65235],[51.26682,35.65215],[51.2673,35.65197],[51.26773,35.65183],[51.2685,35.65158],[51.26893,35.65144],[51.26954,35.65115],[51.27016,35.65093],[51.27076,35.65072],[51.27139,35.65049],[51.27192,35.65035],[51.27257,35.65017],[51.27304,35.65012],[51.27354,35.65003],[51.27402,35.64993],[51.27463,35.64967],[51.27571,35.64908],[51.27636,35.64892],[51.2768,35.64896],[51.31802,35.62796],[51.31852,35.62735],[51.31894,35.62703],[51.31931,35.62671],[51.31966,35.62637],[51.32003,35.62597],[51.32039,35.62562],[51.32071,35.62527],[51.32104,35.62497],[51.32136,35.62463],[51.32167,35.62428],[51.32199,35.62392],[51.32228,35.62358],[51.32258,35.62324],[51.32286,35.6229],[51.32312,35.62259],[51.32361,35.62202],[51.32408,35.6214],[51.32435,35.62103],[51.32465,35.62065],[51.32497,35.62025],[51.32529,35.61983],[51.32561,35.61948],[51.32588,35.61919],[51.32635,35.61866],[51.32689,35.618],[51.32718,35.61766],[51.32749,35.61725],[51.3278,35.61684],[51.32814,35.6164],[51.32853,35.61593],[51.32893,35.61549],[51.32938,35.615],[51.32986,35.61452],[51.33036,35.61406],[51.33086,35.61361],[51.33135,35.61319],[51.33186,35.61277],[51.3323,35.61239],[51.33279,35.61202],[51.3333,35.61172],[51.33386,35.61134],[51.33443,35.61097],[51.33502,35.61061],[51.3356,35.61026],[51.33616,35.60997],[51.33673,35.60972],[51.33733,35.60949],[51.33795,35.60923],[51.33856,35.60898],[51.33918,35.60878],[51.3398,35.60859],[51.3404,35.60841],[51.34092,35.60827],[51.34141,35.60815],[51.34198,35.60804],[51.34254,35.60797],[51.34311,35.60788],[51.34362,35.60775],[51.34405,35.6076],[51.34462,35.60757],[51.34511,35.6075],[51.34577,35.60737],[51.34637,35.60736],[51.34677,35.60718],[51.3472,35.60731],[51.34773,35.60746],[51.34817,35.60753],[51.34862,35.60752],[51.34907,35.60758],[51.34947,35.60761],[51.34994,35.6077],[51.3504,35.60771],[51.35093,35.60775],[51.35136,35.60785],[51.35182,35.60793],[51.35231,35.60799],[51.35281,35.60814],[51.35341,35.60824],[51.35386,35.60833],[51.35431,35.60834],[51.35473,35.60856],[51.35525,35.60872],[51.35581,35.60881],[51.35626,35.60893],[51.35667,35.6091],[51.35708,35.60922],[51.35764,35.60939],[51.35806,35.6095],[51.35853,35.60957],[51.35895,35.6097],[51.35943,35.60986],[51.3598,35.61009],[51.36026,35.61026],[51.36071,35.61039],[51.36115,35.6105],[51.36156,35.61066],[51.36227,35.61089],[51.36274,35.61102],[51.3633,35.61116],[51.36387,35.61127],[51.36446,35.61141],[51.36512,35.61157],[51.36573,35.61173],[51.36631,35.6119],[51.36689,35.61207],[51.36749,35.61226],[51.36813,35.61244],[51.36876,35.61264],[51.36934,35.6128],[51.36995,35.61297],[51.37055,35.61307],[51.37116,35.61319],[51.37175,35.61328],[51.37235,35.61337],[51.37296,35.61345],[51.37359,35.61354],[51.37427,35.61365],[51.37497,35.61379],[51.37565,35.61389],[51.37631,35.61395],[51.37698,35.61402],[51.37765,35.61409],[51.3783,35.61415],[51.37897,35.61418],[51.37966,35.6142],[51.38035,35.61419],[51.38107,35.61422],[51.3818,35.61422],[51.38253,35.61423],[51.38323,35.61423],[51.38392,35.61422],[51.3846,35.61421],[51.38525,35.61421],[51.3859,35.61422],[51.38654,35.61423],[51.3872,35.61423],[51.38786,35.61422],[51.38846,35.6142],[51.38892,35.61419],[51.38958,35.61422],[51.39054,35.61422],[51.39111,35.61421],[51.3917,35.6142],[51.39232,35.6142],[51.39294,35.6142],[51.39357,35.61418],[51.39422,35.61417],[51.39486,35.61417],[51.39556,35.61418],[51.39626,35.61417],[51.39694,35.61419],[51.39763,35.61421],[51.39835,35.61422],[51.39907,35.61423],[51.39977,35.61424],[51.40048,35.61425],[51.4012,35.61428],[51.40187,35.61427],[51.40244,35.61426],[51.40291,35.61428],[51.40367,35.61431],[51.4043,35.61429],[51.40494,35.61431],[51.40573,35.61431],[51.40618,35.61429],[51.40663,35.61427],[51.40708,35.61429],[51.40755,35.6143],[51.40804,35.61431],[51.40858,35.61433],[51.40914,35.61436],[51.40973,35.61441],[51.41035,35.61448],[51.411,35.61453],[51.41166,35.61459],[51.41231,35.61465],[51.41296,35.61475],[51.4136,35.61488],[51.41423,35.61506],[51.41487,35.61522],[51.41552,35.61539],[51.41615,35.6156],[51.41676,35.61579],[51.41734,35.61602],[51.41788,35.61625],[51.41843,35.61651],[51.41898,35.61678],[51.41951,35.61707],[51.41998,35.61734],[51.42044,35.61761],[51.42085,35.61789],[51.42124,35.61818],[51.42166,35.6185],[51.42205,35.61881],[51.42241,35.6191],[51.42278,35.6194],[51.42312,35.61969],[51.42373,35.62019],[51.42441,35.62076],[51.42482,35.62112],[51.42525,35.62147],[51.42574,35.62187],[51.42626,35.62225],[51.42678,35.62261],[51.42734,35.623],[51.42791,35.62337],[51.42849,35.62373],[51.42908,35.62407],[51.42969,35.62445],[51.43034,35.62479],[51.43097,35.62511],[51.43159,35.62541],[51.4322,35.6257],[51.43281,35.626],[51.43345,35.6263],[51.43413,35.62658],[51.43483,35.62685],[51.43556,35.62711],[51.43626,35.62733],[51.43697,35.62752],[51.43769,35.62774],[51.43839,35.62795],[51.43907,35.62816],[51.43978,35.62835],[51.4405,35.6285],[51.44124,35.62865],[51.44198,35.6288],[51.44268,35.62899],[51.44343,35.62911],[51.4442,35.62923],[51.44495,35.62932],[51.44574,35.62941],[51.44653,35.62948],[51.44729,35.62951],[51.44808,35.62954],[51.4489,35.62956],[51.44969,35.62957],[51.45047,35.62955],[51.45123,35.62954],[51.452,35.62955],[51.45281,35.62959],[51.45363,35.62963],[51.4544,35.62969],[51.45515,35.62974],[51.45586,35.62974],[51.45656,35.62975],[51.45727,35.62978],[51.45799,35.62985],[51.45866,35.62997],[51.45932,35.63012],[51.45998,35.63027],[51.46067,35.63044],[51.46137,35.63061],[51.46203,35.63077],[51.46269,35.63096],[51.46334,35.63118],[51.46398,35.6314],[51.46455,35.63161],[51.46503,35.6318],[51.46549,35.63197],[51.46596,35.63215],[51.46641,35.63235],[51.46689,35.63257],[51.46738,35.63278],[51.46788,35.63304],[51.46837,35.63329],[51.46886,35.63354],[51.46936,35.63379],[51.46984,35.63405],[51.47032,35.63433],[51.47079,35.63461],[51.47125,35.63491],[51.47171,35.63522],[51.47221,35.63554],[51.47268,35.63586],[51.4731,35.63614],[51.47354,35.6364],[51.474,35.63661],[51.47453,35.63677],[51.47505,35.6369],[51.47554,35.63699],[51.47606,35.63705],[51.47657,35.63705],[51.47704,35.63705],[51.47751,35.63701],[51.47799,35.63695],[51.47843,35.63685],[51.47893,35.63672],[51.47936,35.6366],[51.47983,35.63641],[51.48029,35.63634],[51.48075,35.63627],[51.48122,35.63629],[51.48165,35.63637],[51.48257,35.63647],[51.48278,35.6368],[51.48315,35.63706],[51.48345,35.63743],[51.4837,35.63774],[51.48393,35.63808],[51.48405,35.63845],[51.48417,35.63883],[51.48423,35.63922],[51.48433,35.63963],[51.48432,35.64008],[51.48438,35.64048],[51.48451,35.64095],[51.48461,35.64137],[51.48465,35.64175],[51.48474,35.64218],[51.48473,35.64262],[51.48486,35.64304],[51.48492,35.64349],[51.48527,35.64374],[51.48577,35.64375],[51.48629,35.64383],[51.48683,35.64367],[51.48734,35.64363],[51.48786,35.64352],[51.48833,35.64348],[51.48893,35.64343],[51.48955,35.64337],[51.49022,35.64322],[51.49059,35.64348],[51.49083,35.64392],[51.49093,35.6443],[51.49096,35.64471],[51.49101,35.64511],[51.49113,35.64549],[51.49118,35.6459],[51.49124,35.64634],[51.49134,35.6467],[51.49131,35.64688],[51.49147,35.64743],[51.4915,35.64783],[51.49165,35.64828],[51.4918,35.64875],[51.49197,35.64928],[51.49208,35.64963],[51.49229,35.65006],[51.49248,35.65039],[51.49261,35.65078],[51.49266,35.65118],[51.49278,35.65154],[51.4929,35.6519],[51.49289,35.65223],[51.49309,35.65256],[51.49314,35.6529],[51.49332,35.65313],[51.49343,35.65335],[51.49353,35.65362],[51.49362,35.654],[51.49373,35.65438],[51.49393,35.65479],[51.49408,35.65515],[51.49422,35.65557],[51.49439,35.65607],[51.49453,35.65648],[51.49463,35.65689],[51.4947,35.65728],[51.4948,35.65764],[51.49498,35.65797],[51.49511,35.65833],[51.49526,35.65873],[51.49539,35.65912],[51.49557,35.65965],[51.49571,35.66013],[51.49593,35.66053],[51.49605,35.66099],[51.49615,35.66137],[51.49594,35.6617],[51.49544,35.66175],[51.49452,35.66196],[51.49395,35.66209],[51.49334,35.66224],[51.49276,35.6624],[51.49222,35.66256],[51.49173,35.66268],[51.49108,35.66287],[51.49098,35.66332],[51.49122,35.66391],[51.49135,35.66427],[51.49147,35.66464],[51.49166,35.66525],[51.49183,35.66571],[51.49204,35.66629],[51.49218,35.66669],[51.49227,35.66709],[51.49234,35.66751],[51.49239,35.6679],[51.49242,35.66831],[51.49242,35.66872],[51.4924,35.66916],[51.49242,35.6696],[51.49247,35.67004],[51.49248,35.67047],[51.49248,35.67089],[51.49248,35.67133],[51.49248,35.67179],[51.49249,35.67223],[51.49249,35.67264],[51.49252,35.67303],[51.49254,35.67368],[51.4926,35.67419],[51.49262,35.67463],[51.49263,35.67512],[51.49262,35.6757],[51.49265,35.67616],[51.49265,35.67666],[51.49265,35.67705],[51.49267,35.67752],[51.4927,35.67791],[51.49276,35.67838],[51.49278,35.67891],[51.49278,35.67934],[51.49283,35.67983],[51.4929,35.6804],[51.49296,35.68109],[51.49299,35.68146],[51.49302,35.6822],[51.49301,35.68264],[51.493,35.68313],[51.49297,35.68362],[51.49297,35.68411],[51.49298,35.68459],[51.49299,35.68505],[51.49302,35.68552],[51.49306,35.68598],[51.49312,35.68643],[51.49317,35.68684],[51.49319,35.68745],[51.49319,35.68784],[51.49323,35.68827],[51.49329,35.68877],[51.4933,35.68926],[51.49332,35.68977],[51.49346,35.69035],[51.49363,35.69089],[51.49383,35.69144],[51.49366,35.69178],[51.49308,35.69179],[51.49281,35.69129],[51.49272,35.69091],[51.49262,35.69045],[51.49256,35.69001],[51.49252,35.68957],[51.4925,35.68915],[51.49249,35.68874],[51.49247,35.68838],[51.49243,35.68776],[51.49233,35.68704],[51.49226,35.68634],[51.49221,35.68573],[51.49236,35.68531],[51.49242,35.68482],[51.49242,35.68426],[51.49243,35.68377],[51.49243,35.68332],[51.4924,35.6829],[51.49242,35.68252],[51.49242,35.6821],[51.49242,35.68171],[51.49243,35.68132],[51.4924,35.68092],[51.49239,35.68054],[51.49246,35.68],[51.49245,35.67947],[51.49241,35.67901],[51.49238,35.67845],[51.49236,35.67808],[51.49235,35.67771],[51.49235,35.67731],[51.49233,35.67688],[51.49233,35.67643],[51.49231,35.67594],[51.49231,35.67548],[51.49229,35.67497],[51.49229,35.67443],[51.49229,35.67387],[51.4923,35.6733],[51.49228,35.67273],[51.49227,35.67215],[51.49227,35.6716],[51.49227,35.67109],[51.49225,35.67056],[51.49225,35.67007],[51.49225,35.6696],[51.49223,35.66914],[51.49223,35.66867],[51.49223,35.66821],[51.4922,35.66775],[51.49212,35.66735],[51.49202,35.66696],[51.49191,35.66658],[51.49179,35.6662],[51.49166,35.66581],[51.49151,35.66541],[51.49135,35.665],[51.4912,35.66461],[51.49107,35.6642],[51.49092,35.66376],[51.49077,35.66329],[51.49063,35.66285],[51.49049,35.66241],[51.49035,35.66198],[51.4902,35.66153],[51.49004,35.66108],[51.48992,35.66064],[51.48978,35.66021],[51.48964,35.65984],[51.48938,35.65917],[51.48924,35.6588],[51.48908,35.65841],[51.48891,35.65802],[51.48867,35.65766],[51.4884,35.65731],[51.48815,35.65697],[51.48782,35.65639],[51.48781,35.65572],[51.48779,35.65514],[51.4877,35.65471],[51.48756,35.65431],[51.48742,35.65388],[51.48725,35.65333],[51.48705,35.6528],[51.48686,35.65222],[51.48669,35.65166],[51.4865,35.65111],[51.48632,35.65052],[51.48613,35.6499],[51.48592,35.64928],[51.48572,35.64868],[51.48551,35.64811],[51.48528,35.64742],[51.48518,35.64704],[51.48509,35.64666],[51.48497,35.64596],[51.4849,35.64557],[51.48486,35.64517],[51.48481,35.6448],[51.48476,35.64444],[51.48472,35.64406],[51.4847,35.64366],[51.48464,35.64318],[51.48458,35.64271],[51.48451,35.64223],[51.48445,35.64177],[51.48438,35.64134],[51.48433,35.6409],[51.48428,35.64053],[51.48415,35.63985],[51.48406,35.63919],[51.48391,35.63855],[51.48377,35.6382],[51.48355,35.63782],[51.48325,35.63742],[51.48283,35.63704],[51.48229,35.63673],[51.48174,35.63648],[51.48111,35.63635],[51.48052,35.63637],[51.47999,35.63648],[51.4795,35.63669],[51.47904,35.6369],[51.47857,35.63713],[51.47813,35.63734],[51.47742,35.63777],[51.4767,35.63818],[51.47596,35.63849],[51.47553,35.63867],[51.47503,35.63889],[51.47443,35.63907],[51.47382,35.63927],[51.47321,35.63949],[51.47256,35.63973],[51.47189,35.63999],[51.4712,35.64025],[51.47048,35.6405],[51.46975,35.64074],[51.46901,35.64101],[51.46825,35.64126],[51.46747,35.64147],[51.46668,35.64172],[51.46587,35.64198],[51.46506,35.64224],[51.46427,35.64254],[51.46345,35.64285],[51.46264,35.64317],[51.46184,35.64352],[51.46104,35.64386],[51.46025,35.64415],[51.45946,35.6444],[51.4587,35.64462],[51.45796,35.64482],[51.45725,35.645],[51.45652,35.64518],[51.45578,35.64529],[51.45505,35.64536],[51.45431,35.64546],[51.4536,35.64557],[51.45288,35.64561],[51.4521,35.64563],[51.45126,35.64562],[51.45041,35.64557],[51.44956,35.64551],[51.4487,35.64548],[51.44782,35.64539],[51.44692,35.64531],[51.44604,35.6452],[51.44516,35.64512],[51.44435,35.64507],[51.44354,35.64503],[51.44273,35.64497],[51.44189,35.64494],[51.44104,35.64492],[51.44018,35.64496],[51.43934,35.645],[51.43849,35.64505],[51.43765,35.64509],[51.43679,35.64519],[51.43596,35.64526],[51.43513,35.64534],[51.43435,35.64544],[51.43362,35.64552],[51.43294,35.64561],[51.4323,35.64567],[51.43168,35.64575],[51.43108,35.64585],[51.43058,35.64594],[51.4301,35.646],[51.42959,35.64602],[51.42903,35.6461],[51.42843,35.6462],[51.42786,35.64625],[51.42741,35.64629],[51.42688,35.64637],[51.42641,35.64647],[51.42594,35.64652],[51.42538,35.64659],[51.42491,35.64668],[51.42444,35.64667],[51.424,35.64677],[51.42358,35.64675],[51.42307,35.64683],[51.42255,35.64688],[51.42206,35.64691],[51.42158,35.64701],[51.4211,35.64698],[51.42051,35.64704],[51.41982,35.64715],[51.4193,35.6472],[51.41884,35.64726],[51.41818,35.64733],[51.41761,35.64742],[51.41711,35.64743],[51.41656,35.64751]]]}},{"type":"Feature","properties":{"route":6,"color":"#e11d48","times":[[21887,21919,21923,21932,21992,22052,22112,22172,22232,22292,22307,22316,22322,22328,22334,22340,22346,22352,22358,22364,22370,22376,22382,22388,22394,22400,22406,22412,22418,22424,22436,22445,22454,22463,22472,22481,22490,22499,22508,22517,22526,22535,22544,22553,22559,22565,22574,22583,22589,22595,22601,22607,22613,22619,22625,22631,22637,22643,22649,22655,22661,22667,22673,22682,22691,22697,22703,22709,22715,22721,22736,22748,22757,22763,22769,22775,22781,22787,22793,22799,22811,22820,22826,22832,22838,22844,22850,22856,22862,22868,22874,22880,22892,22898,22904,22910,22916,22922,22928,22934,22943,22949,22955,22961,22967,22973,22979,22982,22985,22988,22991,22994,22997,23000,23003,23006,23009,23012,23015,23018,23021,23024,23027,23030,23033,23036,23039,23042,23045,23048,23051,23054,23057,23060,23063,23066,23069,23072,23075,23078,23081,23084,23087,23090,23093,23096,23099,23102,23105,23108,23111,23114,23117,23120,23123,23126,23129,23132,23135,23138,23141,23144,23147,23150,23153,23156,23159,23162,23165,23168,23171,23174,23177,23180,23183,23186,23189,23192,23195,23198,23201,23204,23207,23210,23213,23216,23219,23222,23225,23228,23231,23234,23237,23240,23243,23246,23249,23252,23255,23258,23261,23264,23267,23270,23273,23276,23279,23282,23285,23288,23291,23294,23297,23300,23303,23306,23309,23312,23315,23318,23321,23324,23327,23330,23333,23336,23339,23342,23345,23348,23351,23354,23357,23360,23363,23366,23369,23372,23375,23378,23381,23384,23387,23390,23393,23396,23399,23402,23405,23408,23411,23414,23417,23420,23423,23426,23429,23432,23435,23438,23441,23444,23447,23450,23453,23456,23462,23468,23471,23474,23477,23480,23483,23486,23489,23492,23495,23498,23501,23504,23507,23510,23513,23516,23519,23522,23525,23531,23540,23549,23555,23561,23567,23573,23579,23585,23588,23594,23603,23609,23615,23621,23627,23633,23639,23645,23657,23663,23669,23675,23681,23684,23690,23696,23711,23726,23741,23750,23756,23768,23777,23783,23789,23795,23801,23807,23813,23873,23933,23993,24053,24113,24173,24233,24293,24353,24413,24473,24533,24593,24653,24713,24773,24833,24893,24953,25013,25073,25118,25124,25133,25148,25154,25160,25166,25172,25178,25184,25202,25211,25217,25226,25286,25346,25406,25460,25493,25553,25613,25673,25733,25793,25850,25859,25868,25874,25883,25943,26003,26063,26123,26183,26243,26303,26351,26360,26366,26372,26378,26384,26390,26396,26405,26423,26483,26543,26603,26663,26723,26783,26843,26903,26963,27023,27083,27143,27203,27263,27323,27362,27374,27386,27407,27467,27527,27587,27647,27707,27767,27827,27887,27947,28007,28067,28103,28112,28118,28124,28136,28151,28160,28166,28175,28190,28208,28217,28226,28235,28295,28355,28412,28418,28424,28433,28448,28472,28532,28592,28652,28712,28742,28802,28862,28922,28982,29042,29102,29162,29222,29282,29342,29360,29369,29378,29399,29417,29426,29432,29450,29459,29468,29480,29537,29597,29657,29690,29699,29705,29711,29717,29729,29735,29741,29747,29753,29801,29813,29864,29924,29984,30044,30104,30164,30224,30284,30344,30356,30362,30368,30377,30392,30404,30410,30419,30428,30437,30455,30464,30470,30479,30491,30503,30515,30575,30635,30695,30755,30815,30875,30935,30995,31055,31115,31175,31235,31295,31319,31325,31334,31361,31373,31424,31442,31460,31499,31508,31568,31628,31688,31748,31808,31868,31922,31934,31946,31967,31979,31991,32000,32006,32012,32018,32024,32042,32102,32162,32201,32210,32219,32225,32234,32246,32306,32366,32426,32486,32546,32606,32666,32726,32786,32846,32906,32966,33026,33086,33119,33128,33134,33143,33149,33155,33161,33167,33173,33179,33191,33200,33206,33212,33227,33233,33239,33245,33254,33260,33266,33275,33296,33305,33311,33317,33323,33329,33341,33353,33413,33473,33533,33593,33653,33713,33773,33833,33893,33953,34013,34073,34133,34193,34253,34313,34373,34430,34439,34451,34484,34493,34520,34547,34580,34586,34601,34661,34721,34775,34790,34799,34808,34814,34835,34895,34910,34916,34922,34931,34937,34943,34949,34955,34961,34970,34982,34994,35000,35006,35012,35018,35027,35033,35039,35045,35051,35069,35129,35189,35249,35309,35369,35423,35432,35438,35447,35462,35510,35570,35630,35690,35750,35810,35870,35930,35990,36023,36029,36038,36050,36056,36068,36071,36077,36083,36089,36095,36101,36107,36113,36119,36125,36131,36137,36143,36149,36161,36173,36188,36197,36221,36236,36263,36278,36284,36290,36296,36302,36308,36314,36320,36326,36335,36359,36365,36368,36404,36416,36452,36470,36482,36491,36503,36563,36623,36683,36743,36803,36863,36923,36938,36944,36950,36956,36962,36968,37001,37007,37013,37073,37133,37193,37253,37313,37373,37433,37493,37553,37613,37622,37628,37637,37649,37658,37670,37730,37790,37850,37910,37970,38030,38090,38150,38192,38201,38207,38219,38231,38243,38252,38261,38300,38309,38315,38321,38327,38333,38339,38345,38351,38357,38363,38369,38375,38381,38387,38393,38399,38405,38414,38429,38435,38441,38444,38447,38450,38453,38456,38459,38462,38465,38468,38471,38474,38480,38486,38492,38528,38543,38603,38663,38723,38780,38789,38801,38810,38870,38930,38990,39050,39110,39170,39230,39290,39350,39410,39470,39530,39590,39650,39710,39770,39809,39821,39830,39836,39842,39848,39869,39878,39887,39896,39902,39908,39968,40028,40088,40148,40178,40238,40247,40256,40268,40277,40283,40295,40355,40415,40475,40535,40595,40655,40709,40715,40721,40727,40736,40742,40757,40769,40781,40793,40802,40832,40841,40901,40961,41021,41081,41141,41183,41240,41261,41297,41357,41417,41432,41492,41510,41531,41546,41558,41618,41678,41738,41798,41858,41888,41903,41912,41933,41945,41954,41969,41993,42005,42065,42125,42185,42245,42305,42365,42425,42485,42545,42605,42665,42725,42755,42764,42773,42782,42791,42797,42803,42809,42815,42821,42827,42839,42851,42860,42872,42878,42887,42899,42959,43019,43079,43139,43199,43259,43319,43379,43439,43499,43559,43619,43637,43643,43652,43712,43772,43832,43892,43952,44012,44072,44132,44147,44207,44234,44294,44345,44405,44465,44498,44510,44561,44573,44594,44621,44642,44660,44681,44693,44702,44711,44741,44753,44777,44789,44798,44804,44810,44819,44831,44840,44900,44960,45020,45080,45140,45200,45260,45320,45377,45383,45392,45404,45413,45425,45434,45443,45452,45461,45470,45479,45539,45599,45659,45719,45779,45839,45899,45959,46019,46079,46139,46151,46160,46178,46184,46190,46196,46202,46211,46220,46229,46241,46250,46256,46262,46271,46283,46292,46298,46304,46313,46319,46325,46331,46343,46352,46364,46373,46385,46397,46409,46418,46427,46436,46460,46475,46484,46490,46496,46529,46589,46649,46709,46769,46829,46889,46949,47009,47051,47060,47072,47081,47096,47102,47108,47114,47129,47189,47249,47309,47369,47429,47489,47549,47609,47669,47729,47789,47840,47846,47852,47858,47870,47876,47885,47894,47903,47912,47933,47942,47954,47963,47969,47975,47984,47990,47996,48002,48008,48017,48029,48038,48068,48128,48188,48248,48308,48368,48428,48488,48548,48572,48581,48596,48608,48617,48623,48629,48638,48665,48677,48689,48695,48704,48713,48719,48728,48734,48740,48749,48758,48767,48776,48794,48809,48851,48869,48884,48893,48899,48905,48911,48917,48923,48929,48935,48941,48947,48953,48956,48962,48968,48974,48980,48986,48995,49001,49007,49016,49022,49028,49034,49040,49049,49058,49064,49070,49076,49082,49085,49088,49091,49094,49097,49100,49103,49106,49109,49112,49115,49118,49121,49124,49127,49130,49133,49136,49139,49142,49148,49154,49160,49163,49166,49169,49172,49175,49178,49181,49184,49187,49190,49193,49196,49199,49202,49205,49208,49211,49214,49217,49220,49223,49226,49229,49232,49235,49238,49241,49244,49247,49250,49253,49256,49259,49262,49265,49268,49271,49274,49277,49280,49283,49286,49289,49292,49295,49298,49301,49304,49307,49310,49313,49316,49319,49322,49325,49328,49331,49334,49337,49340,49343,49346,49349,49352,49355,49358,49361,49364,49367,49370,49373,49376,49379,49382,49385,49388,49391,49394,49397,49400,49403,49406,49409,49412,49415,49418,49421,49424,49427,49430,49433,49436,49439,49442,49445,49448,49451,49454,49457,49460,49463,49466,49469,49472,49475,49478,49481,49484,49487,49490,49493,49496,49499,49502,49505,49508,49511,49514,49517,49520,49523,49526,49529,49532,49535,49538,49541,49544,49547,49550,49553,49556,49559,49562,49565,49568,49571,49574,49577,49580,49583,49586,49589,49592,49595,49598,49601,49604,49607,49610,49613,49616,49619,49622,49625,49628,49631,49634,49637,49643,49649,49658,49664,49670,49676,49682,49688,49694,49700,49706,49709,49712,49718,49730,49736,49742,49748,49751,49754,49757,49763,49772,49778,49781,49784,49787,49790,49796,49805,49811,49814,49817,49823,49829,49838,49844,49853,49859,49865,49871,49877,49889,49895,49901,49904,49907,49913,49919,49925,49931,49937,49943,49949,49955,49967,49973,49979,49985,49991,49997,50003,50009,50015,50021,50036,50042,50048,50054,50060,50066,50072,50078,50084,50090,50096,50102,50114,50123,50183,50243,50303,50363,50423,50483,50543,50603,50663,50708,50729,50789,50849]]},"geometry":{"type":"MultiLineString","coordinates":[[[51.54942,35.7341],[51.5532,35.73094],[51.55417,35.73092],[51.55407,35.73026],[51.55373,35.73024],[51.55373,35.73024],[51.55373,35.73024],[51.55373,35.73023],[51.55373,35.73023],[51.5537,35.73024],[51.55412,35.73061],[51.55459,35.7309],[51.55497,35.73111],[51.55536,35.73132],[51.55579,35.73157],[51.55624,35.73182],[51.5567,35.73208],[51.55718,35.73235],[51.55764,35.73261],[51.55811,35.73286],[51.55857,35.73313],[51.55904,35.7334],[51.5595,35.73368],[51.55999,35.73396],[51.56048,35.73424],[51.56097,35.73453],[51.56148,35.73483],[51.56192,35.73511],[51.56239,35.73537],[51.56286,35.73563],[51.56329,35.73589],[51.56375,35.73616],[51.56415,35.7364],[51.56455,35.73664],[51.56497,35.73691],[51.5654,35.73717],[51.56584,35.73743],[51.56627,35.73769],[51.56667,35.73795],[51.56708,35.7382],[51.56748,35.73848],[51.56798,35.73881],[51.56849,35.7391],[51.56901,35.73941],[51.56936,35.73963],[51.56973,35.73983],[51.57025,35.74013],[51.57077,35.74044],[51.57116,35.74066],[51.57153,35.74089],[51.5719,35.7411],[51.57229,35.7413],[51.57267,35.74152],[51.57296,35.74182],[51.57304,35.74222],[51.57282,35.74262],[51.57252,35.74297],[51.57222,35.74331],[51.57205,35.74368],[51.57206,35.7441],[51.57222,35.74454],[51.57244,35.74504],[51.57265,35.74551],[51.57295,35.74582],[51.57347,35.7457],[51.5739,35.74556],[51.57442,35.74539],[51.57495,35.74524],[51.57547,35.74509],[51.57595,35.74497],[51.57645,35.74497],[51.57653,35.74544],[51.57674,35.74593],[51.57691,35.74631],[51.57707,35.74671],[51.57713,35.74715],[51.57689,35.74759],[51.57659,35.74803],[51.57636,35.74847],[51.57632,35.74887],[51.57659,35.74929],[51.57702,35.74972],[51.5774,35.75008],[51.57787,35.75042],[51.57837,35.75078],[51.57887,35.75112],[51.57924,35.75147],[51.57906,35.75184],[51.57861,35.75209],[51.57814,35.75237],[51.5777,35.75268],[51.5774,35.75303],[51.57759,35.75344],[51.57794,35.75369],[51.57826,35.75403],[51.5784,35.75444],[51.5783,35.75487],[51.57793,35.75522],[51.57756,35.7556],[51.57729,35.75596],[51.57671,35.7561],[51.57625,35.75632],[51.57592,35.75684],[51.57553,35.75736],[51.5751,35.7579],[51.57453,35.75838],[51.5739,35.75885],[51.57357,35.7591],[51.57324,35.75936],[51.57286,35.75966],[51.57251,35.75992],[51.57215,35.7602],[51.57178,35.76049],[51.57139,35.76078],[51.571,35.76108],[51.57061,35.76138],[51.57023,35.76168],[51.56986,35.76197],[51.56949,35.76226],[51.56912,35.76254],[51.56874,35.76283],[51.56836,35.76312],[51.56798,35.76342],[51.5676,35.76368],[51.56721,35.76396],[51.56681,35.76422],[51.56641,35.76448],[51.566,35.76472],[51.56559,35.76497],[51.56519,35.76521],[51.56479,35.76545],[51.56438,35.76569],[51.56397,35.76593],[51.56356,35.76618],[51.56315,35.76645],[51.56273,35.76672],[51.56232,35.76701],[51.56193,35.76727],[51.56151,35.76755],[51.56111,35.76783],[51.56072,35.7681],[51.56034,35.76837],[51.55995,35.76861],[51.55953,35.76885],[51.55911,35.76908],[51.55867,35.76932],[51.55822,35.76954],[51.55776,35.76976],[51.5573,35.76996],[51.55678,35.77015],[51.55628,35.77033],[51.55579,35.77051],[51.55528,35.77069],[51.55477,35.77086],[51.55425,35.77105],[51.55374,35.77124],[51.55323,35.77142],[51.55271,35.7716],[51.5522,35.77179],[51.55168,35.77197],[51.55116,35.77214],[51.55065,35.77231],[51.55015,35.7725],[51.54965,35.77267],[51.54914,35.77285],[51.54865,35.77303],[51.54816,35.7732],[51.54764,35.77338],[51.54715,35.77356],[51.54665,35.77374],[51.54616,35.77391],[51.54568,35.77409],[51.54519,35.77426],[51.54471,35.77443],[51.54422,35.7746],[51.54371,35.77476],[51.5432,35.77494],[51.54268,35.77512],[51.54216,35.77529],[51.54163,35.77544],[51.54109,35.7756],[51.54055,35.77575],[51.54001,35.77589],[51.53946,35.77602],[51.53892,35.77614],[51.53838,35.77626],[51.53784,35.77637],[51.5373,35.77647],[51.53675,35.77657],[51.5362,35.77667],[51.53563,35.77676],[51.53504,35.77682],[51.53442,35.7769],[51.53379,35.77696],[51.53313,35.777],[51.53245,35.77704],[51.53178,35.77709],[51.53111,35.77713],[51.53044,35.77717],[51.52978,35.77721],[51.52913,35.77725],[51.52849,35.7773],[51.52788,35.77734],[51.52728,35.77738],[51.5267,35.77742],[51.52613,35.77745],[51.52554,35.77749],[51.52493,35.77752],[51.52426,35.77756],[51.52355,35.7776],[51.52284,35.77765],[51.52212,35.77773],[51.52142,35.77786],[51.52074,35.77805],[51.52011,35.77828],[51.51951,35.77857],[51.51896,35.77887],[51.51845,35.77919],[51.518,35.77951],[51.51756,35.77984],[51.51713,35.78017],[51.51669,35.7805],[51.51626,35.78082],[51.51584,35.78114],[51.51539,35.78146],[51.51494,35.78176],[51.51445,35.78204],[51.51395,35.7823],[51.51344,35.78253],[51.51289,35.78274],[51.51231,35.78292],[51.51172,35.78311],[51.51111,35.7833],[51.51049,35.78348],[51.50989,35.78367],[51.50928,35.78386],[51.50867,35.78403],[51.50807,35.78419],[51.50745,35.78436],[51.50684,35.78453],[51.50622,35.7847],[51.50562,35.78487],[51.50502,35.78503],[51.50444,35.78518],[51.50386,35.78535],[51.50328,35.78552],[51.5027,35.78569],[51.50212,35.78585],[51.50153,35.786],[51.50095,35.78615],[51.50035,35.78628],[51.49973,35.78635],[51.49912,35.78639],[51.49851,35.78637],[51.49791,35.7863],[51.4973,35.78624],[51.4967,35.78619],[51.49611,35.78611],[51.49552,35.78601],[51.49493,35.78591],[51.49433,35.78583],[51.49374,35.78576],[51.49315,35.78572],[51.49258,35.7857],[51.49204,35.78572],[51.49153,35.78578],[51.49073,35.78597],[51.48995,35.78624],[51.48954,35.78641],[51.48914,35.78659],[51.48872,35.78677],[51.48831,35.78695],[51.48788,35.78714],[51.48745,35.78732],[51.487,35.7875],[51.48655,35.78768],[51.48608,35.78789],[51.4856,35.78809],[51.48507,35.78832],[51.48459,35.78856],[51.48407,35.78878],[51.48354,35.789],[51.483,35.78923],[51.48246,35.78948],[51.48192,35.78973],[51.4814,35.78996],[51.48092,35.79015],[51.4803,35.79032],[51.47986,35.79043],[51.47941,35.79047],[51.4789,35.7905],[51.47824,35.79048],[51.4775,35.79042],[51.47672,35.79034],[51.47592,35.7903],[51.47506,35.79031],[51.4746,35.79034],[51.4739,35.79051],[51.47392,35.79103],[51.47416,35.79139],[51.47452,35.79176],[51.47501,35.79216],[51.47544,35.79257],[51.47579,35.79296],[51.47616,35.79328],[51.47648,35.79353],[51.47604,35.79335],[51.47566,35.79301],[51.47528,35.79261],[51.47477,35.79214],[51.4742,35.79163],[51.47395,35.79133],[51.47351,35.79074],[51.47315,35.79021],[51.47281,35.78997],[51.47229,35.79021],[51.47175,35.79],[51.47132,35.78962],[51.47098,35.78929],[51.47063,35.78897],[51.47028,35.78863],[51.46986,35.78822],[51.46949,35.78781],[51.46919,35.78746],[51.46879,35.78708],[51.46843,35.78668],[51.46815,35.78639],[51.46798,35.7863],[51.46798,35.78627],[51.46797,35.78627],[51.46798,35.78628],[51.46799,35.78628],[51.46799,35.78628],[51.46799,35.78628],[51.46799,35.78628],[51.468,35.78628],[51.46799,35.78628],[51.46799,35.78628],[51.46799,35.78627],[51.468,35.78627],[51.46796,35.78623],[51.46796,35.78622],[51.46793,35.78621],[51.46792,35.7862],[51.46793,35.7862],[51.46793,35.7862],[51.46793,35.7862],[51.46794,35.78621],[51.46819,35.78584],[51.46842,35.78552],[51.46866,35.78513],[51.46845,35.78472],[51.46817,35.78442],[51.46775,35.78406],[51.46731,35.78381],[51.467,35.78341],[51.46681,35.78295],[51.46666,35.78249],[51.46639,35.78204],[51.46597,35.78165],[51.46562,35.78137],[51.46524,35.78112],[51.46503,35.78103],[51.46503,35.78103],[51.46503,35.78102],[51.46454,35.78095],[51.4641,35.781],[51.46402,35.78118],[51.46403,35.78119],[51.46402,35.78119],[51.46402,35.78119],[51.46403,35.78119],[51.46401,35.78166],[51.46395,35.78209],[51.46393,35.78263],[51.46392,35.7831],[51.46412,35.78352],[51.46416,35.78359],[51.46417,35.78353],[51.46417,35.78354],[51.46417,35.78354],[51.46416,35.78354],[51.46416,35.78354],[51.46415,35.78358],[51.46443,35.78402],[51.46475,35.78446],[51.46499,35.7848],[51.46522,35.78514],[51.46547,35.78547],[51.46569,35.78581],[51.46592,35.78613],[51.46615,35.78646],[51.46651,35.78679],[51.46656,35.78716],[51.46641,35.78713],[51.46646,35.78715],[51.46646,35.78716],[51.46646,35.78716],[51.46646,35.78716],[51.46646,35.78715],[51.46646,35.78715],[51.46646,35.78715],[51.46646,35.78715],[51.46646,35.78716],[51.46646,35.78716],[51.46646,35.78716],[51.46646,35.78716],[51.46646,35.78716],[51.46646,35.78716],[51.4663,35.7875],[51.46656,35.78787],[51.46684,35.78821],[51.4673,35.78826],[51.46734,35.78838],[51.46733,35.78839],[51.46733,35.78839],[51.46733,35.78839],[51.46733,35.78839],[51.46733,35.78838],[51.46733,35.78838],[51.46733,35.78838],[51.46735,35.78838],[51.46737,35.78838],[51.46737,35.78839],[51.46763,35.78873],[51.46789,35.78917],[51.46813,35.78954],[51.46837,35.78992],[51.46832,35.79031],[51.46791,35.79001],[51.46765,35.78954],[51.46744,35.7892],[51.46719,35.78882],[51.46704,35.78832],[51.46648,35.78838],[51.46615,35.78864],[51.46582,35.78894],[51.46543,35.78925],[51.46539,35.78928],[51.4654,35.78929],[51.46508,35.78974],[51.46482,35.79004],[51.46457,35.79034],[51.46439,35.79069],[51.46415,35.79101],[51.46387,35.79134],[51.46366,35.79151],[51.46366,35.79151],[51.46366,35.79151],[51.46366,35.79151],[51.46322,35.79191],[51.46298,35.7922],[51.46298,35.79219],[51.46297,35.79219],[51.46295,35.7922],[51.46292,35.79221],[51.46292,35.79221],[51.46291,35.7922],[51.46291,35.79221],[51.4629,35.7922],[51.4629,35.7922],[51.46258,35.79192],[51.46224,35.79151],[51.46189,35.79109],[51.46151,35.79149],[51.46107,35.79129],[51.46052,35.79099],[51.4601,35.79079],[51.46018,35.79037],[51.46048,35.79008],[51.46087,35.78974],[51.46099,35.78927],[51.46079,35.78878],[51.46096,35.78882],[51.46095,35.78881],[51.46065,35.78846],[51.46041,35.78808],[51.46018,35.78772],[51.45999,35.78727],[51.45984,35.78679],[51.45971,35.78639],[51.45964,35.78587],[51.45967,35.78532],[51.45972,35.78473],[51.45977,35.78423],[51.45976,35.78387],[51.45978,35.78346],[51.45972,35.78384],[51.45979,35.78384],[51.45977,35.78378],[51.45975,35.78377],[51.45974,35.78378],[51.45974,35.78381],[51.45972,35.7839],[51.4597,35.78391],[51.45965,35.78413],[51.45959,35.78455],[51.45958,35.78496],[51.45952,35.78535],[51.45949,35.78573],[51.45913,35.78602],[51.45857,35.7863],[51.45809,35.78651],[51.45764,35.78668],[51.45705,35.78668],[51.45638,35.78693],[51.45582,35.78682],[51.45552,35.78645],[51.45524,35.78614],[51.45489,35.78589],[51.45457,35.78563],[51.45436,35.78517],[51.45421,35.7848],[51.45415,35.78479],[51.45412,35.78483],[51.45411,35.78476],[51.45411,35.78479],[51.45411,35.78466],[51.45417,35.78469],[51.45418,35.78469],[51.4541,35.78472],[51.45427,35.78453],[51.45428,35.7845],[51.45431,35.78438],[51.45431,35.78437],[51.45431,35.78437],[51.45414,35.78392],[51.4539,35.78358],[51.45369,35.7832],[51.45376,35.78283],[51.45373,35.78246],[51.45357,35.78211],[51.45364,35.78174],[51.45365,35.78138],[51.45369,35.78096],[51.4537,35.78054],[51.45369,35.78048],[51.45378,35.78041],[51.45391,35.78043],[51.4538,35.78041],[51.45379,35.78036],[51.45379,35.78042],[51.45361,35.78002],[51.45385,35.77962],[51.45387,35.77922],[51.45382,35.77884],[51.45418,35.77859],[51.45471,35.77848],[51.45533,35.77831],[51.45583,35.77822],[51.45629,35.77808],[51.45674,35.77797],[51.45718,35.77784],[51.4573,35.77746],[51.45731,35.77742],[51.45735,35.7774],[51.45723,35.77698],[51.45703,35.77659],[51.45673,35.77605],[51.45654,35.77562],[51.45634,35.77528],[51.45628,35.77491],[51.45625,35.77486],[51.45625,35.77483],[51.45625,35.77482],[51.45627,35.77481],[51.45628,35.77479],[51.45628,35.77478],[51.45628,35.77478],[51.45627,35.77479],[51.45626,35.77479],[51.45624,35.77479],[51.45623,35.77477],[51.45624,35.77477],[51.45627,35.77476],[51.45637,35.77477],[51.45616,35.77435],[51.45593,35.77391],[51.4557,35.77358],[51.45546,35.77306],[51.45526,35.77269],[51.45512,35.77235],[51.45493,35.77197],[51.45473,35.77158],[51.45457,35.77115],[51.45437,35.77079],[51.45419,35.77031],[51.45397,35.76981],[51.45381,35.76941],[51.45364,35.76905],[51.45338,35.76859],[51.45319,35.76818],[51.45296,35.76768],[51.45278,35.76727],[51.45259,35.76692],[51.4524,35.76648],[51.45218,35.76606],[51.452,35.76566],[51.45159,35.76543],[51.45134,35.76502],[51.45116,35.76466],[51.45093,35.76425],[51.45067,35.76378],[51.45047,35.76344],[51.45081,35.76314],[51.45101,35.76282],[51.45107,35.76257],[51.45107,35.76258],[51.45108,35.76261],[51.45108,35.76261],[51.45108,35.76261],[51.45108,35.7626],[51.45108,35.76259],[51.45108,35.76259],[51.45108,35.76258],[51.45108,35.76257],[51.45107,35.76251],[51.45116,35.76244],[51.45116,35.76238],[51.45113,35.76237],[51.45116,35.76246],[51.45109,35.76251],[51.45122,35.76237],[51.45099,35.76199],[51.45098,35.76159],[51.45092,35.76123],[51.45093,35.7608],[51.45092,35.76033],[51.45096,35.75995],[51.45085,35.75955],[51.45083,35.7591],[51.45083,35.75872],[51.45087,35.75835],[51.45099,35.75832],[51.45105,35.75832],[51.45059,35.75815],[51.45009,35.7582],[51.4496,35.75829],[51.44896,35.75841],[51.44849,35.75841],[51.44856,35.75877],[51.44864,35.75889],[51.44888,35.75933],[51.44911,35.75977],[51.44933,35.76012],[51.44956,35.76061],[51.44968,35.76101],[51.44979,35.76144],[51.44992,35.76186],[51.45003,35.7623],[51.45014,35.76267],[51.45023,35.76306],[51.45083,35.76317],[51.45094,35.76369],[51.45097,35.76411],[51.45118,35.76457],[51.45145,35.76507],[51.45167,35.76541],[51.45136,35.76573],[51.45081,35.76591],[51.45027,35.76619],[51.44985,35.76644],[51.44945,35.76666],[51.44909,35.76687],[51.44907,35.76694],[51.44906,35.76695],[51.44906,35.76695],[51.44903,35.76696],[51.44903,35.76696],[51.44845,35.76703],[51.4479,35.76723],[51.44759,35.76754],[51.44728,35.76789],[51.44725,35.76829],[51.44736,35.76864],[51.44736,35.76872],[51.44737,35.76872],[51.44738,35.76872],[51.44743,35.76869],[51.44742,35.76877],[51.4475,35.76875],[51.44748,35.76869],[51.44743,35.7688],[51.44759,35.76916],[51.44782,35.76949],[51.44815,35.76978],[51.44844,35.77018],[51.44861,35.77057],[51.44872,35.77097],[51.44872,35.77137],[51.4489,35.77177],[51.44907,35.77213],[51.44922,35.7726],[51.44944,35.77295],[51.44961,35.77331],[51.44973,35.77373],[51.44991,35.77412],[51.45003,35.77457],[51.45027,35.77504],[51.4505,35.77558],[51.45076,35.77607],[51.45098,35.77662],[51.45113,35.77706],[51.45133,35.7774],[51.45159,35.7777],[51.45214,35.7778],[51.45261,35.77789],[51.45304,35.77803],[51.45347,35.77816],[51.4539,35.77827],[51.45433,35.77853],[51.45481,35.77841],[51.45546,35.77813],[51.45603,35.77801],[51.45662,35.77786],[51.45721,35.77764],[51.45769,35.77748],[51.45831,35.77732],[51.45889,35.77715],[51.4593,35.77699],[51.45973,35.77717],[51.45962,35.77754],[51.45966,35.77802],[51.4599,35.7785],[51.45991,35.77891],[51.46001,35.77953],[51.46009,35.78001],[51.46053,35.78013],[51.46104,35.78026],[51.46149,35.78027],[51.46117,35.78038],[51.46122,35.78038],[51.46125,35.78039],[51.46128,35.78039],[51.46126,35.78039],[51.46126,35.7804],[51.4612,35.78046],[51.46063,35.78037],[51.46005,35.78021],[51.45937,35.78016],[51.45864,35.78014],[51.45808,35.78016],[51.45759,35.78014],[51.45699,35.78013],[51.45647,35.78006],[51.45594,35.78007],[51.45572,35.78011],[51.45572,35.78011],[51.45572,35.78011],[51.45573,35.78009],[51.45578,35.78005],[51.45584,35.78001],[51.45588,35.77997],[51.45587,35.77998],[51.45584,35.77999],[51.45553,35.78008],[51.45497,35.78021],[51.45449,35.78033],[51.45393,35.78043],[51.45342,35.78051],[51.45293,35.78047],[51.45247,35.78039],[51.45227,35.78032],[51.45227,35.78031],[51.45226,35.78031],[51.45226,35.78031],[51.45225,35.7803],[51.45225,35.7803],[51.45225,35.7803],[51.45224,35.7803],[51.4517,35.78018],[51.45121,35.78011],[51.45077,35.78005],[51.45024,35.77999],[51.44976,35.77997],[51.44946,35.78029],[51.4492,35.78082],[51.44906,35.78117],[51.44887,35.78157],[51.44871,35.78203],[51.44846,35.78243],[51.4482,35.78283],[51.44795,35.78325],[51.44765,35.78359],[51.44738,35.78394],[51.44714,35.78435],[51.44685,35.78478],[51.44655,35.78523],[51.44641,35.78573],[51.44622,35.78624],[51.44606,35.78674],[51.44574,35.7871],[51.44557,35.78755],[51.44539,35.78796],[51.44524,35.78831],[51.4451,35.78867],[51.445,35.78916],[51.445,35.78869],[51.44515,35.78805],[51.44537,35.78736],[51.4455,35.78698],[51.44563,35.7866],[51.44578,35.78623],[51.44595,35.78582],[51.44614,35.78538],[51.44636,35.785],[51.44656,35.78457],[51.44684,35.78422],[51.44712,35.7839],[51.44739,35.78358],[51.44765,35.78328],[51.44809,35.78271],[51.44844,35.78217],[51.44862,35.78178],[51.44882,35.7814],[51.44895,35.781],[51.44896,35.78101],[51.44896,35.78101],[51.44899,35.78095],[51.44916,35.78054],[51.44934,35.78016],[51.44885,35.77986],[51.44831,35.77978],[51.44829,35.77975],[51.44828,35.77972],[51.44826,35.77967],[51.44825,35.77962],[51.44825,35.77961],[51.44825,35.7796],[51.44822,35.7796],[51.44818,35.77959],[51.44816,35.7796],[51.44816,35.7796],[51.44817,35.7796],[51.44817,35.7796],[51.44817,35.77959],[51.44817,35.77959],[51.44817,35.77962],[51.44817,35.77964],[51.44769,35.77961],[51.44719,35.77952],[51.44656,35.7795],[51.44605,35.77947],[51.44546,35.77938],[51.44486,35.7792],[51.44454,35.77947],[51.44453,35.77986],[51.44454,35.78026],[51.44449,35.78077],[51.44448,35.78119],[51.44436,35.78156],[51.44428,35.78185],[51.44427,35.78184],[51.44426,35.78183],[51.44426,35.78183],[51.44405,35.78218],[51.44372,35.78238],[51.44329,35.78269],[51.44307,35.78301],[51.44294,35.78337],[51.44292,35.78385],[51.44293,35.78428],[51.44286,35.78469],[51.44276,35.78489],[51.44276,35.78489],[51.44276,35.7849],[51.44276,35.7849],[51.44276,35.7849],[51.44275,35.7849],[51.44263,35.78455],[51.44283,35.78411],[51.44286,35.78363],[51.44295,35.78321],[51.44332,35.78273],[51.44362,35.78246],[51.44394,35.78218],[51.4442,35.78183],[51.44431,35.78147],[51.4439,35.78123],[51.44323,35.78124],[51.44278,35.78112],[51.44224,35.78099],[51.44216,35.78098],[51.44218,35.78096],[51.44223,35.78089],[51.44222,35.78091],[51.44207,35.78113],[51.44177,35.78142],[51.44211,35.78111],[51.44237,35.78081],[51.44203,35.78105],[51.44215,35.78085],[51.44212,35.78093],[51.44181,35.78123],[51.44197,35.78103],[51.44163,35.78075],[51.4412,35.78056],[51.44071,35.78047],[51.44033,35.78016],[51.44018,35.78019],[51.44016,35.78016],[51.44016,35.78012],[51.44013,35.78013],[51.44001,35.7802],[51.43954,35.78014],[51.43921,35.78051],[51.43901,35.78091],[51.43883,35.78133],[51.43874,35.78169],[51.43851,35.78209],[51.43823,35.78249],[51.43777,35.7826],[51.43745,35.78302],[51.43731,35.78329],[51.43729,35.78329],[51.43725,35.78333],[51.43724,35.78333],[51.43718,35.78339],[51.43717,35.7834],[51.43704,35.7835],[51.43703,35.7835],[51.437,35.78356],[51.43704,35.78355],[51.43709,35.78339],[51.43715,35.78336],[51.43738,35.78304],[51.43764,35.78267],[51.43786,35.78234],[51.4381,35.78196],[51.43834,35.78148],[51.43851,35.78111],[51.43874,35.78068],[51.43895,35.78026],[51.43928,35.7799],[51.43964,35.77946],[51.43994,35.77905],[51.44035,35.77888],[51.44083,35.77909],[51.44127,35.77921],[51.44158,35.77892],[51.44176,35.77838],[51.44188,35.77777],[51.44187,35.77737],[51.44177,35.77733],[51.44163,35.77722],[51.44163,35.7772],[51.44167,35.77715],[51.44156,35.77711],[51.44168,35.7773],[51.44176,35.77709],[51.44179,35.77705],[51.44182,35.77686],[51.44181,35.77682],[51.44178,35.77683],[51.44184,35.77687],[51.44131,35.77657],[51.44076,35.7764],[51.4403,35.77634],[51.44028,35.77637],[51.44028,35.77638],[51.44028,35.77638],[51.44028,35.77638],[51.44028,35.77638],[51.44029,35.77638],[51.44029,35.77638],[51.43991,35.77638],[51.43943,35.77645],[51.43921,35.77638],[51.43873,35.77622],[51.4385,35.77619],[51.438,35.77598],[51.43777,35.77596],[51.43775,35.77592],[51.43718,35.77576],[51.43672,35.77567],[51.43651,35.77535],[51.43665,35.775],[51.43689,35.77464],[51.43711,35.77431],[51.43733,35.77393],[51.43757,35.77359],[51.43782,35.77326],[51.43809,35.77292],[51.43834,35.77258],[51.43862,35.77218],[51.43882,35.77182],[51.43908,35.77146],[51.43958,35.77158],[51.44004,35.77173],[51.44064,35.77189],[51.44111,35.772],[51.44155,35.77211],[51.44206,35.77222],[51.44254,35.77229],[51.443,35.77238],[51.44297,35.7724],[51.44297,35.7724],[51.44296,35.7724],[51.44296,35.77241],[51.44296,35.77241],[51.44296,35.77241],[51.44296,35.77242],[51.44296,35.77242],[51.44302,35.7728],[51.44289,35.77315],[51.44273,35.77356],[51.44256,35.77397],[51.44249,35.77436],[51.44304,35.77459],[51.44358,35.77475],[51.44408,35.77488],[51.44463,35.77504],[51.44508,35.77507],[51.44555,35.77505],[51.44601,35.77517],[51.44625,35.77527],[51.44625,35.77526],[51.44625,35.77526],[51.44625,35.77526],[51.44625,35.77526],[51.44625,35.77526],[51.44625,35.77526],[51.44625,35.77526],[51.44625,35.77526],[51.44626,35.77528],[51.44659,35.77526],[51.44712,35.77509],[51.44757,35.7749],[51.44768,35.77448],[51.44752,35.77414],[51.44734,35.77375],[51.44712,35.77327],[51.44693,35.77287],[51.44679,35.77248],[51.44656,35.77198],[51.44634,35.77149],[51.44627,35.77111],[51.44671,35.77087],[51.4471,35.77069],[51.44752,35.77053],[51.44802,35.77049],[51.44861,35.77032],[51.44918,35.77004],[51.44966,35.76995],[51.45011,35.76977],[51.45069,35.76966],[51.45108,35.76947],[51.45156,35.76927],[51.45206,35.76915],[51.45261,35.76902],[51.4532,35.76889],[51.45363,35.76872],[51.45406,35.76862],[51.45455,35.76851],[51.45503,35.76834],[51.45556,35.76813],[51.45606,35.76796],[51.45659,35.76783],[51.45716,35.76765],[51.4572,35.76725],[51.45693,35.76693],[51.45657,35.76658],[51.45628,35.76623],[51.45602,35.76588],[51.45579,35.76553],[51.4558,35.76554],[51.4558,35.76554],[51.4558,35.76554],[51.4558,35.76554],[51.4558,35.76554],[51.4558,35.76553],[51.4558,35.76553],[51.4558,35.76552],[51.45573,35.76517],[51.45563,35.76479],[51.4555,35.76434],[51.45541,35.76396],[51.45531,35.76361],[51.45518,35.76314],[51.45493,35.76256],[51.45472,35.76208],[51.45451,35.76172],[51.45449,35.76167],[51.45449,35.76167],[51.45449,35.76167],[51.45449,35.76167],[51.4545,35.76167],[51.4545,35.76167],[51.4545,35.76167],[51.4545,35.76167],[51.4545,35.76167],[51.45451,35.76167],[51.45451,35.76167],[51.45481,35.76202],[51.45493,35.76237],[51.45512,35.76279],[51.45523,35.76315],[51.45538,35.76357],[51.45548,35.76393],[51.4556,35.76447],[51.45574,35.76499],[51.45583,35.76538],[51.45596,35.76576],[51.4562,35.76612],[51.45649,35.76642],[51.45678,35.76682],[51.45718,35.76724],[51.45747,35.76757],[51.45778,35.76793],[51.45805,35.76824],[51.45834,35.76855],[51.45866,35.76892],[51.45902,35.76935],[51.45932,35.76973],[51.45965,35.77014],[51.45995,35.77048],[51.4603,35.77087],[51.46062,35.7712],[51.4608,35.77132],[51.46084,35.77135],[51.46084,35.77136],[51.46084,35.77131],[51.46087,35.77131],[51.46098,35.77141],[51.46098,35.77141],[51.46098,35.77141],[51.46122,35.77182],[51.46152,35.7722],[51.46185,35.77258],[51.46217,35.77294],[51.46259,35.77336],[51.4629,35.77378],[51.46326,35.7742],[51.46357,35.77458],[51.46384,35.7749],[51.46415,35.77524],[51.46454,35.77567],[51.46482,35.77597],[51.46516,35.77636],[51.46549,35.77672],[51.46574,35.77703],[51.46608,35.77741],[51.46635,35.77772],[51.46659,35.77804],[51.46686,35.77838],[51.46717,35.77871],[51.46748,35.77905],[51.46784,35.77947],[51.46788,35.77986],[51.46779,35.78023],[51.46779,35.78059],[51.46796,35.78104],[51.46818,35.78148],[51.46837,35.78191],[51.46858,35.78232],[51.46879,35.78277],[51.46905,35.78328],[51.46934,35.78387],[51.46962,35.78442],[51.4699,35.78497],[51.47019,35.78557],[51.47063,35.78612],[51.47135,35.78639],[51.47215,35.78657],[51.47258,35.78668],[51.47328,35.78701],[51.4738,35.78748],[51.47429,35.78796],[51.47475,35.78842],[51.47508,35.78877],[51.47534,35.78908],[51.47565,35.7894],[51.47598,35.78969],[51.47643,35.78992],[51.47688,35.79009],[51.47755,35.79021],[51.47825,35.79032],[51.47885,35.79041],[51.47935,35.79046],[51.48008,35.79034],[51.48076,35.7901],[51.48149,35.78978],[51.48226,35.78948],[51.48304,35.78913],[51.48344,35.78896],[51.48384,35.78879],[51.48425,35.78862],[51.48463,35.78843],[51.48506,35.78828],[51.48547,35.78808],[51.4859,35.78789],[51.48627,35.78767],[51.48671,35.78747],[51.48719,35.7873],[51.48765,35.78712],[51.48806,35.78692],[51.4885,35.78674],[51.48894,35.78655],[51.4894,35.78637],[51.48985,35.78619],[51.4903,35.78602],[51.49075,35.78587],[51.49119,35.78576],[51.49163,35.78567],[51.49244,35.78559],[51.49326,35.78557],[51.49416,35.78565],[51.49464,35.78572],[51.49513,35.78578],[51.49562,35.78585],[51.49612,35.78594],[51.49662,35.78602],[51.49711,35.78608],[51.49761,35.78612],[51.49807,35.78615],[51.49855,35.78619],[51.49902,35.78621],[51.49951,35.7862],[51.50001,35.78616],[51.5005,35.78609],[51.50099,35.78599],[51.50148,35.78586],[51.50197,35.78572],[51.50248,35.78558],[51.50297,35.78544],[51.50347,35.7853],[51.50397,35.78515],[51.50449,35.78501],[51.50499,35.78487],[51.50549,35.78473],[51.50602,35.78459],[51.50652,35.78445],[51.50703,35.78431],[51.50755,35.78417],[51.50805,35.78404],[51.50853,35.78389],[51.50902,35.78375],[51.5095,35.78361],[51.50998,35.78346],[51.51044,35.78332],[51.51091,35.78317],[51.51138,35.78303],[51.51186,35.78289],[51.51234,35.78274],[51.51282,35.78258],[51.5133,35.78241],[51.51377,35.7822],[51.51425,35.78197],[51.51471,35.78171],[51.51514,35.78142],[51.51555,35.78112],[51.51597,35.78083],[51.51637,35.78054],[51.51677,35.78023],[51.51718,35.77992],[51.51761,35.77961],[51.51803,35.77928],[51.51848,35.77897],[51.51895,35.77867],[51.51946,35.7784],[51.51997,35.77819],[51.52049,35.77802],[51.521,35.77786],[51.52152,35.77773],[51.52202,35.77763],[51.52254,35.77757],[51.52308,35.77752],[51.52363,35.77748],[51.52419,35.77744],[51.52474,35.77742],[51.52528,35.77738],[51.52584,35.77734],[51.5264,35.77731],[51.52695,35.77727],[51.5275,35.77725],[51.52809,35.77723],[51.52866,35.77718],[51.52921,35.77715],[51.52975,35.77711],[51.5303,35.77708],[51.53083,35.77704],[51.53139,35.777],[51.53195,35.77696],[51.53252,35.77691],[51.5331,35.77687],[51.53369,35.77683],[51.53427,35.77678],[51.53484,35.77672],[51.53541,35.77665],[51.53597,35.77657],[51.53652,35.77648],[51.53709,35.77638],[51.53766,35.77627],[51.53824,35.77616],[51.53881,35.77603],[51.53937,35.7759],[51.53993,35.77576],[51.54048,35.77562],[51.54102,35.77548],[51.54156,35.77532],[51.54209,35.77515],[51.54261,35.77498],[51.54315,35.7748],[51.5437,35.77462],[51.54424,35.77443],[51.54479,35.77423],[51.54534,35.77403],[51.54591,35.77384],[51.5465,35.77364],[51.54708,35.77343],[51.54768,35.77322],[51.54828,35.77301],[51.54887,35.7728],[51.54946,35.77259],[51.55004,35.77238],[51.55063,35.77217],[51.55123,35.77197],[51.55181,35.77176],[51.55239,35.77156],[51.55296,35.77137],[51.55351,35.77116],[51.55407,35.77096],[51.55463,35.77076],[51.55517,35.77057],[51.55571,35.77038],[51.55623,35.77019],[51.55674,35.77],[51.55725,35.76984],[51.55773,35.76965],[51.55821,35.7694],[51.55871,35.76913],[51.55921,35.76883],[51.55973,35.76852],[51.56028,35.7682],[51.56081,35.76784],[51.56134,35.76747],[51.56188,35.7671],[51.56242,35.76673],[51.56298,35.76635],[51.56356,35.76597],[51.56416,35.7656],[51.56478,35.76524],[51.5654,35.76489],[51.56601,35.76453],[51.56663,35.76416],[51.56723,35.76376],[51.5678,35.76335],[51.56836,35.76293],[51.56891,35.76249],[51.56947,35.76205],[51.57001,35.76162],[51.57056,35.76119],[51.5711,35.76077],[51.57164,35.76036],[51.57216,35.75995],[51.57269,35.75954],[51.57323,35.75914],[51.57374,35.75872],[51.57422,35.75828],[51.57467,35.75783],[51.57508,35.75736],[51.57544,35.75687],[51.57578,35.75638],[51.57605,35.75588],[51.57627,35.75544],[51.57641,35.75508],[51.57657,35.75442],[51.57675,35.75388],[51.57695,35.75353],[51.5773,35.75305],[51.57778,35.75262],[51.57833,35.75223],[51.57893,35.75187],[51.57919,35.75148],[51.57876,35.75111],[51.57813,35.75068],[51.57744,35.7502],[51.57711,35.74991],[51.57681,35.7496],[51.57645,35.7492],[51.57626,35.74864],[51.57654,35.74804],[51.57695,35.74742],[51.577,35.74672],[51.57684,35.74635],[51.57667,35.74598],[51.57652,35.74562],[51.57623,35.74515],[51.57579,35.7452],[51.5751,35.74539],[51.57468,35.74552],[51.57423,35.74565],[51.57377,35.74579],[51.57334,35.74591],[51.57279,35.74599],[51.57247,35.74559],[51.5722,35.74494],[51.57206,35.74458],[51.57193,35.74423],[51.57194,35.74353],[51.5722,35.74317],[51.57251,35.74283],[51.57278,35.74251],[51.57303,35.74216],[51.57284,35.74177],[51.57231,35.74143],[51.57171,35.74112],[51.57124,35.74088],[51.57063,35.74053],[51.56997,35.74015],[51.56925,35.73973],[51.56888,35.7395],[51.5685,35.73927],[51.56793,35.7389],[51.56742,35.73858],[51.56702,35.73833],[51.56655,35.73804],[51.56602,35.73771],[51.5654,35.73736],[51.56478,35.73696],[51.5642,35.73661],[51.56374,35.73637],[51.56327,35.73609],[51.56277,35.73578],[51.56223,35.73546],[51.56184,35.73523],[51.5614,35.73497],[51.56091,35.73468],[51.56036,35.73435],[51.55982,35.73401],[51.55946,35.73379],[51.55908,35.73356],[51.55869,35.73333],[51.55819,35.73306],[51.55763,35.73275],[51.55721,35.7325],[51.55684,35.73229],[51.55643,35.73208],[51.556,35.73185],[51.5556,35.73161],[51.55511,35.73134],[51.55458,35.73103],[51.55402,35.73071],[51.55364,35.73038],[51.55389,35.72999],[51.55413,35.72999],[51.55413,35.72999],[51.55413,35.72999],[51.55413,35.72999],[51.55413,35.72998],[51.55414,35.72998],[51.55414,35.72998],[51.55413,35.72998],[51.55424,35.7299],[51.55455,35.73018],[51.5542,35.72989],[51.55417,35.72989],[51.55419,35.72993]]]}},{"type":"Feature","properties":{"route":7,"color":"#4f46e5","times":[[29685,29692,29698,29707,29713,29719,29722,29728,29737,29746,29755,29764,29770,29782,29788,29797,29809,29821,29836,29845,29854,29860,29866,29926,29986,30046,30106,30166,30205,30214,30223,30229,30235,30241,30247,30253,30268,30292,30301,30307,30316,30322,30329,30335,30341,30347,30356,30362,30368,30389,30392,30398,30404,30428,30437,30443,30452,30458,30464,30473,30482,30491,30497,30509,30569,30629,30689,30749,30809,30869,30929,30959,31004,31013,31025,31046,31055,31064,31073,31080,31089,31107,31122,31140,31146,31152,31161,31179,31203,31227,31263,31299,31359,31371,31431,31482,31491,31494,31506,31515,31521,31530,31545,31969,32029,32065,32074,32086,32107,32167,32227,32245,32305,32365,32395,32437,32446,32455,32464,32473,32479,32500,32506,32521,32527,32542,32560,32572,32581,32596,32611,32626,32638,32653,32665,32707,32722,32782,32827,32887,32920,32938,32944,32950,32956,32962,32971,32980,33040,33101,33161,33221,33266,33278,33287,33296,33305,33314,33320,33326,33335,33350,33410,33470,33530,33590,33650,33710,33725,33734,33746,33764,33773,33782,33791,33797,33809,33824,33866,33926,33986,34001,34010,34022,34034,34055,34067,34082,34103,34115,34127,34133,34139,34154,34160,34169,34214,34220,34226,34235,34241,34253,34265,34271,34283,34292,34298,34307,34319,34331,34340,34352,34358,34364,34370,34379,34385,34391,34400,34436,34445,34451,34463,34469,34475,34481,34496,34505,34511,34517,34523,34532,34538,34544,34550,34556,34562,34571,34580,34586,34595,34601,34616,34625,34631,34640,34652,34661,34676,34694,34754,34814,34874,34925,34940,34952,34964,34973,34982,34991,35018,35033,35051,35060,35078,35081,35087,35090,35096,35102,35111,35117,35123,35126,35132,35138,35150,35159,35171,35183,35192,35201,35210,35219,35228,35237,35246,35255,35264,35270,35276,35282,35306,35366,35420,35435,35468,35476,35524,35572,35587,35605,35632,35635,35665,35674,35686,35707,35713,35719,35725,35731,35737,35743,35749,35755,35761,35767,35776,35791,35803,35812,35824,35878,35932,35992,36052,36112,36172,36232,36292,36352,36364,36459,36498,36510,36519,36528,36534,36540,36546,36606,36666,36726,36756,36765,36771,36780,36801,36813,36822,36828,36834,36843,36897,37061,37097,37118,37178,37187,37196,37203,37310,37343,37355,37361,37367,37373,37379,37391,37397,37403,37409,37415,37472,37580,37640,37700,37760,37820,37880,37940,38000,38060,38120,38180,38240,38300,38360,38420,38480,38540,38600,38660,38720,38780,38801,38834,38861,38885,38945,38957,38963,38969,38978,38990,38996,39005,39011,39017,39020,39032,39056,39098,39122,39149,39155,39161,39167,39176,39182,39219,39231,39267,39328,39394,39439,39499,39511,39520,39550,39571,39583,39628,39664,39673,39679,39685,39691,39703,39721,39730,39736,39742,39748,39772,39784,39793,39853,39913,39973,40033,40093,40153,40213,40273,40333,40393,40453,40513,40573,40609,40663,40672,40678,40684,40693,40699,40705,40711,40720,40741,40756,40765,40771,40786,40810,40816,40822,40828,40834,40843,40858,40867,40873,40882,40888,40953,40959,40965,40971,40977,40983,40992,40998,41004,41066,41128,41146,41152,41158,41164,41170,41176,41182,41188,41206,41215,41230,41239,41242,41248,41254,41260,41287,41314,41335,41344,41353,41374,41412,41472,41532,41589,41679,41739,41796,41820,41826,41829,41835,41841,41847,41871,41931,41964,42024,42039,42063,42123,42184,42238,42280,42313,42325,42331,42343,42349,42358,42364,42577,43108,43126,43150,43201,43207,43213,43222,43264,43291,43333,43351,43381,43390,43402,43429,43570,43630,43715,43721,43733,43745,43790,43823,43844,43904,43940,43967,44015,44030,44042,44171,44290,44326,44338,44371,44431,44493,44531,44558,44615,44621,44627,44636,44645,44657,44666,44672,44678,44690,44750,44810,44870,44906,44942,45002,45062,45122,45182,45242,45302,45347,45407,45467,45530,45539,45599,45608,45620,45632,45635,45638,45668,45728,45788,45842,45863,45866,45872,45878,45893,45899,45905,45914,45923,45932,45941,45947,46016,46022,46049,46067,46076,46085,46094,46100,46106,46112,46115,46118,46124,46136,46142,46148,46154,46175,46184,46193,46202,46214,46294,46327,46336,46345,46360,46384,46390,46393,46399,46408,46417,46468,46480,46542,46612,46634,46637,46697,46721,46733,46748,46757,46763,46772,46832,46892,46944,46962,46995,46998,47010,47031,47091,47115,47175,47210,47281,47341,47401,47461,47500,47539,47557,47566,47596,47626,47686,47728,47758,47797,47806,47815,47824,47836,47851,47860,47869,47875,47881,47887,47922,47966,48014,48074,48134,48164,48182,48224,48284,48344],[52268,52271,52274,52277,52283,52343,52358,52364,52370,52376,52382,52388,52394,52406,52412,52418,52424,52430,52436,52442,52460,52469,52478,52487,52499,52505,52511,52517,52523,52529,52535,52541,52550,52556,52562,52568,52574,52580,52607,52616,52622,52631,52643,52658,52712,52721,52727,52733,52739,52745,52751,52757,52766,52775,52784,52796,52811,52817,52823,52829,52832,52838,52844,52853,52859,52865,52871,52877,52883,52937,52958,52964,52970,52976,52982,53003,53015,53021,53027,53036,53045,53054,53060,53066,53075,53084,53090,53099,53108,53117,53123,53147,53153,53159,53171,53180,53186,53192,53198,53204,53210,53216,53222,53228,53234,53240,53246,53252,53297,53309,53315,53321,53327,53333,53342,53348,53354,53360,53366,53372,53378,53384,53390,53396,53408,53417,53423,53429,53435,53441,53447,53453,53462,53468,53474,53480,53486,53492,53498,53504,53510,53516,53522,53525,53528,53531,53534,53540,53546,53549,53552,53555,53558,53561,53564,53567,53570,53573,53576,53579,53582,53585,53588,53591,53594,53597,53600,53603,53606,53609,53612,53615,53618,53621,53624,53627,53630,53633,53636,53639,53642,53645,53648,53651,53654,53657,53660,53663,53666,53669,53672,53675,53678,53681,53684,53687,53690,53693,53696,53699,53702,53705,53708,53711,53714,53717,53720,53723,53726,53729,53732,53735,53738,53741,53744,53747,53750,53753,53759,53768,53774,53780,53783,53789,53801,53807,53810,53813,53816,53819,53825,53828,53831,53834,53837,53843,53849,53855,53861,53867,53873,53876,53879,53882,53885,53888,53891,53894,53897,53900,53903,53906,53909,53912,53915,53918,53921,53924,53927,53930,53933,53936,53939,53942,53945,53948,53951,53954,53957,53960,53963,53966,53969,53972,53978,53984,53990,54050,54110,54170,54176,54179,54182,54185,54191,54194,54200,54206,54266,54326,54368,54386,54395,54401,54407,54416,54428,54434,54440,54446,54452,54464,54473,54533,54593,54653,54668,54677,54686,54695]]},"geometry":{"type":"MultiLineString","coordinates":[[[51.3557,35.68139],[51.35609,35.6812],[51.35612,35.6816],[51.3565,35.68183],[51.35697,35.68164],[51.3575,35.68173],[51.35677,35.68222],[51.35654,35.68258],[51.35637,35.68294],[51.35652,35.68335],[51.3567,35.68378],[51.35687,35.68426],[51.35701,35.68463],[51.3572,35.68507],[51.35742,35.68539],[51.35737,35.68579],[51.35737,35.68623],[51.35753,35.6866],[51.35808,35.68677],[51.35866,35.68675],[51.35914,35.68676],[51.35961,35.68681],[51.36012,35.68688],[51.36033,35.68681],[51.36032,35.68673],[51.36028,35.68675],[51.36034,35.68658],[51.36033,35.68635],[51.36078,35.68622],[51.36136,35.6863],[51.362,35.68632],[51.36257,35.68632],[51.36327,35.68633],[51.36395,35.68637],[51.36458,35.68636],[51.36519,35.68652],[51.36568,35.68647],[51.36616,35.68651],[51.36687,35.6866],[51.36745,35.68662],[51.36799,35.68679],[51.36843,35.68707],[51.37038,35.68811],[51.36974,35.68906],[51.36954,35.6895],[51.36964,35.6899],[51.37011,35.69025],[51.37054,35.6904],[51.37096,35.69053],[51.37099,35.69003],[51.37114,35.68961],[51.37105,35.68915],[51.37105,35.68873],[51.37107,35.68836],[51.37108,35.68782],[51.37113,35.68735],[51.3712,35.68686],[51.37122,35.68638],[51.37128,35.68597],[51.37123,35.68545],[51.37132,35.68502],[51.37131,35.68444],[51.37135,35.68395],[51.37147,35.68359],[51.37151,35.68362],[51.37147,35.68364],[51.37128,35.68375],[51.37125,35.68386],[51.37103,35.68406],[51.37097,35.68406],[51.37104,35.68395],[51.37082,35.68428],[51.37089,35.68392],[51.37091,35.68353],[51.37104,35.68303],[51.37144,35.68279],[51.37193,35.68287],[51.37239,35.68292],[51.37288,35.68309],[51.37334,35.68303],[51.37243,35.68409],[51.37287,35.6842],[51.37331,35.68421],[51.37382,35.68424],[51.37431,35.68427],[51.37477,35.68427],[51.3753,35.68424],[51.37554,35.68341],[51.37562,35.68306],[51.3758,35.68339],[51.37615,35.68364],[51.3766,35.68348],[51.37688,35.68338],[51.37651,35.68364],[51.37642,35.68369],[51.3761,35.68396],[51.37584,35.68429],[51.37529,35.68437],[51.37491,35.68529],[51.37517,35.68499],[51.37541,35.68462],[51.37571,35.68423],[51.37607,35.68401],[51.3769,35.68223],[51.37711,35.68196],[51.3776,35.6821],[51.37801,35.68191],[51.37814,35.68149],[51.37869,35.68155],[51.379,35.68156],[51.3792,35.68124],[51.37951,35.68095],[51.37932,35.68126],[51.37916,35.68132],[51.37869,35.6814],[51.37823,35.68145],[51.37834,35.68108],[51.37839,35.68066],[51.37835,35.6802],[51.37836,35.67973],[51.37843,35.67926],[51.37807,35.67899],[51.37755,35.679],[51.37689,35.67911],[51.37637,35.67918],[51.3761,35.67885],[51.37603,35.67844],[51.37585,35.67801],[51.37582,35.67749],[51.37579,35.67708],[51.37644,35.67699],[51.37692,35.677],[51.3774,35.67708],[51.37784,35.67723],[51.37837,35.67726],[51.37878,35.67742],[51.37921,35.67735],[51.37935,35.6774],[51.37975,35.67718],[51.37969,35.67691],[51.37995,35.6772],[51.38022,35.67673],[51.38028,35.67626],[51.38035,35.67575],[51.38045,35.67513],[51.38066,35.67449],[51.38058,35.67412],[51.38014,35.67404],[51.38001,35.67377],[51.38001,35.67379],[51.37975,35.67377],[51.37989,35.67386],[51.37947,35.67374],[51.37885,35.67375],[51.37839,35.67382],[51.37779,35.67378],[51.37722,35.67381],[51.37669,35.67382],[51.37618,35.67384],[51.37564,35.67388],[51.37519,35.67394],[51.37475,35.67401],[51.3745,35.67415],[51.37459,35.67409],[51.37458,35.67411],[51.37454,35.67417],[51.37455,35.67413],[51.37458,35.67404],[51.37392,35.6741],[51.3735,35.67437],[51.37291,35.67449],[51.3727,35.67492],[51.37262,35.67536],[51.37265,35.67588],[51.3726,35.67629],[51.37259,35.67675],[51.37277,35.67715],[51.37325,35.67728],[51.37366,35.67744],[51.37409,35.67742],[51.37433,35.67755],[51.3748,35.67753],[51.37532,35.67743],[51.37578,35.67732],[51.37596,35.67696],[51.37652,35.67675],[51.37705,35.67672],[51.37747,35.67683],[51.37786,35.67704],[51.37838,35.67703],[51.37897,35.67699],[51.37943,35.67698],[51.37993,35.67696],[51.3803,35.67671],[51.38038,35.6763],[51.38043,35.67586],[51.38054,35.67549],[51.38091,35.67515],[51.38108,35.6747],[51.38124,35.67424],[51.38128,35.67384],[51.38077,35.67366],[51.38074,35.67322],[51.38066,35.67285],[51.3807,35.67246],[51.38075,35.67208],[51.38082,35.67171],[51.38076,35.67125],[51.38072,35.67087],[51.38041,35.67061],[51.37997,35.67039],[51.37961,35.67018],[51.37916,35.66999],[51.37854,35.66971],[51.378,35.66948],[51.37759,35.6693],[51.37709,35.66906],[51.3765,35.66882],[51.37598,35.66864],[51.37544,35.66847],[51.37483,35.66835],[51.37437,35.66829],[51.37412,35.66878],[51.37403,35.66928],[51.37397,35.66978],[51.37389,35.6702],[51.37343,35.67038],[51.37285,35.67031],[51.37228,35.67016],[51.37169,35.66994],[51.37127,35.66983],[51.37081,35.6699],[51.37033,35.6701],[51.36975,35.67041],[51.3693,35.67093],[51.36888,35.67144],[51.36867,35.67177],[51.36837,35.67204],[51.36792,35.67248],[51.36759,35.67292],[51.36731,35.67329],[51.36707,35.67364],[51.36752,35.67393],[51.36806,35.674],[51.36854,35.6741],[51.36906,35.67414],[51.36964,35.67421],[51.37015,35.67419],[51.37071,35.67423],[51.37117,35.67422],[51.37142,35.67423],[51.37167,35.67434],[51.37174,35.67429],[51.37224,35.67447],[51.37259,35.67472],[51.3726,35.67515],[51.37262,35.67561],[51.37265,35.67601],[51.37261,35.67643],[51.37258,35.67686],[51.37288,35.67715],[51.37337,35.6771],[51.37381,35.67732],[51.37393,35.67767],[51.37421,35.67812],[51.37428,35.67854],[51.3743,35.67919],[51.37431,35.67961],[51.37428,35.68041],[51.37425,35.68092],[51.37412,35.68135],[51.37407,35.68196],[51.37398,35.68255],[51.37396,35.68292],[51.3739,35.68359],[51.37386,35.68404],[51.37384,35.68442],[51.37374,35.68492],[51.3737,35.68531],[51.37361,35.68572],[51.37357,35.68624],[51.37358,35.68665],[51.37401,35.68678],[51.37449,35.68682],[51.37494,35.68689],[51.37536,35.6871],[51.37581,35.68728],[51.37618,35.6875],[51.37676,35.68759],[51.37731,35.68763],[51.37779,35.68767],[51.37823,35.68783],[51.37761,35.68798],[51.3775,35.68778],[51.37771,35.68813],[51.37787,35.68854],[51.37763,35.68815],[51.37731,35.68872],[51.37764,35.68896],[51.37767,35.68935],[51.37759,35.68978],[51.37765,35.69015],[51.37768,35.68967],[51.3776,35.68931],[51.37749,35.68876],[51.37716,35.68847],[51.37682,35.68819],[51.3765,35.68846],[51.37648,35.68897],[51.37643,35.68951],[51.37637,35.69006],[51.3763,35.69053],[51.3763,35.69091],[51.3762,35.6913],[51.37619,35.69172],[51.37617,35.69224],[51.37608,35.69272],[51.37601,35.69316],[51.37595,35.69358],[51.37571,35.69393],[51.37519,35.69384],[51.37457,35.69376],[51.37409,35.6937],[51.37369,35.69386],[51.37334,35.69365],[51.37349,35.69374],[51.3734,35.69375],[51.37344,35.69384],[51.37335,35.69368],[51.3733,35.69367],[51.37346,35.69384],[51.37319,35.69348],[51.37286,35.69314],[51.37352,35.69376],[51.37314,35.69356],[51.37269,35.69363],[51.37203,35.69353],[51.37157,35.69343],[51.37093,35.69327],[51.3702,35.69331],[51.36974,35.69334],[51.36964,35.69328],[51.36968,35.6932],[51.36952,35.69333],[51.36899,35.69326],[51.36827,35.69315],[51.36774,35.69305],[51.36731,35.69293],[51.36684,35.69296],[51.36643,35.69318],[51.3663,35.69367],[51.36632,35.69408],[51.36638,35.6945],[51.36647,35.69494],[51.36659,35.69528],[51.36663,35.69527],[51.3665,35.69564],[51.36665,35.69528],[51.3663,35.69554],[51.36633,35.69591],[51.36631,35.69631],[51.36641,35.69677],[51.36694,35.69698],[51.36641,35.69707],[51.36574,35.69709],[51.36516,35.6971],[51.36468,35.69717],[51.36399,35.69713],[51.3634,35.69714],[51.36321,35.69666],[51.36329,35.69617],[51.36332,35.6956],[51.36339,35.69515],[51.36348,35.69477],[51.36349,35.69514],[51.36354,35.69527],[51.36355,35.69525],[51.36358,35.69514],[51.36353,35.6951],[51.36328,35.69527],[51.36351,35.69512],[51.36366,35.69519],[51.36362,35.6949],[51.36349,35.69512],[51.36356,35.69512],[51.36363,35.6952],[51.36353,35.69515],[51.36355,35.69533],[51.36354,35.69507],[51.3635,35.69523],[51.36349,35.69526],[51.3635,35.69531],[51.36351,35.69525],[51.36347,35.69524],[51.36346,35.69524],[51.36368,35.69501],[51.36415,35.695],[51.36463,35.6951],[51.36508,35.69504],[51.36553,35.6951],[51.36591,35.69523],[51.36656,35.69519],[51.36708,35.69518],[51.36772,35.69515],[51.3682,35.6953],[51.36864,35.69523],[51.36917,35.6952],[51.36962,35.69505],[51.37008,35.69494],[51.37083,35.69502],[51.37139,35.69527],[51.37165,35.69557],[51.37192,35.69588],[51.37199,35.69625],[51.37206,35.69668],[51.37267,35.69669],[51.37316,35.69644],[51.37363,35.69619],[51.37398,35.69597],[51.37442,35.69569],[51.37506,35.69548],[51.37547,35.6953],[51.37648,35.69529],[51.3769,35.69546],[51.37691,35.69548],[51.37673,35.69541],[51.37684,35.69505],[51.37694,35.69503],[51.3775,35.69484],[51.37797,35.6947],[51.37819,35.69425],[51.3777,35.6942],[51.37729,35.69406],[51.3769,35.6938],[51.37646,35.69385],[51.3763,35.69433],[51.37617,35.69469],[51.37601,35.69509],[51.3755,35.69517],[51.3754,35.69566],[51.3755,35.69605],[51.37614,35.69615],[51.37687,35.69629],[51.37759,35.69643],[51.37799,35.69659],[51.37827,35.6969],[51.37833,35.69736],[51.3783,35.6978],[51.37814,35.69797],[51.37808,35.69805],[51.37803,35.69796],[51.3782,35.69802],[51.37805,35.69809],[51.37806,35.69793],[51.3781,35.69782],[51.37809,35.6978],[51.37811,35.69784],[51.37815,35.69782],[51.37808,35.69785],[51.37817,35.69793],[51.37819,35.69756],[51.37786,35.69781],[51.37741,35.69767],[51.37683,35.69766],[51.37627,35.69765],[51.37571,35.6977],[51.37516,35.69769],[51.37461,35.69768],[51.374,35.69766],[51.37355,35.69764],[51.37287,35.69751],[51.37282,35.69711],[51.37331,35.69704],[51.37396,35.69681],[51.37446,35.69659],[51.37497,35.69657],[51.37548,35.69648],[51.37599,35.69637],[51.37674,35.69644],[51.37754,35.69658],[51.3781,35.6966],[51.37845,35.69636],[51.37897,35.69644],[51.37941,35.69674],[51.37988,35.69685],[51.38046,35.69667],[51.38072,35.69628],[51.387,35.6965],[51.38765,35.69639],[51.38824,35.69634],[51.38875,35.69647],[51.38936,35.69643],[51.38982,35.69626],[51.39034,35.69612],[51.39115,35.69606],[51.39164,35.69624],[51.39168,35.69593],[51.39481,35.69571],[51.39532,35.69595],[51.39587,35.6961],[51.3966,35.6961],[51.39728,35.69613],[51.3979,35.69601],[51.39853,35.6961],[51.39915,35.69594],[51.39954,35.69571],[51.39961,35.69519],[51.39964,35.69472],[51.40003,35.69455],[51.40042,35.69407],[51.40049,35.69355],[51.4008,35.69302],[51.40132,35.69367],[51.40155,35.69398],[51.40177,35.69363],[51.40175,35.69321],[51.40222,35.69297],[51.40255,35.69251],[51.40294,35.69233],[51.40332,35.69202],[51.40486,35.69295],[51.40507,35.69311],[51.40528,35.69323],[51.40546,35.69283],[51.40577,35.6931],[51.40608,35.6932],[51.40654,35.69329],[51.40705,35.69328],[51.40755,35.69272],[51.40776,35.69238],[51.40798,35.69178],[51.40801,35.69121],[51.40837,35.69265],[51.40848,35.693],[51.40859,35.69324],[51.40894,35.69295],[51.40901,35.69301],[51.4089,35.6934],[51.40844,35.6933],[51.40853,35.69326],[51.40839,35.69329],[51.40883,35.69323],[51.40898,35.69288],[51.40886,35.69251],[51.40885,35.69201],[51.40872,35.69166],[51.4086,35.69121],[51.40846,35.69073],[51.40843,35.69033],[51.40851,35.68993],[51.40865,35.69037],[51.40853,35.68996],[51.4081,35.69012],[51.40766,35.69018],[51.40717,35.69014],[51.40669,35.69024],[51.40618,35.69038],[51.40574,35.69047],[51.40587,35.69007],[51.40581,35.6897],[51.40598,35.68923],[51.40637,35.68903],[51.40581,35.68915],[51.40535,35.68919],[51.40577,35.68933],[51.40571,35.68972],[51.40578,35.68953],[51.40588,35.68946],[51.40637,35.68875],[51.40662,35.68836],[51.40635,35.68866],[51.40593,35.68906],[51.40578,35.68949],[51.40602,35.68915],[51.40572,35.68946],[51.40592,35.68922],[51.40588,35.68963],[51.40589,35.68999],[51.40598,35.69035],[51.40615,35.69075],[51.40629,35.69115],[51.40616,35.69191],[51.40626,35.69173],[51.40659,35.69206],[51.40678,35.69246],[51.40646,35.69273],[51.40635,35.69275],[51.40639,35.69295],[51.40639,35.69256],[51.40644,35.693],[51.40668,35.69342],[51.40661,35.6939],[51.40656,35.69428],[51.40652,35.69474],[51.40657,35.69513],[51.40665,35.69554],[51.40671,35.69601],[51.40676,35.69658],[51.40682,35.69698],[51.40684,35.69735],[51.40691,35.69721],[51.40668,35.69718],[51.40704,35.69729],[51.40719,35.69765],[51.40719,35.69803],[51.40727,35.69811],[51.4073,35.6981],[51.40714,35.69815],[51.40712,35.69817],[51.40714,35.69819],[51.40718,35.69818],[51.40729,35.69859],[51.40716,35.69889],[51.40729,35.69877],[51.40438,35.70169],[51.40714,35.69893],[51.40737,35.69901],[51.40786,35.69892],[51.4084,35.6989],[51.40892,35.69873],[51.40941,35.69968],[51.40969,35.69999],[51.41012,35.69984],[51.41004,35.69997],[51.41011,35.70002],[51.41018,35.69966],[51.41022,35.69911],[51.41021,35.6987],[51.41013,35.69818],[51.40999,35.6977],[51.40964,35.69738],[51.40905,35.69729],[51.40825,35.69723],[51.40777,35.69717],[51.40719,35.69705],[51.40675,35.697],[51.40612,35.69701],[51.40563,35.69704],[51.40492,35.69718],[51.40434,35.69707],[51.40405,35.69679],[51.40359,35.69705],[51.40326,35.69737],[51.40271,35.69761],[51.4022,35.69767],[51.40165,35.69759],[51.40119,35.69768],[51.40089,35.69798],[51.40074,35.69833],[51.40052,35.69867],[51.40024,35.69896],[51.39981,35.69886],[51.39934,35.69888],[51.3986,35.69829],[51.398,35.6979],[51.39768,35.69817],[51.39788,35.69866],[51.39799,35.69907],[51.398,35.69943],[51.39808,35.69979],[51.39851,35.70019],[51.39894,35.70004],[51.3995,35.70002],[51.40003,35.69999],[51.40045,35.69977],[51.39995,35.69955],[51.3995,35.69941],[51.39875,35.69924],[51.39816,35.69921],[51.39759,35.69921],[51.39697,35.69914],[51.39666,35.69945],[51.39632,35.69921],[51.39605,35.69934],[51.39019,35.70161],[51.39636,35.70046],[51.39592,35.69984],[51.39586,35.69954],[51.39539,35.69967],[51.39485,35.69959],[51.39447,35.69937],[51.39393,35.69938],[51.39339,35.69942],[51.39293,35.69933],[51.39296,35.69936],[51.39275,35.69938],[51.39071,35.70037],[51.39116,35.70021],[51.3911,35.69984],[51.39182,35.7],[51.39224,35.69978],[51.39252,35.69944],[51.39233,35.6998],[51.39272,35.69998],[51.39281,35.70027],[51.39225,35.70042],[51.39283,35.70126],[51.39291,35.70121],[51.39271,35.70111],[51.39294,35.70117],[51.39317,35.70148],[51.39362,35.70153],[51.39397,35.70128],[51.39417,35.70093],[51.39438,35.70058],[51.39442,35.70021],[51.39476,35.70014],[51.39524,35.7002],[51.39476,35.7003],[51.39454,35.69996],[51.39456,35.69949],[51.39434,35.69906],[51.39437,35.69857],[51.39457,35.69821],[51.39469,35.69768],[51.39478,35.69726],[51.39486,35.69671],[51.39496,35.69631],[51.39502,35.69593],[51.39502,35.69547],[51.39495,35.69463],[51.39543,35.69468],[51.39537,35.69427],[51.39549,35.69408],[51.39546,35.69383],[51.39549,35.69345],[51.39558,35.69308],[51.39596,35.69287],[51.39614,35.693],[51.39611,35.69302]],[[51.42527,35.69462],[51.42455,35.69544],[51.42493,35.69516],[51.42532,35.69492],[51.4259,35.69463],[51.42589,35.6946],[51.42652,35.6944],[51.42706,35.6942],[51.42777,35.69389],[51.42839,35.69363],[51.42907,35.69335],[51.42986,35.69303],[51.43039,35.69278],[51.43091,35.69254],[51.43142,35.69242],[51.43188,35.69223],[51.43237,35.69196],[51.43304,35.69177],[51.43367,35.69159],[51.43412,35.69147],[51.43431,35.69111],[51.43429,35.69065],[51.43416,35.69007],[51.43402,35.68961],[51.43436,35.68933],[51.43505,35.68934],[51.43579,35.68936],[51.43653,35.68936],[51.43718,35.68936],[51.43753,35.68968],[51.43762,35.69017],[51.43778,35.69072],[51.43801,35.69123],[51.43827,35.69178],[51.43851,35.69236],[51.4387,35.69274],[51.43891,35.69323],[51.4392,35.69359],[51.43967,35.69359],[51.44022,35.69347],[51.44065,35.6934],[51.44127,35.6933],[51.44184,35.69324],[51.44232,35.69313],[51.44282,35.69315],[51.4435,35.69307],[51.4441,35.69299],[51.44475,35.69287],[51.44535,35.69261],[51.44569,35.69232],[51.44603,35.69199],[51.44643,35.69162],[51.44684,35.69125],[51.44724,35.69105],[51.44776,35.69094],[51.4483,35.69095],[51.44877,35.69103],[51.44933,35.69107],[51.4501,35.69107],[51.45097,35.69108],[51.45142,35.6911],[51.45208,35.69111],[51.45263,35.69113],[51.45318,35.69121],[51.45379,35.69128],[51.45461,35.69134],[51.4554,35.69139],[51.45629,35.69143],[51.45705,35.69145],[51.45748,35.69158],[51.4581,35.69158],[51.45859,35.69159],[51.45903,35.69156],[51.45952,35.69158],[51.46001,35.6916],[51.46057,35.69165],[51.46112,35.69162],[51.46166,35.69166],[51.46211,35.69167],[51.46274,35.69168],[51.46335,35.69178],[51.46388,35.69189],[51.46445,35.69192],[51.46493,35.69192],[51.4654,35.69197],[51.46602,35.69195],[51.46656,35.692],[51.46707,35.69198],[51.46751,35.69206],[51.46803,35.6921],[51.4685,35.69208],[51.46909,35.69219],[51.46965,35.69228],[51.47025,35.69229],[51.4708,35.69222],[51.47131,35.69224],[51.47177,35.69225],[51.47232,35.69226],[51.47296,35.69237],[51.47358,35.69237],[51.47421,35.69241],[51.4747,35.69241],[51.47529,35.69243],[51.47598,35.69251],[51.47656,35.69257],[51.4772,35.6926],[51.47795,35.69266],[51.47864,35.69275],[51.47903,35.6925],[51.47967,35.69243],[51.4803,35.69242],[51.48092,35.69254],[51.48165,35.69266],[51.48234,35.69271],[51.48289,35.69278],[51.48342,35.69291],[51.48417,35.69294],[51.48494,35.69296],[51.48543,35.69301],[51.48603,35.69318],[51.48663,35.69311],[51.48713,35.69306],[51.48758,35.693],[51.48817,35.69299],[51.48866,35.6929],[51.4893,35.69281],[51.48976,35.6928],[51.49023,35.69278],[51.4908,35.69278],[51.49141,35.69282],[51.49192,35.69288],[51.49249,35.69293],[51.49296,35.6928],[51.49324,35.69246],[51.49353,35.69207],[51.49406,35.69186],[51.49462,35.69208],[51.49483,35.69271],[51.49513,35.69333],[51.49547,35.69383],[51.4959,35.69434],[51.49635,35.69484],[51.49683,35.6954],[51.4971,35.6957],[51.49738,35.696],[51.49766,35.69631],[51.49795,35.6966],[51.49851,35.69712],[51.4989,35.69775],[51.49911,35.69808],[51.49934,35.6984],[51.49961,35.69873],[51.49989,35.69906],[51.50016,35.69943],[51.50039,35.6998],[51.50057,35.70021],[51.50072,35.70063],[51.5009,35.70105],[51.50105,35.70148],[51.50117,35.70192],[51.50131,35.70236],[51.50145,35.70277],[51.50158,35.70323],[51.50174,35.70368],[51.50191,35.70414],[51.50209,35.70461],[51.50228,35.70506],[51.50245,35.70549],[51.50264,35.7059],[51.50282,35.70633],[51.503,35.70677],[51.50317,35.70719],[51.50337,35.70759],[51.50356,35.70802],[51.50375,35.70846],[51.50394,35.70888],[51.50412,35.70932],[51.50432,35.70976],[51.50451,35.71019],[51.50472,35.71062],[51.50495,35.71105],[51.50519,35.71146],[51.50547,35.71186],[51.50576,35.71225],[51.50606,35.71262],[51.50637,35.71299],[51.50668,35.71337],[51.507,35.71376],[51.50733,35.71415],[51.50766,35.71455],[51.508,35.71495],[51.50835,35.71535],[51.50873,35.71575],[51.50911,35.71616],[51.50949,35.71657],[51.50989,35.71697],[51.51029,35.71737],[51.51071,35.71776],[51.51113,35.71815],[51.51154,35.71855],[51.51196,35.71894],[51.51238,35.71934],[51.5128,35.71972],[51.51321,35.72005],[51.51365,35.72036],[51.51414,35.72066],[51.51463,35.72093],[51.51516,35.72118],[51.51569,35.72138],[51.5162,35.72151],[51.51675,35.72165],[51.5173,35.72177],[51.51787,35.72183],[51.51842,35.72186],[51.51897,35.72188],[51.51954,35.7219],[51.52011,35.72192],[51.52063,35.72194],[51.52135,35.72193],[51.5211,35.72163],[51.52054,35.72154],[51.51971,35.72152],[51.51926,35.72156],[51.51851,35.72162],[51.51893,35.72148],[51.51968,35.72147],[51.52014,35.72144],[51.52062,35.72145],[51.5211,35.72146],[51.52158,35.72147],[51.52243,35.72169],[51.52282,35.72196],[51.52312,35.72228],[51.52335,35.72264],[51.52357,35.72297],[51.52391,35.7235],[51.52437,35.72382],[51.52501,35.72392],[51.52579,35.72402],[51.52648,35.72409],[51.52727,35.72412],[51.52772,35.72414],[51.52817,35.72415],[51.52864,35.72416],[51.52912,35.72421],[51.52963,35.72426],[51.5302,35.72431],[51.53073,35.72435],[51.53128,35.72438],[51.53186,35.72441],[51.53239,35.72448],[51.53297,35.72448],[51.53355,35.72451],[51.53409,35.72454],[51.53467,35.72455],[51.53523,35.72457],[51.5358,35.72459],[51.53637,35.7246],[51.53696,35.72463],[51.53754,35.72469],[51.53812,35.72473],[51.53869,35.72476],[51.53927,35.72478],[51.53982,35.72482],[51.54035,35.72486],[51.54085,35.72491],[51.54135,35.72499],[51.54185,35.72501],[51.54237,35.72502],[51.54291,35.72505],[51.54348,35.72507],[51.54401,35.72512],[51.54456,35.72515],[51.54508,35.72518],[51.54585,35.72518],[51.54656,35.72523],[51.54723,35.72524],[51.54718,35.72533],[51.54699,35.72531],[51.54756,35.72541],[51.54838,35.72547],[51.54883,35.72552],[51.54927,35.72555],[51.54971,35.72559],[51.55058,35.72566],[51.55103,35.7257],[51.55183,35.72575],[51.55233,35.72574],[51.55253,35.7257],[51.55253,35.72562],[51.55311,35.72561],[51.55331,35.72594],[51.55258,35.72598],[51.55196,35.72591],[51.55143,35.72591],[51.551,35.72606],[51.55125,35.72657],[51.55156,35.72699],[51.55195,35.72737],[51.55226,35.72771],[51.55269,35.72801],[51.55318,35.72807],[51.55363,35.72829],[51.55377,35.72836],[51.55396,35.72837],[51.55394,35.72834],[51.55431,35.72866],[51.5547,35.72887],[51.55445,35.72917],[51.55417,35.72948]]]}},{"type":"Feature","properties":{"route":8,"color":"#65a30d","times":[[26174,26183,26192,26198,26210,26225,26231,26237,26243,26255,26282,26294,26303,26312,26339,26348,26357,26363,26384,26393,26405,26417,26423,26429,26435,26447,26453,26459,26465,26471,26477,26483,26492,26498,26504,26510,26516,26522,26528,26534,26540,26546,26555,26561,26564,26570,26576,26636,26696,26756,26816,26876,26936,26996,27056,27116,27176,27218,27224,27230,27236,27242,27248,27254,27260,27266,27272,27278,27284,27290,27296,27302,27308,27314,27323,27383,27443,27503,27512,27518,27524,27530,27539,27545,27551,27560,27569,27575,27581,27587,27596,27602,27608,27614,27617,27620,27623,27626,27629,27632,27635,27638,27641,27644,27647,27650,27653,27656,27659,27662,27665,27668,27671,27674,27677,27680,27683,27686,27689,27692,27695,27698,27701,27704,27707,27710,27713,27716,27719,27722,27725,27728,27731,27734,27737,27740,27743,27746,27749,27752,27755,27758,27761,27764,27767,27770,27773,27776,27779,27782,27785,27788,27791,27794,27797,27800,27803,27806,27809,27812,27815,27818,27824,27833,27839,27845,27848,27851,27854,27857,27860,27863,27869,27878,27884,27890,27893,27896,27899,27902,27905,27908,27911,27914,27917,27920,27923,27926,27929,27932,27935,27938,27941,27947,27953,27959,27965,27971,27977,27983,27989,27992,27995,27998,28004,28010,28016,28022,28028,28034,28040,28046,28052,28058,28070,28076,28082,28088,28091,28094,28097,28100,28103,28106,28112,28133,28139,28142,28145,28148,28151,28154,28157,28160,28163,28166,28172,28178,28181,28184,28187,28190,28193,28196,28199,28202,28205,28208,28211,28214,28217,28220,28223,28226,28229,28232,28235,28238,28241,28244,28247,28250,28253,28256,28259,28262,28265,28268,28271,28274,28277,28280,28283,28286,28289,28292,28298,28304,28310,28313,28316,28322,28331,28340,28346,28352,28358,28391,28400,28406,28412,28418,28424,28430,28436,28445,28454,28463,28469,28475,28481,28487,28493,28499,28505,28514,28529,28544,28553,28562,28568,28574,28580,28586,28592,28598,28604,28610,28616,28622,28628,28637,28643,28649,28655,28661,28667,28673,28679,28685,28694,28703,28715,28721,28727,28736,28745,28751,28757,28763,28769,28775,28781,28787,28793,28799,28805,28811,28817,28823,28829,28835,28841,28850,28910,28970,29030,29072,29078,29087,29096,29102,29108,29114,29120,29126,29186,29246,29270,29279,29288,29297,29303,29312,29372,29432,29492,29531,29549,29558,29564,29570,29576,29582,29585,29591,29597,29603,29609,29615,29645,29654,29675,29687,29747,29807,29867,29927,29987,30047,30056,30062,30068,30074,30080,30086,30101,30107,30116,30176,30236,30290,30296,30305,30323,30383,30443,30503,30563,30623,30668,30677,30683,30689,30695,30707,30728,30740,30749,30758,30770,30779,30785,30791,30800,30809,30818,30827,30887,30947,31007,31067,31088,31094,31106,31115,31124,31130,31136,31145,31157,31166,31175,31181,31187,31247,31307,31367,31427,31442,31460,31475,31481,31490,31502,31517,31541,31565,31583,31595,31622,31682,31742,31802,31862,31922,31982,32042,32102,32162,32222,32246,32264,32276,32285,32309,32318,32336,32351,32366,32384,32399,32411,32423,32432,32444,32471,32531,32552,32573,32633,32693,32753,32813,32873,32924,32942,32957,32975,32999,33020,33044,33062,33089,33104,33119,33128,33140,33149,33158,33185,33197,33209,33221,33233,33239,33260,33320,33380,33410,33470,33524,33584,33644,33656,33665,33674,33686,33695,33704,33716,33734,33770,33779,33791,33803,33812,33827,33839,33848,33857,33866,33875,33884,33893,33902,33908,33914,33923,33929,33935,33941,33947,33956,33962,33968,33974,33983,33989,33995,34001,34010,34016,34025,34043,34052,34064,34070,34076,34091,34106,34115,34127,34139,34154,34163,34169,34178,34187,34199,34208,34217,34226,34235,34295,34355,34415,34475,34535,34595,34655,34715,34724,34730,34736,34745,34754,34760,34766,34778,34787,34799,34829,34844,34856,34868,34874,34880,34889,34898,34904,34910,34916,34922,34928,34934,34940,34946,34952,34958,34964,34970,34979,34988,35000,35006,35012,35021,35027,35036,35045,35054,35063,35069,35078,35084,35093,35105,35111,35117,35129,35156,35177,35192,35249,35300,35360,35378,35399,35411,35432,35465,35492,35552,35612,35672,35690,35711,35747,35765,35786,35810,35822,35834,35861,35894,35933,35993,36050,36068,36089,36098,36158,36182,36230,36245,36305,36365,36425,36485,36545,36605,36665,36725,36785,36845,36902,36914,36923,36929,36935,36941,36950,36959,36965,36974,36986,37013,37025,37085,37145,37205,37265,37325,37385,37445,37505,37565,37625,37685,37745,37805,37865,37925,37985,38000,38009,38018,38030,38042,38048,38057,38102,38114,38168,38228,38288,38348,38408,38468,38528,38552,38600,38621,38675,38711,38729,38747,38771,38783,38798,38825,38837,38846,38855,38867,38888,38918,38957,39017,39077,39137,39197,39239,39263,39290,39308,39329,39362,39398,39407,39446,39455,39464,39470,39476,39482,39488,39494,39503,39521,39533,39551,39560,39572,39596,39602,39608,39617,39626,39632,39638,39644,39653,39662,39671,39677,39683,39689,39695,39701,39707,39767,39827,39887,39947,40007,40067,40127,40187,40247,40307,40367,40427,40487,40547,40607,40619,40625,40631,40640,40664,40703,40709,40718,40727,40736,40742,40754,40814,40874,40934,40994,41054,41114,41174,41234,41243,41249,41255,41261,41288,41300,41306,41312,41318,41324,41330,41339,41399,41459,41519,41579,41639,41699,41759,41810,41819,41831,41849,41858,41870,41882,41894,41954,42014,42074,42134,42194,42254,42314,42365,42374,42383,42392,42398,42410,42419,42425,42431,42440,42491,42551,42611,42671,42731,42791,42851,42911,42971,43031,43091,43151,43211,43271,43331,43391,43451,43511,43571,43631,43679,43685,43691,43703,43709,43715,43724,43736,43745,43751,43760,43772,43787,43796,43805,43811,43820,43826,43838,43898,43958,44018,44078,44138,44198,44258,44318,44378,44438,44498,44558,44606,44618,44627,44648,44660,44669,44675,44681,44687,44693,44699,44705,44711,44723,44729,44735,44741,44747,44753,44762,44768,44777,44783,44789,44807,44822,44882,44942,45002,45062,45122,45182,45242,45302,45335,45344,45353,45365,45374,45383,45395,45401,45410,45416,45425,45434,45458,45518,45578,45638,45698,45758,45818,45878,45938,45998,46058,46118,46178,46238,46298,46325,46331,46340,46346,46352,46358,46364,46424,46484,46544,46604,46664,46724,46754,46769,46787,46793,46799,46805,46811,46817,46823,46829,46835,46841,46847,46853,46859,46868,46874,46883,46892,46898,46907,46913,46919,46925,46931,46937,46943,46952,46958,46967,46976,46982,46988,46994,47000,47006,47012,47021,47027,47036,47045,47051,47060,47066,47072,47078,47084,47090,47099,47108,47114,47120,47123,47126,47129,47132,47135,47138,47141,47144,47147,47153,47159,47165,47171,47180,47186,47192,47201,47210,47219,47231,47246,47306,47366,47426,47474,47483,47507,47519,47579,47639,47660,47672,47681,47687,47693,47699,47705,47711,47720,47726,47732,47738,47744,47750,47756,47762,47768,47774,47780,47786,47792,47828,47888,47909,47921,47927,47933,47939,47999,48029,48044,48065,48125,48185,48245,48305,48365,48425,48485,48545,48560,48587,48608,48668,48728,48746,48797,48857,48917,48977,49031,49091,49136,49196,49256,49316,49376,49436,49496,49541,49550,49556,49562,49571,49577,49583,49589,49595,49601,49607,49610,49613,49616,49619,49625,49631,49640,49646,49655,49664,49679,49706,49727,49736,49745,49751,49763,49772,49778,49787,49796,49829,49841,49847,49853,49862,49871,49877,49886,49901,49961,50021,50081,50141,50201,50261,50312,50321,50327,50333,50339,50351,50357,50363,50390,50408,50420,50429,50441,50450,50459,50483,50510,50522,50531,50591,50612,50654,50714,50774,50834,50894,50954,51014,51074,51134,51158,51200,51218,51242,51260,51269,51281,51293,51305,51326,51341,51353,51365,51374,51395,51422,51482,51497,51524,51539,51551,51563,51572,51581,51587,51593,51599,51605,51611,51614,51617,51620,51623,51626,51629,51635,51641,51647,51653,51662,51668,51674,51680,51689,51698,51707,51716,51728,51734,51752,51773,51785,51794,51803,51809,51815,51821,51830,51845,51854,51863,51884,51899,51935,51950,51968,51989,51998,52004,52010,52019,52028,52037,52043,52049,52055,52061,52073,52088,52100,52109,52118,52130,52145,52160,52175,52190,52199,52214,52223,52232,52241,52247,52253,52259,52268,52277,52283,52289,52295,52301,52307,52313,52316,52319,52322,52325,52328,52331,52334,52337,52340,52343,52346,52349,52352,52358,52364,52370,52373,52376,52379,52382,52385,52388,52391,52394,52397,52400,52403,52406,52409,52412,52415,52418,52421,52424,52427,52430,52433,52436,52439,52442,52445,52448,52451,52454,52457,52460,52463,52466,52469,52472,52475,52478,52481,52484,52487,52490,52493,52496,52502,52508,52514,52520,52532,52538,52544,52550,52553,52556,52559,52562,52565,52568,52571,52574,52580,52583,52586,52589,52592,52595,52598,52604,52610,52613,52616,52619,52622,52628,52634,52640,52646,52652,52655,52658,52661,52664,52667,52670,52673,52676,52679,52682,52685,52688,52691,52694,52697,52700,52703,52706,52709,52712,52715,52718,52721,52724,52727,52730,52733,52736,52739,52742,52745,52748,52751,52757,52760,52766,52769,52772,52775,52778,52781,52784,52787,52790,52793,52796,52799,52805,52865,52895,52901,52907,52913,52916,52919,52922,52925,52928,52931,52934,52937,52940,52943,52946,52949,52952,52955,52958,52961,52964,52967,52970,52973,52976,52979,52982,52985,52988,52991,52994,52997,53000,53003,53006,53009,53015,53021,53024,53027,53033,53036,53039,53042,53045,53048,53051,53054,53057,53060,53063,53066,53069,53072,53075,53078,53081,53084,53087,53090,53093,53096,53099,53102,53105,53108,53111,53114,53117,53120,53123,53126,53129,53132,53135,53138,53141,53144,53147,53150,53153,53156,53159,53162,53165,53168,53171,53174,53177,53180,53183,53186,53189,53192,53195,53201,53207,53210,53213,53216,53219,53222,53225,53228,53231,53234,53237,53240,53243,53246,53249,53252,53255,53258,53261,53264,53267,53270,53273,53276,53279,53282,53288,53294,53300,53312,53318,53324,53330,53336,53342,53348,53354,53357,53363,53369,53381,53387,53393,53399,53405,53408,53411,53417,53423,53429,53432,53435,53438,53444,53456,53465,53471,53477,53483,53489,53501,53510,53522,53528,53534,53540,53546,53558,53564,53570,53576,53582,53588,53594,53600,53606,53612,53615,53618,53624,53633,53639,53645,53651,53657,53666,53675,53681,53687,53696,53708,53714,53720,53726,53732,53738,53744,53750,53756,53762,53768,53780,53792,53840,53900,53960,54020,54080,54140,54200,54260,54320,54380,54440,54500,54560,54620,54680,54740,54800,54860,54920,54980,55040,55100,55160,55220]]},"geometry":{"type":"MultiLineString","coordinates":[[[51.55844,35.74581],[51.55794,35.74572],[51.55724,35.74574],[51.55664,35.7458],[51.55613,35.74595],[51.55597,35.74636],[51.55607,35.74686],[51.55617,35.74741],[51.55624,35.74782],[51.55637,35.7482],[51.55698,35.74827],[51.55746,35.74822],[51.55792,35.7481],[51.55849,35.74802],[51.55891,35.74823],[51.55909,35.74865],[51.55933,35.74912],[51.55951,35.74946],[51.55973,35.74993],[51.55989,35.75035],[51.56013,35.75073],[51.56021,35.75112],[51.55977,35.75131],[51.55917,35.75155],[51.5587,35.75176],[51.55882,35.75226],[51.55899,35.75263],[51.55924,35.75311],[51.55948,35.75358],[51.5597,35.7539],[51.55998,35.75436],[51.56027,35.75489],[51.56028,35.75534],[51.55981,35.75552],[51.55913,35.75576],[51.55839,35.75602],[51.55767,35.75626],[51.55696,35.75649],[51.55626,35.75673],[51.55559,35.75696],[51.55501,35.75717],[51.5546,35.75732],[51.55392,35.75753],[51.55312,35.75779],[51.55271,35.75794],[51.55195,35.75823],[51.55142,35.75843],[51.55139,35.75862],[51.55139,35.75862],[51.55139,35.75862],[51.55139,35.75862],[51.55139,35.75862],[51.55138,35.75862],[51.55138,35.75862],[51.55138,35.75863],[51.55138,35.75863],[51.55134,35.75861],[51.55154,35.75908],[51.5518,35.75956],[51.55207,35.76008],[51.55236,35.76057],[51.55264,35.76106],[51.55292,35.76159],[51.55318,35.76208],[51.5534,35.76251],[51.55367,35.76297],[51.55396,35.76345],[51.55426,35.764],[51.5546,35.7646],[51.55491,35.76519],[51.55519,35.76577],[51.5555,35.76636],[51.55577,35.76692],[51.55602,35.76747],[51.55617,35.76785],[51.55614,35.76785],[51.55615,35.76785],[51.55621,35.76796],[51.55641,35.76836],[51.5566,35.76873],[51.55682,35.76911],[51.55703,35.76944],[51.55725,35.76983],[51.55749,35.77016],[51.55775,35.77051],[51.55827,35.77085],[51.55892,35.77079],[51.5592,35.77046],[51.55917,35.77003],[51.55881,35.7697],[51.55831,35.76961],[51.55788,35.76975],[51.55727,35.77],[51.55643,35.77032],[51.55598,35.77047],[51.55552,35.77063],[51.55503,35.77082],[51.55454,35.77099],[51.55403,35.77118],[51.55351,35.77136],[51.553,35.77154],[51.55248,35.77171],[51.55196,35.77188],[51.55145,35.77206],[51.55093,35.77224],[51.55041,35.77242],[51.54988,35.7726],[51.54934,35.7728],[51.54878,35.77299],[51.54822,35.77319],[51.54766,35.77339],[51.54709,35.77359],[51.54652,35.77378],[51.54594,35.77399],[51.54537,35.77419],[51.5448,35.77437],[51.54424,35.77456],[51.5437,35.77475],[51.54313,35.77494],[51.54256,35.77512],[51.54199,35.77531],[51.5414,35.77548],[51.54082,35.77565],[51.54022,35.77581],[51.53962,35.77596],[51.53904,35.77611],[51.53843,35.77625],[51.53783,35.77637],[51.53724,35.77648],[51.53666,35.7766],[51.53608,35.77669],[51.53549,35.77677],[51.5349,35.77685],[51.53431,35.77692],[51.53369,35.77698],[51.53307,35.77705],[51.53244,35.77711],[51.53181,35.77716],[51.53119,35.77719],[51.53058,35.77722],[51.52996,35.77725],[51.52934,35.77731],[51.52873,35.77735],[51.52812,35.77738],[51.52752,35.77743],[51.52693,35.77746],[51.52636,35.77748],[51.52578,35.77752],[51.52522,35.77754],[51.52465,35.77759],[51.52409,35.77763],[51.52355,35.77766],[51.52302,35.77771],[51.5225,35.77778],[51.52202,35.77789],[51.52154,35.778],[51.5211,35.77817],[51.5207,35.77839],[51.52033,35.77864],[51.51996,35.77888],[51.51959,35.77912],[51.51922,35.77935],[51.5187,35.77969],[51.51835,35.77996],[51.51787,35.78025],[51.5172,35.78067],[51.51681,35.78093],[51.51643,35.78119],[51.51604,35.78142],[51.51565,35.78167],[51.51526,35.78189],[51.5149,35.7821],[51.51443,35.78239],[51.51397,35.78258],[51.51339,35.78278],[51.5126,35.78303],[51.51216,35.78316],[51.5117,35.7833],[51.51122,35.78345],[51.5107,35.7836],[51.51019,35.78376],[51.50967,35.78393],[51.50915,35.78408],[51.50864,35.78422],[51.50813,35.78436],[51.50764,35.78448],[51.50715,35.78462],[51.50662,35.78477],[51.50607,35.78491],[51.50551,35.78506],[51.50495,35.78521],[51.50439,35.78536],[51.50391,35.78551],[51.50326,35.78582],[51.50324,35.78628],[51.50348,35.78675],[51.50375,35.78731],[51.50403,35.78792],[51.5043,35.78853],[51.50459,35.78918],[51.50487,35.78983],[51.50501,35.79018],[51.50517,35.79052],[51.50534,35.79087],[51.50565,35.79153],[51.50595,35.79218],[51.50626,35.79282],[51.50652,35.79344],[51.50679,35.79404],[51.50704,35.7946],[51.5073,35.7952],[51.50759,35.79586],[51.5079,35.7965],[51.50818,35.79703],[51.50875,35.79722],[51.50935,35.79709],[51.51012,35.79696],[51.511,35.79682],[51.51147,35.79673],[51.51195,35.79662],[51.51244,35.79653],[51.51294,35.79642],[51.51342,35.79632],[51.51392,35.79622],[51.51461,35.79608],[51.51396,35.79637],[51.51309,35.79654],[51.51261,35.79664],[51.51211,35.79677],[51.51162,35.79689],[51.51113,35.797],[51.51062,35.79711],[51.51011,35.79723],[51.50959,35.79734],[51.50911,35.79744],[51.50862,35.79754],[51.50782,35.79771],[51.50693,35.79792],[51.50645,35.79802],[51.50596,35.79813],[51.50548,35.79825],[51.50499,35.79836],[51.5045,35.79847],[51.50404,35.79858],[51.50356,35.7987],[51.50305,35.79879],[51.50254,35.79892],[51.50199,35.79902],[51.50143,35.79913],[51.50088,35.79925],[51.50031,35.79936],[51.49974,35.79946],[51.49916,35.79959],[51.49856,35.79972],[51.49797,35.79985],[51.49741,35.79996],[51.49687,35.80008],[51.49633,35.8002],[51.49583,35.8003],[51.49534,35.8004],[51.49484,35.80051],[51.49436,35.8006],[51.49386,35.8007],[51.49337,35.80082],[51.49287,35.80093],[51.49237,35.80104],[51.49186,35.80115],[51.49137,35.80123],[51.49088,35.80132],[51.49036,35.80143],[51.48986,35.80153],[51.48934,35.80163],[51.4888,35.80173],[51.48827,35.80185],[51.48777,35.80198],[51.48732,35.80209],[51.48654,35.80202],[51.48609,35.80156],[51.4855,35.80109],[51.48506,35.80091],[51.48462,35.80081],[51.48379,35.80072],[51.48318,35.8007],[51.48261,35.80071],[51.48207,35.80079],[51.48148,35.80089],[51.4809,35.80105],[51.48043,35.80114],[51.47981,35.8013],[51.4793,35.8015],[51.479,35.80192],[51.47872,35.80241],[51.47844,35.80299],[51.4781,35.8035],[51.47783,35.8038],[51.47734,35.80413],[51.47685,35.80441],[51.4764,35.80473],[51.47597,35.80499],[51.47559,35.80518],[51.47514,35.80537],[51.47469,35.80556],[51.47427,35.8057],[51.47375,35.80575],[51.4732,35.80579],[51.47273,35.80573],[51.47227,35.80583],[51.47203,35.80621],[51.47189,35.80667],[51.47155,35.80711],[51.47107,35.80716],[51.4706,35.8072],[51.47015,35.80743],[51.4702,35.80792],[51.47033,35.80844],[51.47043,35.80895],[51.47057,35.80954],[51.47069,35.80999],[51.47081,35.81043],[51.47084,35.81085],[51.47062,35.81119],[51.46995,35.81125],[51.46934,35.81117],[51.46865,35.81119],[51.46806,35.81126],[51.46749,35.81141],[51.46681,35.81151],[51.46621,35.81157],[51.46557,35.81165],[51.46504,35.8117],[51.46451,35.81176],[51.46388,35.81182],[51.46333,35.8119],[51.46281,35.81195],[51.4622,35.81202],[51.46176,35.81204],[51.46125,35.81209],[51.4607,35.81211],[51.46,35.81211],[51.45923,35.81214],[51.45851,35.81213],[51.4579,35.81218],[51.45733,35.81232],[51.45664,35.8125],[51.45595,35.81265],[51.45518,35.81282],[51.45443,35.81294],[51.4537,35.81303],[51.45302,35.8131],[51.45235,35.8132],[51.45171,35.81311],[51.45117,35.81294],[51.45078,35.81274],[51.45025,35.81257],[51.45,35.81247],[51.44997,35.81248],[51.44998,35.8124],[51.44941,35.81227],[51.44889,35.81208],[51.44848,35.81189],[51.44797,35.81168],[51.44737,35.81145],[51.44676,35.81114],[51.44618,35.81083],[51.44557,35.81051],[51.44522,35.81027],[51.44506,35.81024],[51.44506,35.81023],[51.44465,35.81],[51.4442,35.80968],[51.44367,35.80943],[51.44312,35.80914],[51.44269,35.80894],[51.4423,35.8087],[51.44217,35.80866],[51.44212,35.80863],[51.44214,35.80862],[51.44162,35.8083],[51.44124,35.80802],[51.44071,35.80762],[51.44031,35.80741],[51.43985,35.80709],[51.43935,35.80671],[51.43882,35.80631],[51.43855,35.806],[51.43796,35.80563],[51.43721,35.80544],[51.4365,35.80527],[51.43601,35.80518],[51.43556,35.80514],[51.43512,35.8051],[51.43464,35.805],[51.43424,35.80518],[51.4342,35.80554],[51.43421,35.8056],[51.43421,35.8056],[51.43418,35.8056],[51.43406,35.80548],[51.43404,35.80547],[51.43411,35.80576],[51.43404,35.80629],[51.43398,35.80666],[51.43391,35.80703],[51.43384,35.80744],[51.43375,35.80794],[51.43363,35.80848],[51.43412,35.80864],[51.43459,35.80843],[51.43506,35.8083],[51.43505,35.80827],[51.43505,35.80827],[51.43549,35.80816],[51.43593,35.80824],[51.43649,35.80821],[51.43693,35.80831],[51.43698,35.8083],[51.43694,35.80843],[51.43693,35.80846],[51.43692,35.80847],[51.43693,35.80846],[51.43744,35.80862],[51.43789,35.80881],[51.43827,35.80901],[51.43881,35.80911],[51.43939,35.80919],[51.43984,35.80911],[51.43978,35.80952],[51.43942,35.80985],[51.43947,35.81035],[51.43992,35.81077],[51.4402,35.81124],[51.44028,35.81173],[51.44034,35.81213],[51.4402,35.8125],[51.44058,35.81273],[51.44114,35.81279],[51.44176,35.81297],[51.4422,35.81308],[51.44224,35.81306],[51.44224,35.81306],[51.44225,35.81306],[51.44225,35.81306],[51.44277,35.81315],[51.44326,35.81331],[51.44358,35.81359],[51.44357,35.814],[51.44329,35.81438],[51.44296,35.81475],[51.4427,35.8151],[51.44251,35.81555],[51.44204,35.81565],[51.44153,35.81545],[51.44093,35.81544],[51.44047,35.81556],[51.43989,35.81596],[51.43966,35.81623],[51.43955,35.81611],[51.43948,35.81599],[51.43934,35.81593],[51.43883,35.81595],[51.43879,35.81633],[51.43907,35.81672],[51.43904,35.81715],[51.43897,35.81755],[51.43885,35.81798],[51.43887,35.81835],[51.43884,35.81874],[51.43835,35.8186],[51.43797,35.81839],[51.43753,35.81816],[51.43702,35.81832],[51.43703,35.81836],[51.43702,35.81833],[51.43699,35.81837],[51.43703,35.81829],[51.43703,35.81831],[51.43702,35.81831],[51.43701,35.81832],[51.4371,35.81822],[51.437,35.81829],[51.43669,35.81831],[51.437,35.81803],[51.43754,35.81818],[51.43791,35.81852],[51.43826,35.81876],[51.43873,35.81864],[51.43885,35.81828],[51.43872,35.81792],[51.4383,35.8177],[51.4378,35.81759],[51.43733,35.81753],[51.43691,35.81776],[51.43656,35.8175],[51.43612,35.81732],[51.43586,35.81701],[51.43582,35.81659],[51.43592,35.81617],[51.43555,35.81606],[51.43523,35.81637],[51.43489,35.8166],[51.43486,35.81669],[51.43481,35.81673],[51.43474,35.81679],[51.43472,35.81678],[51.43479,35.81673],[51.43475,35.8171],[51.43464,35.81747],[51.43433,35.81777],[51.43425,35.81816],[51.43413,35.81852],[51.43438,35.81891],[51.43405,35.81924],[51.43369,35.81949],[51.43354,35.81997],[51.43374,35.82036],[51.43415,35.82068],[51.43456,35.82086],[51.43486,35.82131],[51.43502,35.8218],[51.43511,35.82224],[51.43549,35.82197],[51.43557,35.82151],[51.43558,35.82107],[51.43595,35.82082],[51.43637,35.82051],[51.43671,35.8202],[51.43668,35.81984],[51.43652,35.81977],[51.43687,35.81991],[51.43729,35.82012],[51.43753,35.82011],[51.43719,35.82039],[51.43731,35.8203],[51.43701,35.82004],[51.43668,35.82028],[51.43632,35.82073],[51.43598,35.82106],[51.43578,35.82142],[51.43577,35.82184],[51.43578,35.82223],[51.43561,35.82262],[51.43557,35.82299],[51.43509,35.82291],[51.4349,35.82258],[51.43478,35.82221],[51.4347,35.82182],[51.43461,35.82144],[51.43433,35.82101],[51.43393,35.82071],[51.43353,35.82091],[51.43308,35.82122],[51.43278,35.82156],[51.43287,35.82194],[51.43299,35.82237],[51.43309,35.82276],[51.4326,35.82286],[51.4323,35.82256],[51.43206,35.82215],[51.43183,35.82171],[51.43158,35.82132],[51.43133,35.82087],[51.43116,35.82035],[51.43105,35.81986],[51.43117,35.81935],[51.43144,35.81894],[51.43179,35.81848],[51.43217,35.81802],[51.432,35.81754],[51.43188,35.8171],[51.43173,35.81661],[51.43161,35.81619],[51.43104,35.81605],[51.43049,35.81611],[51.42996,35.81613],[51.42972,35.81648],[51.42963,35.81688],[51.42947,35.81741],[51.42924,35.81779],[51.42903,35.81812],[51.42891,35.81847],[51.42884,35.81891],[51.42858,35.81921],[51.42834,35.81959],[51.42855,35.81993],[51.42867,35.81957],[51.42914,35.81923],[51.42958,35.81903],[51.4299,35.81941],[51.43004,35.81977],[51.43025,35.82018],[51.43037,35.82063],[51.43042,35.82106],[51.43051,35.82153],[51.43038,35.8219],[51.4302,35.82185],[51.43029,35.82179],[51.43032,35.82177],[51.43037,35.82178],[51.43038,35.82175],[51.43039,35.82178],[51.43036,35.82178],[51.4303,35.82188],[51.43044,35.82142],[51.43037,35.82102],[51.43029,35.82064],[51.43023,35.82019],[51.43,35.81974],[51.42989,35.81935],[51.42974,35.81901],[51.4292,35.81923],[51.42886,35.81951],[51.42858,35.81985],[51.42816,35.81972],[51.42856,35.81929],[51.42876,35.81893],[51.42861,35.81855],[51.42884,35.81822],[51.42911,35.81785],[51.42938,35.8174],[51.42954,35.81697],[51.42965,35.81653],[51.42957,35.81599],[51.42948,35.81557],[51.42945,35.81511],[51.42953,35.81456],[51.42986,35.81413],[51.43042,35.81395],[51.43092,35.81378],[51.43139,35.81382],[51.43189,35.81373],[51.43228,35.81335],[51.43248,35.81284],[51.43261,35.81245],[51.4328,35.81203],[51.43289,35.81156],[51.43301,35.81112],[51.43309,35.81075],[51.43314,35.8103],[51.43333,35.80995],[51.43335,35.80944],[51.43349,35.80897],[51.43392,35.80875],[51.43456,35.80848],[51.435,35.80834],[51.4355,35.80826],[51.43603,35.80822],[51.43645,35.80809],[51.43642,35.8076],[51.43635,35.80716],[51.43628,35.80677],[51.43641,35.80636],[51.43585,35.80629],[51.43554,35.80592],[51.43553,35.80551],[51.43561,35.80516],[51.43514,35.80511],[51.43504,35.80501],[51.43459,35.80501],[51.43409,35.80492],[51.43362,35.80498],[51.43323,35.80516],[51.43279,35.80526],[51.43245,35.80553],[51.43245,35.80557],[51.43245,35.80558],[51.43238,35.80554],[51.432,35.80574],[51.43159,35.80598],[51.43123,35.80622],[51.4308,35.80636],[51.43038,35.80657],[51.42986,35.80672],[51.42944,35.80696],[51.42894,35.8072],[51.42846,35.80708],[51.42862,35.80673],[51.42907,35.80661],[51.42925,35.80659],[51.42902,35.80628],[51.42856,35.80642],[51.42807,35.80638],[51.42788,35.80595],[51.42781,35.80563],[51.42767,35.80528],[51.42755,35.80488],[51.42732,35.8045],[51.4273,35.80442],[51.42738,35.80442],[51.42746,35.80445],[51.4274,35.80441],[51.42735,35.80441],[51.42733,35.80439],[51.42737,35.80439],[51.42742,35.80443],[51.42739,35.80441],[51.42743,35.80441],[51.42733,35.80399],[51.42733,35.80355],[51.42729,35.80304],[51.4272,35.80259],[51.42705,35.8021],[51.42682,35.80167],[51.42659,35.80131],[51.42662,35.80088],[51.42664,35.8005],[51.42652,35.80006],[51.42636,35.79964],[51.42629,35.79923],[51.42579,35.79928],[51.4258,35.79924],[51.4258,35.79917],[51.42571,35.79906],[51.42576,35.79917],[51.42579,35.7992],[51.42568,35.79916],[51.4257,35.79922],[51.42558,35.79908],[51.42572,35.79927],[51.42573,35.79919],[51.42575,35.79928],[51.4257,35.79928],[51.42576,35.7993],[51.42572,35.79921],[51.42579,35.79929],[51.42534,35.79917],[51.42481,35.79943],[51.42433,35.79966],[51.42392,35.79985],[51.42376,35.80033],[51.42334,35.80062],[51.42291,35.80047],[51.4225,35.80029],[51.42213,35.80058],[51.42191,35.80099],[51.42159,35.80124],[51.42142,35.80137],[51.42143,35.80136],[51.42133,35.80138],[51.42145,35.80144],[51.42141,35.80145],[51.42147,35.80144],[51.42116,35.80172],[51.42068,35.80156],[51.4203,35.80135],[51.41992,35.80108],[51.41963,35.80138],[51.4199,35.80175],[51.42021,35.80211],[51.42044,35.80245],[51.42062,35.8028],[51.42068,35.80316],[51.42087,35.8037],[51.42115,35.80406],[51.42148,35.80448],[51.42176,35.80489],[51.42208,35.80518],[51.42233,35.80548],[51.42263,35.80577],[51.4231,35.8058],[51.42317,35.8057],[51.4232,35.80559],[51.42321,35.80571],[51.42325,35.80568],[51.42326,35.80605],[51.42369,35.80621],[51.42411,35.80644],[51.42464,35.80642],[51.4251,35.80663],[51.42552,35.80675],[51.42605,35.80671],[51.42647,35.8066],[51.42603,35.80683],[51.42557,35.80665],[51.42492,35.80654],[51.42445,35.80642],[51.42396,35.80624],[51.42356,35.80603],[51.42309,35.80576],[51.42255,35.8055],[51.42216,35.80519],[51.42184,35.80487],[51.42164,35.80452],[51.42141,35.80402],[51.42115,35.80364],[51.42073,35.8035],[51.42014,35.80334],[51.41973,35.80315],[51.41925,35.80273],[51.41888,35.80242],[51.41832,35.80222],[51.41779,35.80201],[51.41731,35.80179],[51.41686,35.80192],[51.41636,35.80207],[51.41594,35.80227],[51.4154,35.80257],[51.41496,35.80284],[51.41457,35.80304],[51.41414,35.80329],[51.41363,35.80354],[51.41311,35.80382],[51.41266,35.80405],[51.41229,35.80417],[51.41224,35.80425],[51.41229,35.80424],[51.4123,35.80425],[51.41232,35.80423],[51.41235,35.80422],[51.41227,35.80423],[51.41229,35.80421],[51.41216,35.80424],[51.4122,35.80415],[51.41233,35.80406],[51.4124,35.8039],[51.41247,35.80419],[51.41245,35.80418],[51.41294,35.80416],[51.41341,35.80451],[51.4137,35.80483],[51.41392,35.80517],[51.4142,35.80547],[51.41454,35.80575],[51.41491,35.806],[51.41502,35.80635],[51.41515,35.8067],[51.41538,35.80714],[51.41557,35.80751],[51.41575,35.80784],[51.416,35.80823],[51.41617,35.80846],[51.41616,35.80836],[51.41614,35.80849],[51.41615,35.80846],[51.41618,35.80843],[51.41618,35.80843],[51.41615,35.80833],[51.41597,35.80848],[51.41548,35.80872],[51.41495,35.80886],[51.41439,35.80904],[51.41398,35.8092],[51.41415,35.80955],[51.41425,35.81009],[51.41398,35.81054],[51.41363,35.81107],[51.4134,35.81161],[51.41317,35.81199],[51.41295,35.81238],[51.41274,35.81271],[51.41264,35.81258],[51.41259,35.81247],[51.41258,35.81247],[51.41257,35.81246],[51.41257,35.81246],[51.41256,35.81248],[51.41254,35.81254],[51.41226,35.81287],[51.41205,35.81328],[51.4116,35.81349],[51.41122,35.81324],[51.4108,35.81283],[51.41058,35.81247],[51.41032,35.81205],[51.40992,35.81185],[51.40979,35.81183],[51.4096,35.81197],[51.40969,35.81192],[51.40979,35.81189],[51.40978,35.81187],[51.40967,35.81201],[51.40964,35.81194],[51.40957,35.81154],[51.40995,35.81127],[51.4104,35.81102],[51.41093,35.81067],[51.41128,35.8104],[51.41122,35.81],[51.41096,35.80962],[51.41067,35.80926],[51.41037,35.80897],[51.41013,35.80861],[51.40973,35.80878],[51.40968,35.80882],[51.40999,35.80869],[51.41005,35.80862],[51.41004,35.80845],[51.41005,35.80842],[51.41007,35.80839],[51.41015,35.80834],[51.4102,35.80832],[51.41022,35.80831],[51.41024,35.80829],[51.41021,35.80831],[51.41013,35.80839],[51.41011,35.80842],[51.41004,35.80844],[51.40998,35.80841],[51.41008,35.80837],[51.40997,35.8084],[51.41003,35.80832],[51.41012,35.8083],[51.40974,35.80811],[51.40926,35.80781],[51.40881,35.80754],[51.40822,35.80727],[51.40773,35.80719],[51.40725,35.80712],[51.40673,35.80701],[51.40645,35.80735],[51.40603,35.80754],[51.40556,35.80746],[51.40508,35.8073],[51.4046,35.80718],[51.40476,35.80669],[51.40494,35.80626],[51.40515,35.80591],[51.40534,35.80541],[51.40558,35.80493],[51.40572,35.80458],[51.40576,35.80419],[51.4059,35.80387],[51.40588,35.80387],[51.40586,35.80386],[51.40587,35.80386],[51.40589,35.80375],[51.40594,35.80379],[51.40587,35.80367],[51.40592,35.8038],[51.40594,35.80384],[51.40592,35.80385],[51.40588,35.80379],[51.40586,35.80379],[51.40549,35.80354],[51.405,35.80335],[51.40452,35.80313],[51.40402,35.80302],[51.40359,35.80313],[51.4034,35.80356],[51.40321,35.8039],[51.40303,35.80431],[51.40285,35.8047],[51.40265,35.80503],[51.4025,35.80537],[51.40228,35.80572],[51.40212,35.80607],[51.40195,35.80652],[51.4017,35.80692],[51.40152,35.80732],[51.4013,35.80767],[51.40111,35.8081],[51.40095,35.80845],[51.40072,35.80891],[51.40054,35.80932],[51.4003,35.80978],[51.40011,35.81018],[51.3999,35.81058],[51.39938,35.81072],[51.39895,35.81063],[51.39892,35.81071],[51.39894,35.81063],[51.39892,35.81071],[51.39891,35.81071],[51.39891,35.81074],[51.39891,35.81074],[51.39891,35.81074],[51.39894,35.81061],[51.39845,35.81052],[51.39791,35.81036],[51.39742,35.81005],[51.39684,35.80998],[51.39639,35.80983],[51.39578,35.80962],[51.39574,35.80921],[51.39585,35.80884],[51.39559,35.80843],[51.39513,35.80829],[51.39454,35.80814],[51.3941,35.80795],[51.39359,35.80781],[51.3934,35.80774],[51.39317,35.80769],[51.39328,35.80768],[51.3932,35.80774],[51.39327,35.80774],[51.39327,35.80771],[51.3932,35.80765],[51.39318,35.80767],[51.39318,35.80766],[51.39319,35.80766],[51.39325,35.80768],[51.39328,35.80774],[51.39329,35.80774],[51.39329,35.80774],[51.3927,35.80761],[51.39239,35.80733],[51.39189,35.80731],[51.39153,35.80755],[51.39111,35.80778],[51.3906,35.80803],[51.39009,35.80831],[51.38978,35.80847],[51.38978,35.80847],[51.38978,35.80847],[51.38978,35.80847],[51.38978,35.80847],[51.38988,35.80841],[51.3903,35.80823],[51.39065,35.80798],[51.391,35.80764],[51.39158,35.8073],[51.39213,35.80695],[51.39271,35.80659],[51.39335,35.80625],[51.39413,35.80615],[51.39461,35.8063],[51.39505,35.80665],[51.39558,35.80706],[51.39616,35.80716],[51.39685,35.807],[51.39743,35.80665],[51.39771,35.80622],[51.39778,35.80575],[51.39784,35.80536],[51.3978,35.80494],[51.39762,35.80446],[51.39725,35.80412],[51.39686,35.8038],[51.39643,35.80342],[51.39593,35.80298],[51.3955,35.80252],[51.39527,35.80195],[51.39534,35.80134],[51.39557,35.80083],[51.3958,35.80035],[51.39602,35.79993],[51.39627,35.79949],[51.39652,35.79903],[51.39681,35.79847],[51.3971,35.79788],[51.3973,35.79738],[51.39745,35.79682],[51.39762,35.79628],[51.39775,35.79578],[51.39724,35.79559],[51.39666,35.79564],[51.3961,35.79571],[51.3955,35.79584],[51.39494,35.79599],[51.39434,35.79613],[51.39382,35.79622],[51.39325,35.79625],[51.39261,35.79634],[51.39206,35.79667],[51.3918,35.79718],[51.39158,35.79757],[51.39116,35.79798],[51.39069,35.79829],[51.39033,35.79887],[51.39021,35.79924],[51.39006,35.79965],[51.38993,35.80006],[51.38977,35.80048],[51.38958,35.80089],[51.38935,35.80127],[51.38914,35.80165],[51.38896,35.802],[51.38878,35.80234],[51.38827,35.80291],[51.38777,35.80343],[51.38737,35.80378],[51.38701,35.80401],[51.38656,35.80431],[51.38622,35.80454],[51.38587,35.80486],[51.38546,35.8052],[51.38509,35.80542],[51.38482,35.80572],[51.3845,35.8061],[51.38405,35.80622],[51.38371,35.80622],[51.3837,35.80619],[51.38366,35.80614],[51.38402,35.80586],[51.3841,35.80549],[51.3843,35.80511],[51.38444,35.80473],[51.38443,35.80448],[51.38459,35.80449],[51.38459,35.80404],[51.38466,35.80356],[51.38481,35.80313],[51.38508,35.80272],[51.38542,35.80232],[51.38574,35.80204],[51.38598,35.80172],[51.38612,35.80135],[51.38648,35.80102],[51.38679,35.80066],[51.38705,35.80013],[51.38723,35.79953],[51.38739,35.79908],[51.3874,35.79862],[51.38759,35.79814],[51.38815,35.7979],[51.38853,35.79752],[51.38881,35.79712],[51.38915,35.79671],[51.38946,35.79623],[51.38974,35.79593],[51.39005,35.79568],[51.39012,35.79585],[51.39032,35.79549],[51.39064,35.79512],[51.39103,35.79482],[51.39121,35.79448],[51.39105,35.79397],[51.39102,35.79366],[51.39143,35.79379],[51.39179,35.7941],[51.39212,35.79436],[51.39239,35.79447],[51.39241,35.79453],[51.3924,35.79459],[51.39239,35.79457],[51.3924,35.79449],[51.39239,35.79463],[51.39249,35.79465],[51.39279,35.79456],[51.39332,35.79459],[51.39383,35.79472],[51.39423,35.79489],[51.39453,35.79487],[51.39454,35.79492],[51.39498,35.79501],[51.3953,35.79526],[51.39525,35.79557],[51.39526,35.79552],[51.39529,35.79546],[51.39521,35.79507],[51.39522,35.79514],[51.39545,35.79546],[51.39533,35.79543],[51.3954,35.79545],[51.39556,35.79564],[51.39555,35.79558],[51.39546,35.79556],[51.39558,35.79576],[51.39587,35.79547],[51.39644,35.79534],[51.39687,35.79523],[51.39731,35.79516],[51.39789,35.79514],[51.39834,35.79517],[51.39889,35.7952],[51.39954,35.79528],[51.40024,35.79543],[51.40107,35.7956],[51.40193,35.79578],[51.40236,35.79588],[51.40282,35.79598],[51.40326,35.79608],[51.40371,35.79619],[51.40445,35.79641],[51.40485,35.79661],[51.40544,35.79682],[51.40589,35.79691],[51.40634,35.79697],[51.40682,35.79704],[51.40726,35.79713],[51.40769,35.79721],[51.40815,35.7973],[51.40869,35.79731],[51.4092,35.79735],[51.40966,35.79745],[51.41025,35.79752],[51.41088,35.79756],[51.41137,35.79759],[51.41188,35.79758],[51.41192,35.79719],[51.41221,35.79759],[51.41279,35.79783],[51.41311,35.79818],[51.41342,35.79845],[51.41382,35.79877],[51.41439,35.7992],[51.41472,35.79951],[51.41511,35.79994],[51.41543,35.8002],[51.4154,35.80017],[51.41541,35.80015],[51.41539,35.80013],[51.41537,35.80011],[51.41539,35.80011],[51.41541,35.80014],[51.41575,35.80049],[51.4161,35.80089],[51.41638,35.80118],[51.41672,35.80153],[51.41703,35.80185],[51.41766,35.80162],[51.41808,35.80141],[51.41854,35.80122],[51.41909,35.80118],[51.41929,35.80083],[51.4191,35.80039],[51.41895,35.80004],[51.41873,35.79964],[51.41854,35.79928],[51.41834,35.79891],[51.41815,35.79853],[51.41799,35.79814],[51.41774,35.7977],[51.41761,35.79726],[51.41756,35.79721],[51.41725,35.79695],[51.41759,35.79718],[51.41753,35.79722],[51.41766,35.79725],[51.4175,35.79722],[51.4176,35.79728],[51.41758,35.79721],[51.41758,35.79725],[51.41756,35.79723],[51.41757,35.7972],[51.41744,35.7968],[51.41723,35.7964],[51.4171,35.79598],[51.41724,35.79559],[51.41723,35.79517],[51.41702,35.79468],[51.41691,35.79426],[51.41683,35.79389],[51.41673,35.7935],[51.4167,35.79306],[51.41657,35.79265],[51.41648,35.79221],[51.41636,35.79176],[51.41626,35.7914],[51.41587,35.79113],[51.4161,35.7908],[51.41656,35.79068],[51.41701,35.79053],[51.41748,35.79039],[51.41799,35.79021],[51.41846,35.78999],[51.41885,35.78976],[51.41923,35.78953],[51.41968,35.78923],[51.42011,35.78884],[51.42053,35.78827],[51.42083,35.78766],[51.42111,35.78704],[51.42142,35.78638],[51.42161,35.78603],[51.42182,35.78568],[51.42206,35.78534],[51.42229,35.78502],[51.42256,35.78471],[51.42284,35.78443],[51.42341,35.7839],[51.42399,35.78336],[51.42446,35.78285],[51.42475,35.78256],[51.42512,35.78215],[51.42543,35.78182],[51.42572,35.78151],[51.42597,35.78119],[51.42629,35.78072],[51.42672,35.7803],[51.42695,35.77986],[51.42713,35.77953],[51.42744,35.77908],[51.42763,35.77868],[51.42777,35.77829],[51.42789,35.77795],[51.42796,35.77758],[51.42786,35.77717],[51.4273,35.77732],[51.42724,35.7778],[51.42744,35.7782],[51.42773,35.77852],[51.4281,35.77875],[51.42864,35.77889],[51.42917,35.77901],[51.42963,35.77913],[51.43006,35.77929],[51.43049,35.77943],[51.4309,35.77967],[51.43136,35.77981],[51.43175,35.78],[51.43216,35.78021],[51.43262,35.78052],[51.43294,35.78078],[51.43324,35.78105],[51.43357,35.78139],[51.43391,35.78177],[51.43419,35.78216],[51.43447,35.78248],[51.4347,35.7828],[51.43501,35.78314],[51.43537,35.78339],[51.43578,35.78363],[51.43617,35.78385],[51.43655,35.78404],[51.43697,35.78423],[51.43738,35.78436],[51.43791,35.78447],[51.4384,35.78455],[51.43887,35.78463],[51.43939,35.78471],[51.43985,35.78482],[51.44043,35.78497],[51.44093,35.78504],[51.44138,35.78514],[51.44188,35.78522],[51.44235,35.78531],[51.44279,35.78542],[51.44335,35.78558],[51.44381,35.7857],[51.44437,35.78583],[51.44491,35.78598],[51.44539,35.78612],[51.44601,35.78628],[51.44662,35.78648],[51.44726,35.78672],[51.4479,35.78697],[51.44869,35.78727],[51.44909,35.78744],[51.44954,35.78761],[51.44999,35.78779],[51.45044,35.788],[51.45089,35.78821],[51.45133,35.78842],[51.45181,35.78865],[51.45229,35.7889],[51.4528,35.78918],[51.45331,35.78946],[51.45381,35.78974],[51.45429,35.79003],[51.45466,35.79028],[51.45532,35.79069],[51.45593,35.79107],[51.45663,35.79151],[51.45701,35.79175],[51.45744,35.79201],[51.45788,35.79226],[51.45831,35.79249],[51.45873,35.7927],[51.4592,35.79286],[51.45968,35.79298],[51.46016,35.79308],[51.46062,35.79315],[51.4611,35.79319],[51.46156,35.79318],[51.46204,35.79314],[51.46253,35.79305],[51.46303,35.79295],[51.4635,35.79283],[51.46395,35.79271],[51.46439,35.79257],[51.46485,35.79243],[51.46532,35.79227],[51.4658,35.79213],[51.46627,35.79201],[51.46676,35.79191],[51.46725,35.79181],[51.46775,35.79172],[51.46826,35.79163],[51.46874,35.79157],[51.46923,35.79149],[51.4697,35.7914],[51.47016,35.79129],[51.47061,35.79114],[51.47107,35.791],[51.47153,35.79083],[51.47199,35.79068],[51.47246,35.79053],[51.47294,35.79039],[51.47346,35.79029],[51.47398,35.7902],[51.47451,35.79013],[51.47504,35.7901],[51.47554,35.79011],[51.47602,35.79013],[51.47648,35.79015],[51.47716,35.79024],[51.47772,35.7903],[51.47822,35.79035],[51.47877,35.7904],[51.47941,35.7904],[51.47985,35.79033],[51.48038,35.79019],[51.48109,35.78994],[51.48148,35.78977],[51.4819,35.78959],[51.4823,35.78941],[51.48272,35.78923],[51.48313,35.78904],[51.48356,35.78886],[51.48399,35.78868],[51.48441,35.7885],[51.48519,35.78816],[51.4856,35.78798],[51.48599,35.78781],[51.4864,35.78765],[51.48682,35.7875],[51.48723,35.78733],[51.48764,35.78718],[51.48839,35.78682],[51.48913,35.78647],[51.48953,35.78628],[51.48996,35.78611],[51.4904,35.78596],[51.49084,35.78584],[51.49156,35.78568],[51.49221,35.78559],[51.4928,35.78557],[51.49349,35.78558],[51.49439,35.78567],[51.49489,35.78573],[51.4954,35.7858],[51.4959,35.78587],[51.4964,35.78595],[51.4969,35.78602],[51.4974,35.78608],[51.49792,35.78612],[51.49844,35.78615],[51.49898,35.78616],[51.49952,35.78615],[51.50006,35.78609],[51.50059,35.78602],[51.50107,35.78592],[51.50151,35.78581],[51.50192,35.78568],[51.50234,35.78555],[51.50279,35.78543],[51.50326,35.78529],[51.50375,35.78515],[51.50425,35.78502],[51.50476,35.78488],[51.50525,35.78474],[51.50573,35.78461],[51.50619,35.78448],[51.50664,35.78435],[51.50709,35.78423],[51.50754,35.78412],[51.50797,35.78399],[51.5084,35.78386],[51.50885,35.78374],[51.5093,35.78359],[51.50976,35.78346],[51.51018,35.78333],[51.51102,35.78308],[51.51144,35.78296],[51.51227,35.78271],[51.51268,35.78256],[51.51311,35.78238],[51.51356,35.78222],[51.51402,35.78202],[51.51447,35.7818],[51.51489,35.78155],[51.5153,35.78126],[51.51568,35.78098],[51.51605,35.78071],[51.51642,35.78045],[51.51673,35.78019],[51.51702,35.77988],[51.51699,35.77991],[51.51736,35.77966],[51.51788,35.7793],[51.51851,35.77887],[51.51924,35.77844],[51.51965,35.77824],[51.52008,35.77806],[51.52055,35.77792],[51.52104,35.77779],[51.52156,35.77766],[51.5221,35.77756],[51.52263,35.77749],[51.52315,35.77745],[51.52366,35.77741],[51.52417,35.77738],[51.52467,35.77736],[51.52517,35.77733],[51.52566,35.7773],[51.52617,35.77728],[51.52669,35.77725],[51.52721,35.77721],[51.52772,35.77718],[51.52823,35.77715],[51.52875,35.77712],[51.52928,35.7771],[51.52981,35.77706],[51.53034,35.77703],[51.53085,35.777],[51.53138,35.77698],[51.5319,35.77696],[51.53245,35.77694],[51.53299,35.7769],[51.53354,35.77685],[51.53408,35.7768],[51.53459,35.77672],[51.53511,35.77665],[51.5356,35.77658],[51.53642,35.77643],[51.53727,35.77627],[51.53771,35.77619],[51.53815,35.77609],[51.539,35.77591],[51.53944,35.7758],[51.53991,35.7757],[51.54037,35.77558],[51.54085,35.77546],[51.54133,35.77532],[51.54181,35.77517],[51.5423,35.77502],[51.54278,35.77485],[51.54327,35.77468],[51.54377,35.77451],[51.54428,35.77432],[51.54478,35.77414],[51.5453,35.77396],[51.54581,35.77377],[51.54633,35.77359],[51.54686,35.7734],[51.5474,35.7732],[51.54793,35.77301],[51.54847,35.77281],[51.54902,35.77261],[51.54957,35.77242],[51.55012,35.77222],[51.55067,35.77203],[51.55122,35.77184],[51.55177,35.77165],[51.55231,35.77146],[51.55285,35.77127],[51.55339,35.77107],[51.55391,35.77091],[51.55438,35.77076],[51.55481,35.77061],[51.55522,35.77045],[51.55568,35.77029],[51.55618,35.77011],[51.55669,35.76993],[51.55718,35.76974],[51.55766,35.76956],[51.55813,35.76934],[51.55862,35.7691],[51.55909,35.76885],[51.55954,35.7686],[51.55998,35.76835],[51.56041,35.76808],[51.56083,35.76779],[51.56124,35.76751],[51.56167,35.76722],[51.56209,35.76692],[51.56252,35.76662],[51.56297,35.76631],[51.56345,35.766],[51.56394,35.7657],[51.56442,35.76541],[51.56489,35.76512],[51.56527,35.76491],[51.56579,35.7646],[51.56634,35.76431],[51.56669,35.76408],[51.56706,35.76382],[51.56748,35.76353],[51.56791,35.76321],[51.56837,35.76286],[51.56886,35.76249],[51.56935,35.76211],[51.56985,35.76173],[51.57033,35.76135],[51.57081,35.76097],[51.57127,35.76061],[51.57172,35.76026],[51.57217,35.75992],[51.57263,35.75958],[51.57308,35.75921],[51.57353,35.75883],[51.57397,35.75846],[51.57436,35.75811],[51.5747,35.75777],[51.575,35.75741],[51.5753,35.75703],[51.57558,35.75664],[51.57583,35.75624],[51.57605,35.75585],[51.57623,35.7555],[51.57641,35.75493],[51.57656,35.75435],[51.57673,35.75385],[51.57699,35.75343],[51.57734,35.75298],[51.57793,35.7525],[51.57862,35.75207],[51.57916,35.75171],[51.579,35.75127],[51.57844,35.7509],[51.5778,35.75045],[51.57745,35.7502],[51.5769,35.74971],[51.57648,35.74927],[51.57626,35.74877],[51.57639,35.74829],[51.57674,35.74773],[51.57707,35.74715],[51.57689,35.74645],[51.57671,35.74604],[51.57654,35.74565],[51.57622,35.74516],[51.57572,35.74523],[51.57488,35.74548],[51.57439,35.74562],[51.57392,35.74576],[51.5735,35.74589],[51.57292,35.74605],[51.5725,35.74579],[51.5723,35.74522],[51.5721,35.74472],[51.57189,35.74419],[51.57187,35.74364],[51.57211,35.74319],[51.57246,35.74279],[51.57272,35.74248],[51.57297,35.74207],[51.57277,35.74174],[51.57232,35.74143],[51.57174,35.74114],[51.57125,35.74088],[51.57067,35.74055],[51.57011,35.74023],[51.56953,35.73992],[51.56895,35.73956],[51.5683,35.73915],[51.5677,35.73875],[51.56721,35.73842],[51.56673,35.73811],[51.56616,35.73776],[51.56547,35.73733],[51.5651,35.73711],[51.56471,35.73688],[51.56409,35.7365],[51.5636,35.73625],[51.56316,35.73599],[51.56267,35.73569],[51.56216,35.7354],[51.56171,35.73514],[51.56121,35.73483],[51.56066,35.73452],[51.5603,35.7343],[51.55994,35.73405],[51.55955,35.73382],[51.559,35.73353],[51.55855,35.73327],[51.55806,35.73299],[51.55748,35.73266],[51.55684,35.73228],[51.55628,35.73199],[51.5559,35.73178],[51.55548,35.73154],[51.55499,35.73127],[51.55446,35.73097],[51.55396,35.7307],[51.55357,35.73048],[51.5537,35.73012],[51.55412,35.72993],[51.5541,35.72995],[51.55407,35.72989],[51.55407,35.72989],[51.55408,35.72989],[51.55407,35.72989],[51.55407,35.72981],[51.55401,35.7298],[51.55395,35.72977],[51.55399,35.72976],[51.55396,35.72979],[51.55393,35.72982],[51.55395,35.72989],[51.55392,35.72963],[51.55391,35.72977],[51.554,35.72974],[51.55406,35.72977],[51.55401,35.72973],[51.55403,35.72965],[51.55399,35.72979],[51.55406,35.72983],[51.55389,35.72998],[51.55395,35.72995],[51.55402,35.72984]]]}},{"type":"Feature","properties":{"route":9,"color":"#ea580c","times":[[21130,21133,21136,21139,21145,21151,21157,21163,21172,21181,21187,21193,21199,21205,21211,21220,21226,21232,21238,21244,21247,21250,21253,21256,21259,21262,21265,21268,21271,21274,21277,21280,21283,21286,21289,21292,21295,21298,21301,21304,21307,21310,21313,21316,21319,21322,21325,21328,21331,21334,21337,21340,21343,21346,21349,21352,21355,21358,21364,21370,21382,21442,21502,21535,21556,21592,21613,21649,21679,21691,21703,21715,21721,21781,21826,21832,21841,21847,21853,21856,21859,21862,21865,21868,21871,21874,21877,21880,21883,21886,21889,21892,21895,21898,21901,21904,21907,21910,21913,21916,21919,21922,21925,21928,21931,21934,21937,21940,21943,21946,21949,21952,21955,21958,21961,21964,21967,21970,21973,21976,21979,21982,21985,21988,21991,21994,21997,22000,22003,22006,22009,22012,22015,22018,22021,22024,22027,22030,22033,22036,22039,22042,22045,22048,22051,22054,22057,22060,22063,22066,22069,22072,22075,22078,22081,22084,22087,22090,22093,22096,22099,22102,22105,22108,22111,22114,22120,22126,22132,22141,22153,22186,22195,22201,22207,22213,22219,22225,22249,22255,22261,22267,22273,22282,22294,22309,22315,22321,22333,22342,22351,22360,22366,22372,22378,22384,22390,22396,22402,22408,22414,22417,22423,22444,22450,22456,22462,22468,22477,22504,22510,22516,22537,22543,22549,22555,22561,22567,22573,22579,22600,22618,22627,22633,22639,22645,22657,22675,22684,22693,22702,22708,22714,22720,22726,22729,22732,22735,22738,22741,22744,22747,22750,22753,22756,22759,22762,22765,22768,22771,22774,22777,22780,22783,22789,22795,22801,22807,22813,22846,22882,22912,22921,22927,22930,22933,22936,22939,22942,22945,22948,22951,22954,22957,22960,22963,22966,22969,22972,22975,22978,22981,22984,22987,22990,22993,22996,22999,23002,23005,23008,23011,23014,23017,23020,23023,23026,23029,23032,23035,23038,23041,23044,23047,23050,23053,23056,23059,23062,23065,23068,23071,23074,23077,23080,23083,23086,23089,23092,23095,23098,23101,23104,23107,23110,23113,23116,23119,23122,23125,23128,23131,23134,23137,23140,23143,23146,23149,23152,23155,23158,23161,23164,23167,23170,23173,23176,23179,23182,23185,23188,23191,23194,23197,23200,23203,23206,23209,23212,23215,23218,23221,23224,23227,23230,23233,23236,23239,23242,23245,23248,23251,23254,23257,23260,23263,23266,23269,23272,23275,23278,23281,23284,23287,23290,23293,23296,23299,23302,23305,23308,23311,23314,23317,23320,23323,23326,23332,23344,23350,23356,23365,23371,23377,23383,23389,23395,23398,23401,23404,23407,23410,23413,23416,23419,23422,23425,23428,23431,23434,23437,23440,23443,23446,23449,23452,23455,23458,23461,23464,23467,23470,23473,23476,23479,23482,23485,23488,23491,23494,23497,23500,23503,23506,23509,23512,23515,23518,23521,23524,23527,23530,23533,23536,23539,23542,23545,23548,23551,23554,23557,23560,23563,23566,23569,23572,23575,23578,23581,23584,23587,23590,23593,23596,23599,23602,23605,23608,23611,23614,23617,23620,23623,23626,23629,23632,23635,23638,23641,23644,23647,23650,23653,23656,23659,23662,23665,23668,23671,23674,23677,23680,23683,23686,23689,23692,23695,23698,23701,23704,23707,23713,23719,23725,23731,23737,23743,23755,23761,23767,23773,23776,23779,23782,23785,23788,23791,23794,23797,23800,23803,23806,23809,23812,23815,23818,23821,23824,23827,23830,23833,23836,23839,23845,23854,23863,23869,23875,23878,23881,23884,23887,23890,23893,23896,23899,23902,23905,23908,23911,23914,23917,23920,23923,23926,23929,23932,23935,23938,23941,23944,23947,23950,23953,23956,23959,23962,23965,23968,23971,23974,23977,23980,23983,23986,23989,23992,23995,23998,24001,24004,24007,24010,24013,24016,24019,24022,24025,24028,24031,24034,24037,24040,24043,24046,24049,24052,24055,24058,24061,24064,24070,24076,24082,24088,24091,24094,24097,24100,24103,24106,24109,24112,24115,24118,24124,24130,24136,24142,24148,24154,24160,24163,24166,24169,24172,24175,24178,24181,24184,24187,24190,24193,24196,24199,24202,24205,24208,24211,24214,24217,24220,24223,24226,24229,24232,24235,24238,24241,24244,24247,24250,24253,24256,24259,24262,24265,24268,24274,24277,24280,24283,24286,24289,24292,24295,24298,24301,24304,24307,24310,24313,24316,24319,24322,24325,24328,24331,24334,24337,24340,24343,24346,24349,24352,24355,24358,24361,24364,24367,24370,24373,24376,24379,24382,24385,24388,24391,24394,24397,24400,24403,24406,24409,24412,24415,24418,24421,24424,24427,24430,24433,24436,24439,24442,24445,24448,24451,24454,24457,24460,24463,24466,24469,24472,24475,24478,24481,24484,24487,24493,24502,24508,24517,24526,24544,24553,24565,24574,24580,24586,24592,24595,24598,24601,24604,24610,24616,24622,24631,24640,24649,24658,24670,24679,24685,24691,24697,24703,24709,24715,24721,24727,24733,24739,24745,24751,24757,24763,24769,24775,24781,24787,24790,24793,24796,24799,24802,24805,24808,24811,24814,24817,24820,24823,24826,24829,24832,24835,24838,24841,24844,24847,24850,24853,24856,24859,24862,24865,24868,24871,24874,24877,24880,24883,24886,24889,24892,24895,24898,24901,24904,24907,24910,24913,24916,24919,24922,24925,24928,24931,24934,24937,24940,24943,24946,24949,24952,24958,24964,24970,24973,24976,24979,24982,24985,24988,24991,24994,24997,25000,25003,25006,25009,25012,25015,25018,25021,25024,25027,25030,25033,25036,25039,25042,25045,25048,25051,25054,25057,25060,25066,25072,25078,25084,25090,25096,25102,25108,25111,25114,25117,25120,25123,25126,25129,25132,25135,25138,25141,25144,25147,25150,25153,25156,25159,25162,25165,25168,25171,25174,25177,25180,25183,25186,25189,25192,25195,25198,25201,25204,25207,25210,25213,25216,25219,25222,25225,25228,25231,25234,25237,25240,25243,25246,25249,25252,25255,25258,25261,25264,25267,25270,25273,25276,25279,25282,25285,25288,25291,25294,25297,25300,25303,25306,25309,25312,25315,25318,25321,25324,25327,25330,25333,25336,25339,25342,25345,25348,25351,25354,25357,25360,25363,25366,25369,25372,25375,25378,25381,25384,25387,25390,25393,25396,25399,25402,25405,25408,25411,25417,25423,25429,25432,25435,25438,25444,25456,25462,25468,25474,25483,25489,25495,25498,25501,25504,25507,25510,25513,25516,25519,25522,25525,25528,25531,25534,25537,25540,25543,25546,25549,25552,25555,25558,25561,25564,25567,25570,25573,25576,25579,25582,25585,25588,25591,25594,25597,25600,25603,25606,25609,25612,25615,25618,25621,25624,25627,25630,25633,25636,25639,25642,25645,25648,25651,25654,25657,25660,25663,25666,25669,25672,25675,25678,25681,25684,25687,25690,25693,25696,25699,25702,25705,25708,25711,25714,25717,25720,25723,25726,25729,25732,25735,25738,25741,25744,25747,25750,25753,25756,25759,25765,25771,25777,25783,25786,25789,25792,25795,25798,25801,25804,25807,25810,25813,25816,25819,25822,25825,25828,25831,25834,25837,25840,25843,25846,25849,25852,25855,25858,25861,25864,25867,25870,25873,25876,25879,25882,25885,25888,25891,25894,25897,25900,25903,25906,25909,25912,25915,25918,25921,25924,25927,25930,25933,25936,25939,25942,25948,25957,25963,25966,25969,25972,25975,25978,25981,25984,25987,25990,25993,25996,25999,26002,26005,26008,26011,26014,26017,26020,26023,26026,26029,26032,26035,26038,26041,26050,26056,26062,26068,26077,26086,26095,26101,26162,26222,26282,26297,26303,26308,26314,26326,26335,26341,26353,26413,26473,26524,26530,26542,26554,26563,26572,26578,26584,26593,26602,26614,26623,26629,26635,26641,26650,26656,26662,26665,26668,26674,26680,26683,26686,26689,26692,26695,26698,26701,26704,26707,26710,26713,26719,26725,26731,26743,26752,26758,26764,26773,26830,26839,26857,26863,26878,26884,26890,26893,26896,26899,26902,26905,26908,26911,26914,26917,26920,26923,26926,26929,26932,26935,26938,26941,26944,26947,26950,26953,26956,26959,26962,26965,26968,26971,26974,26977,26980,26983,26986,26989,26992,26995,26998,27001,27004,27007,27010,27013,27016,27019,27022,27025,27028,27031,27034,27037,27040,27043,27046,27049,27052,27055,27058,27061,27064,27067,27070,27073,27076,27079,27082,27085,27088,27091,27097,27103,27109,27115,27130,27136,27142,27151,27160,27169,27175,27181,27187,27193,27199,27205,27211,27217,27226,27232,27238,27244,27250,27256,27262,27268,27274,27280,27286,27292,27301,27307,27313,27319,27337,27343,27349,27355,27361,27367,27379,27385,27391,27397,27403,27409,27430,27439,27448,27457,27466,27475,27487,27496,27508,27568,27628,27688,27748,27757,27763,27769,27781,27787,27793,27796,27799,27802,27808,27814,27823,27829,27835,27841,27850,27859,27865,27871,27877,27886,27895,27904,27919,27928,27937,27943,27949,27961,28021,28081,28141,28201,28261,28321,28354,28369,28399,28411,28423,28483,28543,28576,28588,28648,28708,28762,28777,28792,28804,28813,28825,28840,28849,28855,28861,28867,28873,28879,28885,28945,29005,29065,29125,29185,29245,29257,29266,29275,29281,29287,29293,29299,29305,29314,29323,29329,29335,29341,29347,29353,29365,29371,29377,29383,29389,29449,29509,29569,29629,29665,29671,29677,29683,29689,29695,29701,29707,29713,29719,29725,29731,29734,29737,29740,29743,29749,29755,29761,29770,29779,29788,29803,29818,29827,29833,29839,29845,29851,29857,29866,29878,29884,29890,29911,29920,29929,29938,29947,29959,29974,29980,29986,29992,29998,30004,30010,30016,30022,30025,30031,30037,30043,30052,30097,30157,30217,30277,30337,30397,30457,30517,30577,30589,30595,30601,30607,30613,30619,30625,30631,30637,30649,30655,30661,30667,30676,30682,30691,30697,30706,30712,30718,30730,30790,30850,30910,30970,31030,31090,31150,31210,31270,31330,31390,31429,31489,31528,31588,31627,31687,31747,31789,31801,31861,31921,31981,32041,32101,32161,32221,32281,32326,32332,32353,32359,32365,32371,32377,32383,32389,32404,32410,32425,32431,32440,32458,32473,32479,32485,32491,32497,32503,32506,32509,32515,32530,32536,32542,32554,32614,32674,32734,32794,32854,32914,32974,33034,33094,33121,33133,33139,33145,33154,33163,33169,33178,33187,33196,33205,33217,33229,33289,33349,33409,33469,33529,33565,33571,33577,33589,33595,33607,33622,33682,33742,33802,33835,33841,33847,33859,33865,33871,33883,33895,33910,33919,33946,33952,33958,33973,33979,34039,34090,34099,34105,34111,34117,34123,34129,34138,34150,34186,34246,34306,34366,34426,34471,34483,34492,34501,34540,34549,34558,34567,34627,34687,34747,34807,34867,34927,34987,35002,35011,35032,35068,35077,35086,35095,35101,35107,35113,35119,35125,35131,35137,35143,35149,35158,35164,35179,35188,35236,35248,35254,35260,35269,35329,35389,35449,35509,35569,35629,35689,35749,35809,35842,35851,35866,35872,35896,35905,35914,35923,35983,36043,36103,36163,36223,36283,36337,36346,36355,36364,36388,36400,36433,36439,36445,36451,36457,36463,36469,36472,36475,36478,36481,36487,36499,36559,36619,36679,36739,36799,36859,36919,36979,37039,37099,37108,37120,37126,37132,37144,37153,37159,37168,37177,37237,37297,37357,37417,37468,37480,37489,37498,37510,37525,37534,37540,37546,37552,37558,37564,37573,37582,37588,37597,37603,37609,37615,37621,37627,37633,37639,37645,37651,37654,37660,37666,37672,37678,37684,37690,37696,37699,37702,37705,37708,37714,37720,37726,37729,37732,37738,37744,37753,37759,37765,37771,37777,37783,37789,37795,37801,37861,37921,37981,38011,38020,38029,38044,38050,38056,38062,38068,38074,38080,38092,38098,38104,38110,38170,38230,38236,38242,38248,38254,38260,38269,38275,38281,38287,38293,38299,38305,38311,38320,38326,38332,38335,38338,38341,38344,38347,38350,38353,38356,38359,38362,38365,38368,38371,38374,38377,38380,38383,38386,38389,38395,38398,38401,38404,38407,38416,38422,38428,38434,38446,38452,38461,38467,38473,38479,38488,38497,38506,38521,38530,38545,38551,38557,38563,38569,38575,38581,38587,38638,38644,38653,38659,38662,38665,38668,38671,38674,38677,38680,38686,38692,38698,38701,38704,38707,38710,38713,38716,38722,38731,38752,38788,38794,38800,38803,38806,38812,38818,38827,38839,38851,38860,38866,38872,38878,38884,38890,38896,38902,38911,38917,38923,38929,38941,38962,38980,38992,38998,39004,39010,39016,39022,39031,39037,39043,39049,39055,39058,39061,39064,39067,39070,39073,39076,39079,39082,39085,39097,39103,39109,39112,39115,39118,39121,39124,39127,39136,39196,39229,39235,39244,39256,39271,39277,39283,39289,39349,39409,39469,39529,39541,39601,39661,39670,39682,39697,39712,39718,39724,39784,39844,39904,39964,39970,39976,39979,39982,39985,39988,39991,39994,40000,40006,40012,40015,40018,40021,40024,40030,40036,40042,40045,40048,40051,40054,40057,40063,40069,40075,40078,40081,40084,40087,40090,40093,40096,40099,40102,40105,40108,40111,40114,40117,40120,40123,40126,40129,40132,40135,40138,40144,40153,40159,40165,40171,40180,40186,40189,40192,40195,40198,40201,40204,40207,40210,40213,40216,40219,40222,40225,40228,40231,40234,40237,40240,40243,40246,40249,40252,40255,40258,40261,40264,40267,40270,40273,40276,40279,40282,40285,40288,40291,40294,40297,40300,40303,40306,40309,40312,40315,40321,40330,40336,40342,40348,40354,40366,40372,40375,40378,40384,40396,40402,40408,40411,40414,40417,40420,40423,40426,40429,40432,40435,40438,40441,40444,40447,40450,40453,40456,40459,40462,40465,40468,40471,40474,40477,40480,40483,40486,40489,40492,40495,40501,40561,40576,40582,40588,40597,40609,40615,40618,40621,40624,40627,40630,40633,40636,40639,40642,40645,40648,40651,40654,40657,40660,40663,40666,40669,40672,40675,40678,40681,40684,40687,40690,40693,40696,40699,40702,40705,40708,40711,40714,40717,40720,40723,40726,40729,40732,40735,40738,40741,40744,40747,40750,40753,40756,40759,40762,40765,40768,40771,40774,40777,40780,40783,40786,40789,40792,40795,40798,40801,40804,40807,40810,40813,40816,40819,40822,40825,40828,40831,40834,40837,40840,40843,40846,40849,40852,40855,40858,40861,40864,40867,40870,40873,40876,40879,40882,40885,40888,40891,40894,40897,40900,40903,40909,40918,40924,40930,40936,40939,40942,40945,40951,40957,41017,41077,41137,41197,41257,41272,41332,41392,41452,41512,41572,41587,41647,41707,41767,41827,41887,41947,42007,42067,42127,42187,42247,42307,42367,42376,42382,42388,42397,42409,42418,42424,42430,42436,42448,42466,42472,42478,42484,42493,42508,42514,42520,42526,42529,42532,42535,42538,42544,42547,42550,42553,42556,42559,42565,42577,42583,42592,42598,42604,42607,42610,42613,42616,42619,42622,42625,42628,42631,42634,42637,42640,42643,42646,42649,42652,42655,42658,42661,42664,42667,42670,42673,42676,42679,42682,42685,42688,42691,42694,42697,42700,42703,42706,42709,42712,42715,42718,42721,42724,42727,42730,42733,42736,42739,42742,42745,42748,42751,42754,42757,42760,42763,42766,42769,42772,42775,42778,42781,42784,42787,42790,42793,42796,42799,42802,42805,42808,42811,42814,42817,42820,42823,42826,42829,42832,42835,42838,42841,42844,42847,42850,42853,42856,42859,42862,42865,42868,42871,42874,42877,42880,42883,42886,42889,42892,42895,42898,42901,42904,42907,42910,42913,42916,42919,42922,42925,42928,42931,42934,42937,42940,42943,42946,42949,42952,42955,42958,42961,42967,42973,42979,42982,42985,42988,42991,42994,42997,43000,43003,43006,43009,43012,43015,43018,43021,43024,43027,43030,43033,43036,43039,43042,43045,43048,43051,43054,43057,43060,43063,43066,43069,43072,43075,43078,43081,43084,43087,43090,43093,43096,43102,43108,43114,43117,43120,43123,43126,43129,43132,43138,43171,43177,43180,43183,43186,43189,43192,43195,43198,43201,43207,43213,43216,43219,43222,43225,43228,43231,43234,43237,43240,43243,43246,43249,43252,43255,43258,43261,43264,43267,43270,43273,43276,43279,43282,43285,43288,43291,43294,43297,43300,43303,43306,43309,43312,43315,43318,43321,43324,43327,43330,43333,43336,43339,43342,43345,43348,43351,43354,43357,43360,43363,43366,43369,43372,43375,43378,43381,43384,43387,43390,43393,43396,43399,43402,43405,43408,43411,43414,43417,43420,43423,43426,43429,43432,43435,43438,43441,43444,43447,43450,43453,43456,43459,43462,43465,43468,43474,43480,43486,43492,43498,43501,43504,43510,43513,43516,43519,43522,43528,43534,43540,43546,43552,43555,43558,43561,43564,43567,43570,43573,43576,43579,43582,43585,43588,43591,43594,43597,43603,43606,43609,43612,43615,43618,43621,43624,43627,43630,43633,43636,43639,43642,43645,43648,43651,43654,43657,43660,43663,43666,43669,43672,43675,43678,43681,43684,43687,43690,43693,43696,43699,43702,43705,43708,43711,43714,43717,43720,43723,43726,43729,43732,43735,43738,43741,43744,43747,43750,43753,43756,43759,43762,43765,43768,43771,43774,43777,43780,43783,43786,43789,43792,43795,43798,43801,43804,43807,43810,43813,43816,43819,43822,43825,43828,43831,43834,43837,43840,43843,43846,43849,43852,43855,43858,43861,43864,43867,43870,43873,43876,43879,43882,43885,43888,43891,43894,43897,43900,43903,43906,43909,43912,43915,43918,43921,43924,43927,43930,43933,43936,43939,43942,43945,43948,43951,43954,43957,43960,43963,43966,43969,43972,43975,43978,43981,43984,43987,43990,43993,43996,43999,44002,44005,44008,44011,44014,44017,44020,44023,44026,44029,44032,44035,44038,44041,44044,44047,44050,44053,44056,44059,44062,44065,44068,44071,44074,44077,44080,44083,44086,44089,44092,44095,44101,44110,44116,44122,44125,44128,44131,44134,44137,44140,44143,44146,44149,44152,44155,44158,44161,44164,44167,44170,44173,44176,44179,44182,44185,44188,44191,44194,44197,44200,44203,44206,44209,44212,44215,44218,44221,44224,44227,44230,44233,44236,44239,44242,44245,44248,44251,44254,44257,44260,44263,44266,44269,44272,44275,44278,44281,44284,44287,44290,44293,44296,44299,44302,44305,44308,44311,44314,44317,44320,44323,44326,44329,44332,44335,44338,44341,44344,44347,44350,44353,44356,44359,44362,44365,44368,44371,44374,44377,44380,44383,44386,44389,44392,44395,44398,44401,44404,44407,44410,44413,44416,44419,44422,44425,44428,44431,44434,44437,44440,44443,44446,44452,44458,44464,44470,44476,44479,44482,44485,44488,44491,44494,44497,44500,44503,44506,44509,44512,44515,44518,44521,44524,44527,44530,44533,44536,44539,44542,44545,44548,44551,44554,44557,44560,44563,44566,44569,44572,44575,44578,44581,44584,44587,44590,44593,44596,44599,44602,44605,44608,44611,44614,44617,44620,44623,44626,44632,44635,44638,44641,44644,44647,44650,44653,44656,44659,44662,44665,44668,44671,44674,44677,44680,44683,44686,44689,44692,44695,44698,44701,44704,44707,44710,44713,44716,44719,44722,44725,44728,44731,44734,44737,44740,44743,44746,44749,44752,44755,44758,44761,44764,44767,44770,44773,44776,44779,44782,44785,44788,44791,44794,44797,44800,44803,44806,44809,44812,44815,44818,44821,44824,44827,44830,44833,44836,44839,44842,44845,44848,44851,44854,44857,44860,44863,44866,44869,44872,44875,44878,44881,44884,44887,44893,44899,44905,44911,44917,44923,44929,44932,44935,44938,44941,44944,44947,44950,44953,44956,44959,44962,44965,44968,44971,44974,44977,44983,44986,44989,44992,44995,44998,45001,45004,45007,45010,45013,45016,45019,45022,45025,45028,45031,45034,45037,45040,45043,45046,45049,45052,45055,45058,45061,45064,45067,45070,45073,45076,45079,45082,45085,45088,45091,45094,45097,45100,45103,45106,45109,45112,45115,45118,45121,45124,45127,45130,45133,45136,45142,45148,45151,45154,45157,45160,45163,45166,45169,45175,45181,45187,45193,45196,45199,45202,45205,45208,45211,45214,45217,45220,45223,45226,45229,45232,45235,45238,45241,45244,45247,45250,45253,45256,45259,45262,45265,45268,45271,45274,45277,45280,45283,45286,45289,45292,45295,45298,45301,45304,45307,45310,45313,45316,45319,45322,45325,45328,45331,45334,45337,45340,45343,45346,45349,45352,45355,45358,45361,45364,45367,45370,45373,45376,45379,45382,45385,45388,45391,45394,45397,45400,45403,45406,45409,45412,45415,45418,45421,45424,45427,45430,45433,45436,45439,45442,45445,45448,45451,45454,45457,45460,45463,45466,45469,45472,45475,45478,45481,45484,45487,45490,45493,45496,45499,45502,45505,45508,45511,45514,45517,45520,45523,45526,45529,45532,45535,45538,45541,45544,45547,45550,45553,45556,45559,45562,45565,45568,45571,45574,45577,45580,45583,45586,45589,45592,45595,45598,45601,45604,45607,45610,45613,45616,45619,45622,45625,45628,45631,45634,45637,45640,45643,45649,45655,45664,45670,45676,45682,45685,45688,45694,45700,45703,45706,45709,45712,45715,45721,45730,45736,45739,45742,45748,45751,45754,45757,45763,45769,45772,45775,45778,45781,45784,45790,45796,45799,45802,45805,45808,45811,45817,45826,45835,45841,45847,45853,45859,45868,45874,45877,45880,45886,45892,45898,45904,45910,45916,45922,45931,45943,45949,45958,45967,45973,45979,45985,45991,45997,46003,46009,46015,46021,46027,46030,46033,46036,46039,46045,46051,46057,46060,46066,46084,46144,46204,46264],[55864,55924,55984,56044,56104,56164,56224,56284,56344,56404,56464,56524,56584,56644,56704,56764,56824,56884,56944,57004,57064,57124,57184,57244,57304,57364,57424,57484,57544,57604,57664,57724,57784,57844,57904,57964,58024,58084,58144,58204,58237,58297,58357,58417,58477,58537,58597,58657,58717,58777,58837,58897,58957,59017,59077,59119,59179,59239,59299,59359,59419,59479,59539,59599,59659,59719,59779]]},"geometry":{"type":"MultiLineString","coordinates":[[[51.55387,35.73027],[51.55466,35.72961],[51.55503,35.72888],[51.5553,35.72856],[51.55566,35.72804],[51.556,35.72759],[51.5563,35.7272],[51.5566,35.72685],[51.55684,35.72655],[51.55642,35.72636],[51.55588,35.72623],[51.5553,35.7261],[51.55481,35.72603],[51.55426,35.72599],[51.55369,35.72595],[51.55305,35.72594],[51.55245,35.7259],[51.55175,35.72584],[51.55094,35.72579],[51.55006,35.72573],[51.5496,35.7257],[51.54913,35.72566],[51.54866,35.72563],[51.54818,35.7256],[51.54771,35.72557],[51.54721,35.72553],[51.5467,35.72547],[51.54623,35.72544],[51.54575,35.72542],[51.5453,35.72542],[51.5448,35.7254],[51.5443,35.72537],[51.54382,35.72535],[51.54337,35.72532],[51.5429,35.72528],[51.54242,35.72523],[51.54197,35.72518],[51.54152,35.72514],[51.54103,35.7251],[51.54051,35.72506],[51.53999,35.72502],[51.53944,35.72498],[51.53888,35.72494],[51.5383,35.72491],[51.53773,35.72489],[51.53714,35.72487],[51.53656,35.72485],[51.53599,35.72481],[51.53541,35.72475],[51.53485,35.7247],[51.53428,35.72467],[51.53376,35.72464],[51.53331,35.72462],[51.53284,35.72459],[51.53233,35.72455],[51.53181,35.72452],[51.5313,35.72448],[51.53081,35.72444],[51.53001,35.7244],[51.52946,35.72437],[51.529,35.72431],[51.52861,35.72429],[51.52853,35.72426],[51.52808,35.72419],[51.52757,35.7242],[51.52711,35.72419],[51.52666,35.72416],[51.52619,35.72413],[51.52568,35.72408],[51.52521,35.72405],[51.52468,35.72402],[51.52419,35.72402],[51.52372,35.72396],[51.52364,35.72386],[51.5234,35.72342],[51.52322,35.72309],[51.52286,35.72268],[51.52234,35.72262],[51.52143,35.72248],[51.52089,35.72238],[51.52039,35.72228],[51.51992,35.72219],[51.51941,35.72213],[51.51885,35.72209],[51.51824,35.72204],[51.5176,35.72198],[51.51694,35.72188],[51.51626,35.72174],[51.51558,35.72156],[51.5149,35.72131],[51.51423,35.72101],[51.5136,35.72066],[51.51299,35.72026],[51.51243,35.71981],[51.51191,35.71932],[51.5114,35.71882],[51.5109,35.71831],[51.5104,35.7178],[51.50989,35.7173],[51.50939,35.7168],[51.50891,35.7163],[51.50845,35.71578],[51.508,35.71528],[51.50756,35.71476],[51.50712,35.71423],[51.5067,35.7137],[51.50626,35.71317],[51.50583,35.71265],[51.5054,35.71212],[51.50499,35.71155],[51.50464,35.71096],[51.50434,35.71037],[51.50409,35.70981],[51.50386,35.70925],[51.50364,35.70869],[51.50341,35.70814],[51.50318,35.70759],[51.50296,35.70705],[51.50273,35.70652],[51.50247,35.70596],[51.50221,35.70539],[51.50196,35.70486],[51.5017,35.70432],[51.50145,35.70376],[51.50121,35.7032],[51.50099,35.70264],[51.50077,35.70207],[51.50054,35.7015],[51.50028,35.70094],[51.49999,35.70042],[51.49967,35.6999],[51.49933,35.69939],[51.499,35.69889],[51.49864,35.6984],[51.49827,35.69792],[51.49788,35.69747],[51.4975,35.69702],[51.49713,35.69659],[51.49678,35.69617],[51.49644,35.69574],[51.49611,35.6953],[51.49577,35.69487],[51.49542,35.69443],[51.49505,35.69398],[51.49467,35.69351],[51.49428,35.69303],[51.49393,35.69254],[51.49363,35.69203],[51.49343,35.69149],[51.49323,35.69096],[51.49307,35.69045],[51.49292,35.68995],[51.49281,35.68945],[51.49275,35.68894],[51.49273,35.68841],[51.49272,35.68787],[51.49271,35.68731],[51.49271,35.68674],[51.4927,35.68616],[51.49269,35.68559],[51.49267,35.68505],[51.49266,35.68451],[51.49264,35.68399],[51.49263,35.6835],[51.49262,35.68301],[51.49261,35.6826],[51.4926,35.68207],[51.49259,35.6817],[51.49258,35.68133],[51.49258,35.68086],[51.49255,35.6805],[51.49251,35.68013],[51.49247,35.67965],[51.49243,35.67922],[51.49241,35.67866],[51.49239,35.67806],[51.49238,35.67748],[51.49238,35.67703],[51.49238,35.67652],[51.49236,35.67601],[51.49235,35.6754],[51.49233,35.67481],[51.49231,35.67431],[51.4923,35.67386],[51.49228,35.67333],[51.49227,35.67295],[51.49226,35.67253],[51.49224,35.67213],[51.49223,35.67171],[51.49221,35.67121],[51.4922,35.6708],[51.4922,35.67031],[51.49218,35.66985],[51.49216,35.66922],[51.49215,35.66851],[51.49212,35.66788],[51.49205,35.66741],[51.49194,35.66695],[51.49184,35.66656],[51.4917,35.66615],[51.49149,35.66555],[51.49137,35.66519],[51.49118,35.66465],[51.49105,35.66428],[51.4909,35.66381],[51.49073,35.66331],[51.49054,35.66274],[51.49037,35.66222],[51.49025,35.66187],[51.49012,35.66151],[51.48997,35.66108],[51.48982,35.66064],[51.48966,35.66017],[51.48953,35.65979],[51.48939,35.65938],[51.48925,35.65895],[51.48909,35.65849],[51.48889,35.65798],[51.48867,35.65757],[51.48842,35.6572],[51.48816,35.65689],[51.4879,35.65649],[51.48788,35.65602],[51.48792,35.65565],[51.48791,35.65524],[51.48783,35.65487],[51.48773,35.65452],[51.48757,35.65409],[51.48741,35.65363],[51.48723,35.65316],[51.48704,35.65261],[51.48691,35.65219],[51.48673,35.65167],[51.48655,35.65113],[51.48632,35.6505],[51.48619,35.65013],[51.48606,35.64973],[51.48591,35.64931],[51.48577,35.64889],[51.48562,35.64845],[51.48546,35.64799],[51.48531,35.64754],[51.4852,35.64713],[51.4851,35.64668],[51.48501,35.64624],[51.48496,35.64579],[51.48491,35.64538],[51.48484,35.64497],[51.48479,35.64454],[51.48473,35.64409],[51.48466,35.64361],[51.48459,35.64316],[51.48451,35.64268],[51.48445,35.64223],[51.48437,35.6416],[51.48428,35.64109],[51.48421,35.64055],[51.48414,35.64006],[51.48408,35.63956],[51.48403,35.63918],[51.48398,35.63882],[51.4839,35.63842],[51.48366,35.63789],[51.48319,35.63732],[51.48286,35.63704],[51.48245,35.63679],[51.48198,35.63659],[51.48143,35.63643],[51.48089,35.63642],[51.48035,35.63647],[51.47982,35.63659],[51.47933,35.63679],[51.47886,35.63702],[51.47838,35.63725],[51.47789,35.63748],[51.47743,35.63772],[51.47698,35.63793],[51.47653,35.63811],[51.47606,35.63824],[51.47556,35.63828],[51.47503,35.63826],[51.47452,35.63818],[51.47404,35.63803],[51.47359,35.63778],[51.47317,35.63746],[51.47282,35.63707],[51.47249,35.63666],[51.47216,35.63626],[51.47178,35.63587],[51.47138,35.63553],[51.47102,35.63528],[51.47065,35.63505],[51.47026,35.63482],[51.46982,35.63459],[51.46933,35.63436],[51.46879,35.63416],[51.46825,35.63397],[51.46771,35.63374],[51.46715,35.6335],[51.46658,35.63326],[51.46602,35.63303],[51.46548,35.63281],[51.46496,35.63261],[51.46443,35.63241],[51.46388,35.63221],[51.46332,35.632],[51.46274,35.6318],[51.46214,35.63161],[51.46152,35.63143],[51.46087,35.63126],[51.46021,35.63109],[51.45954,35.63092],[51.45884,35.63076],[51.45815,35.63062],[51.4575,35.63047],[51.45694,35.63033],[51.45646,35.63021],[51.45598,35.63009],[51.45545,35.62998],[51.45489,35.6299],[51.45428,35.62984],[51.45364,35.62979],[51.45298,35.62975],[51.4523,35.62972],[51.45161,35.62969],[51.4509,35.62968],[51.45018,35.62968],[51.44945,35.62969],[51.44871,35.62967],[51.44797,35.62965],[51.44725,35.62962],[51.44654,35.62957],[51.44582,35.62951],[51.44511,35.62944],[51.44441,35.62937],[51.44372,35.62928],[51.44306,35.62918],[51.44238,35.62909],[51.4417,35.62901],[51.44108,35.62886],[51.44043,35.6287],[51.43976,35.62854],[51.43907,35.62837],[51.43839,35.62819],[51.43771,35.62801],[51.43703,35.6278],[51.43636,35.62757],[51.43568,35.62734],[51.43503,35.6271],[51.43438,35.62685],[51.43373,35.62659],[51.43309,35.62632],[51.43244,35.62604],[51.4318,35.62574],[51.43117,35.62543],[51.43053,35.62511],[51.42992,35.62478],[51.4293,35.62444],[51.42869,35.62409],[51.42809,35.62373],[51.4275,35.62335],[51.42693,35.62296],[51.42636,35.62257],[51.4258,35.62217],[51.42526,35.62177],[51.42473,35.62137],[51.42425,35.62101],[51.42381,35.62065],[51.42338,35.6203],[51.42297,35.61995],[51.42257,35.61959],[51.42217,35.61924],[51.42177,35.6189],[51.42137,35.61858],[51.42094,35.61825],[51.42049,35.61792],[51.42,35.6176],[51.41951,35.6173],[51.41899,35.61701],[51.41846,35.61674],[51.41792,35.61648],[51.41738,35.61625],[51.41686,35.61604],[51.4163,35.61584],[51.41571,35.61565],[51.4151,35.61547],[51.41448,35.61531],[51.41386,35.61518],[51.41324,35.61506],[51.41259,35.61496],[51.41196,35.61488],[51.41134,35.6148],[51.41069,35.61472],[51.41002,35.61465],[51.40934,35.61457],[51.40874,35.61451],[51.40826,35.61449],[51.4077,35.61446],[51.40707,35.61445],[51.40657,35.61446],[51.40605,35.61447],[51.40555,35.61448],[51.40505,35.61449],[51.4044,35.61449],[51.40382,35.61449],[51.40315,35.61449],[51.40234,35.61449],[51.40189,35.61448],[51.40141,35.61448],[51.40091,35.61448],[51.40038,35.61448],[51.39984,35.61447],[51.39928,35.61447],[51.3987,35.61446],[51.39811,35.61445],[51.39751,35.61444],[51.39688,35.61444],[51.39625,35.61443],[51.3956,35.61444],[51.39493,35.61444],[51.39425,35.61444],[51.39356,35.61444],[51.39288,35.61443],[51.3922,35.61444],[51.39152,35.61443],[51.39083,35.61443],[51.39026,35.61429],[51.38956,35.61429],[51.38882,35.61437],[51.38817,35.61441],[51.38756,35.61443],[51.38696,35.61443],[51.38633,35.61443],[51.38569,35.61443],[51.38503,35.61444],[51.38435,35.61445],[51.38367,35.61445],[51.38298,35.61445],[51.38228,35.61444],[51.38159,35.61445],[51.38094,35.61445],[51.38029,35.61445],[51.37965,35.61444],[51.379,35.61442],[51.37835,35.61439],[51.37772,35.61435],[51.37709,35.61431],[51.37648,35.61427],[51.37588,35.61422],[51.37531,35.61413],[51.37473,35.61404],[51.37413,35.61398],[51.37351,35.6139],[51.37286,35.6138],[51.37221,35.6137],[51.37155,35.61359],[51.37089,35.61346],[51.37022,35.61332],[51.36956,35.61317],[51.3689,35.613],[51.36826,35.61283],[51.36763,35.61265],[51.36702,35.61248],[51.36643,35.6123],[51.36583,35.61214],[51.36525,35.61197],[51.36469,35.6118],[51.36414,35.61165],[51.36358,35.61149],[51.36303,35.61133],[51.36251,35.61118],[51.36201,35.61106],[51.36149,35.61098],[51.36094,35.61091],[51.36039,35.61082],[51.35984,35.61068],[51.35932,35.61056],[51.35881,35.61044],[51.35833,35.61033],[51.35788,35.61024],[51.35745,35.61012],[51.35703,35.61],[51.3566,35.60988],[51.35617,35.60975],[51.3557,35.60962],[51.3552,35.60948],[51.35468,35.60934],[51.35415,35.6092],[51.35362,35.60907],[51.35312,35.60895],[51.35259,35.60885],[51.35203,35.60874],[51.35144,35.60864],[51.35083,35.60856],[51.35024,35.60849],[51.34967,35.60844],[51.34907,35.6084],[51.34844,35.60837],[51.34779,35.60835],[51.34712,35.60835],[51.34643,35.60838],[51.34572,35.60841],[51.34501,35.60847],[51.34428,35.60854],[51.34355,35.60864],[51.34283,35.60876],[51.34211,35.6089],[51.34143,35.60904],[51.34081,35.60919],[51.34023,35.60935],[51.33976,35.60949],[51.3392,35.60967],[51.33878,35.60983],[51.33822,35.61006],[51.3377,35.61025],[51.33721,35.61046],[51.33673,35.61068],[51.33626,35.61092],[51.33581,35.61115],[51.33524,35.61147],[51.33451,35.61191],[51.33411,35.61217],[51.3337,35.61243],[51.33329,35.61272],[51.33289,35.613],[51.33252,35.61329],[51.33217,35.61357],[51.33181,35.61388],[51.33143,35.61419],[51.33109,35.61451],[51.33078,35.61482],[51.33045,35.61513],[51.33011,35.61547],[51.32978,35.61583],[51.32945,35.61619],[51.32917,35.61655],[51.32889,35.61689],[51.32862,35.6172],[51.32835,35.61751],[51.32809,35.61783],[51.32782,35.61816],[51.32753,35.6185],[51.32725,35.61882],[51.32686,35.61929],[51.32659,35.61961],[51.32628,35.61998],[51.32598,35.62042],[51.32558,35.62094],[51.32529,35.62127],[51.32499,35.62161],[51.32468,35.62197],[51.32437,35.62233],[51.32405,35.62271],[51.32374,35.6231],[51.32338,35.62352],[51.32301,35.62394],[51.32263,35.62438],[51.32225,35.62481],[51.32186,35.62525],[51.32148,35.62567],[51.32109,35.62608],[51.32069,35.6265],[51.32027,35.62692],[51.31984,35.62734],[51.31938,35.62778],[51.3189,35.6282],[51.31841,35.62861],[51.3179,35.62901],[51.31737,35.62941],[51.31684,35.62979],[51.31631,35.63014],[51.31578,35.63047],[51.31524,35.63079],[51.31469,35.6311],[51.31418,35.63139],[51.31373,35.63165],[51.31329,35.6319],[51.31282,35.63215],[51.31235,35.63241],[51.31185,35.63267],[51.31134,35.63293],[51.31082,35.6332],[51.31027,35.63348],[51.30972,35.63375],[51.30915,35.63404],[51.30857,35.63434],[51.30799,35.63463],[51.30739,35.63492],[51.3068,35.63523],[51.30622,35.63552],[51.30564,35.63581],[51.30508,35.6361],[51.30452,35.63638],[51.30396,35.63666],[51.3034,35.63694],[51.30283,35.63723],[51.30226,35.63753],[51.30168,35.63782],[51.30109,35.63811],[51.30051,35.63841],[51.29993,35.63871],[51.29935,35.639],[51.29884,35.63926],[51.29844,35.63946],[51.29804,35.63966],[51.29762,35.63987],[51.2972,35.64009],[51.29676,35.64031],[51.29631,35.64052],[51.29588,35.64073],[51.29548,35.64093],[51.29477,35.64127],[51.2941,35.64159],[51.2934,35.64193],[51.29262,35.6423],[51.29221,35.64251],[51.29177,35.64271],[51.29131,35.64293],[51.29084,35.64315],[51.29038,35.64337],[51.28993,35.64358],[51.28949,35.64378],[51.28908,35.64397],[51.28866,35.64416],[51.28826,35.64434],[51.28763,35.64463],[51.28702,35.64491],[51.28633,35.64524],[51.28567,35.64552],[51.28504,35.6458],[51.28439,35.6461],[51.28361,35.64643],[51.2832,35.64661],[51.28278,35.6468],[51.28234,35.647],[51.28187,35.6472],[51.28139,35.6474],[51.28088,35.64762],[51.28037,35.64784],[51.27985,35.64807],[51.27931,35.64829],[51.27879,35.64852],[51.27824,35.64874],[51.2777,35.64897],[51.27714,35.6492],[51.27658,35.64944],[51.27602,35.64967],[51.27546,35.64991],[51.27492,35.65013],[51.27437,35.65035],[51.27383,35.65057],[51.27328,35.65078],[51.27273,35.651],[51.27216,35.65123],[51.27161,35.65145],[51.27108,35.65166],[51.27056,35.65185],[51.27008,35.65205],[51.26958,35.65225],[51.26906,35.65244],[51.26854,35.65264],[51.268,35.65284],[51.26745,35.65305],[51.2669,35.65326],[51.26639,35.65345],[51.26592,35.65364],[51.26548,35.65381],[51.26506,35.65397],[51.26426,35.65426],[51.26382,35.65442],[51.26337,35.65458],[51.26289,35.65475],[51.2624,35.65493],[51.26188,35.65512],[51.26135,35.65531],[51.26079,35.65551],[51.26023,35.65571],[51.25964,35.65591],[51.25906,35.65611],[51.25852,35.65631],[51.258,35.65653],[51.2575,35.65671],[51.25705,35.65687],[51.25663,35.65702],[51.25621,35.65717],[51.25578,35.65733],[51.25533,35.65749],[51.25487,35.65766],[51.25438,35.65784],[51.25389,35.65802],[51.25339,35.6582],[51.25289,35.65839],[51.25243,35.65855],[51.25201,35.65872],[51.25159,35.65888],[51.25115,35.65903],[51.25069,35.65921],[51.2502,35.65937],[51.24969,35.65955],[51.24916,35.65974],[51.24861,35.65994],[51.24805,35.66015],[51.24748,35.66036],[51.24688,35.66058],[51.24629,35.6608],[51.24568,35.66102],[51.24506,35.66122],[51.24443,35.66145],[51.24379,35.66169],[51.24315,35.66193],[51.24251,35.66221],[51.24188,35.66248],[51.24127,35.66275],[51.2407,35.66302],[51.24014,35.66331],[51.2396,35.6636],[51.23906,35.6639],[51.23855,35.66424],[51.23805,35.6646],[51.23758,35.66496],[51.23713,35.66533],[51.23669,35.6657],[51.23627,35.66608],[51.23587,35.66647],[51.2355,35.66685],[51.2352,35.66718],[51.23491,35.66752],[51.23463,35.66788],[51.23435,35.66825],[51.23408,35.66862],[51.23381,35.66902],[51.23354,35.66942],[51.23328,35.66985],[51.23304,35.67027],[51.23285,35.67068],[51.23267,35.6711],[51.23251,35.67153],[51.23234,35.67196],[51.23221,35.67235],[51.2321,35.67272],[51.23199,35.67322],[51.2319,35.67374],[51.23183,35.67414],[51.23176,35.67455],[51.23172,35.67495],[51.23168,35.6754],[51.23167,35.67578],[51.23166,35.67617],[51.23165,35.67663],[51.23167,35.67711],[51.23172,35.67773],[51.23183,35.67846],[51.2319,35.67884],[51.23199,35.67921],[51.23209,35.67959],[51.2322,35.67995],[51.23238,35.68051],[51.23255,35.68097],[51.23269,35.68132],[51.2329,35.68174],[51.23311,35.68219],[51.2333,35.68254],[51.23349,35.68289],[51.23378,35.6833],[51.23406,35.68378],[51.23432,35.68414],[51.23463,35.68452],[51.23495,35.68487],[51.23529,35.68512],[51.2357,35.6853],[51.23627,35.68526],[51.23675,35.6849],[51.2368,35.68433],[51.2365,35.68371],[51.23602,35.68317],[51.23547,35.68303],[51.23499,35.68308],[51.23436,35.68328],[51.23374,35.68348],[51.23321,35.68366],[51.23257,35.68387],[51.23186,35.6841],[51.23114,35.68435],[51.23071,35.6845],[51.23027,35.68466],[51.2298,35.68484],[51.22933,35.68503],[51.22885,35.68521],[51.22836,35.68541],[51.22786,35.68561],[51.22735,35.68581],[51.22682,35.68602],[51.22626,35.68623],[51.22571,35.68644],[51.22514,35.68666],[51.22456,35.68688],[51.224,35.68711],[51.22344,35.68733],[51.22287,35.68756],[51.22229,35.68779],[51.2217,35.68803],[51.22116,35.68825],[51.22061,35.68847],[51.22005,35.6887],[51.21949,35.68893],[51.21896,35.68915],[51.21843,35.68936],[51.21789,35.68958],[51.21735,35.6898],[51.21683,35.69001],[51.2163,35.69023],[51.21574,35.69045],[51.21518,35.69068],[51.21461,35.69091],[51.21408,35.69113],[51.21354,35.69134],[51.21301,35.69157],[51.21247,35.69179],[51.2119,35.69202],[51.21137,35.69223],[51.21086,35.69245],[51.21038,35.69266],[51.2099,35.69286],[51.20944,35.69305],[51.20898,35.69324],[51.20854,35.69342],[51.20812,35.69359],[51.2077,35.69376],[51.20727,35.69393],[51.20686,35.6941],[51.20643,35.69427],[51.20602,35.69444],[51.20562,35.69461],[51.20519,35.69478],[51.20474,35.69496],[51.20431,35.69514],[51.20388,35.69532],[51.20348,35.69547],[51.20271,35.69579],[51.20196,35.69609],[51.20116,35.69642],[51.20074,35.69658],[51.20033,35.69675],[51.1999,35.69693],[51.19944,35.69711],[51.19896,35.6973],[51.19847,35.69748],[51.19795,35.69768],[51.19741,35.69788],[51.19685,35.69809],[51.19631,35.69831],[51.1958,35.69852],[51.19532,35.69871],[51.19485,35.69891],[51.19438,35.6991],[51.19392,35.69928],[51.19345,35.69948],[51.19297,35.69967],[51.1925,35.69987],[51.19202,35.70005],[51.19153,35.70024],[51.19104,35.70044],[51.19054,35.70063],[51.19005,35.70083],[51.18958,35.70102],[51.18911,35.70121],[51.18868,35.70138],[51.18827,35.70155],[51.18785,35.70172],[51.18744,35.70188],[51.18704,35.70205],[51.18628,35.70237],[51.18557,35.70267],[51.18497,35.70292],[51.18427,35.70322],[51.18368,35.70346],[51.18321,35.70365],[51.18265,35.70385],[51.18188,35.70409],[51.18143,35.70423],[51.18095,35.70437],[51.18046,35.7045],[51.17995,35.70464],[51.17941,35.70477],[51.17885,35.7049],[51.17828,35.70503],[51.17768,35.70517],[51.17706,35.70531],[51.17643,35.70545],[51.1758,35.70561],[51.17516,35.70576],[51.17451,35.70592],[51.17385,35.70607],[51.1732,35.70623],[51.17252,35.7064],[51.17183,35.70657],[51.17114,35.70673],[51.17046,35.7069],[51.16982,35.70705],[51.16921,35.7072],[51.16861,35.70734],[51.16803,35.70748],[51.16748,35.70761],[51.16695,35.70772],[51.16643,35.70783],[51.16589,35.70793],[51.16535,35.70804],[51.16481,35.70818],[51.16426,35.70835],[51.16371,35.70853],[51.16315,35.70872],[51.16258,35.70891],[51.16199,35.70911],[51.1614,35.70931],[51.1608,35.70951],[51.16018,35.70971],[51.15956,35.70992],[51.15894,35.71012],[51.15833,35.71032],[51.15771,35.71053],[51.15707,35.71074],[51.15644,35.71096],[51.15579,35.71117],[51.15512,35.71139],[51.15446,35.71161],[51.15382,35.71183],[51.1532,35.71205],[51.15259,35.71226],[51.15201,35.71245],[51.15148,35.71264],[51.15096,35.7128],[51.15042,35.71297],[51.14986,35.71316],[51.14932,35.71333],[51.14876,35.71351],[51.1482,35.71369],[51.14762,35.71389],[51.14703,35.7141],[51.14644,35.71431],[51.14583,35.71453],[51.14522,35.71474],[51.14462,35.71496],[51.14401,35.71519],[51.1434,35.71542],[51.14279,35.71568],[51.14217,35.71594],[51.14157,35.71623],[51.14098,35.71654],[51.14039,35.71687],[51.13981,35.71722],[51.13925,35.71758],[51.1387,35.71795],[51.13817,35.71833],[51.13768,35.7187],[51.13723,35.71905],[51.13679,35.71941],[51.13635,35.71974],[51.13593,35.72007],[51.13549,35.72041],[51.13504,35.72076],[51.13462,35.72112],[51.1342,35.72148],[51.1338,35.72183],[51.13342,35.72216],[51.13305,35.72249],[51.13268,35.72282],[51.1323,35.72315],[51.13192,35.7235],[51.13153,35.72385],[51.13114,35.72422],[51.13075,35.72458],[51.13037,35.72494],[51.13002,35.72527],[51.12969,35.72558],[51.12938,35.72587],[51.12909,35.72615],[51.12879,35.72643],[51.12849,35.72671],[51.1282,35.72703],[51.12795,35.72736],[51.12769,35.72802],[51.12786,35.7286],[51.12815,35.72922],[51.12832,35.72956],[51.12852,35.72993],[51.12872,35.7303],[51.12891,35.73078],[51.12864,35.73114],[51.12811,35.73124],[51.12741,35.73139],[51.12687,35.7315],[51.12632,35.73162],[51.12568,35.73182],[51.12489,35.73214],[51.12448,35.73235],[51.12404,35.73259],[51.1236,35.73283],[51.12314,35.73307],[51.12268,35.73331],[51.12223,35.73354],[51.12175,35.73376],[51.12128,35.73399],[51.12079,35.73424],[51.12029,35.73449],[51.11978,35.73475],[51.11925,35.73501],[51.11872,35.73528],[51.11817,35.73555],[51.11761,35.73582],[51.11705,35.7361],[51.11647,35.73638],[51.11589,35.73666],[51.11529,35.73693],[51.11467,35.73716],[51.11403,35.73737],[51.11337,35.73756],[51.11271,35.73776],[51.11204,35.73795],[51.11137,35.73814],[51.11071,35.73833],[51.11005,35.73854],[51.10938,35.73875],[51.10871,35.73894],[51.10804,35.73914],[51.10736,35.73934],[51.10668,35.73954],[51.10601,35.73973],[51.10534,35.7399],[51.10465,35.74002],[51.10395,35.74012],[51.10325,35.74021],[51.10253,35.7403],[51.10182,35.74041],[51.10111,35.74054],[51.10041,35.74067],[51.09973,35.7408],[51.09906,35.74094],[51.0984,35.74108],[51.09775,35.74121],[51.0971,35.74136],[51.09645,35.7415],[51.09581,35.74162],[51.09518,35.74175],[51.09455,35.74188],[51.09393,35.74201],[51.09333,35.74214],[51.09272,35.74226],[51.0921,35.7424],[51.09147,35.74253],[51.09084,35.74265],[51.0902,35.74278],[51.08955,35.74292],[51.08891,35.74307],[51.08827,35.74323],[51.08765,35.74341],[51.08705,35.74359],[51.08646,35.74379],[51.08589,35.74402],[51.08537,35.74429],[51.08487,35.74459],[51.08438,35.74491],[51.08391,35.74522],[51.08342,35.74554],[51.08294,35.74585],[51.08246,35.74616],[51.08198,35.74646],[51.08151,35.74677],[51.08103,35.74707],[51.08056,35.74738],[51.08009,35.74768],[51.07963,35.74796],[51.0792,35.74822],[51.07877,35.74847],[51.07832,35.74871],[51.07786,35.74894],[51.07736,35.74918],[51.07685,35.74941],[51.07632,35.74965],[51.0758,35.74988],[51.07529,35.7501],[51.07482,35.75032],[51.07441,35.7505],[51.07371,35.75079],[51.07312,35.75105],[51.0725,35.75132],[51.07175,35.75166],[51.07135,35.75184],[51.07094,35.75202],[51.07051,35.75219],[51.07006,35.75238],[51.0696,35.75258],[51.06914,35.75278],[51.06866,35.75298],[51.06816,35.75319],[51.06766,35.7534],[51.06715,35.75362],[51.06663,35.75384],[51.06613,35.75407],[51.06563,35.75431],[51.06513,35.75454],[51.06464,35.75477],[51.06416,35.755],[51.06367,35.75522],[51.06318,35.75545],[51.06269,35.75569],[51.0622,35.75593],[51.0617,35.75616],[51.06119,35.75639],[51.06068,35.75663],[51.06016,35.75687],[51.05963,35.75711],[51.0591,35.75736],[51.05855,35.75762],[51.05799,35.75786],[51.05744,35.75811],[51.05688,35.75837],[51.05632,35.75863],[51.05576,35.75888],[51.05525,35.75914],[51.05477,35.75941],[51.05432,35.7597],[51.05389,35.76002],[51.05345,35.76033],[51.05301,35.76066],[51.05257,35.76098],[51.05211,35.76128],[51.05165,35.76153],[51.05119,35.76176],[51.05072,35.76196],[51.05022,35.76214],[51.04971,35.76233],[51.04921,35.76255],[51.04871,35.76277],[51.04821,35.76298],[51.04772,35.76322],[51.04723,35.76346],[51.04674,35.76371],[51.04626,35.76395],[51.04582,35.76417],[51.04516,35.76447],[51.04514,35.76409],[51.04579,35.76376],[51.04619,35.76356],[51.04663,35.76334],[51.04709,35.76312],[51.04759,35.76287],[51.04811,35.7626],[51.04865,35.76234],[51.04919,35.76209],[51.04973,35.76184],[51.05026,35.76156],[51.0508,35.76127],[51.05136,35.76097],[51.05192,35.76068],[51.05249,35.76038],[51.05302,35.7601],[51.05351,35.75985],[51.05394,35.75962],[51.05436,35.7594],[51.05477,35.75917],[51.0552,35.75893],[51.05566,35.75869],[51.05612,35.75844],[51.05662,35.75821],[51.05713,35.75798],[51.05763,35.75774],[51.05811,35.75751],[51.05851,35.75732],[51.05866,35.75692],[51.05855,35.75636],[51.0584,35.75577],[51.05828,35.75525],[51.05818,35.75487],[51.05869,35.75465],[51.05918,35.75447],[51.05961,35.75432],[51.05972,35.75429],[51.05972,35.75429],[51.05973,35.75429],[51.06013,35.75411],[51.06056,35.75393],[51.06098,35.75378],[51.06145,35.75358],[51.062,35.75334],[51.06245,35.75317],[51.06289,35.75299],[51.06328,35.75281],[51.06324,35.75287],[51.06324,35.75287],[51.06268,35.75308],[51.06227,35.75326],[51.06169,35.75349],[51.0612,35.75368],[51.06062,35.75387],[51.06004,35.75413],[51.05957,35.75434],[51.05911,35.75451],[51.05861,35.75471],[51.05819,35.75491],[51.0583,35.7553],[51.05841,35.75583],[51.05851,35.75626],[51.05859,35.75673],[51.05868,35.75711],[51.05919,35.75703],[51.05979,35.75675],[51.06058,35.75643],[51.06102,35.75626],[51.06142,35.75608],[51.06213,35.75576],[51.06283,35.75546],[51.06323,35.75528],[51.06365,35.75508],[51.06408,35.75488],[51.06453,35.75468],[51.06501,35.75447],[51.06548,35.75424],[51.06592,35.75403],[51.06636,35.75383],[51.06679,35.75363],[51.06721,35.75344],[51.06762,35.75327],[51.06829,35.753],[51.06888,35.75274],[51.06928,35.75249],[51.06888,35.75232],[51.06888,35.75272],[51.06934,35.75317],[51.06951,35.75351],[51.06981,35.75396],[51.06939,35.75425],[51.06894,35.75435],[51.06849,35.75395],[51.06824,35.75359],[51.06754,35.75367],[51.06694,35.7539],[51.06624,35.75422],[51.06586,35.75441],[51.06545,35.7546],[51.06502,35.7548],[51.06456,35.755],[51.06412,35.75521],[51.06368,35.75541],[51.06325,35.75561],[51.06281,35.75582],[51.06235,35.75603],[51.06188,35.75624],[51.06139,35.75646],[51.0609,35.7567],[51.0604,35.75694],[51.05989,35.75718],[51.05938,35.75742],[51.05885,35.75765],[51.05831,35.75789],[51.05778,35.75813],[51.05725,35.75837],[51.05672,35.75861],[51.05619,35.75886],[51.05566,35.75911],[51.05513,35.75936],[51.05464,35.75963],[51.05415,35.75993],[51.05369,35.76024],[51.05325,35.76057],[51.05281,35.7609],[51.05234,35.76121],[51.05183,35.76149],[51.05131,35.76173],[51.05077,35.76197],[51.05022,35.76221],[51.04967,35.76245],[51.04912,35.7627],[51.04857,35.76294],[51.04801,35.76316],[51.04748,35.76342],[51.04697,35.7637],[51.04646,35.76397],[51.04594,35.76423],[51.04541,35.76449],[51.04488,35.76472],[51.04439,35.76495],[51.04391,35.76517],[51.04344,35.76538],[51.04299,35.76562],[51.04254,35.76587],[51.04214,35.76617],[51.04179,35.76651],[51.04146,35.76686],[51.04112,35.7672],[51.04078,35.76755],[51.04046,35.76789],[51.04016,35.76821],[51.03986,35.76854],[51.03956,35.76885],[51.03925,35.76916],[51.03893,35.76948],[51.0386,35.7698],[51.03825,35.77016],[51.0379,35.77051],[51.03756,35.77087],[51.03725,35.77127],[51.03698,35.77167],[51.03674,35.77205],[51.03655,35.77239],[51.03651,35.77284],[51.0369,35.77311],[51.03732,35.77343],[51.03772,35.77371],[51.03821,35.77406],[51.03856,35.77432],[51.03891,35.77458],[51.03932,35.77489],[51.03975,35.77519],[51.03956,35.77553],[51.03924,35.77584],[51.03883,35.77609],[51.03837,35.77646],[51.03788,35.7769],[51.03744,35.77732],[51.03699,35.77776],[51.03654,35.77817],[51.03619,35.7785],[51.03582,35.77884],[51.03551,35.77917],[51.03509,35.77955],[51.03466,35.77994],[51.03436,35.78031],[51.03401,35.78067],[51.03359,35.78107],[51.03312,35.78149],[51.03265,35.7819],[51.03219,35.7823],[51.03173,35.78274],[51.03153,35.78306],[51.03191,35.78333],[51.0323,35.78359],[51.03269,35.78387],[51.03304,35.78413],[51.03295,35.7845],[51.03256,35.7848],[51.03208,35.7852],[51.03156,35.78565],[51.03104,35.7861],[51.03069,35.78643],[51.03038,35.78675],[51.0301,35.78707],[51.02975,35.78742],[51.02929,35.78784],[51.02881,35.78829],[51.02844,35.78859],[51.02881,35.78887],[51.02917,35.78912],[51.02966,35.78944],[51.03014,35.78978],[51.03062,35.79012],[51.03109,35.79045],[51.03149,35.79028],[51.03186,35.78993],[51.03214,35.78965],[51.03213,35.78963],[51.03212,35.78962],[51.0321,35.78961],[51.03175,35.79002],[51.03131,35.79042],[51.03098,35.7907],[51.0307,35.79099],[51.03031,35.79118],[51.02968,35.79114],[51.02878,35.79108],[51.02828,35.79105],[51.02779,35.79102],[51.02732,35.79098],[51.02646,35.79091],[51.02575,35.79084],[51.02528,35.79075],[51.02473,35.79059],[51.02423,35.79031],[51.0239,35.78998],[51.0235,35.78964],[51.02307,35.78928],[51.02274,35.78898],[51.0224,35.7887],[51.02208,35.78843],[51.0217,35.78821],[51.02115,35.78842],[51.02075,35.78862],[51.02031,35.78882],[51.01984,35.78914],[51.01937,35.7895],[51.01902,35.78975],[51.01863,35.78996],[51.01822,35.79018],[51.01817,35.79026],[51.01817,35.79026],[51.01817,35.79026],[51.01817,35.79026],[51.01817,35.79026],[51.01817,35.79026],[51.0177,35.79053],[51.01733,35.79081],[51.01782,35.79094],[51.0183,35.79086],[51.01875,35.791],[51.01899,35.79126],[51.01899,35.79124],[51.01928,35.79155],[51.01976,35.79149],[51.01989,35.79151],[51.01989,35.79151],[51.01941,35.79153],[51.01896,35.79152],[51.01853,35.79137],[51.01824,35.79106],[51.01779,35.79103],[51.0173,35.79103],[51.01682,35.79106],[51.0164,35.79145],[51.01602,35.79179],[51.01558,35.79219],[51.01509,35.79265],[51.01458,35.79312],[51.01407,35.79357],[51.01367,35.79398],[51.01366,35.794],[51.01366,35.794],[51.01366,35.794],[51.01367,35.794],[51.01367,35.794],[51.01367,35.79401],[51.01325,35.79442],[51.01294,35.79476],[51.01261,35.79519],[51.01237,35.79555],[51.01214,35.79595],[51.01187,35.79644],[51.01159,35.79692],[51.01139,35.79735],[51.01122,35.7978],[51.01106,35.79831],[51.01095,35.79874],[51.01085,35.79916],[51.01075,35.79958],[51.01065,35.8],[51.01057,35.80036],[51.0105,35.80087],[51.0105,35.80139],[51.01054,35.80194],[51.01057,35.80231],[51.0106,35.80267],[51.01064,35.80286],[51.01063,35.80286],[51.01064,35.80286],[51.01064,35.80285],[51.01064,35.80324],[51.01067,35.80361],[51.01069,35.80404],[51.01076,35.80458],[51.01087,35.80512],[51.01109,35.80557],[51.01135,35.80598],[51.01124,35.80639],[51.01121,35.80688],[51.0112,35.80745],[51.01117,35.80808],[51.01122,35.80879],[51.01125,35.80918],[51.01117,35.80956],[51.01103,35.80993],[51.01088,35.81029],[51.01044,35.81076],[51.00983,35.81109],[51.00934,35.81133],[51.00887,35.81157],[51.00839,35.8118],[51.00797,35.81202],[51.0076,35.81223],[51.00706,35.81208],[51.00654,35.81176],[51.00605,35.81146],[51.00563,35.81119],[51.00524,35.81095],[51.0047,35.81063],[51.00417,35.81032],[51.00374,35.81006],[51.00321,35.81005],[51.00273,35.81021],[51.00217,35.81036],[51.00268,35.81015],[51.0031,35.81],[51.0035,35.80981],[51.00397,35.80952],[51.00426,35.80923],[51.00455,35.80895],[51.00431,35.8085],[51.00403,35.80819],[51.0037,35.80776],[51.00335,35.80725],[51.00303,35.80665],[51.00268,35.80602],[51.00242,35.80559],[51.00218,35.80518],[51.00186,35.8046],[51.00169,35.80427],[51.00131,35.80364],[51.00098,35.80302],[51.00088,35.80245],[51.00092,35.80205],[51.00103,35.80159],[51.00118,35.80185],[51.00118,35.80185],[51.00118,35.80185],[51.00118,35.80185],[51.00119,35.80185],[51.00118,35.80185],[51.00118,35.80185],[51.00115,35.80192],[51.00113,35.80246],[51.0012,35.80301],[51.0015,35.80367],[51.00189,35.80433],[51.00227,35.80499],[51.00252,35.80545],[51.00273,35.80587],[51.00303,35.80636],[51.00331,35.80689],[51.00351,35.80732],[51.00378,35.80771],[51.00422,35.80823],[51.00461,35.80862],[51.00506,35.80899],[51.00541,35.80924],[51.00598,35.8096],[51.0064,35.80986],[51.00685,35.81008],[51.00724,35.8103],[51.00768,35.81054],[51.00809,35.81079],[51.0081,35.81081],[51.0081,35.81082],[51.0081,35.81082],[51.0081,35.81083],[51.0081,35.81083],[51.0081,35.81083],[51.00809,35.81083],[51.00809,35.81084],[51.00809,35.81084],[51.00809,35.81084],[51.00809,35.81084],[51.00847,35.81114],[51.0085,35.81142],[51.00805,35.81135],[51.00768,35.8113],[51.00728,35.81114],[51.00692,35.81093],[51.00704,35.81077],[51.00679,35.81036],[51.00642,35.81009],[51.00609,35.80986],[51.00609,35.80986],[51.00609,35.80986],[51.00608,35.80986],[51.00609,35.80986],[51.00603,35.80982],[51.00603,35.80982],[51.00603,35.80982],[51.00561,35.80951],[51.0051,35.80915],[51.00462,35.80915],[51.00429,35.80942],[51.00388,35.80973],[51.00336,35.81002],[51.00273,35.81024],[51.00226,35.81042],[51.00185,35.81057],[51.00128,35.81077],[51.00086,35.81091],[51.00042,35.81108],[51.00003,35.8113],[50.99957,35.81153],[50.99919,35.81179],[50.99871,35.81191],[50.99822,35.81202],[50.99761,35.81221],[50.99696,35.81237],[50.99616,35.81252],[50.99528,35.81265],[50.9948,35.81267],[50.99435,35.81267],[50.99363,35.81267],[50.99381,35.81314],[50.99416,35.81343],[50.99458,35.81376],[50.99496,35.8141],[50.99513,35.8143],[50.99509,35.81433],[50.99509,35.81434],[50.99509,35.81435],[50.99509,35.81435],[50.99509,35.81435],[50.99509,35.81436],[50.99509,35.81436],[50.99508,35.81436],[50.99474,35.81393],[50.99431,35.81356],[50.99393,35.8133],[50.99366,35.81296],[50.99339,35.81265],[50.99264,35.81265],[50.99219,35.81269],[50.99191,35.81299],[50.99149,35.81342],[50.99106,35.81366],[50.99052,35.81389],[50.99072,35.81427],[50.99102,35.81457],[50.99106,35.81456],[50.99104,35.81462],[50.99103,35.81465],[50.99103,35.81469],[50.99103,35.81467],[50.99144,35.81508],[50.99176,35.81545],[50.99206,35.81582],[50.99271,35.81574],[50.99317,35.81561],[50.99365,35.81558],[50.99396,35.81593],[50.99402,35.81614],[50.99402,35.81614],[50.99401,35.81614],[50.99348,35.81643],[50.99298,35.81658],[50.99246,35.81674],[50.99191,35.81688],[50.99146,35.817],[50.99093,35.81712],[50.99034,35.81728],[50.98977,35.81742],[50.98941,35.81763],[50.98949,35.81821],[50.98943,35.81866],[50.98937,35.81906],[50.98947,35.81949],[50.9892,35.81911],[50.98921,35.81874],[50.98917,35.81845],[50.98925,35.81803],[50.98917,35.81757],[50.98902,35.81717],[50.98878,35.81684],[50.98841,35.81652],[50.98796,35.81622],[50.98766,35.81592],[50.9874,35.81556],[50.98722,35.81518],[50.98706,35.81484],[50.98702,35.8147],[50.98701,35.8147],[50.987,35.8147],[50.98701,35.81469],[50.98696,35.81432],[50.98691,35.81391],[50.98678,35.81354],[50.98666,35.81316],[50.98654,35.81278],[50.98653,35.8123],[50.98656,35.81193],[50.98659,35.81149],[50.9866,35.81127],[50.98656,35.81126],[50.98659,35.81124],[50.98656,35.81124],[50.98654,35.81123],[50.98654,35.81123],[50.98654,35.81122],[50.98667,35.81087],[50.98676,35.81047],[50.98676,35.8101],[50.98691,35.80975],[50.9871,35.80932],[50.98734,35.80881],[50.9875,35.80844],[50.98772,35.80801],[50.98798,35.80741],[50.98823,35.80686],[50.98844,35.80642],[50.98867,35.80596],[50.98886,35.80554],[50.98905,35.80506],[50.98924,35.80458],[50.98948,35.80419],[50.98981,35.80374],[50.99005,35.80339],[50.99034,35.80307],[50.99064,35.80272],[50.99098,35.80233],[50.99124,35.80196],[50.99151,35.80162],[50.99179,35.80129],[50.99206,35.80091],[50.99211,35.80088],[50.99211,35.80089],[50.99211,35.80089],[50.99211,35.80089],[50.9921,35.8009],[50.9921,35.8009],[50.99209,35.80091],[50.99209,35.80091],[50.99209,35.80091],[50.99237,35.80057],[50.99261,35.80022],[50.99216,35.79999],[50.99176,35.79983],[50.99124,35.79959],[50.99077,35.79944],[50.99028,35.79917],[50.98993,35.79892],[50.98966,35.79875],[50.9896,35.79878],[50.98958,35.79878],[50.98956,35.79877],[50.98958,35.79874],[50.98958,35.7988],[50.99006,35.79898],[50.99054,35.79923],[50.99105,35.79941],[50.99146,35.79964],[50.99185,35.79982],[50.99228,35.79993],[50.9928,35.79997],[50.99308,35.79965],[50.99357,35.79922],[50.99428,35.79882],[50.99473,35.79863],[50.99534,35.79847],[50.99616,35.79836],[50.99662,35.79832],[50.99708,35.79828],[50.99753,35.79824],[50.99798,35.7982],[50.9988,35.79812],[50.99923,35.79801],[50.99924,35.79802],[50.99924,35.79802],[50.99924,35.79802],[50.99924,35.79803],[50.99924,35.79803],[50.99925,35.79803],[50.99925,35.79803],[50.99925,35.79803],[50.99925,35.79803],[50.99934,35.79804],[50.99989,35.79796],[50.99974,35.79758],[50.99931,35.79729],[50.99879,35.79693],[50.99862,35.79659],[50.99892,35.79629],[50.99909,35.79595],[50.99934,35.79552],[50.99961,35.79511],[50.99966,35.79505],[50.99966,35.79502],[50.99964,35.79491],[50.9996,35.79484],[50.99937,35.79443],[50.99921,35.794],[50.99902,35.79362],[50.99882,35.79328],[50.99865,35.79293],[50.99814,35.79278],[50.99771,35.79299],[50.99732,35.7932],[50.99689,35.79339],[50.99646,35.79367],[50.99606,35.79398],[50.99571,35.79426],[50.99533,35.7945],[50.99498,35.79428],[50.99462,35.79403],[50.99409,35.79364],[50.99356,35.79324],[50.99311,35.79289],[50.99266,35.79257],[50.99221,35.79227],[50.99167,35.79191],[50.99127,35.79165],[50.99092,35.79139],[50.99053,35.79112],[50.98987,35.79066],[50.98954,35.79041],[50.98894,35.78997],[50.9887,35.78964],[50.98899,35.78934],[50.98936,35.78903],[50.98969,35.78875],[50.99007,35.78845],[50.9906,35.78796],[50.99091,35.7877],[50.99123,35.78744],[50.99156,35.78717],[50.99189,35.78691],[50.99234,35.78643],[50.99202,35.78612],[50.99148,35.78568],[50.99119,35.78541],[50.99088,35.78515],[50.99036,35.78466],[50.98989,35.7843],[50.98975,35.78387],[50.98976,35.78339],[50.9898,35.78274],[50.98984,35.78202],[50.98991,35.7815],[50.99015,35.78117],[50.99065,35.78089],[50.99122,35.78058],[50.99167,35.78032],[50.99183,35.78023],[50.99185,35.78021],[50.99185,35.7802],[50.9922,35.77995],[50.9926,35.77972],[50.99303,35.77954],[50.99354,35.77933],[50.99398,35.77905],[50.99453,35.77875],[50.99492,35.77841],[50.99484,35.77801],[50.9947,35.77754],[50.9945,35.77711],[50.99425,35.77674],[50.99398,35.77639],[50.99362,35.77592],[50.99328,35.77552],[50.99316,35.77533],[50.99312,35.77528],[50.99289,35.77497],[50.99262,35.77463],[50.9924,35.77432],[50.99204,35.77384],[50.99166,35.77332],[50.99136,35.77292],[50.99113,35.77259],[50.99077,35.77212],[50.99031,35.77152],[50.98988,35.771],[50.98955,35.77071],[50.9894,35.77029],[50.98971,35.76985],[50.98985,35.76942],[50.98984,35.76896],[50.98984,35.76833],[50.98984,35.76794],[50.98985,35.76754],[50.98985,35.76712],[50.98986,35.76667],[50.98987,35.76621],[50.98988,35.76572],[50.98989,35.76522],[50.98991,35.76469],[50.98992,35.76416],[50.98992,35.76362],[50.98994,35.76306],[50.98995,35.7625],[50.98996,35.76194],[50.98998,35.76135],[50.98998,35.76076],[50.99,35.76018],[50.99002,35.75962],[50.99002,35.75908],[50.98999,35.75865],[50.98967,35.75806],[50.98942,35.75774],[50.98917,35.75739],[50.98891,35.75702],[50.98866,35.75668],[50.98879,35.75626],[50.98925,35.75604],[50.98981,35.75573],[50.99028,35.75551],[50.99076,35.75565],[50.99102,35.75595],[50.99166,35.75592],[50.9922,35.75569],[50.99269,35.75547],[50.99311,35.75523],[50.9936,35.75496],[50.99411,35.75466],[50.9946,35.75439],[50.99488,35.75409],[50.99458,35.75372],[50.99474,35.75326],[50.99517,35.75303],[50.99567,35.75278],[50.99615,35.75252],[50.99666,35.75228],[50.99714,35.75212],[50.99762,35.75185],[50.99812,35.75159],[50.99823,35.75108],[50.99809,35.75052],[50.99793,35.74998],[50.99777,35.74939],[50.99766,35.74903],[50.99757,35.74866],[50.99746,35.74826],[50.99736,35.74784],[50.99724,35.7474],[50.99713,35.74695],[50.99701,35.74656],[50.99689,35.74613],[50.99676,35.74565],[50.99657,35.74497],[50.99647,35.74459],[50.99635,35.7442],[50.99624,35.74379],[50.99613,35.74338],[50.99601,35.74298],[50.99592,35.74262],[50.99585,35.74219],[50.9958,35.74183],[50.99575,35.74143],[50.99592,35.74179],[50.99598,35.74239],[50.99614,35.74311],[50.99626,35.7435],[50.99638,35.74388],[50.99653,35.74442],[50.99664,35.7448],[50.99677,35.74515],[50.99687,35.7455],[50.99696,35.74594],[50.99709,35.74635],[50.99721,35.74674],[50.99736,35.74726],[50.9975,35.74774],[50.99759,35.74816],[50.99773,35.74862],[50.99787,35.74913],[50.99804,35.74967],[50.99816,35.7501],[50.99828,35.7506],[50.99843,35.75117],[50.9986,35.75166],[50.99873,35.75204],[50.99884,35.75239],[50.99895,35.7528],[50.99908,35.75323],[50.99915,35.75364],[50.99931,35.75399],[50.99977,35.75395],[51.00046,35.75383],[51.00126,35.75368],[51.00175,35.75357],[51.00226,35.75347],[51.00284,35.75344],[51.00341,35.7538],[51.00406,35.75419],[51.00444,35.75441],[51.00483,35.75464],[51.0052,35.75488],[51.0056,35.75512],[51.00603,35.75536],[51.00646,35.75562],[51.00691,35.7559],[51.00738,35.75617],[51.00783,35.75646],[51.00818,35.75669],[51.00864,35.75654],[51.00903,35.75613],[51.00954,35.75557],[51.00985,35.75524],[51.01017,35.75489],[51.01051,35.75452],[51.01085,35.75415],[51.01119,35.75382],[51.01149,35.7535],[51.01179,35.75318],[51.01179,35.75317],[51.0123,35.75335],[51.01266,35.75359],[51.01305,35.75384],[51.01347,35.75408],[51.01399,35.754],[51.01432,35.75365],[51.01468,35.75322],[51.01501,35.75286],[51.01521,35.75264],[51.01521,35.75264],[51.01521,35.75264],[51.01521,35.75263],[51.01484,35.75231],[51.01479,35.75224],[51.01479,35.75224],[51.01444,35.75202],[51.01409,35.75172],[51.01365,35.75155],[51.01321,35.75195],[51.01276,35.75241],[51.01231,35.75287],[51.01232,35.75261],[51.01231,35.75261],[51.01231,35.75261],[51.01255,35.75236],[51.01293,35.75195],[51.01346,35.75138],[51.01376,35.75107],[51.01406,35.75077],[51.01436,35.75046],[51.01468,35.75013],[51.01501,35.74979],[51.01535,35.74945],[51.0157,35.74908],[51.01601,35.74876],[51.01647,35.74827],[51.01676,35.74798],[51.01707,35.74767],[51.01739,35.74735],[51.01772,35.74702],[51.0181,35.74664],[51.01848,35.74625],[51.01899,35.74572],[51.01927,35.7454],[51.01957,35.74506],[51.0199,35.74471],[51.02023,35.74436],[51.02054,35.74404],[51.02089,35.74365],[51.02121,35.74322],[51.02168,35.74275],[51.02197,35.74246],[51.02227,35.74216],[51.02257,35.74186],[51.02287,35.74156],[51.02319,35.74123],[51.02354,35.74088],[51.0239,35.74049],[51.02429,35.74009],[51.02469,35.73967],[51.02511,35.73923],[51.02555,35.73879],[51.02599,35.73833],[51.02645,35.73786],[51.02691,35.73737],[51.02738,35.73688],[51.02785,35.73638],[51.02833,35.73588],[51.0288,35.7354],[51.02923,35.73494],[51.02963,35.73451],[51.02995,35.73418],[51.03027,35.73383],[51.03056,35.73347],[51.0309,35.73294],[51.03125,35.73229],[51.03152,35.73175],[51.03172,35.73137],[51.03198,35.73083],[51.03215,35.73049],[51.03233,35.73016],[51.03253,35.72981],[51.03273,35.72943],[51.03294,35.72901],[51.03317,35.72857],[51.03341,35.7281],[51.03363,35.72763],[51.03387,35.72718],[51.03412,35.72669],[51.03437,35.72618],[51.03463,35.72568],[51.03485,35.72522],[51.03506,35.72483],[51.03528,35.72441],[51.0355,35.72395],[51.03573,35.72349],[51.03598,35.72301],[51.03623,35.72253],[51.03649,35.72202],[51.03676,35.72149],[51.03704,35.72096],[51.03732,35.72041],[51.03761,35.71985],[51.0379,35.71928],[51.03819,35.7187],[51.03849,35.7181],[51.0388,35.7175],[51.0391,35.71691],[51.03939,35.71632],[51.03969,35.71574],[51.04,35.71515],[51.0403,35.71456],[51.0406,35.71396],[51.0409,35.71336],[51.04122,35.71275],[51.04154,35.71214],[51.04185,35.71152],[51.04216,35.71089],[51.04244,35.71026],[51.04266,35.70967],[51.04283,35.7091],[51.04288,35.70865],[51.04286,35.70814],[51.04256,35.70762],[51.04223,35.70721],[51.04183,35.70679],[51.04121,35.70645],[51.04073,35.7063],[51.04138,35.70632],[51.04212,35.70623],[51.04252,35.70605],[51.04288,35.70579],[51.04323,35.70534],[51.0434,35.705],[51.04348,35.70454],[51.0436,35.70383],[51.04367,35.70343],[51.04375,35.70298],[51.04382,35.70251],[51.04391,35.70201],[51.04399,35.70149],[51.04408,35.70094],[51.04417,35.70039],[51.04426,35.69982],[51.04436,35.69924],[51.04446,35.69865],[51.04455,35.69806],[51.04465,35.69747],[51.04474,35.69687],[51.04483,35.69628],[51.04493,35.69567],[51.04504,35.69507],[51.04514,35.69447],[51.04524,35.69385],[51.04534,35.69323],[51.04545,35.69261],[51.04555,35.69199],[51.04564,35.69138],[51.04574,35.69076],[51.04585,35.69016],[51.04595,35.68955],[51.04606,35.68897],[51.04615,35.68839],[51.04621,35.68787],[51.04626,35.68746],[51.04624,35.687],[51.04621,35.68682],[51.0459,35.68635],[51.0459,35.68594],[51.04625,35.68559],[51.04673,35.68554],[51.04719,35.68569],[51.04782,35.68586],[51.04827,35.68588],[51.04875,35.68582],[51.04927,35.68573],[51.04983,35.68565],[51.05039,35.68555],[51.05101,35.68551],[51.05164,35.68551],[51.05231,35.68556],[51.05298,35.68567],[51.05365,35.68582],[51.05431,35.68603],[51.05496,35.68625],[51.05562,35.68649],[51.05627,35.68673],[51.05692,35.68697],[51.05757,35.68721],[51.05823,35.68747],[51.05888,35.68772],[51.05955,35.68797],[51.06021,35.68821],[51.06089,35.68847],[51.06158,35.68873],[51.06227,35.68898],[51.06296,35.68924],[51.06367,35.6895],[51.06436,35.68975],[51.06506,35.69002],[51.06574,35.69027],[51.06636,35.69051],[51.06686,35.69067],[51.06729,35.69083],[51.0677,35.69098],[51.06816,35.69118],[51.06865,35.69136],[51.06916,35.69151],[51.0697,35.69169],[51.07026,35.69185],[51.07087,35.69196],[51.07149,35.69198],[51.07213,35.69202],[51.07273,35.69213],[51.07334,35.69228],[51.074,35.69238],[51.07469,35.69242],[51.07541,35.69247],[51.07615,35.69252],[51.07691,35.69257],[51.07769,35.69262],[51.07848,35.69267],[51.07928,35.69271],[51.08008,35.69275],[51.0808,35.69279],[51.08142,35.69283],[51.08204,35.69288],[51.08267,35.69291],[51.08327,35.69295],[51.08387,35.69298],[51.0845,35.69301],[51.08516,35.69306],[51.0858,35.69309],[51.08644,35.69312],[51.08706,35.69312],[51.08768,35.69309],[51.08831,35.69302],[51.08896,35.69289],[51.08961,35.69271],[51.09025,35.69249],[51.09082,35.69223],[51.09137,35.69193],[51.09194,35.69159],[51.09253,35.69124],[51.09314,35.69089],[51.09378,35.69053],[51.09444,35.69017],[51.09509,35.68979],[51.09576,35.68942],[51.09643,35.68904],[51.0971,35.68866],[51.09779,35.68828],[51.09846,35.68788],[51.09913,35.68749],[51.09981,35.68711],[51.1005,35.68673],[51.1012,35.68635],[51.10189,35.68596],[51.10257,35.68558],[51.10324,35.68521],[51.10388,35.68485],[51.1045,35.6845],[51.10509,35.68416],[51.10564,35.68385],[51.10617,35.68355],[51.1067,35.68327],[51.10717,35.68302],[51.1076,35.68278],[51.10798,35.68257],[51.10852,35.68237],[51.10847,35.68283],[51.108,35.68331],[51.10772,35.68382],[51.10798,35.68445],[51.10821,35.68479],[51.10843,35.68516],[51.10863,35.68551],[51.1089,35.68599],[51.10911,35.68636],[51.10925,35.68662],[51.10926,35.68662],[51.10927,35.68664],[51.10927,35.68664],[51.10941,35.68691],[51.10961,35.68732],[51.10965,35.68743],[51.10964,35.68743],[51.10964,35.68743],[51.10964,35.68744],[51.10964,35.68744],[51.10981,35.6878],[51.10993,35.68801],[51.10993,35.688],[51.10992,35.688],[51.10981,35.68782],[51.10993,35.68763],[51.10993,35.68762],[51.11005,35.68758],[51.11024,35.68758],[51.11028,35.68766],[51.11028,35.68766],[51.11028,35.68766],[51.11028,35.68766],[51.1099,35.68796],[51.11004,35.68841],[51.11029,35.68893],[51.11056,35.68948],[51.11081,35.68994],[51.111,35.69034],[51.11122,35.69091],[51.11139,35.69152],[51.11159,35.69218],[51.11172,35.69266],[51.11185,35.69311],[51.1116,35.69266],[51.11145,35.69211],[51.11125,35.69146],[51.11108,35.69095],[51.11091,35.69055],[51.11074,35.6901],[51.11049,35.68965],[51.11019,35.68906],[51.10985,35.68841],[51.10968,35.68807],[51.10951,35.68772],[51.10934,35.68737],[51.10917,35.68704],[51.10885,35.68637],[51.10867,35.68601],[51.10848,35.68563],[51.10827,35.68526],[51.10806,35.68491],[51.10785,35.68458],[51.10751,35.68412],[51.10694,35.68388],[51.10643,35.68398],[51.10605,35.68378],[51.10648,35.68348],[51.10715,35.68308],[51.10754,35.68287],[51.10797,35.68262],[51.10843,35.68237],[51.10892,35.68211],[51.10945,35.68184],[51.11002,35.6816],[51.11064,35.68137],[51.11128,35.68118],[51.11194,35.681],[51.11262,35.68083],[51.11331,35.68066],[51.114,35.68051],[51.11469,35.68035],[51.1154,35.68016],[51.11611,35.67998],[51.11681,35.67982],[51.11751,35.67972],[51.11823,35.6797],[51.11894,35.67977],[51.11964,35.67991],[51.12031,35.68011],[51.12095,35.68037],[51.12153,35.6807],[51.12207,35.68107],[51.12262,35.68144],[51.12317,35.68181],[51.12371,35.6822],[51.12429,35.68256],[51.1249,35.68289],[51.12553,35.68321],[51.12615,35.68352],[51.12678,35.68385],[51.12739,35.68419],[51.12802,35.68453],[51.12862,35.68486],[51.12922,35.68518],[51.12982,35.68551],[51.13044,35.68583],[51.13106,35.68615],[51.13168,35.68647],[51.13229,35.68679],[51.13289,35.68711],[51.13349,35.68742],[51.13408,35.68774],[51.13467,35.68805],[51.13526,35.68837],[51.13584,35.68869],[51.1364,35.68902],[51.13696,35.68935],[51.13748,35.6897],[51.13797,35.69006],[51.13844,35.69043],[51.13889,35.69082],[51.13929,35.69126],[51.13968,35.69172],[51.14005,35.69219],[51.14039,35.6927],[51.14071,35.69323],[51.14101,35.69375],[51.14132,35.69426],[51.14162,35.69477],[51.14193,35.69529],[51.14225,35.69581],[51.14256,35.69634],[51.14288,35.69687],[51.14321,35.69741],[51.14352,35.69795],[51.14385,35.6985],[51.14417,35.69904],[51.14451,35.69958],[51.14485,35.70012],[51.14519,35.70067],[51.14552,35.70122],[51.14585,35.70178],[51.14621,35.70233],[51.14657,35.70287],[51.14694,35.70341],[51.14731,35.70394],[51.14766,35.70449],[51.14796,35.70504],[51.14823,35.70561],[51.14852,35.70618],[51.14881,35.70673],[51.14911,35.70729],[51.14942,35.70783],[51.14975,35.70835],[51.15006,35.70885],[51.15035,35.70934],[51.15062,35.70982],[51.15088,35.71028],[51.15114,35.71072],[51.15141,35.71116],[51.15169,35.71161],[51.15197,35.71206],[51.15225,35.71252],[51.15252,35.71299],[51.15281,35.71348],[51.15312,35.71401],[51.15343,35.71455],[51.15376,35.71509],[51.1541,35.71563],[51.15443,35.71617],[51.15476,35.71671],[51.15508,35.71724],[51.15541,35.71777],[51.15573,35.7183],[51.15603,35.71883],[51.15632,35.71935],[51.15659,35.71989],[51.15686,35.72042],[51.15712,35.72096],[51.15738,35.72149],[51.15764,35.72201],[51.1579,35.72253],[51.15816,35.72304],[51.15841,35.72355],[51.15865,35.72404],[51.15888,35.72449],[51.15911,35.72489],[51.15962,35.72515],[51.16026,35.725],[51.16116,35.72483],[51.16169,35.72472],[51.16223,35.72462],[51.1628,35.72451],[51.1634,35.72438],[51.164,35.72427],[51.16464,35.72416],[51.16528,35.72405],[51.16595,35.72392],[51.16667,35.72378],[51.16738,35.72364],[51.16807,35.7235],[51.16875,35.72337],[51.1694,35.72325],[51.17003,35.72314],[51.1707,35.72303],[51.17138,35.72291],[51.17209,35.72277],[51.1728,35.72263],[51.17351,35.72249],[51.17422,35.72237],[51.17493,35.72224],[51.17565,35.72211],[51.17636,35.722],[51.17707,35.72187],[51.17781,35.72172],[51.17852,35.72159],[51.17923,35.72145],[51.17994,35.7213],[51.18063,35.72117],[51.18133,35.72104],[51.18204,35.72089],[51.18273,35.72077],[51.18342,35.72064],[51.18413,35.7205],[51.18485,35.72035],[51.18556,35.7202],[51.18626,35.72007],[51.18692,35.71994],[51.18751,35.71981],[51.18813,35.71953],[51.18819,35.71897],[51.18796,35.71829],[51.18784,35.71788],[51.18772,35.71742],[51.18759,35.71693],[51.18746,35.71646],[51.18733,35.71599],[51.1872,35.71556],[51.18704,35.71502],[51.18735,35.71555],[51.1875,35.71616],[51.18759,35.71653],[51.1877,35.71693],[51.18782,35.71735],[51.18794,35.71779],[51.18806,35.71823],[51.18819,35.71867],[51.18833,35.7191],[51.18852,35.71943],[51.18915,35.71956],[51.1899,35.71938],[51.19036,35.7193],[51.19085,35.71921],[51.19139,35.7191],[51.19194,35.719],[51.19252,35.71888],[51.19312,35.71876],[51.19374,35.71865],[51.19438,35.71853],[51.19502,35.71841],[51.19567,35.71829],[51.19633,35.71816],[51.19699,35.71805],[51.19767,35.71792],[51.19835,35.71779],[51.19902,35.71766],[51.1997,35.71752],[51.20038,35.7174],[51.20105,35.71727],[51.20171,35.71715],[51.20236,35.71701],[51.20301,35.71688],[51.20367,35.71676],[51.20435,35.71662],[51.205,35.71648],[51.20567,35.71635],[51.20633,35.71623],[51.20698,35.71611],[51.20763,35.71598],[51.20826,35.71587],[51.20887,35.71581],[51.20947,35.71577],[51.21005,35.71569],[51.21065,35.71559],[51.21124,35.71548],[51.21185,35.71536],[51.21247,35.71525],[51.21311,35.71513],[51.21377,35.71503],[51.21443,35.71491],[51.21511,35.7148],[51.21579,35.71468],[51.21649,35.71456],[51.2172,35.71443],[51.2179,35.71432],[51.21862,35.71418],[51.21935,35.71405],[51.2201,35.71389],[51.22086,35.71375],[51.22161,35.7136],[51.22235,35.71347],[51.2231,35.71332],[51.22385,35.71318],[51.2246,35.71303],[51.22535,35.71289],[51.2261,35.71275],[51.22686,35.71259],[51.2276,35.71246],[51.22834,35.71232],[51.22908,35.71219],[51.22982,35.71205],[51.23056,35.71191],[51.2313,35.71178],[51.23202,35.71165],[51.23274,35.7115],[51.23346,35.71138],[51.23417,35.71124],[51.23488,35.7111],[51.23555,35.71098],[51.2362,35.71087],[51.23681,35.71075],[51.23741,35.71063],[51.23799,35.71052],[51.23857,35.71042],[51.23915,35.71033],[51.23976,35.71021],[51.24036,35.71009],[51.24097,35.70999],[51.2416,35.70988],[51.24223,35.70976],[51.24287,35.70963],[51.24348,35.70951],[51.24406,35.7094],[51.24463,35.7093],[51.24517,35.70921],[51.24566,35.70911],[51.24648,35.70895],[51.24715,35.70879],[51.2478,35.70861],[51.24853,35.70845],[51.24932,35.70832],[51.24976,35.70822],[51.2502,35.70815],[51.25111,35.70798],[51.25161,35.70785],[51.25211,35.70775],[51.25261,35.70764],[51.25309,35.70753],[51.25367,35.7071],[51.25334,35.70659],[51.25269,35.70677],[51.25274,35.70736],[51.25296,35.70793],[51.25311,35.70839],[51.25319,35.70883],[51.25323,35.70926],[51.25325,35.70969],[51.25327,35.71015],[51.25328,35.7106],[51.25326,35.71105],[51.25321,35.71149],[51.25315,35.71187],[51.2531,35.71223],[51.25305,35.71261],[51.25298,35.71301],[51.2529,35.71342],[51.25284,35.71381],[51.25278,35.71421],[51.25273,35.71493],[51.25269,35.71541],[51.25268,35.71589],[51.25271,35.71633],[51.25274,35.71678],[51.25276,35.71726],[51.25278,35.71774],[51.25281,35.7182],[51.25282,35.7187],[51.25281,35.71918],[51.25281,35.71966],[51.2528,35.72015],[51.25281,35.72065],[51.25282,35.72115],[51.25284,35.72166],[51.25287,35.72218],[51.25293,35.72269],[51.25299,35.7232],[51.25307,35.72372],[51.25313,35.72424],[51.25317,35.72478],[51.25322,35.72531],[51.25324,35.72586],[51.25323,35.72639],[51.25323,35.72694],[51.2532,35.72749],[51.25316,35.72804],[51.25312,35.72859],[51.2531,35.72913],[51.25309,35.72968],[51.25309,35.73023],[51.2531,35.73079],[51.2531,35.73135],[51.25309,35.73191],[51.25308,35.73248],[51.25308,35.73306],[51.25308,35.73363],[51.25307,35.7342],[51.25307,35.73476],[51.25308,35.73534],[51.25312,35.73591],[51.2532,35.73647],[51.25334,35.73705],[51.2535,35.7376],[51.25367,35.73815],[51.25383,35.7387],[51.25399,35.73928],[51.25418,35.73984],[51.25435,35.74039],[51.25451,35.74095],[51.25466,35.74151],[51.2548,35.74206],[51.25489,35.7426],[51.25496,35.74315],[51.25499,35.74371],[51.255,35.74426],[51.255,35.74476],[51.25498,35.74526],[51.25495,35.74577],[51.25489,35.74627],[51.25484,35.74676],[51.25478,35.74723],[51.25474,35.7477],[51.25469,35.74814],[51.25465,35.7486],[51.2546,35.74906],[51.25453,35.74954],[51.25445,35.75002],[51.25437,35.75051],[51.2543,35.75101],[51.25423,35.75152],[51.25417,35.75203],[51.25413,35.75255],[51.25411,35.75306],[51.25409,35.75357],[51.25406,35.75406],[51.25402,35.75456],[51.25397,35.75505],[51.25394,35.75554],[51.2539,35.75603],[51.25388,35.75651],[51.2539,35.75697],[51.254,35.75738],[51.25424,35.75771],[51.25461,35.75797],[51.25509,35.75811],[51.25566,35.75816],[51.25628,35.7582],[51.2569,35.75814],[51.25753,35.75805],[51.25816,35.75796],[51.25882,35.75787],[51.25948,35.75779],[51.26015,35.75772],[51.26082,35.75767],[51.2615,35.75761],[51.26219,35.75754],[51.26288,35.75747],[51.26357,35.7574],[51.26427,35.75732],[51.26499,35.75722],[51.26567,35.75711],[51.26634,35.75696],[51.26699,35.75679],[51.26762,35.75657],[51.26823,35.75629],[51.26881,35.75598],[51.26938,35.75566],[51.26987,35.75538],[51.27036,35.75511],[51.27085,35.75487],[51.27137,35.75465],[51.2719,35.75446],[51.27244,35.75431],[51.273,35.75419],[51.27359,35.7541],[51.27421,35.75403],[51.27483,35.754],[51.27547,35.75397],[51.27611,35.75395],[51.27675,35.75394],[51.2774,35.75392],[51.27806,35.7539],[51.27873,35.75387],[51.27941,35.75384],[51.28007,35.75382],[51.28072,35.75379],[51.28136,35.75376],[51.28199,35.75373],[51.2826,35.75371],[51.28321,35.75369],[51.28381,35.75365],[51.28441,35.75363],[51.285,35.75362],[51.28558,35.7536],[51.28616,35.75358],[51.28672,35.75356],[51.28729,35.75352],[51.28786,35.7535],[51.28842,35.75349],[51.289,35.75347],[51.28959,35.75346],[51.29018,35.75343],[51.29076,35.75341],[51.29134,35.75338],[51.29191,35.75336],[51.29249,35.75334],[51.29307,35.75332],[51.29366,35.7533],[51.29424,35.75329],[51.29481,35.75327],[51.29539,35.75326],[51.29598,35.75326],[51.29659,35.75324],[51.29723,35.75324],[51.29789,35.75323],[51.29856,35.75323],[51.29922,35.75323],[51.29987,35.75323],[51.3005,35.75322],[51.30112,35.75321],[51.3017,35.75321],[51.30225,35.75319],[51.30278,35.75318],[51.30329,35.75318],[51.30397,35.75316],[51.30457,35.75319],[51.30514,35.75316],[51.30596,35.75314],[51.30645,35.75315],[51.30696,35.75316],[51.3075,35.75316],[51.30809,35.75317],[51.3087,35.75317],[51.30934,35.75318],[51.31001,35.75319],[51.31069,35.75319],[51.31137,35.75318],[51.31205,35.75318],[51.31273,35.75317],[51.31341,35.75315],[51.31408,35.75312],[51.31476,35.7531],[51.31542,35.75307],[51.3161,35.75303],[51.31677,35.75299],[51.31742,35.75295],[51.31808,35.7529],[51.31873,35.75283],[51.31937,35.75277],[51.32,35.75269],[51.32064,35.75258],[51.32129,35.75247],[51.32193,35.75235],[51.32258,35.75225],[51.32321,35.75215],[51.32383,35.75205],[51.32446,35.75195],[51.32509,35.75185],[51.32572,35.75175],[51.32636,35.75166],[51.327,35.75156],[51.32765,35.7515],[51.32827,35.75142],[51.32888,35.75136],[51.32948,35.7513],[51.33008,35.75123],[51.33068,35.75117],[51.33129,35.75112],[51.33189,35.75108],[51.33248,35.75104],[51.33308,35.751],[51.3337,35.75097],[51.33434,35.75094],[51.33499,35.75092],[51.33566,35.75091],[51.33633,35.75091],[51.337,35.75092],[51.33765,35.75094],[51.33831,35.75097],[51.33898,35.751],[51.33965,35.75103],[51.34035,35.75106],[51.34106,35.75108],[51.3418,35.7511],[51.34255,35.75113],[51.34331,35.75115],[51.344,35.75116],[51.34461,35.75116],[51.3452,35.75116],[51.34578,35.75115],[51.34639,35.75113],[51.34702,35.75111],[51.34767,35.75109],[51.34831,35.75107],[51.34895,35.75102],[51.34962,35.75098],[51.3503,35.75093],[51.35101,35.75086],[51.35173,35.75079],[51.35247,35.7507],[51.35319,35.75061],[51.35391,35.75051],[51.35463,35.75041],[51.35535,35.7503],[51.35607,35.75018],[51.35676,35.75009],[51.35746,35.74999],[51.35817,35.7499],[51.35887,35.74981],[51.35957,35.74973],[51.36029,35.74966],[51.36105,35.74958],[51.36182,35.74952],[51.36261,35.74945],[51.3634,35.74938],[51.36418,35.74932],[51.365,35.74926],[51.36579,35.74921],[51.36658,35.74916],[51.36738,35.74912],[51.36817,35.74909],[51.36892,35.74909],[51.36965,35.7491],[51.37038,35.74913],[51.3711,35.74916],[51.3718,35.74921],[51.3725,35.74927],[51.37321,35.74933],[51.37392,35.7494],[51.37462,35.74948],[51.3753,35.74955],[51.37597,35.74961],[51.37661,35.74967],[51.37717,35.7497],[51.37768,35.74973],[51.37813,35.74976],[51.3788,35.74981],[51.37942,35.74984],[51.37995,35.74988],[51.38052,35.74992],[51.38127,35.74997],[51.38173,35.75001],[51.38221,35.75005],[51.38272,35.75009],[51.38322,35.75013],[51.3837,35.75017],[51.38419,35.75021],[51.3847,35.75024],[51.38522,35.75028],[51.38575,35.75032],[51.38628,35.75035],[51.38681,35.75039],[51.38735,35.75044],[51.3879,35.75048],[51.38846,35.75053],[51.38903,35.75057],[51.38961,35.75062],[51.39019,35.75066],[51.39079,35.75071],[51.39138,35.75075],[51.39197,35.75082],[51.39257,35.75086],[51.39318,35.75091],[51.39381,35.75096],[51.39443,35.751],[51.39507,35.75104],[51.39571,35.75109],[51.39637,35.75112],[51.39701,35.75116],[51.39777,35.75115],[51.39845,35.75118],[51.39912,35.75122],[51.39979,35.75126],[51.40049,35.75128],[51.40119,35.7513],[51.40193,35.75131],[51.40267,35.7513],[51.4034,35.7513],[51.40411,35.7513],[51.40482,35.75129],[51.40549,35.75131],[51.40612,35.75131],[51.40674,35.75132],[51.40734,35.75133],[51.4079,35.75133],[51.40846,35.75134],[51.409,35.75136],[51.40954,35.75138],[51.41007,35.75143],[51.41056,35.7515],[51.41101,35.75159],[51.41185,35.7518],[51.41232,35.75189],[51.4128,35.75199],[51.41329,35.75207],[51.4138,35.75213],[51.41433,35.75216],[51.41487,35.75217],[51.41542,35.75214],[51.41598,35.75205],[51.41659,35.75194],[51.41721,35.75177],[51.41783,35.7515],[51.41847,35.75116],[51.41908,35.75079],[51.41971,35.75041],[51.42035,35.75005],[51.42104,35.74973],[51.42178,35.74947],[51.42257,35.74929],[51.42336,35.7492],[51.42417,35.74917],[51.42498,35.74917],[51.42577,35.74918],[51.42659,35.74919],[51.42742,35.74919],[51.42823,35.7492],[51.42902,35.7492],[51.42978,35.7492],[51.43053,35.74923],[51.43128,35.74925],[51.43204,35.74925],[51.43278,35.74926],[51.43353,35.74927],[51.4343,35.74929],[51.43503,35.74934],[51.43573,35.74941],[51.43639,35.74954],[51.43704,35.7497],[51.43767,35.74991],[51.4383,35.75011],[51.43896,35.75031],[51.43963,35.75051],[51.44036,35.75066],[51.44111,35.75075],[51.44185,35.7508],[51.44261,35.75083],[51.44337,35.75087],[51.44405,35.7509],[51.4447,35.75095],[51.44537,35.75102],[51.44606,35.75113],[51.44675,35.75126],[51.44745,35.75144],[51.44817,35.75165],[51.44887,35.75187],[51.44951,35.75213],[51.45019,35.75254],[51.45082,35.75295],[51.4514,35.75331],[51.45194,35.75365],[51.45248,35.75398],[51.45301,35.75431],[51.45354,35.75455],[51.45405,35.75478],[51.45454,35.755],[51.45504,35.75522],[51.45554,35.75542],[51.45606,35.7556],[51.45658,35.75577],[51.45712,35.7559],[51.45765,35.75603],[51.4582,35.75614],[51.45875,35.75624],[51.45932,35.75632],[51.45989,35.7564],[51.46045,35.75647],[51.46101,35.75653],[51.46157,35.75658],[51.46212,35.75661],[51.46263,35.75665],[51.46316,35.75668],[51.46371,35.75671],[51.46428,35.75673],[51.46483,35.75673],[51.46532,35.75672],[51.46579,35.75672],[51.46657,35.75663],[51.4668,35.75617],[51.46625,35.75598],[51.46577,35.75633],[51.46571,35.75686],[51.46569,35.75748],[51.46567,35.75818],[51.46569,35.75856],[51.46574,35.75894],[51.46577,35.75936],[51.46583,35.75977],[51.46591,35.76019],[51.46599,35.76062],[51.46609,35.76105],[51.46622,35.7615],[51.46633,35.76194],[51.46646,35.76237],[51.46656,35.76279],[51.46667,35.76322],[51.4668,35.76366],[51.46693,35.76409],[51.46707,35.7645],[51.46725,35.76487],[51.46761,35.76553],[51.46778,35.76589],[51.46798,35.76628],[51.46816,35.76669],[51.46837,35.76707],[51.46858,35.76745],[51.46878,35.76782],[51.46898,35.76821],[51.46921,35.76857],[51.46953,35.76897],[51.46988,35.76931],[51.47029,35.76958],[51.47073,35.76978],[51.47115,35.77002],[51.47157,35.77028],[51.47199,35.77056],[51.47235,35.77089],[51.47268,35.77125],[51.47297,35.77164],[51.47328,35.77202],[51.47365,35.77236],[51.47405,35.77266],[51.47449,35.77294],[51.47493,35.77321],[51.47534,35.77352],[51.47572,35.77385],[51.47606,35.7742],[51.47636,35.77456],[51.47656,35.77497],[51.4767,35.7754],[51.4768,35.77582],[51.4769,35.77625],[51.47701,35.77668],[51.47712,35.77709],[51.47722,35.7775],[51.47733,35.7779],[51.47747,35.77827],[51.47768,35.77864],[51.47795,35.779],[51.47829,35.77934],[51.47867,35.77965],[51.47907,35.77996],[51.47948,35.78028],[51.4799,35.78061],[51.4803,35.78094],[51.48064,35.78132],[51.48093,35.78175],[51.48116,35.78219],[51.48141,35.7826],[51.48166,35.78299],[51.48188,35.78337],[51.4821,35.78373],[51.4825,35.78433],[51.48293,35.78496],[51.48315,35.78529],[51.48338,35.78565],[51.48362,35.78602],[51.48384,35.78638],[51.48405,35.78676],[51.48425,35.78717],[51.48443,35.78757],[51.48487,35.78804],[51.4855,35.78795],[51.48621,35.78758],[51.48697,35.78725],[51.48739,35.78708],[51.48782,35.7869],[51.48827,35.7867],[51.48874,35.7865],[51.4892,35.78631],[51.48963,35.78613],[51.49008,35.78598],[51.49054,35.78585],[51.49101,35.78576],[51.49147,35.78569],[51.49194,35.78562],[51.49245,35.7856],[51.493,35.78559],[51.49359,35.78562],[51.49419,35.78568],[51.49479,35.78577],[51.49539,35.78586],[51.49599,35.78596],[51.49659,35.78605],[51.49721,35.78612],[51.49783,35.78617],[51.49846,35.78621],[51.49909,35.78622],[51.49972,35.78619],[51.50034,35.78612],[51.50096,35.78599],[51.50155,35.78585],[51.50213,35.78566],[51.50273,35.78548],[51.50333,35.7853],[51.50393,35.78514],[51.50454,35.78498],[51.50515,35.78481],[51.50577,35.78464],[51.50639,35.78446],[51.50703,35.78428],[51.50767,35.7841],[51.50832,35.78393],[51.50897,35.78375],[51.50961,35.78355],[51.51026,35.78335],[51.51092,35.78315],[51.51159,35.78295],[51.51223,35.78275],[51.51286,35.78254],[51.51348,35.7823],[51.51408,35.78202],[51.51465,35.78171],[51.51519,35.78137],[51.51571,35.781],[51.51623,35.78061],[51.51676,35.78021],[51.51729,35.77981],[51.51783,35.77941],[51.51837,35.77902],[51.51895,35.77865],[51.51958,35.77832],[51.52026,35.77807],[51.52095,35.77785],[51.52165,35.77768],[51.52236,35.77757],[51.52307,35.77751],[51.52377,35.77747],[51.52446,35.77743],[51.52514,35.77738],[51.52582,35.77734],[51.52651,35.7773],[51.5272,35.77726],[51.52791,35.77721],[51.52861,35.77716],[51.52931,35.77712],[51.53,35.77708],[51.53069,35.77703],[51.53137,35.77698],[51.53205,35.77694],[51.53274,35.77689],[51.5334,35.77684],[51.53405,35.77677],[51.53468,35.77669],[51.53529,35.7766],[51.53589,35.77651],[51.53652,35.77642],[51.53715,35.77632],[51.53779,35.77621],[51.53844,35.77608],[51.53909,35.77593],[51.53974,35.77578],[51.54039,35.77561],[51.54106,35.77542],[51.54173,35.77522],[51.54239,35.77502],[51.54305,35.7748],[51.5437,35.77458],[51.54433,35.77435],[51.54496,35.77413],[51.5456,35.77391],[51.54624,35.7737],[51.54688,35.77347],[51.54752,35.77325],[51.54817,35.77302],[51.54881,35.77278],[51.54946,35.77255],[51.55011,35.77233],[51.55076,35.77209],[51.55141,35.77186],[51.55206,35.77164],[51.55268,35.77143],[51.55331,35.77121],[51.55396,35.77099],[51.5546,35.77077],[51.55525,35.77054],[51.5559,35.77031],[51.55656,35.77008],[51.5572,35.76982],[51.55785,35.76954],[51.55847,35.76926],[51.55909,35.76896],[51.55969,35.76861],[51.56025,35.76823],[51.56082,35.76784],[51.56137,35.76743],[51.56194,35.76703],[51.56252,35.76664],[51.56311,35.76624],[51.56372,35.76585],[51.56435,35.76549],[51.56497,35.76514],[51.56557,35.76477],[51.56614,35.7644],[51.5667,35.76406],[51.56724,35.7637],[51.56776,35.76332],[51.56828,35.76293],[51.5688,35.76253],[51.56933,35.76213],[51.56986,35.76173],[51.57039,35.76132],[51.57093,35.76091],[51.57148,35.76049],[51.57203,35.76007],[51.57258,35.75964],[51.57315,35.7592],[51.57371,35.75875],[51.57424,35.75827],[51.57474,35.75776],[51.5752,35.75722],[51.5756,35.75666],[51.57592,35.75612],[51.57616,35.75565],[51.57633,35.75528],[51.57651,35.75467],[51.57668,35.75403],[51.57688,35.75363],[51.5771,35.75323],[51.57748,35.75286],[51.57807,35.75238],[51.57844,35.75215],[51.57882,35.75193],[51.57917,35.75146],[51.57864,35.75099],[51.57825,35.75071],[51.57781,35.75041],[51.57734,35.75007],[51.57693,35.74971],[51.57662,35.74943],[51.57635,35.74913],[51.57623,35.74867],[51.5765,35.74805],[51.57674,35.74769],[51.57697,35.74734],[51.57696,35.74664],[51.5768,35.74625],[51.57663,35.74584],[51.57647,35.74544],[51.57604,35.74509],[51.5754,35.74529],[51.57498,35.74543],[51.57452,35.74556],[51.57401,35.7457],[51.57351,35.74586],[51.57306,35.74598],[51.57256,35.74587],[51.57236,35.74537],[51.57222,35.74501],[51.57206,35.74462],[51.5719,35.7442],[51.57188,35.74378],[51.57201,35.74341],[51.57222,35.74307],[51.57265,35.74261],[51.57293,35.7423],[51.57296,35.7419],[51.57253,35.74153],[51.57183,35.74113],[51.57123,35.7408],[51.57089,35.74056],[51.57029,35.74021],[51.5699,35.73998],[51.56949,35.73977],[51.56878,35.73939],[51.5682,35.73903],[51.56779,35.73877],[51.56724,35.73842],[51.56661,35.73801],[51.5659,35.73758],[51.56547,35.73733],[51.56503,35.73707],[51.56458,35.7368],[51.56422,35.73658],[51.56384,35.73638],[51.56337,35.73617],[51.56301,35.73594],[51.5626,35.73571],[51.5622,35.73548],[51.56175,35.73521],[51.56133,35.73495],[51.56079,35.73463],[51.56011,35.73422],[51.55943,35.73381],[51.55878,35.73344],[51.55806,35.73302],[51.55768,35.73278],[51.55731,35.73257],[51.55692,35.73236],[51.55654,35.73216],[51.55589,35.7318],[51.5553,35.73148],[51.5546,35.73108],[51.55422,35.73087],[51.55372,35.73056],[51.55372,35.73017],[51.55405,35.73001],[51.55398,35.72996],[51.55412,35.73005]],[[51.55419,35.73022],[51.55433,35.7303],[51.55418,35.73006],[51.55428,35.73033],[51.5542,35.73036],[51.5542,35.73028],[51.5542,35.7303],[51.55432,35.73039],[51.55429,35.73033],[51.55428,35.73026],[51.55435,35.73024],[51.55432,35.73024],[51.55436,35.73024],[51.55435,35.73023],[51.5544,35.73026],[51.55434,35.73023],[51.55433,35.7302],[51.55429,35.73019],[51.5543,35.73015],[51.55437,35.7302],[51.55431,35.73024],[51.55431,35.73019],[51.55433,35.73032],[51.55433,35.73019],[51.55418,35.73008],[51.55432,35.73012],[51.55445,35.73031],[51.55443,35.73027],[51.55446,35.7303],[51.55435,35.73022],[51.55433,35.7301],[51.55436,35.73026],[51.55435,35.73024],[51.55432,35.73021],[51.55433,35.73021],[51.55435,35.73021],[51.55429,35.73022],[51.5543,35.73016],[51.55424,35.73022],[51.55432,35.73033],[51.55404,35.73002],[51.55423,35.73024],[51.55446,35.73045],[51.55415,35.73025],[51.55416,35.73013],[51.55421,35.73014],[51.55427,35.73011],[51.55432,35.73005],[51.55432,35.73007],[51.5543,35.73014],[51.55441,35.73025],[51.55446,35.73025],[51.55429,35.73016],[51.55427,35.73019],[51.55429,35.73022],[51.55458,35.73051],[51.5545,35.73044],[51.55442,35.7304],[51.55431,35.7303],[51.55427,35.73029],[51.55429,35.7302],[51.55437,35.73027],[51.55435,35.73025],[51.55442,35.73031],[51.55435,35.73044],[51.55427,35.7302],[51.55428,35.7302]]]}},{"type":"Feature","properties":{"route":10,"color":"#0284c7","times":[[20938,20947,20953,20959,20965,20983,20989,21001,21019,21022,21025,21028,21031,21034,21037,21040,21043,21046,21049,21052,21055,21058,21061,21064,21067,21070,21073,21076,21079,21082,21085,21088,21091,21094,21097,21100,21103,21106,21109,21112,21115,21118,21121,21124,21127,21130,21133,21136,21139,21142,21148,21208,21262,21289,21304,21328,21373,21433,21487,21511,21571,21631,21667,21676,21682,21697,21703,21709,21718,21724,21730,21736,21742,21748,21754,21757,21760,21763,21766,21769,21772,21775,21778,21781,21784,21787,21790,21793,21796,21799,21802,21805,21808,21811,21814,21817,21820,21823,21826,21829,21832,21835,21838,21841,21844,21847,21850,21853,21856,21859,21862,21865,21868,21871,21874,21877,21880,21883,21886,21889,21892,21895,21898,21901,21904,21907,21910,21913,21916,21919,21922,21925,21928,21931,21934,21937,21940,21943,21946,21949,21952,21955,21958,21961,21964,21967,21970,21973,21976,21979,21982,21985,21988,21991,21994,21997,22000,22003,22006,22009,22012,22015,22018,22021,22027,22033,22042,22057,22072,22084,22093,22102,22111,22120,22129,22135,22141,22147,22153,22159,22165,22186,22195,22201,22207,22216,22228,22240,22246,22252,22267,22282,22297,22303,22309,22315,22321,22327,22333,22339,22345,22351,22357,22363,22369,22378,22390,22399,22408,22414,22420,22429,22441,22450,22459,22468,22486,22492,22498,22513,22552,22570,22606,22630,22648,22669,22687,22699,22708,22717,22723,22729,22735,22741,22747,22753,22759,22765,22771,22774,22777,22780,22783,22786,22789,22792,22795,22798,22801,22804,22807,22813,22819,22825,22831,22837,22846,22855,22879,22903,22924,22933,22939,22945,22948,22951,22954,22957,22960,22963,22966,22969,22972,22975,22978,22981,22984,22987,22990,22993,22996,22999,23002,23005,23008,23011,23014,23017,23020,23023,23026,23029,23032,23035,23038,23041,23044,23047,23050,23053,23056,23059,23062,23065,23068,23071,23074,23077,23080,23083,23086,23089,23092,23095,23098,23101,23104,23107,23110,23113,23116,23119,23122,23125,23128,23131,23134,23137,23140,23143,23146,23149,23152,23155,23158,23161,23164,23167,23170,23173,23176,23179,23182,23185,23188,23191,23194,23197,23200,23203,23206,23209,23212,23215,23218,23221,23224,23227,23230,23233,23236,23239,23242,23245,23248,23251,23254,23257,23260,23263,23266,23269,23272,23275,23278,23281,23284,23287,23290,23293,23296,23299,23302,23305,23308,23311,23314,23317,23320,23323,23326,23329,23332,23335,23338,23344,23350,23359,23368,23374,23380,23386,23392,23398,23404,23410,23413,23416,23419,23422,23425,23428,23431,23434,23437,23440,23443,23446,23449,23452,23455,23458,23461,23464,23467,23470,23473,23476,23479,23482,23485,23488,23491,23494,23497,23500,23503,23506,23509,23512,23515,23518,23521,23524,23527,23530,23533,23536,23539,23542,23545,23548,23551,23554,23557,23560,23563,23566,23569,23572,23575,23578,23581,23584,23587,23590,23593,23596,23599,23602,23605,23608,23611,23614,23617,23620,23623,23629,23635,23641,23647,23650,23653,23656,23659,23662,23665,23668,23674,23680,23686,23692,23698,23704,23707,23710,23713,23716,23719,23722,23725,23728,23731,23734,23737,23740,23743,23746,23749,23752,23755,23758,23761,23764,23767,23770,23773,23776,23779,23782,23785,23788,23791,23794,23797,23800,23803,23809,23812,23815,23818,23824,23830,23836,23839,23842,23845,23848,23851,23854,23857,23860,23863,23866,23869,23872,23875,23878,23881,23887,23899,23908,23917,23923,23929,23935,23941,23944,23947,23950,23953,23956,23959,23962,23965,23968,23971,23974,23977,23980,23983,23986,23989,23992,23995,23998,24001,24004,24007,24010,24013,24016,24019,24022,24025,24028,24031,24034,24037,24040,24043,24046,24049,24052,24055,24058,24061,24064,24067,24070,24073,24076,24079,24082,24085,24088,24091,24094,24097,24100,24103,24106,24109,24112,24115,24118,24121,24124,24127,24130,24133,24136,24139,24142,24145,24148,24151,24154,24157,24160,24163,24166,24169,24172,24175,24178,24181,24184,24187,24190,24193,24196,24199,24202,24205,24208,24211,24217,24223,24229,24235,24241,24247,24253,24259,24265,24271,24277,24283,24289,24295,24301,24307,24313,24319,24325,24331,24337,24343,24349,24355,24361,24367,24370,24376,24382,24388,24394,24400,24406,24412,24418,24424,24427,24430,24433,24439,24445,24448,24451,24454,24457,24460,24463,24466,24469,24472,24475,24478,24481,24484,24487,24490,24493,24496,24499,24502,24505,24508,24511,24514,24517,24520,24523,24526,24529,24532,24535,24538,24541,24544,24547,24550,24553,24556,24559,24562,24565,24568,24571,24574,24577,24580,24583,24586,24589,24592,24595,24598,24601,24604,24607,24610,24613,24616,24619,24622,24625,24631,24640,24646,24652,24667,24676,24685,24694,24700,24706,24712,24718,24724,24730,24736,24742,24748,24754,24760,24766,24781,24790,24799,24805,24811,24817,24823,24829,24835,24841,24847,24853,24859,24865,24874,24880,24886,24892,24898,24901,24904,24907,24910,24913,24916,24919,24922,24925,24928,24931,24934,24937,24940,24943,24946,24949,24952,24955,24958,24961,24964,24967,24970,24973,24976,24979,24982,24985,24988,24991,24994,24997,25000,25003,25006,25009,25012,25015,25018,25021,25024,25027,25030,25033,25036,25039,25042,25045,25048,25051,25054,25057,25060,25063,25066,25069,25072,25075,25078,25081,25084,25087,25090,25093,25096,25099,25102,25105,25108,25111,25114,25117,25120,25123,25126,25129,25132,25135,25138,25141,25144,25147,25150,25156,25213,25219,25225,25231,25237,25243,25249,25252,25255,25258,25261,25264,25267,25270,25273,25276,25279,25282,25285,25288,25291,25294,25297,25300,25303,25306,25309,25312,25315,25318,25321,25324,25327,25330,25336,25342,25348,25351,25354,25357,25360,25363,25366,25369,25372,25375,25378,25381,25384,25387,25390,25393,25396,25399,25402,25405,25408,25411,25414,25417,25420,25423,25429,25432,25435,25438,25441,25444,25447,25450,25453,25456,25459,25462,25465,25468,25471,25474,25477,25480,25483,25486,25489,25492,25495,25498,25501,25504,25507,25510,25513,25516,25519,25522,25525,25528,25531,25534,25537,25540,25543,25546,25549,25552,25555,25561,25567,25573,25579,25585,25591,25597,25603,25609,25612,25615,25618,25624,25633,25639,25645,25654,25660,25666,25672,25678,25684,25690,25696,25702,25708,25714,25717,25720,25723,25726,25732,25738,25777,25789,25795,25810,25822,25834,25852,25861,25870,25879,25888,25897,25906,25966,26026,26086,26146,26158,26167,26176,26188,26197,26203,26212,26230,26239,26254,26269,26281,26296,26314,26329,26344,26353,26368,26377,26386,26395,26404,26413,26422,26431,26440,26446,26452,26461,26467,26473,26479,26485,26491,26500,26512,26521,26530,26539,26548,26557,26566,26575,26584,26593,26602,26611,26620,26629,26638,26647,26659,26668,26695,26707,26722,26734,26743,26752,26761,26767,26773,26779,26788,26800,26809,26815,26827,26836,26848,26854,26914,26974,27034,27094,27154,27214,27274,27334,27394,27454,27514,27574,27634,27652,27664,27673,27682,27691,27700,27709,27718,27730,27760,27781,27793,27802,27811,27817,27823,27832,27838,27844,27850,27859,27868,27877,27886,27892,27898,27910,27916,27925,27931,27937,27946,27955,27964,27985,27994,28000,28009,28018,28078,28138,28198,28258,28318,28378,28438,28498,28516,28528,28537,28546,28552,28558,28564,28570,28579,28585,28591,28597,28603,28612,28618,28624,28630,28636,28642,28645,28648,28654,28660,28666,28675,28681,28687,28693,28699,28705,28711,28717,28723,28729,28738,28744,28750,28756,28762,28768,28786,28795,28801,28807,28813,28819,28822,28825,28828,28831,28834,28837,28840,28846,28858,28864,28870,28876,28879,28882,28885,28888,28891,28894,28897,28900,28903,28906,28909,28912,28915,28918,28921,28924,28927,28930,28933,28936,28939,28942,28945,28948,28951,28954,28957,28960,28963,28966,28969,28972,28975,28978,28981,28984,28987,28990,28993,28996,28999,29002,29005,29008,29011,29014,29017,29020,29023,29026,29029,29032,29035,29038,29041,29044,29047,29050,29053,29056,29059,29062,29065,29068,29071,29074,29077,29080,29083,29086,29089,29092,29095,29098,29101,29104,29107,29110,29113,29116,29119,29122,29125,29128,29131,29134,29137,29140,29143,29146,29149,29152,29158,29164,29209,29218,29224,29230,29233,29236,29239,29242,29245,29248,29251,29254,29257,29260,29263,29266,29269,29272,29275,29278,29281,29284,29287,29290,29293,29296,29299,29302,29305,29308,29311,29314,29317,29320,29323,29326,29329,29332,29335,29338,29341,29344,29347,29350,29353,29356,29359,29362,29365,29371,29377,29383,29389,29392,29395,29398,29401,29404,29407,29410,29413,29416,29419,29422,29425,29428,29431,29434,29437,29440,29443,29449,29455,29461,29464,29467,29470,29473,29476,29479,29482,29485,29491,29503,29509,29518,29527,29533,29539,29545,29551,29557,29563,29569,29575,29578,29584,29593,29599,29605,29611,29617,29623,29644,29650,29659,29719,29779,29839,29866,29875,29905,29914,29923,29932,29992,30037,30043,30049,30055,30061,30067,30076,30082,30088,30094,30100,30106,30115,30127,30133,30139,30145,30151,30155,30164,30176,30182,30188,30194,30197,30200,30203,30209,30215,30218,30221,30227,30242,30248,30254,30260,30266,30281,30290,30296,30302,30308,30311,30314,30317,30320,30323,30326,30329,30332,30335,30338,30341,30344,30347,30350,30353,30356,30359,30362,30365,30368,30374,30395,30455,30515,30575,30611,30662,30722,30782,30842,30902,30962,31022,31070,31082,31088,31097,31106,31112,31115,31121,31124,31127,31130,31133,31136,31139,31145,31151,31157,31163,31169,31175,31181,31184,31187,31190,31193,31196,31199,31232,31241,31247,31253,31259,31265,31271,31277,31283,31289,31295,31301,31307,31313,31319,31325,31331,31334,31337,31340,31343,31346,31349,31352,31355,31361,31364,31370,31382,31388,31394,31397,31403,31412,31418,31424,31430,31436,31439,31442,31445,31448,31451,31457,31463,31472,31478,31484,31490,31499,31505,31563,31569,31578,31637,31652,31712,31763,31823,31868,31928,32043,32049,32052,32061,32067,32076,32082,32094,32100,32106,32112,32115,32124,32136,32142,32148,32154,32160,32166,32172,32176,32182,32191,32197,32203,32209,32215,32221,32227,32233,32236,32239,32242,32248,32254,32257,32260,32266,32269,32272,32275,32278,32281,32284,32287,32290,32293,32299,32305,32314,32320,32326,32332,32338,32344,32350,32356,32362,32371,32410,32425,32485,32521,32539,32599,32659,32719,32779,32839,32899,32959,33019,33079,33139,33199,33232,33241,33250,33259,33271,33280,33301,33310,33319,33328,33388,33448,33508,33514,33520,33526,33541,33550,33556,33568,33574,33580,33589,33598,33604,33610,33664,33670,33676,33682,33688,33694,33703,33709,33715,33721,33727,33733,33739,33745,33751,33757,33763,33769,33775,33781,33787,33793,33799,33814,33820,33826,33832,33844,33853,33862,33871,33931,33991,34051,34111,34162,34171,34180,34189,34195,34204,34213,34219,34225,34234,34243,34252,34312,34372,34432,34492,34552,34612,34672,34732,34792,34852,34912,34969,34975,34981,34987,34993,35005,35011,35017,35026,35032,35038,35044,35053,35059,35065,35071,35077,35086,35092,35101,35107,35134,35146,35161,35194,35251,35263,35272,35281,35293,35302,35308,35314,35326,35344,35353,35359,35374,35383,35443,35503,35557,35569,35578,35587,35593,35599,35605,35611,35617,35620,35623,35629,35635,35641,35644,35650,35659,35665,35668,35671,35674,35677,35680,35683,35686,35689,35692,35695,35698,35701,35704,35707,35710,35713,35716,35719,35722,35725,35728,35731,35734,35737,35740,35743,35746,35749,35752,35755,35758,35761,35764,35767,35770,35773,35776,35779,35782,35785,35791,35800,35806,35812,35818,35824,35830,35836,35842,35848,35851,35854,35857,35860,35866,35875,35881,35887,35893,35896,35899,35902,35905,35908,35911,35914,35917,35920,35923,35926,35929,35932,35935,35938,35941,35944,35947,35950,35953,35956,35959,35962,35965,35968,35974,35986,35992,35998,36007,36016,36022,36028,36034,36037,36040,36043,36049,36055,36061,36067,36070,36073,36076,36082,36112,36124,36136,36142,36148,36154,36160,36166,36172,36184,36211,36271,36331,36355,36364,36370,36379,36388,36397,36457,36472,36490,36496,36505,36532,36592,36610,36637,36667,36727,36748,36751,36760,36781,36832,36844,36853,36874,36886,36889,36904,36925,36940,36955,36961,36973,36979,36982,36988,36994,37003,37015,37024,37039,37045,37066,37072,37081,37087,37093,37099,37105,37111,37120,37144,37153,37159,37162,37165,37168,37171,37174,37177,37180,37183,37186,37189,37192,37195,37198,37201,37204,37207,37210,37213,37216,37219,37222,37225,37228,37231,37234,37237,37240,37243,37246,37249,37252,37255,37258,37261,37264,37267,37270,37273,37276,37279,37282,37285,37288,37291,37294,37297,37303,37309,37315,37321,37324,37327,37330,37333,37336,37339,37342,37345,37348,37351,37354,37357,37360,37363,37366,37369,37372,37375,37378,37381,37384,37387,37390,37393,37396,37399,37402,37405,37408,37411,37414,37417,37420,37423,37426,37432,37444,37453,37459,37465,37474,37483,37489,37495,37501,37510,37516,37522,37528,37534,37546,37552,37558,37564,37576,37585,37594,37603,37615,37624,37633,37642,37654,37660,37666,37675,37684,37720,37780,37840,37900,37960,37975,37984,37990,37996,38002,38014,38020,38029,38038,38047,38059,38065,38074,38086,38092,38098,38104,38110,38122,38128,38134,38140,38149,38155,38161,38167,38179,38185,38191,38197,38203,38212,38218,38230,38236,38242,38245,38248,38251,38254,38257,38260,38263,38266,38269,38272,38275,38278,38281,38284,38287,38290,38293,38296,38299,38302,38305,38308,38311,38314,38317,38320,38323,38326,38329,38335,38344,38350,38356,38359,38362,38365,38368,38371,38374,38377,38380,38383,38386,38389,38392,38395,38398,38401,38404,38407,38410,38413,38416,38419,38422,38425,38428,38431,38434,38437,38440,38443,38446,38449,38452,38455,38458,38461,38464,38467,38470,38473,38476,38479,38482,38485,38488,38491,38494,38497,38500,38503,38506,38509,38515,38521,38551,38563,38575,38581,38587,38593,38602,38608,38614,38623,38632,38644,38653,38671,38680,38686,38692,38698,38701,38707,38713,38719,38728,38734,38740,38743,38746,38749,38752,38755,38758,38761,38764,38767,38770,38776,38788,38794,38800,38803,38806,38809,38812,38815,38821,38827,38836,38842,38848,38854,38860,38866,38869,38872,38878,38887,38893,38896,38899,38902,38905,38908,38911,38914,38917,38920,38926,38935,38941,38947,38953,38959,38965,38971,38977,38980,38986,38989,38995,39001,39007,39013,39016,39022,39031,39037,39043,39049,39055,39058,39061,39064,39067,39070,39073,39076,39079,39082,39085,39088,39091,39094,39097,39100,39103,39106,39109,39112,39115,39118,39121,39124,39127,39139,39154,39163,39169,39175,39178,39184,39187,39190,39193,39196,39199,39205,39217,39223,39232,39292,39352,39412,39472,39526,39532,39538,39544,39547,39550,39553,39559,39565,39568,39574,39610,39616,39622,39628,39634,39640,39646,39652,39658,39664,39670,39676,39688,39694,39700,39703,39709,39715,39724,39733,39739,39745,39748,39751,39754,39757,39760,39763,39766,39769,39775,39778,39784,39787,39790,39793,39796,39799,39802,39805,39808,39814,39823,39829,39835,39838,39841,39844,39847,39850,39853,39856,39859,39862,39865,39868,39871,39874,39877,39880,39883,39886,39889,39892,39895,39898,39901,39904,39907,39913,39919,39934,39940,39946,39949,39955,39958,39961,39964,39967,39973,39982,39988,39994,40000,40006,40012,40024,40033,40039,40045,40051,40060,40066,40072,40078,40084,40090,40096,40102,40108,40114,40120,40123,40126,40129,40132,40135,40138,40141,40144,40147,40150,40153,40156,40159,40162,40165,40168,40171,40174,40177,40183,40189,40195,40201,40204,40207,40210,40213,40219,40234,40240,40246,40252,40258,40270,40279,40285,40291,40294,40297,40300,40303,40306,40309,40312,40315,40318,40321,40324,40327,40330,40333,40336,40339,40342,40345,40348,40351,40354,40357,40360,40363,40366,40369,40372,40375,40378,40381,40384,40387,40390,40393,40396,40399,40402,40405,40408,40411,40414,40417,40420,40423,40426,40429,40432,40435,40438,40441,40444,40447,40450,40453,40456,40459,40462,40465,40468,40471,40474,40477,40480,40483,40486,40489,40492,40495,40498,40501,40504,40507,40510,40513,40516,40519,40522,40525,40528,40531,40534,40537,40540,40543,40546,40549,40552,40555,40561,40570,40579,40585,40591,40597,40606,40612,40618,40624,40630,40636,40642,40648,40651,40657,40717,40777,40837,40843,40849,40855,40861,40867,40888,40948,41008,41068,41080,41086,41092,41098,41104,41107,41110,41113,41116,41119,41122,41125,41128,41131,41134,41137,41140,41143,41146,41149,41152,41155,41158,41161,41164,41167,41170,41173,41176,41179,41182,41185,41188,41191,41194,41197,41200,41203,41206,41209,41212,41215,41221,41227,41230,41233,41236,41239,41242,41245,41248,41251,41254,41257,41260,41263,41266,41269,41272,41275,41278,41281,41284,41287,41290,41293,41296,41299,41302,41305,41308,41311,41314,41317,41320,41323,41326,41329,41332,41335,41338,41341,41344,41347,41350,41353,41356,41359,41362,41365,41368,41371,41374,41386,41392,41398,41407,41413,41419,41425,41431,41467,41527,41587,41647,41677,41683,41689,41695,41707,41713,41719,41722,41725,41728,41731,41734,41737,41740,41743,41746,41749,41752,41755,41758,41761,41764,41767,41770,41773,41776,41779,41782,41785,41788,41791,41794,41797,41800,41803,41806,41809,41812,41815,41818,41821,41824,41827,41830,41833,41836,41839,41842,41845,41848,41851,41854,41857,41860,41866,41884,41890,41893,41896,41899,41902,41905,41908,41911,41917,41923,41929,41935,41938,41941,41944,41947,41950,41953,41956,41959,41962,41968,41974,41980,42001,42007,42013,42019,42025,42031,42037,42043,42052,42058,42064,42067,42070,42073,42076,42079,42082,42085,42088,42091,42094,42097,42100,42103,42106,42109,42112,42115,42118,42121,42124,42127,42130,42133,42136,42139,42142,42145,42148,42151,42154,42157,42160,42163,42166,42169,42172,42175,42178,42181,42184,42187,42190,42193,42196,42199,42202,42205,42208,42211,42214,42217,42220,42223,42226,42229,42232,42235,42238,42241,42244,42247,42253,42259,42265,42271,42277,42283,42286,42289,42292,42295,42298,42301,42304,42307,42310,42313,42316,42319,42322,42325,42328,42331,42334,42337,42340,42343,42346,42349,42352,42355,42358,42361,42364,42367,42370,42373,42376,42379,42382,42385,42388,42391,42394,42397,42400,42403,42406,42409,42415,42424,42463,42484,42490,42496,42502,42508,42514,42520,42541,42547,42553,42559,42565,42571,42577,42580,42583,42586,42589,42592,42595,42598,42601,42604,42607,42610,42613,42616,42619,42622,42625,42628,42631,42634,42637,42640,42643,42646,42649,42652,42655,42658,42661,42664,42667,42670,42673,42676,42679,42682,42685,42688,42691,42694,42697,42700,42703,42706,42709,42712,42715,42718,42721,42724,42727,42730,42733,42736,42739,42742,42745,42748,42751,42754,42757,42760,42763,42766,42769,42772,42775,42778,42781,42784,42787,42790,42793,42796,42799,42802,42805,42808,42811,42814,42817,42820,42823,42826,42829,42832,42835,42838,42841,42844,42847,42850,42853,42856,42859,42862,42865,42868,42871,42874,42877,42880,42883,42886,42889,42895,42898,42901,42904,42907,42910,42913,42916,42919,42922,42925,42928,42931,42934,42937,42943,42949,42958,42964,42973,42979,42985,42988,42991,42994,42997,43000,43003,43006,43009,43012,43015,43018,43021,43024,43027,43033,43036,43039,43042,43045,43048,43051,43054,43057,43060,43063,43066,43069,43072,43075,43078,43084,43090,43096,43099,43102,43105,43108,43111,43114,43117,43120,43123,43126,43129,43132,43135,43138,43141,43144,43147,43150,43153,43156,43159,43162,43165,43168,43171,43174,43177,43180,43183,43186,43189,43192,43195,43198,43201,43204,43207,43210,43213,43216,43219,43222,43225,43228,43231,43234,43237,43240,43243,43246,43249,43252,43255,43258,43261,43264,43267,43270,43273,43276,43279,43282,43285,43288,43291,43294,43297,43300,43303,43306,43309,43312,43315,43318,43321,43324,43327,43330,43333,43336,43339,43342,43345,43348,43351,43354,43357,43360,43363,43366,43369,43372,43375,43378,43381,43384,43387,43390,43393,43396,43399,43402,43405,43408,43411,43414,43417,43420,43423,43426,43429,43432,43435,43438,43441,43444,43447,43450,43453,43456,43459,43462,43465,43468,43471,43474,43477,43480,43483,43486,43489,43492,43495,43498,43501,43504,43507,43510,43513,43516,43519,43522,43525,43528,43531,43534,43537,43540,43543,43546,43549,43552,43555,43558,43561,43564,43567,43570,43573,43576,43579,43582,43585,43588,43591,43594,43597,43600,43603,43609,43615,43621,43624,43627,43630,43633,43636,43639,43642,43645,43648,43651,43654,43657,43660,43663,43666,43669,43672,43675,43678,43681,43684,43687,43690,43693,43696,43699,43702,43705,43708,43711,43714,43717,43720,43723,43726,43732,43738,43744,43750,43756,43762,43768,43774,43780,43786,43792,43798,43804,43810,43816,43822,43828,43834,43840,43846,43852,43858,43867,43891,43903,43927,43936,43969,43975,43981,43987,43993,43999,44011,44026,44044,44050,44056,44065,44074,44083,44089,44095,44101,44107,44113,44119,44125,44131,44137,44143,44149,44155,44161,44167,44173,44179,44185,44191,44197,44206,44251,44257,44263,44269,44275,44281,44287,44293,44308,44317,44326,44332,44338,44344,44350,44356,44365,44371,44377,44383,44389,44392,44395,44398,44401,44404,44407,44410,44416,44419,44422,44425,44428,44431,44434,44440,44446,44452,44455,44458,44461,44464,44467,44470,44473,44476,44479,44482,44485,44488,44491,44494,44497,44500,44503,44506,44509,44512,44515,44518,44521,44524,44527,44530,44533,44536,44539,44542,44545,44548,44551,44554,44557,44560,44563,44566,44569,44572,44575,44578,44581,44584,44587,44590,44593,44596,44599,44602,44605,44608,44611,44614,44617,44620,44623,44626,44629,44632,44635,44638,44641,44644,44647,44650,44653,44656,44659,44662,44665,44668,44671,44674,44677,44680,44683,44686,44689,44692,44695,44698,44710,44716,44719,44722,44728,44737,44743,44749,44755,44758,44761,44764,44767,44773,44779,44785,44791,44797,44803,44806,44809,44812,44815,44818,44821,44824,44827,44830,44833,44836,44839,44842,44845,44848,44851,44854,44857,44860,44863,44866,44869,44872,44875,44878,44881,44884,44887,44890,44893,44896,44899,44902,44905,44908,44911,44914,44917,44920,44923,44926,44929,44932,44935,44938,44941,44944,44947,44950,44971,44980,44986,44998,45004,45010,45019,45028,45037,45046,45091,45124,45151]]},"geometry":{"type":"MultiLineString","coordinates":[[[51.55705,35.73103],[51.55653,35.73085],[51.556,35.73076],[51.55547,35.73067],[51.55498,35.73062],[51.55492,35.731],[51.55443,35.73101],[51.55289,35.73093],[51.55255,35.72431],[51.55186,35.72434],[51.55119,35.72436],[51.55054,35.72439],[51.54994,35.7244],[51.54934,35.72442],[51.54876,35.72443],[51.54816,35.72444],[51.54758,35.72446],[51.54702,35.72447],[51.54647,35.72448],[51.54592,35.72448],[51.54537,35.72448],[51.54487,35.72445],[51.54439,35.72443],[51.54388,35.72441],[51.54335,35.72441],[51.54275,35.72443],[51.54218,35.72444],[51.54163,35.72444],[51.54109,35.72445],[51.54056,35.72444],[51.54,35.72444],[51.53946,35.72445],[51.53894,35.72446],[51.53841,35.72448],[51.53788,35.72448],[51.53739,35.72448],[51.53691,35.72447],[51.53643,35.72445],[51.53594,35.72442],[51.53543,35.7244],[51.5349,35.72438],[51.53436,35.72436],[51.53382,35.72434],[51.53329,35.72432],[51.53273,35.7243],[51.53215,35.72429],[51.53159,35.72428],[51.53106,35.72426],[51.53052,35.72424],[51.53001,35.72423],[51.52923,35.72423],[51.52895,35.72425],[51.52843,35.72424],[51.52799,35.72423],[51.52755,35.7242],[51.52704,35.72417],[51.52658,35.72416],[51.52633,35.72416],[51.52587,35.72412],[51.52541,35.72407],[51.52541,35.72407],[51.52515,35.72404],[51.52464,35.72402],[51.52413,35.72401],[51.52367,35.72395],[51.52339,35.7236],[51.52322,35.72326],[51.52303,35.72289],[51.52267,35.72259],[51.52216,35.72256],[51.52149,35.72246],[51.52082,35.72234],[51.52024,35.72223],[51.51959,35.72215],[51.51867,35.72208],[51.51814,35.72204],[51.51756,35.72198],[51.51698,35.72188],[51.51634,35.72175],[51.51571,35.72157],[51.51509,35.72136],[51.51446,35.72111],[51.51387,35.72081],[51.51331,35.72048],[51.5128,35.7201],[51.51232,35.71969],[51.51187,35.71925],[51.5114,35.7188],[51.51095,35.71835],[51.5105,35.7179],[51.51005,35.71745],[51.50959,35.717],[51.50915,35.71655],[51.50872,35.7161],[51.5083,35.71564],[51.50789,35.71517],[51.50748,35.71469],[51.50708,35.71421],[51.50668,35.71373],[51.50628,35.71324],[51.50587,35.71275],[51.50546,35.71226],[51.50509,35.71177],[51.50476,35.71127],[51.50449,35.71076],[51.50426,35.71026],[51.50404,35.70974],[51.50383,35.70922],[51.50362,35.7087],[51.50341,35.70818],[51.50319,35.70765],[51.50297,35.70712],[51.50274,35.70659],[51.50249,35.70606],[51.50224,35.70555],[51.50201,35.70504],[51.50177,35.70454],[51.50153,35.70403],[51.5013,35.70351],[51.50109,35.70299],[51.50089,35.70247],[51.5007,35.70197],[51.50051,35.7015],[51.5003,35.70104],[51.50006,35.7006],[51.49978,35.70017],[51.49948,35.69972],[51.49919,35.69928],[51.4989,35.69885],[51.49859,35.69842],[51.49826,35.69797],[51.49791,35.69755],[51.49757,35.69713],[51.49724,35.69675],[51.49694,35.6964],[51.49663,35.69602],[51.49632,35.69562],[51.49601,35.69522],[51.49569,35.69482],[51.49537,35.69443],[51.49504,35.69402],[51.4947,35.6936],[51.49434,35.69316],[51.49399,35.69271],[51.4937,35.69225],[51.49343,35.69175],[51.49326,35.69124],[51.49313,35.69074],[51.493,35.69024],[51.49289,35.68973],[51.49281,35.68922],[51.49276,35.68871],[51.49274,35.68821],[51.49273,35.68771],[51.49272,35.68722],[51.49271,35.68673],[51.4927,35.68624],[51.49269,35.68577],[51.49269,35.68531],[51.49267,35.68487],[51.49266,35.68443],[51.49265,35.684],[51.49264,35.68358],[51.49263,35.68317],[51.49261,35.68251],[51.49259,35.682],[51.49257,35.68158],[51.49255,35.68117],[51.49253,35.68078],[51.49249,35.68038],[51.49244,35.67988],[51.49241,35.67945],[51.49238,35.67905],[51.49236,35.67869],[51.49235,35.67831],[51.49236,35.67792],[51.49235,35.67746],[51.49234,35.67691],[51.49233,35.67634],[51.49232,35.67575],[51.4923,35.67521],[51.49226,35.67483],[51.49226,35.67441],[51.49225,35.67383],[51.49225,35.67332],[51.49223,35.67281],[51.49222,35.67238],[51.49221,35.6719],[51.4922,35.67153],[51.49218,35.67114],[51.49217,35.67067],[51.49216,35.6703],[51.49215,35.66981],[51.49215,35.66936],[51.49215,35.6688],[51.49211,35.66817],[51.49205,35.66756],[51.49193,35.6671],[51.49183,35.66668],[51.49169,35.66624],[51.4915,35.66571],[51.49129,35.66509],[51.49107,35.66446],[51.49087,35.6639],[51.49071,35.66344],[51.49055,35.66298],[51.4904,35.66254],[51.49026,35.66207],[51.4901,35.6616],[51.48999,35.66124],[51.48985,35.66086],[51.48971,35.66046],[51.48956,35.66004],[51.48939,35.65956],[51.48922,35.65906],[51.48905,35.65856],[51.48889,35.65813],[51.48868,35.65774],[51.48842,35.65734],[51.48813,35.65702],[51.48785,35.65667],[51.48774,35.65631],[51.48779,35.65595],[51.48782,35.65556],[51.48781,35.65516],[51.4877,35.65475],[51.4876,35.65436],[51.4875,35.65394],[51.48734,35.65347],[51.48717,35.65295],[51.48703,35.65254],[51.48687,35.65211],[51.48671,35.65166],[51.48658,35.65126],[51.48639,35.65072],[51.48617,35.65006],[51.48593,35.64937],[51.48569,35.64869],[51.48544,35.648],[51.48531,35.64764],[51.48521,35.64728],[51.48512,35.64691],[51.48506,35.64655],[51.48501,35.64619],[51.48496,35.64581],[51.4849,35.64543],[51.48485,35.64503],[51.4848,35.64464],[51.48474,35.64425],[51.48469,35.64388],[51.48464,35.64351],[51.48454,35.6428],[51.48445,35.6421],[51.48436,35.64145],[51.48428,35.6409],[51.48422,35.64044],[51.48418,35.64006],[51.48414,35.63965],[51.4841,35.63926],[51.48407,35.63889],[51.48397,35.6385],[51.48369,35.63793],[51.48331,35.63737],[51.48265,35.63687],[51.4822,35.63665],[51.48172,35.63645],[51.48119,35.63639],[51.48059,35.63642],[51.48003,35.63652],[51.47949,35.63668],[51.47903,35.6369],[51.47857,35.63712],[51.47813,35.63734],[51.4777,35.63754],[51.47727,35.63776],[51.47684,35.63795],[51.47639,35.63812],[51.47592,35.63824],[51.47543,35.63827],[51.47491,35.63823],[51.47439,35.63812],[51.47389,35.63793],[51.47343,35.63764],[51.47303,35.63727],[51.4727,35.63687],[51.47236,35.63645],[51.47198,35.63602],[51.47155,35.63562],[51.47107,35.63528],[51.47058,35.63497],[51.47007,35.63468],[51.46953,35.63441],[51.46897,35.63419],[51.46848,35.63403],[51.46801,35.63386],[51.46753,35.63366],[51.46703,35.63344],[51.4665,35.63322],[51.46595,35.63299],[51.46542,35.63277],[51.46493,35.63257],[51.46444,35.63239],[51.46396,35.63222],[51.4635,35.63206],[51.46303,35.6319],[51.46252,35.63173],[51.46199,35.63157],[51.46143,35.63141],[51.46084,35.63125],[51.46025,35.6311],[51.45964,35.63095],[51.45901,35.63081],[51.45837,35.63068],[51.45775,35.63057],[51.45717,35.63044],[51.45662,35.63029],[51.45608,35.63014],[51.45555,35.63002],[51.45498,35.62991],[51.45435,35.62983],[51.45367,35.62978],[51.45296,35.62974],[51.45222,35.62971],[51.45145,35.62968],[51.45067,35.62967],[51.44988,35.62968],[51.4491,35.62967],[51.44833,35.62965],[51.44754,35.62962],[51.44673,35.62957],[51.44592,35.62951],[51.44511,35.62944],[51.44431,35.62934],[51.44351,35.62924],[51.44271,35.62912],[51.44193,35.62897],[51.44115,35.62883],[51.44037,35.62867],[51.4396,35.62849],[51.43885,35.62831],[51.43814,35.6281],[51.43743,35.62789],[51.43673,35.62768],[51.43605,35.62746],[51.43538,35.62723],[51.43473,35.62698],[51.43409,35.62673],[51.43347,35.62647],[51.43283,35.6262],[51.43218,35.62591],[51.43153,35.62561],[51.43088,35.62529],[51.43023,35.62496],[51.42959,35.62461],[51.42896,35.62424],[51.42832,35.62387],[51.42771,35.62349],[51.42713,35.62312],[51.42658,35.62274],[51.42603,35.62236],[51.4255,35.62198],[51.425,35.62159],[51.42454,35.62125],[51.42411,35.62091],[51.42369,35.62057],[51.42325,35.62021],[51.42282,35.61985],[51.42241,35.6195],[51.422,35.61915],[51.42158,35.61881],[51.42113,35.61846],[51.42068,35.61813],[51.42022,35.61781],[51.41976,35.61751],[51.41928,35.61723],[51.41878,35.61695],[51.41829,35.61668],[51.41781,35.61646],[51.41734,35.61625],[51.41685,35.61604],[51.41633,35.61585],[51.41582,35.61568],[51.4153,35.61553],[51.41478,35.61538],[51.41427,35.61526],[51.41376,35.61516],[51.4132,35.61505],[51.4126,35.61496],[51.41198,35.61488],[51.41135,35.61482],[51.41073,35.61475],[51.41012,35.61469],[51.4095,35.61463],[51.40892,35.61457],[51.40838,35.61454],[51.40761,35.61452],[51.40705,35.61452],[51.40648,35.61453],[51.40594,35.61453],[51.40546,35.61453],[51.40493,35.61454],[51.40433,35.61454],[51.40372,35.61455],[51.4031,35.61455],[51.40234,35.61456],[51.40145,35.61454],[51.40099,35.61454],[51.4005,35.61454],[51.39997,35.61454],[51.3994,35.61453],[51.39881,35.61453],[51.39822,35.61452],[51.39764,35.61452],[51.39706,35.61451],[51.39652,35.6145],[51.39601,35.61449],[51.39552,35.61449],[51.39502,35.61449],[51.39454,35.61448],[51.39407,35.61448],[51.3936,35.61448],[51.39311,35.61447],[51.39258,35.61447],[51.39203,35.61447],[51.39148,35.61447],[51.39094,35.61447],[51.39042,35.61446],[51.3899,35.61447],[51.38937,35.61447],[51.38881,35.61447],[51.38826,35.61448],[51.3877,35.61448],[51.38714,35.61448],[51.38655,35.61448],[51.38594,35.61448],[51.38534,35.61448],[51.38475,35.61449],[51.38417,35.61449],[51.38359,35.61449],[51.38301,35.61449],[51.38244,35.61448],[51.38187,35.61449],[51.38129,35.61449],[51.38072,35.6145],[51.38015,35.61449],[51.37958,35.61449],[51.37899,35.61446],[51.37839,35.61443],[51.37782,35.61439],[51.37727,35.61435],[51.37675,35.61432],[51.37626,35.61429],[51.37577,35.61425],[51.37528,35.61418],[51.37477,35.61413],[51.37425,35.61408],[51.37371,35.61402],[51.37316,35.61395],[51.37262,35.61387],[51.37209,35.61378],[51.37158,35.61369],[51.37104,35.61359],[51.37052,35.61348],[51.37002,35.61337],[51.36955,35.61326],[51.36908,35.61314],[51.36862,35.61301],[51.36815,35.61288],[51.36766,35.61274],[51.36716,35.61259],[51.36664,35.61243],[51.36611,35.61228],[51.36559,35.61212],[51.36508,35.61198],[51.36457,35.61184],[51.36408,35.61169],[51.36366,35.61156],[51.36281,35.61132],[51.36207,35.61113],[51.36136,35.61104],[51.36052,35.61096],[51.36008,35.61087],[51.35963,35.61076],[51.35914,35.61064],[51.35864,35.61051],[51.35816,35.61039],[51.35769,35.61026],[51.35725,35.61014],[51.35644,35.6099],[51.35571,35.6097],[51.35498,35.60949],[51.35426,35.60929],[51.35355,35.60913],[51.35272,35.60895],[51.35224,35.60885],[51.35173,35.60875],[51.35122,35.60867],[51.3507,35.6086],[51.35018,35.60853],[51.34964,35.60847],[51.34907,35.60843],[51.34851,35.60841],[51.34798,35.6084],[51.34744,35.60841],[51.3469,35.60842],[51.34637,35.60843],[51.34583,35.60845],[51.34528,35.60849],[51.34472,35.60855],[51.34416,35.60862],[51.3436,35.60869],[51.34308,35.60878],[51.34259,35.60887],[51.3421,35.60897],[51.34161,35.60908],[51.34112,35.60919],[51.34066,35.60931],[51.3402,35.60944],[51.33975,35.60958],[51.33929,35.60973],[51.33884,35.60989],[51.33839,35.61006],[51.33792,35.61025],[51.33745,35.61045],[51.33702,35.61064],[51.33662,35.61083],[51.33623,35.61101],[51.33548,35.6114],[51.3351,35.61161],[51.33474,35.61183],[51.33438,35.61205],[51.33369,35.61248],[51.33306,35.61292],[51.3325,35.61335],[51.33218,35.61361],[51.33184,35.61389],[51.33149,35.6142],[51.33113,35.61453],[51.33078,35.61487],[51.33044,35.6152],[51.3301,35.61556],[51.32977,35.61592],[51.32944,35.61628],[51.32914,35.61665],[51.32885,35.61702],[51.32855,35.61738],[51.32826,35.61773],[51.32797,35.61807],[51.32771,35.61838],[51.32738,35.61877],[51.32704,35.61916],[51.3267,35.61954],[51.32637,35.61993],[51.32611,35.62026],[51.32578,35.62065],[51.32539,35.62111],[51.32493,35.62168],[51.32468,35.622],[51.32439,35.62235],[51.32408,35.62273],[51.32374,35.62311],[51.32341,35.6235],[51.32309,35.62389],[51.32276,35.6243],[51.32243,35.62468],[51.32212,35.62505],[51.32181,35.62542],[51.32148,35.62577],[51.32115,35.62611],[51.32082,35.62645],[51.3205,35.62677],[51.32017,35.62709],[51.31982,35.62743],[51.31945,35.62778],[51.31905,35.62814],[51.31862,35.62851],[51.31819,35.62886],[51.31775,35.6292],[51.3173,35.62952],[51.31686,35.62983],[51.31642,35.63012],[51.316,35.6304],[51.31557,35.63066],[51.31512,35.63092],[51.31465,35.63119],[51.31416,35.63147],[51.31365,35.63176],[51.31313,35.63205],[51.3126,35.63234],[51.31208,35.63262],[51.31153,35.63289],[51.311,35.63317],[51.31047,35.63344],[51.30997,35.63369],[51.30949,35.63392],[51.30899,35.63416],[51.30846,35.63443],[51.30793,35.6347],[51.30739,35.63498],[51.30685,35.63526],[51.30633,35.63553],[51.30581,35.63578],[51.30531,35.63603],[51.30479,35.63629],[51.30426,35.63657],[51.30371,35.63685],[51.30316,35.63714],[51.30261,35.63742],[51.30209,35.63769],[51.30158,35.63795],[51.30108,35.6382],[51.30055,35.63846],[51.30002,35.63874],[51.29948,35.63901],[51.29895,35.63928],[51.29848,35.63953],[51.29802,35.63976],[51.29756,35.63999],[51.29711,35.64021],[51.29666,35.64043],[51.29621,35.64066],[51.29577,35.64088],[51.29534,35.64109],[51.29492,35.64129],[51.29449,35.6415],[51.29406,35.64171],[51.2936,35.64193],[51.29314,35.64215],[51.2927,35.64236],[51.29226,35.64257],[51.29183,35.64278],[51.29141,35.64298],[51.29099,35.64318],[51.29055,35.64337],[51.29013,35.64357],[51.28971,35.64377],[51.28928,35.64397],[51.28885,35.64416],[51.28844,35.64436],[51.28801,35.64455],[51.2876,35.64474],[51.28717,35.64493],[51.28676,35.64512],[51.28636,35.6453],[51.28594,35.64549],[51.28554,35.64567],[51.28515,35.64584],[51.28439,35.64618],[51.28366,35.6465],[51.28298,35.6468],[51.28226,35.6471],[51.28152,35.64742],[51.28075,35.64776],[51.27999,35.64809],[51.27929,35.64839],[51.27864,35.64865],[51.27806,35.6489],[51.27741,35.64917],[51.27667,35.64948],[51.27594,35.64978],[51.27521,35.65008],[51.27455,35.65035],[51.27387,35.65062],[51.27314,35.65091],[51.27243,35.65119],[51.27181,35.65145],[51.27116,35.6517],[51.27051,35.65196],[51.26989,35.65221],[51.26935,35.65241],[51.2688,35.65262],[51.26812,35.65288],[51.2673,35.65319],[51.26689,35.65335],[51.26614,35.65363],[51.26559,35.65383],[51.26505,35.65403],[51.26452,35.65424],[51.26395,35.65445],[51.26335,35.65467],[51.26265,35.65493],[51.26191,35.65519],[51.26119,35.65545],[51.26078,35.6556],[51.26035,35.65575],[51.25992,35.6559],[51.25911,35.65618],[51.25833,35.65646],[51.25791,35.65663],[51.25744,35.65681],[51.25694,35.657],[51.25641,35.65719],[51.25589,35.65738],[51.25536,35.65757],[51.25485,35.65776],[51.25436,35.65794],[51.25387,35.65812],[51.25337,35.6583],[51.25288,35.65848],[51.25238,35.65866],[51.25187,35.65885],[51.25133,35.65904],[51.25078,35.65924],[51.25022,35.65945],[51.24966,35.65965],[51.2491,35.65986],[51.24853,35.66007],[51.24796,35.66028],[51.24739,35.66048],[51.24681,35.66069],[51.24624,35.6609],[51.24566,35.6611],[51.24509,35.6613],[51.24453,35.66148],[51.24397,35.66168],[51.24344,35.66187],[51.24291,35.66208],[51.24238,35.66231],[51.24184,35.66254],[51.24131,35.66277],[51.24079,35.66302],[51.24029,35.66328],[51.2398,35.66354],[51.23934,35.66379],[51.23889,35.66407],[51.23844,35.66436],[51.23801,35.66468],[51.23759,35.665],[51.23718,35.66532],[51.23678,35.66565],[51.23639,35.66601],[51.23599,35.66638],[51.2356,35.66676],[51.23524,35.66714],[51.2349,35.66753],[51.23459,35.66792],[51.23429,35.66833],[51.234,35.66873],[51.23372,35.66915],[51.23345,35.66959],[51.23319,35.67003],[51.23297,35.67048],[51.23277,35.67092],[51.23261,35.67136],[51.23245,35.67177],[51.23231,35.67214],[51.23219,35.67249],[51.23208,35.67286],[51.23196,35.67342],[51.23186,35.67387],[51.2318,35.67426],[51.23175,35.67462],[51.2317,35.67508],[51.23167,35.67546],[51.23164,35.67582],[51.23163,35.67627],[51.23163,35.6767],[51.23167,35.67723],[51.23171,35.67784],[51.2318,35.6784],[51.23193,35.67896],[51.23207,35.67958],[51.23223,35.68015],[51.23241,35.68063],[51.2326,35.68112],[51.23284,35.68164],[51.23308,35.68214],[51.2333,35.68255],[51.23356,35.68299],[51.23382,35.68342],[51.23413,35.68386],[51.23442,35.68426],[51.23475,35.68463],[51.23507,35.68495],[51.23554,35.68522],[51.23611,35.6853],[51.23659,35.68511],[51.23685,35.68474],[51.23681,35.68424],[51.23651,35.68366],[51.23605,35.68317],[51.23545,35.683],[51.23482,35.68313],[51.23423,35.68333],[51.23358,35.68355],[51.23285,35.68379],[51.23202,35.68408],[51.23156,35.68423],[51.23108,35.6844],[51.23059,35.68458],[51.23013,35.68475],[51.22971,35.68491],[51.2293,35.68508],[51.22887,35.68525],[51.22841,35.68543],[51.22792,35.68562],[51.22742,35.68582],[51.22692,35.68601],[51.22641,35.68621],[51.2259,35.68642],[51.22538,35.68661],[51.2249,35.6868],[51.2244,35.68697],[51.22389,35.68717],[51.22338,35.68737],[51.22286,35.68757],[51.22234,35.68778],[51.2218,35.68799],[51.22125,35.68821],[51.2207,35.68843],[51.22013,35.68867],[51.21957,35.6889],[51.21902,35.68912],[51.21849,35.68934],[51.21794,35.68956],[51.21739,35.68979],[51.21685,35.69001],[51.2163,35.69023],[51.21576,35.69046],[51.21521,35.69069],[51.21466,35.69091],[51.2141,35.69114],[51.21355,35.69137],[51.21299,35.6916],[51.21241,35.69184],[51.2118,35.69208],[51.21124,35.69232],[51.2107,35.69254],[51.21016,35.69276],[51.20965,35.69298],[51.20913,35.69319],[51.20863,35.69339],[51.20813,35.69359],[51.20761,35.69381],[51.20708,35.69402],[51.20653,35.69425],[51.20595,35.69449],[51.20537,35.69473],[51.2048,35.69497],[51.2042,35.69521],[51.2036,35.69545],[51.20299,35.69569],[51.20239,35.69594],[51.20178,35.69618],[51.20118,35.69642],[51.20058,35.69667],[51.19998,35.69691],[51.19938,35.69715],[51.19877,35.69739],[51.19815,35.69762],[51.19753,35.69785],[51.19691,35.69809],[51.1963,35.69834],[51.19569,35.69858],[51.19508,35.69882],[51.19447,35.69907],[51.19386,35.69933],[51.19323,35.69958],[51.19261,35.69983],[51.192,35.70008],[51.19138,35.70033],[51.19077,35.70057],[51.19016,35.70082],[51.18957,35.70106],[51.18898,35.7013],[51.18841,35.70153],[51.18785,35.70176],[51.18732,35.70198],[51.18685,35.70217],[51.18643,35.70234],[51.18602,35.70251],[51.18544,35.70277],[51.18502,35.70293],[51.18454,35.70312],[51.18402,35.70332],[51.18359,35.7035],[51.18312,35.70369],[51.18242,35.70395],[51.1816,35.70422],[51.18116,35.70435],[51.18071,35.70447],[51.18022,35.70458],[51.17972,35.7047],[51.1792,35.70483],[51.17866,35.70496],[51.1781,35.70509],[51.17754,35.70522],[51.17698,35.70535],[51.17643,35.70548],[51.17588,35.70561],[51.17533,35.70575],[51.17477,35.7059],[51.1742,35.70605],[51.17362,35.70619],[51.17303,35.70635],[51.17243,35.7065],[51.17183,35.70664],[51.17124,35.70678],[51.17067,35.70692],[51.17011,35.70705],[51.16954,35.70718],[51.16897,35.70732],[51.16837,35.70746],[51.1678,35.7076],[51.16725,35.70774],[51.16675,35.70784],[51.16591,35.708],[51.16513,35.70815],[51.1643,35.70838],[51.16388,35.70851],[51.16343,35.70866],[51.16296,35.7088],[51.16246,35.70897],[51.16196,35.70914],[51.16144,35.70933],[51.16091,35.70951],[51.16036,35.70968],[51.15982,35.70987],[51.15925,35.71005],[51.15869,35.71024],[51.15813,35.71043],[51.15758,35.71061],[51.15703,35.71079],[51.15648,35.71097],[51.15592,35.71115],[51.15536,35.71134],[51.1548,35.71153],[51.15428,35.71171],[51.15379,35.71187],[51.15328,35.71204],[51.15275,35.71222],[51.15223,35.71239],[51.15174,35.71257],[51.15131,35.71272],[51.15058,35.71309],[51.15015,35.71325],[51.14967,35.7134],[51.14915,35.71356],[51.14862,35.71373],[51.14808,35.7139],[51.14754,35.71409],[51.14698,35.71429],[51.14642,35.7145],[51.14583,35.71471],[51.14522,35.71491],[51.14462,35.71514],[51.144,35.71537],[51.14335,35.71563],[51.1427,35.71591],[51.14206,35.71621],[51.14141,35.71653],[51.14076,35.71688],[51.14011,35.71726],[51.13948,35.71764],[51.1389,35.71802],[51.1384,35.71839],[51.13794,35.71875],[51.1375,35.71907],[51.13709,35.71937],[51.1367,35.71968],[51.13631,35.71999],[51.13593,35.72029],[51.13553,35.7206],[51.13515,35.7209],[51.13476,35.7212],[51.13438,35.7215],[51.13401,35.72179],[51.13365,35.72207],[51.1333,35.72235],[51.13295,35.72264],[51.13261,35.72292],[51.13229,35.7232],[51.13196,35.7235],[51.13161,35.72382],[51.13128,35.72413],[51.13096,35.72443],[51.13066,35.72471],[51.13018,35.72515],[51.12976,35.72554],[51.12927,35.72599],[51.12875,35.72648],[51.12821,35.72702],[51.12779,35.7276],[51.12772,35.72818],[51.12793,35.72868],[51.12821,35.72928],[51.12838,35.72962],[51.12856,35.72997],[51.12875,35.73032],[51.1289,35.73091],[51.12838,35.7312],[51.12779,35.73129],[51.12724,35.73137],[51.12665,35.73143],[51.12616,35.7315],[51.12566,35.73149],[51.12529,35.73124],[51.12536,35.73086],[51.12569,35.73033],[51.12606,35.72971],[51.12642,35.72912],[51.12678,35.72851],[51.12717,35.7279],[51.1276,35.72725],[51.12785,35.72691],[51.12813,35.72661],[51.12842,35.72633],[51.1287,35.72604],[51.12922,35.72559],[51.12958,35.72525],[51.1299,35.72494],[51.12976,35.72446],[51.12945,35.72414],[51.12914,35.72385],[51.12876,35.72348],[51.12839,35.72315],[51.12799,35.72347],[51.12765,35.72382],[51.12734,35.72414],[51.12696,35.72451],[51.12658,35.72487],[51.12624,35.72518],[51.12589,35.72552],[51.12573,35.72569],[51.12573,35.72569],[51.12573,35.72569],[51.12558,35.72575],[51.1252,35.72616],[51.12481,35.72652],[51.12447,35.72677],[51.12414,35.72637],[51.12374,35.72595],[51.12346,35.72565],[51.12309,35.72533],[51.12263,35.7251],[51.12235,35.72478],[51.12227,35.7244],[51.1218,35.72421],[51.12142,35.72393],[51.12107,35.72365],[51.12073,35.7234],[51.12033,35.72319],[51.11983,35.72303],[51.11951,35.72279],[51.11904,35.7229],[51.11862,35.72321],[51.11817,35.72353],[51.11778,35.72379],[51.11731,35.7241],[51.11681,35.72442],[51.11633,35.72474],[51.11585,35.72505],[51.11524,35.72524],[51.11479,35.72515],[51.11439,35.725],[51.1139,35.72478],[51.11349,35.72464],[51.11301,35.72448],[51.11255,35.72431],[51.1121,35.72415],[51.11166,35.724],[51.11109,35.72386],[51.1106,35.72383],[51.11091,35.72356],[51.1113,35.72319],[51.11152,35.72272],[51.1117,35.72228],[51.11185,35.72178],[51.11193,35.72127],[51.11197,35.7208],[51.11194,35.72031],[51.11191,35.71983],[51.11195,35.71938],[51.11205,35.71894],[51.11212,35.71852],[51.1122,35.71809],[51.11228,35.71764],[51.11232,35.71725],[51.11229,35.71675],[51.1123,35.71628],[51.11231,35.71591],[51.11242,35.7155],[51.11255,35.71512],[51.11268,35.71472],[51.11262,35.7143],[51.11292,35.71389],[51.11311,35.71342],[51.1133,35.71304],[51.11372,35.71273],[51.11414,35.71251],[51.11445,35.71225],[51.11429,35.71188],[51.11394,35.71153],[51.11366,35.71124],[51.11333,35.71084],[51.11305,35.71047],[51.11266,35.71018],[51.11222,35.71009],[51.11194,35.71003],[51.11194,35.71003],[51.11194,35.71003],[51.11194,35.71003],[51.11193,35.71002],[51.11193,35.71001],[51.11192,35.71001],[51.11194,35.71003],[51.11189,35.70997],[51.11186,35.70994],[51.11186,35.70994],[51.11186,35.70994],[51.11187,35.70995],[51.11139,35.71004],[51.11082,35.70993],[51.11031,35.70983],[51.10987,35.70972],[51.10943,35.70961],[51.10901,35.70948],[51.10858,35.70936],[51.10816,35.70922],[51.10776,35.70903],[51.1074,35.70882],[51.10783,35.70908],[51.10828,35.70925],[51.1088,35.7094],[51.10936,35.70956],[51.10983,35.70969],[51.11029,35.70979],[51.11091,35.70992],[51.11148,35.70999],[51.11205,35.71001],[51.1126,35.7101],[51.11301,35.71025],[51.11335,35.71067],[51.11357,35.71099],[51.11393,35.71147],[51.11419,35.71183],[51.11445,35.71216],[51.11498,35.71211],[51.11534,35.71188],[51.11574,35.71159],[51.11624,35.71131],[51.11682,35.71109],[51.11722,35.71083],[51.11696,35.71038],[51.11671,35.70993],[51.11711,35.71035],[51.11732,35.7107],[51.11757,35.71101],[51.11787,35.71148],[51.11819,35.71186],[51.11826,35.71192],[51.11802,35.71201],[51.11801,35.712],[51.11801,35.712],[51.11801,35.712],[51.11801,35.712],[51.11801,35.712],[51.11785,35.7118],[51.1176,35.71147],[51.11729,35.7111],[51.11705,35.71067],[51.11682,35.71024],[51.11661,35.70983],[51.11644,35.70932],[51.11624,35.70874],[51.11609,35.70831],[51.11596,35.70795],[51.11581,35.70744],[51.11569,35.70681],[51.11559,35.70616],[51.11553,35.70567],[51.11548,35.70516],[51.11543,35.70456],[51.11534,35.70391],[51.11528,35.70331],[51.11516,35.70262],[51.11492,35.70196],[51.11476,35.7016],[51.1146,35.70125],[51.11433,35.7006],[51.11404,35.69996],[51.11384,35.69954],[51.11362,35.69904],[51.1134,35.69852],[51.11316,35.69792],[51.11294,35.69736],[51.11272,35.69679],[51.11252,35.69616],[51.11237,35.69547],[51.11222,35.69478],[51.11206,35.69408],[51.11191,35.6935],[51.11182,35.69314],[51.11168,35.69269],[51.11152,35.69217],[51.11135,35.69158],[51.11118,35.69104],[51.11106,35.69069],[51.11086,35.69026],[51.11058,35.68973],[51.1103,35.6892],[51.10998,35.68856],[51.10964,35.68792],[51.10929,35.68724],[51.10913,35.6869],[51.10895,35.68653],[51.10876,35.68616],[51.10858,35.6858],[51.1084,35.68543],[51.10821,35.68508],[51.10802,35.68474],[51.10761,35.68417],[51.10715,35.68387],[51.10655,35.68398],[51.10582,35.68416],[51.105,35.68443],[51.1046,35.68462],[51.10418,35.68485],[51.10375,35.68509],[51.10329,35.68535],[51.10282,35.68561],[51.10233,35.68588],[51.10182,35.68618],[51.10131,35.68647],[51.10078,35.68677],[51.10023,35.68708],[51.09968,35.6874],[51.09913,35.68771],[51.09855,35.68805],[51.09798,35.68838],[51.0974,35.68871],[51.09683,35.68903],[51.09628,35.68934],[51.09572,35.68965],[51.09516,35.68997],[51.09459,35.69029],[51.09403,35.69062],[51.09346,35.69095],[51.09288,35.69127],[51.09233,35.69158],[51.09177,35.6919],[51.09121,35.69222],[51.09064,35.69251],[51.09004,35.69277],[51.08942,35.69299],[51.08879,35.69315],[51.08817,35.69328],[51.08753,35.69335],[51.08687,35.69337],[51.08619,35.69336],[51.08552,35.69333],[51.08482,35.69328],[51.08412,35.69323],[51.08341,35.69319],[51.08269,35.69315],[51.08196,35.69311],[51.08122,35.69306],[51.08047,35.69302],[51.07972,35.69297],[51.07897,35.69293],[51.07822,35.69289],[51.07748,35.69284],[51.07676,35.6928],[51.07604,35.69275],[51.07533,35.69271],[51.07464,35.69267],[51.07397,35.69263],[51.07336,35.69263],[51.0728,35.6927],[51.07225,35.69273],[51.07171,35.69265],[51.07117,35.69247],[51.07061,35.69226],[51.07003,35.69206],[51.06942,35.69186],[51.06882,35.69163],[51.06819,35.69139],[51.06754,35.69113],[51.06689,35.69089],[51.06624,35.69064],[51.0656,35.6904],[51.06496,35.69016],[51.06433,35.68993],[51.0637,35.68969],[51.06307,35.68945],[51.06246,35.68921],[51.06184,35.68898],[51.06121,35.68874],[51.06057,35.68851],[51.05992,35.68826],[51.05926,35.68801],[51.05861,35.68777],[51.05797,35.68752],[51.05733,35.68727],[51.05668,35.68703],[51.05604,35.68679],[51.05541,35.68654],[51.05476,35.68629],[51.05408,35.68606],[51.05338,35.68585],[51.05266,35.68569],[51.05192,35.68559],[51.0512,35.68556],[51.05049,35.68558],[51.04982,35.68566],[51.04917,35.68577],[51.04856,35.68591],[51.04804,35.68609],[51.04735,35.68649],[51.04655,35.68677],[51.04608,35.68674],[51.04549,35.6864],[51.04476,35.68628],[51.04391,35.68625],[51.04343,35.68622],[51.04292,35.68615],[51.04238,35.68601],[51.04184,35.68584],[51.04129,35.68562],[51.04075,35.68539],[51.04019,35.68515],[51.03964,35.6849],[51.03907,35.68466],[51.03851,35.68441],[51.03795,35.68416],[51.03738,35.68391],[51.03681,35.68366],[51.03625,35.68341],[51.03573,35.68318],[51.03521,35.683],[51.03466,35.68291],[51.0341,35.68286],[51.03355,35.68282],[51.03301,35.68286],[51.03249,35.683],[51.032,35.68323],[51.03151,35.6835],[51.031,35.68377],[51.03047,35.68404],[51.02992,35.6843],[51.02939,35.68459],[51.02888,35.68491],[51.02839,35.68526],[51.0279,35.68561],[51.02742,35.68595],[51.02693,35.6863],[51.02645,35.68664],[51.026,35.687],[51.02561,35.68738],[51.02527,35.6878],[51.02498,35.68821],[51.02471,35.68856],[51.02434,35.68882],[51.0239,35.68891],[51.02344,35.68886],[51.02298,35.68876],[51.02253,35.68865],[51.02206,35.68856],[51.02159,35.68851],[51.02087,35.6886],[51.02021,35.68881],[51.0195,35.68905],[51.01867,35.68928],[51.01821,35.6894],[51.01773,35.68954],[51.01724,35.68969],[51.01676,35.68985],[51.01626,35.69002],[51.01576,35.69019],[51.01527,35.69036],[51.01478,35.69052],[51.0143,35.69068],[51.01384,35.69085],[51.01342,35.69104],[51.01297,35.69122],[51.0125,35.69138],[51.01201,35.6915],[51.01153,35.6916],[51.01107,35.69172],[51.01063,35.69186],[51.01021,35.69203],[51.00979,35.6922],[51.00921,35.69243],[51.00847,35.69274],[51.00805,35.69293],[51.00759,35.69312],[51.00712,35.69334],[51.00662,35.69355],[51.00614,35.69379],[51.00565,35.69404],[51.0052,35.6943],[51.00485,35.69455],[51.00449,35.69483],[51.004,35.69518],[51.00345,35.69548],[51.00305,35.69568],[51.00253,35.69584],[51.00205,35.69596],[51.00152,35.69603],[51.00091,35.69609],[51.0003,35.69622],[50.99976,35.69639],[50.99959,35.69679],[50.99976,35.69737],[50.99996,35.69806],[51.00006,35.69842],[51.00032,35.699],[51.00008,35.6993],[50.99964,35.69909],[50.99908,35.69915],[50.99838,35.69927],[50.99752,35.69942],[50.99677,35.69955],[50.99667,35.69994],[50.99679,35.70031],[50.99692,35.70072],[50.99698,35.70073],[50.99698,35.70073],[50.99698,35.70073],[50.9968,35.70031],[50.99665,35.69979],[50.99675,35.69942],[50.99722,35.69936],[50.99784,35.69926],[50.99842,35.69914],[50.99851,35.69911],[50.99909,35.699],[50.99981,35.69902],[51.00053,35.6989],[51.00117,35.69879],[51.00208,35.69868],[51.00285,35.69856],[51.00332,35.69839],[51.00331,35.69797],[51.00318,35.69757],[51.00314,35.6971],[51.00305,35.69663],[51.00301,35.69618],[51.00309,35.6957],[51.00328,35.69607],[51.00332,35.69651],[51.00336,35.69687],[51.00349,35.69729],[51.0035,35.69773],[51.00345,35.69823],[51.00372,35.69862],[51.00366,35.69918],[51.0037,35.69967],[51.00391,35.70009],[51.00403,35.70067],[51.00395,35.70106],[51.00357,35.70164],[51.00323,35.70212],[51.00325,35.70256],[51.00363,35.70281],[51.00429,35.70242],[51.00516,35.70184],[51.0042,35.70335],[51.00426,35.7039],[51.00431,35.70433],[51.00434,35.705],[51.00444,35.70548],[51.00455,35.70596],[51.00491,35.70623],[51.00543,35.70618],[51.00609,35.70601],[51.00682,35.70573],[51.0076,35.70547],[51.00804,35.70536],[51.0085,35.70524],[51.00898,35.70511],[51.00945,35.70497],[51.00995,35.70483],[51.01046,35.70469],[51.01098,35.70455],[51.01149,35.70439],[51.01197,35.70424],[51.01245,35.7041],[51.01296,35.70395],[51.01347,35.70381],[51.01398,35.70366],[51.01449,35.70351],[51.01497,35.70338],[51.01543,35.70326],[51.0159,35.70312],[51.01635,35.703],[51.01681,35.70288],[51.01724,35.70273],[51.01792,35.70254],[51.01841,35.70258],[51.01843,35.70263],[51.01851,35.70251],[51.0185,35.70245],[51.01839,35.70288],[51.01863,35.70256],[51.01843,35.70282],[51.01846,35.70274],[51.01842,35.70277],[51.01846,35.70272],[51.01853,35.70266],[51.01847,35.70261],[51.01861,35.70295],[51.01868,35.70336],[51.01893,35.70369],[51.01931,35.70398],[51.01993,35.70379],[51.02047,35.7035],[51.02089,35.70332],[51.02171,35.70306],[51.02213,35.7029],[51.02258,35.70272],[51.02305,35.70253],[51.02351,35.70235],[51.02399,35.70215],[51.02444,35.70197],[51.02504,35.70173],[51.02533,35.70146],[51.02559,35.70099],[51.02598,35.7008],[51.02638,35.70101],[51.02702,35.70099],[51.02778,35.70075],[51.02819,35.70057],[51.02863,35.70038],[51.02909,35.70018],[51.02955,35.7],[51.03,35.6998],[51.0304,35.69962],[51.03081,35.69948],[51.0311,35.69976],[51.03129,35.70025],[51.03156,35.70076],[51.03178,35.70129],[51.03202,35.70184],[51.03231,35.70241],[51.03256,35.703],[51.03278,35.70346],[51.03298,35.7038],[51.03324,35.70434],[51.03307,35.70484],[51.03277,35.70548],[51.03271,35.70593],[51.03264,35.7063],[51.03255,35.70673],[51.03241,35.7073],[51.03228,35.70765],[51.03214,35.70801],[51.03197,35.70841],[51.03182,35.70878],[51.03165,35.70918],[51.03147,35.70958],[51.0313,35.70994],[51.03112,35.71028],[51.03073,35.71093],[51.03048,35.71125],[51.02999,35.71173],[51.0295,35.71213],[51.02893,35.71264],[51.02828,35.7131],[51.02792,35.71332],[51.02745,35.71369],[51.02757,35.71428],[51.02807,35.71462],[51.0286,35.71474],[51.02918,35.71493],[51.02995,35.71514],[51.03042,35.7152],[51.03092,35.71524],[51.03141,35.71535],[51.03186,35.71549],[51.03226,35.71566],[51.03301,35.71592],[51.03363,35.71597],[51.03376,35.71633],[51.03355,35.71676],[51.03328,35.71727],[51.03305,35.71763],[51.03251,35.7177],[51.03195,35.71757],[51.02877,35.71752],[51.02836,35.71735],[51.02782,35.71736],[51.02815,35.71764],[51.02807,35.71722],[51.02803,35.71709],[51.02809,35.71757],[51.02819,35.71776],[51.02806,35.71739],[51.0281,35.71753],[51.02843,35.71766],[51.02921,35.71777],[51.02967,35.71784],[51.03029,35.71773],[51.03077,35.71802],[51.03107,35.71759],[51.03121,35.71719],[51.03176,35.71723],[51.03238,35.71736],[51.03297,35.71744],[51.03346,35.71711],[51.03369,35.71679],[51.03376,35.71635],[51.03346,35.71603],[51.0328,35.71596],[51.03205,35.71576],[51.03135,35.71557],[51.03066,35.71536],[51.02997,35.71516],[51.02921,35.71493],[51.02872,35.7148],[51.02817,35.71466],[51.02743,35.71462],[51.02678,35.71463],[51.02611,35.71457],[51.02573,35.71418],[51.026,35.71366],[51.02673,35.71346],[51.02761,35.71331],[51.02835,35.71295],[51.02871,35.71272],[51.02905,35.71248],[51.02938,35.71221],[51.02992,35.71169],[51.03043,35.71114],[51.03067,35.71079],[51.03089,35.71047],[51.03122,35.70987],[51.03138,35.7095],[51.03155,35.70912],[51.0317,35.70872],[51.03186,35.70831],[51.03201,35.70791],[51.03217,35.70751],[51.03232,35.70711],[51.03244,35.70673],[51.03251,35.70634],[51.03245,35.70566],[51.03217,35.70512],[51.03185,35.70469],[51.03175,35.70415],[51.03211,35.70358],[51.03233,35.70293],[51.03215,35.70224],[51.03188,35.70155],[51.03157,35.7009],[51.0313,35.70035],[51.03104,35.69992],[51.03082,35.6996],[51.03057,35.69927],[51.03024,35.69899],[51.03024,35.69897],[51.03004,35.69862],[51.02976,35.69828],[51.02973,35.69817],[51.02974,35.69818],[51.02974,35.6982],[51.02976,35.6982],[51.02973,35.69819],[51.02973,35.6982],[51.02977,35.69825],[51.02979,35.69823],[51.0298,35.6982],[51.02978,35.69813],[51.02978,35.69811],[51.02948,35.69763],[51.02929,35.69722],[51.02911,35.69686],[51.02883,35.69645],[51.02826,35.69637],[51.02766,35.69662],[51.02766,35.69705],[51.02786,35.69744],[51.02804,35.69785],[51.02802,35.69836],[51.02799,35.69854],[51.02791,35.69856],[51.02803,35.69811],[51.02809,35.69774],[51.02787,35.69737],[51.02764,35.69698],[51.02749,35.69662],[51.02804,35.6964],[51.02844,35.6962],[51.02842,35.6958],[51.02813,35.69532],[51.02779,35.69482],[51.02757,35.69446],[51.02721,35.69394],[51.02691,35.69345],[51.02659,35.69295],[51.02637,35.69259],[51.02616,35.69223],[51.02587,35.69179],[51.02551,35.69122],[51.02513,35.69063],[51.02478,35.69006],[51.02455,35.68957],[51.02415,35.68912],[51.02351,35.68882],[51.02288,35.68848],[51.02276,35.68796],[51.02339,35.68762],[51.02423,35.68766],[51.02489,35.6878],[51.02518,35.68747],[51.02486,35.68713],[51.02431,35.68723],[51.02369,35.68741],[51.02301,35.68763],[51.02233,35.6879],[51.02161,35.6882],[51.02087,35.68842],[51.02024,35.68862],[51.01978,35.68855],[51.01962,35.68818],[51.0196,35.68781],[51.01965,35.6874],[51.01957,35.68695],[51.0192,35.6867],[51.01865,35.68666],[51.01818,35.68664],[51.01802,35.68668],[51.01802,35.68668],[51.01796,35.68669],[51.01792,35.68663],[51.01741,35.68665],[51.01724,35.68631],[51.01721,35.68584],[51.01725,35.68532],[51.01721,35.68491],[51.01722,35.68443],[51.01729,35.68398],[51.01736,35.68362],[51.01742,35.68326],[51.01742,35.6827],[51.01714,35.68234],[51.01667,35.68235],[51.01631,35.6824],[51.01631,35.68259],[51.0163,35.6825],[51.01631,35.68247],[51.01632,35.68247],[51.01632,35.68247],[51.01632,35.68247],[51.01633,35.68247],[51.01633,35.68247],[51.01634,35.68247],[51.01636,35.68247],[51.01683,35.68251],[51.01747,35.68255],[51.01813,35.68261],[51.01876,35.68264],[51.01926,35.68269],[51.0198,35.6824],[51.01993,35.68204],[51.01997,35.68166],[51.02002,35.68125],[51.02001,35.6808],[51.01973,35.68038],[51.01969,35.67998],[51.01973,35.67957],[51.01979,35.6792],[51.01989,35.67871],[51.01997,35.67824],[51.02008,35.67786],[51.02031,35.67738],[51.02036,35.67701],[51.02036,35.67651],[51.02042,35.67614],[51.0201,35.67587],[51.01955,35.67579],[51.01914,35.67558],[51.0187,35.67572],[51.01825,35.67586],[51.01766,35.67578],[51.01707,35.67567],[51.01653,35.67563],[51.01613,35.67536],[51.01596,35.67484],[51.01596,35.67427],[51.016,35.67383],[51.01606,35.67345],[51.01655,35.67351],[51.01705,35.67345],[51.01754,35.67359],[51.01807,35.67365],[51.0186,35.67366],[51.0189,35.67377],[51.01911,35.67386],[51.01948,35.67355],[51.01999,35.67359],[51.02039,35.67341],[51.02052,35.67293],[51.02066,35.67246],[51.02077,35.67182],[51.02084,35.67121],[51.02084,35.67062],[51.0211,35.66992],[51.02126,35.66955],[51.02145,35.66921],[51.02175,35.66863],[51.02162,35.66808],[51.02123,35.6675],[51.02101,35.66718],[51.02076,35.66673],[51.02131,35.66692],[51.02175,35.66748],[51.02201,35.66778],[51.0223,35.66812],[51.02262,35.66847],[51.02297,35.66883],[51.0233,35.6692],[51.02364,35.66958],[51.02397,35.66994],[51.02428,35.67032],[51.02448,35.67073],[51.0247,35.67117],[51.02502,35.67158],[51.02539,35.67201],[51.02577,35.67244],[51.02615,35.67287],[51.02654,35.67331],[51.02694,35.67375],[51.02734,35.67421],[51.02775,35.67466],[51.02816,35.67512],[51.02859,35.67558],[51.02901,35.67606],[51.02944,35.67653],[51.02987,35.67701],[51.0303,35.6775],[51.03073,35.67798],[51.03116,35.67847],[51.03159,35.67897],[51.03202,35.67946],[51.03246,35.67994],[51.0329,35.6804],[51.03332,35.68084],[51.03372,35.68118],[51.03412,35.68143],[51.03455,35.68156],[51.03505,35.68161],[51.03556,35.68161],[51.03604,35.68154],[51.03653,35.6814],[51.03704,35.6812],[51.03754,35.681],[51.03811,35.68077],[51.03875,35.68052],[51.03948,35.68022],[51.04026,35.67992],[51.04104,35.67968],[51.0415,35.67951],[51.04192,35.67937],[51.04251,35.67918],[51.04324,35.67894],[51.04408,35.67868],[51.04451,35.67853],[51.04493,35.67838],[51.04536,35.67824],[51.04579,35.6781],[51.04648,35.67776],[51.04656,35.67738],[51.04654,35.67684],[51.04655,35.67618],[51.0466,35.67543],[51.04656,35.67506],[51.04643,35.67469],[51.04627,35.67431],[51.04614,35.67395],[51.04605,35.67358],[51.04601,35.6732],[51.04601,35.67282],[51.04608,35.67243],[51.04625,35.67208],[51.04647,35.67176],[51.04664,35.6714],[51.04668,35.67104],[51.04673,35.67067],[51.04691,35.67032],[51.04713,35.66995],[51.04738,35.66955],[51.0476,35.66915],[51.0478,35.66873],[51.04794,35.66832],[51.04802,35.66791],[51.04811,35.6675],[51.04817,35.66708],[51.04823,35.66666],[51.04826,35.66629],[51.04825,35.66592],[51.04812,35.66537],[51.04796,35.66475],[51.04761,35.66421],[51.0473,35.66375],[51.04726,35.66338],[51.04717,35.66289],[51.04729,35.66251],[51.04753,35.66202],[51.04778,35.66137],[51.04791,35.66101],[51.04801,35.66062],[51.04815,35.66026],[51.04847,35.65961],[51.04867,35.65894],[51.04888,35.65827],[51.04922,35.65768],[51.04941,35.65734],[51.04962,35.65697],[51.04984,35.65664],[51.05018,35.65612],[51.0503,35.65574],[51.05031,35.65537],[51.05079,35.65528],[51.05104,35.65558],[51.05139,35.65586],[51.05181,35.65612],[51.05219,35.65641],[51.05265,35.65667],[51.05311,35.6568],[51.05361,35.65693],[51.05406,35.65699],[51.05416,35.65729],[51.05421,35.65707],[51.05468,35.65717],[51.05529,35.65741],[51.05574,35.6576],[51.05632,35.65778],[51.05689,35.65794],[51.05745,35.65805],[51.05783,35.65816],[51.05825,35.65835],[51.05869,35.65862],[51.05912,35.65879],[51.05974,35.659],[51.06011,35.65876],[51.05979,35.65851],[51.06028,35.65853],[51.05981,35.65867],[51.05961,35.65823],[51.05974,35.65791],[51.06062,35.65759],[51.06096,35.65733],[51.06141,35.65709],[51.06153,35.65744],[51.06187,35.65776],[51.06171,35.65812],[51.06124,35.65833],[51.06073,35.65837],[51.06027,35.65842],[51.06014,35.65877],[51.0597,35.65864],[51.05931,35.6584],[51.05894,35.65816],[51.05841,35.65795],[51.05774,35.65786],[51.05721,35.65772],[51.05626,35.65749],[51.05576,35.65738],[51.05516,35.65723],[51.05473,35.65713],[51.05417,35.657],[51.05374,35.65678],[51.05329,35.65653],[51.05286,35.65636],[51.05238,35.65612],[51.05189,35.65589],[51.0513,35.65572],[51.05126,35.65528],[51.0515,35.65483],[51.05141,35.65424],[51.05147,35.65363],[51.0517,35.65298],[51.05193,35.6524],[51.05207,35.65201],[51.05223,35.65163],[51.05223,35.65109],[51.0519,35.65051],[51.05171,35.65019],[51.0515,35.6498],[51.05128,35.64942],[51.05103,35.649],[51.05076,35.64857],[51.05049,35.64814],[51.05021,35.64767],[51.04994,35.64718],[51.04968,35.64667],[51.0494,35.64617],[51.04912,35.64567],[51.04883,35.64518],[51.04855,35.64467],[51.04827,35.64414],[51.04799,35.64362],[51.04771,35.64313],[51.04744,35.64264],[51.04718,35.64219],[51.04692,35.64173],[51.04665,35.64127],[51.0464,35.64079],[51.04613,35.64032],[51.04588,35.63985],[51.04564,35.63938],[51.04541,35.63892],[51.04516,35.63847],[51.04488,35.63803],[51.04463,35.63756],[51.04437,35.6371],[51.04409,35.63662],[51.04382,35.63614],[51.04358,35.6357],[51.04331,35.63524],[51.04306,35.63475],[51.04281,35.63428],[51.04255,35.63382],[51.0423,35.63338],[51.04201,35.63292],[51.04175,35.63249],[51.04151,35.63205],[51.04127,35.63161],[51.04102,35.63117],[51.04076,35.63071],[51.04052,35.63029],[51.04028,35.62991],[51.04007,35.62957],[51.03981,35.62924],[51.03959,35.62889],[51.03931,35.62835],[51.03896,35.62769],[51.03877,35.62734],[51.03859,35.62697],[51.03843,35.62662],[51.03827,35.62627],[51.03813,35.62588],[51.03802,35.62547],[51.03799,35.62506],[51.03805,35.62465],[51.03816,35.6242],[51.03828,35.62371],[51.03838,35.62322],[51.03848,35.62271],[51.03857,35.62221],[51.03868,35.6217],[51.03879,35.62118],[51.03889,35.62065],[51.039,35.62013],[51.0391,35.61963],[51.03919,35.61912],[51.0393,35.61861],[51.0394,35.6181],[51.03949,35.61758],[51.03959,35.61703],[51.03969,35.61649],[51.03978,35.61596],[51.03988,35.61547],[51.03997,35.61498],[51.04006,35.61449],[51.04015,35.614],[51.04024,35.6135],[51.04033,35.61303],[51.04041,35.61255],[51.04051,35.61206],[51.04061,35.61159],[51.04066,35.61117],[51.04071,35.61066],[51.04062,35.61021],[51.03995,35.61009],[51.03932,35.61004],[51.03869,35.60997],[51.03824,35.60994],[51.03776,35.60957],[51.03746,35.60923],[51.03705,35.60889],[51.03675,35.60857],[51.03643,35.60814],[51.03609,35.60776],[51.03572,35.60743],[51.03523,35.60713],[51.03487,35.6069],[51.03436,35.6066],[51.03388,35.60632],[51.03335,35.6061],[51.03296,35.60593],[51.03251,35.60574],[51.03196,35.60549],[51.03144,35.6053],[51.031,35.60513],[51.03059,35.60499],[51.03002,35.60486],[51.02954,35.60472],[51.02907,35.6045],[51.02858,35.6043],[51.02813,35.60422],[51.02758,35.60407],[51.02708,35.60399],[51.02652,35.60403],[51.02609,35.60413],[51.02592,35.60411],[51.02591,35.60417],[51.02593,35.60415],[51.02557,35.60405],[51.02597,35.60388],[51.0265,35.60384],[51.02706,35.60389],[51.02759,35.60403],[51.02804,35.60421],[51.02853,35.6044],[51.02896,35.60452],[51.02947,35.60457],[51.03002,35.60477],[51.03048,35.60497],[51.03096,35.60512],[51.03144,35.60522],[51.032,35.6055],[51.03247,35.60562],[51.03292,35.60581],[51.03343,35.60599],[51.03399,35.60623],[51.03443,35.60654],[51.03493,35.60682],[51.03543,35.60713],[51.03598,35.60747],[51.03639,35.60787],[51.03675,35.60831],[51.03706,35.60871],[51.03738,35.60913],[51.03775,35.60956],[51.03819,35.60991],[51.03878,35.60998],[51.03958,35.61004],[51.04035,35.61011],[51.04081,35.61007],[51.041,35.60955],[51.04113,35.60905],[51.0413,35.60939],[51.0412,35.60989],[51.04104,35.61058],[51.04093,35.61096],[51.04081,35.61136],[51.04074,35.61174],[51.04068,35.61214],[51.04059,35.61256],[51.04052,35.61301],[51.04042,35.61351],[51.04033,35.614],[51.04023,35.61449],[51.04013,35.61499],[51.04004,35.61548],[51.03994,35.61596],[51.03984,35.61646],[51.03975,35.61695],[51.03964,35.61746],[51.03955,35.61798],[51.03946,35.61845],[51.03936,35.61893],[51.03927,35.61941],[51.03917,35.6199],[51.03906,35.6204],[51.03897,35.62091],[51.03888,35.62141],[51.03879,35.6219],[51.0387,35.62238],[51.0386,35.62286],[51.03851,35.62332],[51.03844,35.62374],[51.03838,35.62411],[51.03832,35.62465],[51.03831,35.62503],[51.03831,35.62555],[51.03844,35.62621],[51.03863,35.62657],[51.03885,35.62692],[51.03908,35.62727],[51.0393,35.62762],[51.03952,35.628],[51.03973,35.62841],[51.03994,35.62883],[51.04017,35.62926],[51.04041,35.62972],[51.04067,35.63019],[51.04096,35.63071],[51.04127,35.63126],[51.04157,35.63176],[51.04187,35.63225],[51.04215,35.63278],[51.04245,35.63332],[51.04274,35.63386],[51.04302,35.63439],[51.04331,35.63493],[51.04363,35.63547],[51.04394,35.63603],[51.04426,35.63655],[51.04458,35.63708],[51.0449,35.63761],[51.04521,35.63815],[51.04552,35.63866],[51.04581,35.63914],[51.04608,35.63962],[51.04635,35.64011],[51.04662,35.64061],[51.04689,35.64109],[51.04711,35.64158],[51.04736,35.64206],[51.0476,35.64251],[51.04784,35.64298],[51.0481,35.64344],[51.04836,35.64391],[51.04863,35.64438],[51.04889,35.64482],[51.04915,35.64526],[51.04939,35.64568],[51.04961,35.64608],[51.04983,35.64649],[51.05007,35.6469],[51.0503,35.64733],[51.05055,35.64775],[51.0508,35.64819],[51.05104,35.64862],[51.05129,35.64903],[51.05151,35.64942],[51.05172,35.64976],[51.05206,35.65027],[51.05235,35.65055],[51.05272,35.6508],[51.05312,35.65104],[51.05367,35.65128],[51.05435,35.65148],[51.05512,35.65167],[51.05569,35.65184],[51.05629,35.65198],[51.05689,35.65212],[51.05732,35.65227],[51.05784,35.65241],[51.05843,35.6525],[51.0589,35.65257],[51.05935,35.65263],[51.05987,35.65263],[51.06017,35.6523],[51.06033,35.65183],[51.06048,35.65135],[51.06065,35.65064],[51.06076,35.65027],[51.06096,35.64962],[51.06118,35.649],[51.06136,35.6484],[51.06152,35.64793],[51.06165,35.64748],[51.06187,35.6468],[51.06198,35.64642],[51.0621,35.64602],[51.06223,35.64558],[51.06236,35.64514],[51.06248,35.64471],[51.06261,35.64429],[51.06276,35.64388],[51.06289,35.64347],[51.06301,35.64306],[51.06311,35.64268],[51.0632,35.64231],[51.06336,35.64184],[51.06354,35.64129],[51.06377,35.64059],[51.06389,35.64021],[51.06398,35.63983],[51.06409,35.63942],[51.06422,35.63903],[51.06434,35.63866],[51.06457,35.63804],[51.06481,35.63743],[51.06498,35.63708],[51.06508,35.63668],[51.06529,35.63623],[51.0655,35.63577],[51.06568,35.63537],[51.06587,35.63482],[51.06596,35.63445],[51.06607,35.63409],[51.06623,35.63365],[51.06641,35.63321],[51.06664,35.63261],[51.0668,35.63224],[51.06697,35.63184],[51.06716,35.63141],[51.06731,35.63101],[51.06753,35.63064],[51.0679,35.63029],[51.06834,35.62985],[51.06879,35.62945],[51.06916,35.6292],[51.06952,35.62887],[51.07006,35.62849],[51.07052,35.62815],[51.07102,35.62781],[51.07161,35.62734],[51.07217,35.62689],[51.07276,35.62642],[51.07339,35.62595],[51.07402,35.62547],[51.07434,35.62521],[51.07496,35.62472],[51.07526,35.62445],[51.07583,35.62399],[51.07637,35.62358],[51.07699,35.62312],[51.07764,35.62262],[51.07793,35.62235],[51.07845,35.62193],[51.07876,35.62156],[51.07919,35.6213],[51.07979,35.62089],[51.08044,35.62044],[51.08106,35.61995],[51.08139,35.61968],[51.08174,35.61942],[51.08209,35.61916],[51.08245,35.61886],[51.08283,35.61858],[51.08319,35.6183],[51.08353,35.61803],[51.08389,35.61774],[51.08426,35.61745],[51.08465,35.61713],[51.08505,35.6168],[51.08544,35.61651],[51.08583,35.61625],[51.08622,35.61599],[51.08662,35.61565],[51.08702,35.61525],[51.08735,35.61488],[51.08763,35.61442],[51.08787,35.61405],[51.08804,35.61369],[51.08816,35.61329],[51.08826,35.61282],[51.0883,35.6124],[51.08833,35.61203],[51.08832,35.61164],[51.08832,35.61127],[51.08839,35.61091],[51.08846,35.61047],[51.0885,35.60985],[51.08852,35.60949],[51.08856,35.60875],[51.08857,35.60838],[51.0886,35.60798],[51.08862,35.60759],[51.08864,35.60722],[51.08866,35.60686],[51.08871,35.60634],[51.08878,35.60581],[51.08878,35.60542],[51.08876,35.60504],[51.08873,35.60507],[51.08878,35.60505],[51.08873,35.60518],[51.08873,35.60515],[51.08877,35.6047],[51.08887,35.60422],[51.08892,35.60362],[51.08896,35.6029],[51.08899,35.60251],[51.08902,35.60212],[51.08904,35.60175],[51.08911,35.60105],[51.08917,35.60035],[51.08919,35.59999],[51.08926,35.59945],[51.08931,35.59987],[51.08926,35.60052],[51.0892,35.60114],[51.08915,35.60177],[51.08912,35.60246],[51.08906,35.60315],[51.08899,35.60384],[51.08896,35.60448],[51.08891,35.60505],[51.08886,35.60567],[51.08881,35.60627],[51.08877,35.60687],[51.08874,35.60744],[51.08867,35.60809],[51.08863,35.60881],[51.08861,35.60918],[51.08858,35.60987],[51.08855,35.61052],[51.08851,35.61094],[51.08849,35.61153],[51.08846,35.61212],[51.0884,35.61276],[51.08833,35.61315],[51.08823,35.61357],[51.08808,35.61398],[51.08788,35.61438],[51.08764,35.61476],[51.08734,35.61512],[51.08702,35.61545],[51.08669,35.61574],[51.08606,35.61622],[51.08573,35.61647],[51.08508,35.61693],[51.08475,35.61719],[51.08439,35.61747],[51.08401,35.61777],[51.08365,35.61806],[51.08324,35.61837],[51.08281,35.61871],[51.0824,35.61904],[51.08205,35.61933],[51.08158,35.61977],[51.08115,35.62007],[51.08062,35.62047],[51.07997,35.62095],[51.07963,35.62124],[51.07933,35.6215],[51.07901,35.62179],[51.07866,35.62208],[51.07827,35.62237],[51.0779,35.62266],[51.07751,35.62296],[51.07712,35.62327],[51.0767,35.6236],[51.07626,35.62392],[51.07584,35.62423],[51.07544,35.62455],[51.07504,35.62487],[51.07462,35.62521],[51.07418,35.62556],[51.07375,35.6259],[51.07333,35.62622],[51.0729,35.62658],[51.07248,35.6269],[51.07208,35.6272],[51.07169,35.6275],[51.07131,35.62778],[51.07094,35.62807],[51.07058,35.62835],[51.06996,35.62884],[51.06958,35.62917],[51.06914,35.62951],[51.0687,35.62989],[51.06806,35.63036],[51.06772,35.63065],[51.06724,35.63124],[51.06709,35.63158],[51.06696,35.63197],[51.06683,35.63236],[51.0667,35.63271],[51.06651,35.63324],[51.06637,35.63361],[51.06623,35.634],[51.06601,35.6346],[51.06579,35.63525],[51.06561,35.63583],[51.06547,35.6362],[51.06565,35.63659],[51.06624,35.63679],[51.06686,35.63694],[51.06756,35.63719],[51.06832,35.63738],[51.069,35.63755],[51.0697,35.63784],[51.07049,35.63815],[51.07127,35.63835],[51.072,35.63854],[51.07265,35.63874],[51.07337,35.63897],[51.07412,35.63921],[51.07453,35.63935],[51.0751,35.63958],[51.0756,35.64005],[51.07555,35.64041],[51.0754,35.64075],[51.07525,35.64112],[51.07509,35.64152],[51.07492,35.64194],[51.07475,35.64242],[51.07462,35.64289],[51.07454,35.64339],[51.07446,35.6439],[51.07438,35.6444],[51.0743,35.64491],[51.07418,35.64542],[51.074,35.64594],[51.07378,35.64642],[51.07353,35.6469],[51.07328,35.64736],[51.07302,35.6478],[51.07277,35.64822],[51.07249,35.64859],[51.07215,35.64908],[51.07191,35.64941],[51.07157,35.64997],[51.07122,35.65064],[51.07106,35.65101],[51.07088,35.6514],[51.07072,35.65176],[51.07065,35.65212],[51.07077,35.65272],[51.07127,35.65286],[51.07173,35.65278],[51.07235,35.65264],[51.07284,35.65241],[51.07316,35.65216],[51.07369,35.65217],[51.07443,35.65232],[51.07526,35.65217],[51.07613,35.65205],[51.0766,35.65199],[51.07706,35.65192],[51.07751,35.65188],[51.07797,35.65183],[51.07847,35.65177],[51.07896,35.65173],[51.07954,35.65165],[51.08014,35.65158],[51.08073,35.65151],[51.08132,35.65141],[51.0819,35.65127],[51.08245,35.65116],[51.08301,35.65107],[51.08349,35.65099],[51.08396,35.65092],[51.08446,35.65084],[51.08496,35.65078],[51.08543,35.65071],[51.08596,35.65061],[51.08652,35.6505],[51.0871,35.65044],[51.08766,35.65038],[51.08824,35.65031],[51.08881,35.65023],[51.08939,35.65014],[51.08996,35.65003],[51.09055,35.64994],[51.09115,35.64989],[51.09175,35.64981],[51.09235,35.64975],[51.09297,35.64972],[51.0936,35.64967],[51.09421,35.64965],[51.09481,35.64963],[51.09545,35.64958],[51.09605,35.64955],[51.09664,35.64952],[51.09723,35.64949],[51.09784,35.64948],[51.09846,35.64947],[51.09908,35.64944],[51.09969,35.64942],[51.1003,35.64939],[51.10088,35.64937],[51.10148,35.64932],[51.10209,35.6493],[51.10269,35.6493],[51.10334,35.64928],[51.10399,35.64928],[51.10465,35.64927],[51.10528,35.64929],[51.10592,35.64928],[51.10653,35.64928],[51.10714,35.64927],[51.10775,35.64928],[51.10836,35.6493],[51.10895,35.64933],[51.10955,35.6493],[51.11016,35.64928],[51.11076,35.64928],[51.11139,35.64921],[51.11199,35.64917],[51.11259,35.64915],[51.1132,35.64912],[51.11381,35.6491],[51.11441,35.64912],[51.115,35.6492],[51.11556,35.64926],[51.11612,35.6493],[51.11667,35.64932],[51.11725,35.64919],[51.11781,35.6491],[51.11837,35.64904],[51.11892,35.649],[51.11948,35.64899],[51.12002,35.649],[51.12055,35.64894],[51.12104,35.64891],[51.12156,35.64886],[51.12207,35.64878],[51.12259,35.64868],[51.1231,35.64866],[51.12362,35.64863],[51.12415,35.64862],[51.12468,35.6486],[51.12521,35.64863],[51.12575,35.64866],[51.12627,35.64869],[51.12693,35.64868],[51.12741,35.64867],[51.12801,35.64855],[51.12881,35.64822],[51.12951,35.64802],[51.13003,35.64789],[51.13067,35.64771],[51.13136,35.6475],[51.13215,35.64735],[51.13289,35.64717],[51.13362,35.64708],[51.13436,35.64696],[51.13503,35.6468],[51.13585,35.64652],[51.13627,35.64633],[51.13677,35.64622],[51.13693,35.64608],[51.13696,35.64615],[51.1371,35.64625],[51.13756,35.64616],[51.1382,35.64606],[51.13878,35.64588],[51.13937,35.64576],[51.1399,35.64557],[51.14008,35.64523],[51.14026,35.64523],[51.14023,35.64526],[51.14003,35.64541],[51.14064,35.64525],[51.14133,35.64501],[51.14196,35.645],[51.14273,35.64491],[51.14365,35.64478],[51.14418,35.64473],[51.1448,35.64467],[51.14542,35.64461],[51.14606,35.64456],[51.14671,35.64455],[51.14735,35.64454],[51.14797,35.64449],[51.14862,35.6444],[51.14926,35.64436],[51.14992,35.64432],[51.15059,35.64424],[51.15126,35.6442],[51.15194,35.64418],[51.15261,35.6441],[51.15331,35.64403],[51.15402,35.64398],[51.15474,35.64387],[51.15545,35.64372],[51.15615,35.64356],[51.15682,35.64339],[51.15748,35.64324],[51.1581,35.6431],[51.15874,35.64295],[51.15938,35.6429],[51.16004,35.64292],[51.16068,35.64297],[51.16134,35.64303],[51.16199,35.64314],[51.16262,35.64328],[51.16326,35.64346],[51.1638,35.64382],[51.16422,35.64424],[51.16456,35.64467],[51.16491,35.64502],[51.16523,35.6454],[51.16554,35.64577],[51.16579,35.64607],[51.16616,35.64646],[51.16668,35.64698],[51.167,35.64729],[51.16735,35.6476],[51.1677,35.64796],[51.16804,35.64836],[51.16839,35.64873],[51.16875,35.64914],[51.16911,35.64951],[51.16948,35.6499],[51.16987,35.6503],[51.17025,35.65065],[51.17064,35.651],[51.17099,35.65141],[51.17135,35.65181],[51.17174,35.65222],[51.17216,35.6526],[51.17258,35.65296],[51.17299,35.65334],[51.1734,35.65373],[51.17379,35.65411],[51.17417,35.65443],[51.17452,35.65474],[51.17486,35.65502],[51.17518,35.65533],[51.17551,35.65566],[51.17583,35.65598],[51.17616,35.65634],[51.17649,35.65667],[51.17679,35.65696],[51.17711,35.65722],[51.17743,35.65751],[51.17775,35.65785],[51.17808,35.65817],[51.17841,35.65852],[51.17878,35.65888],[51.17913,35.65924],[51.17947,35.65962],[51.17983,35.65998],[51.18022,35.66035],[51.1806,35.66074],[51.18101,35.66112],[51.18143,35.66152],[51.18185,35.66191],[51.18226,35.66226],[51.18263,35.66262],[51.183,35.66307],[51.1834,35.66349],[51.18376,35.66389],[51.1841,35.66423],[51.18439,35.6645],[51.18476,35.66482],[51.18523,35.66511],[51.18561,35.66542],[51.18603,35.66574],[51.18647,35.66604],[51.18685,35.6664],[51.18733,35.6667],[51.1877,35.66692],[51.18809,35.6671],[51.18815,35.66706],[51.18821,35.66714],[51.18821,35.66721],[51.18874,35.66748],[51.18913,35.66775],[51.18956,35.66804],[51.18996,35.66828],[51.1904,35.66855],[51.19093,35.66893],[51.19159,35.6694],[51.19199,35.66966],[51.19244,35.66993],[51.19289,35.67024],[51.19337,35.67056],[51.19385,35.67089],[51.19433,35.67122],[51.1948,35.67153],[51.19529,35.67186],[51.19579,35.6722],[51.19629,35.67254],[51.19679,35.67289],[51.19731,35.67324],[51.19782,35.67359],[51.19834,35.67396],[51.19886,35.67432],[51.19938,35.67467],[51.1999,35.67502],[51.20042,35.67537],[51.20095,35.67572],[51.20148,35.67607],[51.202,35.67641],[51.20253,35.67678],[51.20307,35.67714],[51.2036,35.67751],[51.20412,35.67787],[51.20465,35.67823],[51.20518,35.6786],[51.20573,35.67896],[51.20629,35.67933],[51.20685,35.6797],[51.20741,35.68007],[51.20796,35.68044],[51.2085,35.68081],[51.20901,35.68116],[51.20952,35.68151],[51.21004,35.68185],[51.21055,35.68223],[51.21107,35.68259],[51.2116,35.68295],[51.21212,35.68329],[51.21261,35.68363],[51.21309,35.68395],[51.21354,35.68426],[51.214,35.68455],[51.21445,35.68482],[51.21487,35.68512],[51.21522,35.6854],[51.21571,35.6857],[51.21605,35.68597],[51.21659,35.68633],[51.21697,35.68657],[51.21738,35.68681],[51.21778,35.68706],[51.21819,35.68731],[51.21857,35.68753],[51.21896,35.68772],[51.21932,35.68795],[51.21989,35.68827],[51.22047,35.68825],[51.22107,35.68804],[51.22179,35.68775],[51.2222,35.68758],[51.22264,35.68739],[51.22311,35.68722],[51.22356,35.68704],[51.22402,35.68685],[51.22445,35.68667],[51.22488,35.6865],[51.22531,35.68634],[51.22574,35.68618],[51.22654,35.68587],[51.22729,35.68557],[51.2278,35.68533],[51.2282,35.68505],[51.2285,35.68461],[51.22885,35.684],[51.22933,35.68343],[51.23003,35.68313],[51.2308,35.68287],[51.23152,35.68257],[51.23187,35.68224],[51.23177,35.68181],[51.23155,35.68129],[51.23131,35.68063],[51.23119,35.68028],[51.23107,35.67989],[51.23097,35.67949],[51.23087,35.67909],[51.2308,35.67868],[51.23073,35.67828],[51.23068,35.67786],[51.23064,35.67741],[51.2306,35.67695],[51.23058,35.67649],[51.23058,35.67603],[51.23059,35.67558],[51.23062,35.67512],[51.23065,35.67467],[51.23071,35.6742],[51.23079,35.67372],[51.23088,35.67327],[51.23101,35.67281],[51.23115,35.67236],[51.2313,35.67192],[51.23147,35.67147],[51.23164,35.67101],[51.23184,35.67057],[51.23205,35.67013],[51.23227,35.66972],[51.23251,35.66929],[51.23275,35.66887],[51.23301,35.66846],[51.23331,35.66805],[51.23363,35.66763],[51.23396,35.66722],[51.23432,35.66681],[51.23468,35.66642],[51.23503,35.66605],[51.23541,35.66568],[51.23582,35.6653],[51.23626,35.66492],[51.23672,35.66454],[51.23721,35.66417],[51.23772,35.66381],[51.23823,35.66347],[51.23875,35.66315],[51.23929,35.66283],[51.23986,35.66253],[51.24044,35.66225],[51.24103,35.66199],[51.24163,35.66172],[51.24224,35.66148],[51.24286,35.66125],[51.24348,35.66101],[51.24409,35.6608],[51.24469,35.66057],[51.24529,35.66034],[51.24586,35.66011],[51.24644,35.6599],[51.24703,35.6597],[51.24763,35.65948],[51.2482,35.65927],[51.24874,35.65908],[51.24925,35.65889],[51.24974,35.65872],[51.25045,35.65846],[51.25092,35.65829],[51.25136,35.65813],[51.25191,35.65793],[51.25257,35.65769],[51.25336,35.65741],[51.25382,35.65725],[51.25429,35.65706],[51.25479,35.65688],[51.2553,35.65669],[51.25578,35.65652],[51.25624,35.65635],[51.25671,35.65619],[51.25717,35.65603],[51.25764,35.65587],[51.25814,35.65571],[51.25868,35.65554],[51.25922,35.65534],[51.25976,35.65515],[51.26027,35.65496],[51.26075,35.65478],[51.26122,35.65461],[51.2617,35.65444],[51.26221,35.65426],[51.26272,35.65407],[51.26326,35.65387],[51.26382,35.65367],[51.26436,35.65348],[51.26489,35.65328],[51.26542,35.65308],[51.26597,35.65287],[51.26651,35.65266],[51.26703,35.65246],[51.26754,35.65227],[51.26803,35.65208],[51.26854,35.65187],[51.26907,35.65166],[51.26964,35.65143],[51.27024,35.6512],[51.2709,35.65096],[51.27155,35.6507],[51.2722,35.65045],[51.27284,35.6502],[51.27346,35.64995],[51.27402,35.64972],[51.27454,35.64951],[51.27501,35.64932],[51.27545,35.64915],[51.27606,35.64891],[51.27646,35.64874],[51.27685,35.64853],[51.27732,35.64833],[51.27787,35.64811],[51.27858,35.64782],[51.27917,35.64757],[51.27972,35.64734],[51.28024,35.64711],[51.28079,35.64688],[51.28126,35.64667],[51.28178,35.64643],[51.2823,35.6462],[51.28293,35.64592],[51.28366,35.6456],[51.28434,35.64529],[51.28505,35.645],[51.28546,35.64482],[51.2859,35.64463],[51.28637,35.64443],[51.28684,35.64423],[51.28729,35.64403],[51.28773,35.64383],[51.28816,35.64363],[51.28856,35.64343],[51.28898,35.64322],[51.28943,35.643],[51.28992,35.64279],[51.29044,35.64253],[51.29096,35.64228],[51.29149,35.64203],[51.29204,35.64177],[51.2926,35.6415],[51.29318,35.64122],[51.29376,35.64093],[51.29435,35.64066],[51.29494,35.64037],[51.29553,35.64008],[51.29609,35.6398],[51.29663,35.63953],[51.29721,35.63925],[51.29781,35.63895],[51.29842,35.63865],[51.29903,35.63835],[51.29962,35.63804],[51.30018,35.63775],[51.30074,35.63746],[51.30129,35.63719],[51.30183,35.63692],[51.30236,35.63665],[51.30289,35.63638],[51.30342,35.63611],[51.30391,35.63586],[51.3044,35.63561],[51.3049,35.63536],[51.30542,35.63509],[51.30592,35.63484],[51.30642,35.63459],[51.30694,35.63432],[51.30747,35.63405],[51.30801,35.63379],[51.30852,35.63352],[51.30902,35.63327],[51.30954,35.63301],[51.31005,35.63275],[51.31059,35.63248],[51.31114,35.63221],[51.31168,35.63192],[51.31222,35.63164],[51.31276,35.63135],[51.3133,35.63106],[51.31385,35.63076],[51.3144,35.63046],[51.31493,35.63015],[51.31542,35.62983],[51.31588,35.62952],[51.31631,35.62922],[51.31673,35.62891],[51.31717,35.62858],[51.31762,35.62822],[51.31809,35.62784],[51.31857,35.62746],[51.31904,35.62703],[51.3195,35.6266],[51.31992,35.62616],[51.32032,35.62573],[51.32071,35.62532],[51.32112,35.6249],[51.32154,35.62444],[51.32195,35.62396],[51.32235,35.62347],[51.32274,35.62297],[51.32314,35.62249],[51.32356,35.62203],[51.32397,35.62157],[51.32438,35.62109],[51.32478,35.62059],[51.32516,35.62013],[51.32556,35.61967],[51.32594,35.61921],[51.32629,35.61877],[51.32665,35.61831],[51.32703,35.61787],[51.3274,35.61743],[51.32776,35.61698],[51.32814,35.61652],[51.32854,35.61606],[51.32895,35.61559],[51.32938,35.61512],[51.32982,35.61465],[51.33028,35.61421],[51.33074,35.61378],[51.33117,35.61338],[51.33162,35.613],[51.33208,35.61262],[51.33255,35.61226],[51.33304,35.61192],[51.33355,35.61158],[51.33406,35.61127],[51.33453,35.611],[51.33496,35.61076],[51.33569,35.61038],[51.33611,35.61019],[51.33657,35.60998],[51.33705,35.60977],[51.33752,35.60957],[51.33803,35.60936],[51.33857,35.60916],[51.33915,35.60896],[51.33972,35.60878],[51.3403,35.6086],[51.34087,35.60844],[51.34143,35.6083],[51.34199,35.60818],[51.34253,35.60807],[51.34303,35.60797],[51.34378,35.60786],[51.34422,35.6078],[51.3449,35.60775],[51.34536,35.60771],[51.34606,35.60767],[51.34674,35.60765],[51.34764,35.60766],[51.34815,35.60766],[51.34865,35.60766],[51.34914,35.60767],[51.34961,35.60771],[51.35007,35.60775],[51.35053,35.6078],[51.351,35.60785],[51.3515,35.60791],[51.35204,35.60798],[51.35256,35.60807],[51.35308,35.60817],[51.35356,35.60827],[51.35401,35.60839],[51.35444,35.60848],[51.3553,35.6087],[51.35576,35.60882],[51.35623,35.60895],[51.35672,35.60908],[51.35718,35.60921],[51.35762,35.60934],[51.35804,35.60946],[51.35847,35.60959],[51.3589,35.60974],[51.35934,35.60988],[51.35978,35.61003],[51.36021,35.6102],[51.36062,35.61036],[51.36103,35.61052],[51.36144,35.61068],[51.36184,35.61084],[51.36259,35.61111],[51.36332,35.61131],[51.36403,35.61151],[51.36445,35.61163],[51.36489,35.61177],[51.36536,35.61191],[51.36586,35.61206],[51.36633,35.61221],[51.36679,35.61232],[51.3673,35.61246],[51.36781,35.61264],[51.36836,35.6128],[51.36891,35.61296],[51.36947,35.6131],[51.37004,35.61323],[51.37063,35.61336],[51.37123,35.61349],[51.37185,35.61361],[51.37245,35.61371],[51.37305,35.6138],[51.37368,35.61388],[51.37432,35.61396],[51.37494,35.61403],[51.37554,35.61409],[51.37615,35.61415],[51.37678,35.6142],[51.37743,35.61427],[51.37806,35.61433],[51.37872,35.61436],[51.37938,35.61438],[51.38001,35.61439],[51.38066,35.61439],[51.38133,35.6144],[51.38201,35.61439],[51.38269,35.61439],[51.38336,35.6144],[51.38403,35.6144],[51.38465,35.61439],[51.38529,35.61439],[51.38592,35.61439],[51.38657,35.61439],[51.38725,35.61438],[51.38793,35.61437],[51.38859,35.61435],[51.38926,35.61435],[51.38995,35.61435],[51.39064,35.61434],[51.39133,35.61434],[51.39205,35.61433],[51.39277,35.61433],[51.39345,35.61433],[51.39412,35.61433],[51.39478,35.61433],[51.39543,35.61434],[51.39609,35.61434],[51.39677,35.61436],[51.39742,35.61436],[51.39807,35.61437],[51.39872,35.61438],[51.39938,35.61439],[51.40003,35.6144],[51.40068,35.61441],[51.40131,35.61442],[51.40192,35.61442],[51.40251,35.61443],[51.40308,35.61444],[51.40364,35.61444],[51.40419,35.61444],[51.40475,35.61443],[51.40534,35.61442],[51.40597,35.61439],[51.40657,35.61438],[51.40713,35.61439],[51.40767,35.6144],[51.40821,35.61441],[51.40876,35.61443],[51.40934,35.61448],[51.40994,35.61454],[51.41056,35.6146],[51.41121,35.61465],[51.41188,35.61472],[51.41257,35.6148],[51.41326,35.61491],[51.41392,35.61505],[51.41457,35.6152],[51.41521,35.61537],[51.41586,35.61556],[51.4165,35.61577],[51.41713,35.61601],[51.41774,35.61627],[51.41833,35.61653],[51.41887,35.6168],[51.41942,35.61707],[51.41992,35.61735],[51.42039,35.61764],[51.42083,35.61792],[51.42124,35.61817],[51.42163,35.61844],[51.42204,35.61878],[51.42248,35.61914],[51.42291,35.61951],[51.42334,35.61987],[51.42375,35.62022],[51.42413,35.62054],[51.42452,35.62087],[51.42492,35.62122],[51.42536,35.62157],[51.42584,35.62194],[51.42635,35.6223],[51.42688,35.62267],[51.42742,35.62305],[51.42797,35.62342],[51.42852,35.62378],[51.4291,35.62413],[51.42968,35.62449],[51.43029,35.62483],[51.43093,35.62517],[51.43157,35.62548],[51.43222,35.62579],[51.43287,35.62609],[51.43354,35.62638],[51.43421,35.62665],[51.43488,35.62691],[51.43555,35.62716],[51.4362,35.62738],[51.43684,35.62759],[51.4375,35.62779],[51.43816,35.62798],[51.4388,35.62815],[51.43946,35.62832],[51.44014,35.62849],[51.44083,35.62865],[51.44154,35.62879],[51.44225,35.62892],[51.44294,35.62904],[51.44364,35.62915],[51.44434,35.62925],[51.44506,35.62934],[51.44579,35.62941],[51.44652,35.62947],[51.44725,35.62951],[51.44797,35.62953],[51.44869,35.62954],[51.44938,35.62954],[51.45005,35.62954],[51.45071,35.62953],[51.45137,35.62953],[51.45203,35.62956],[51.45268,35.62958],[51.45336,35.62962],[51.45405,35.62967],[51.45474,35.62973],[51.45543,35.62977],[51.45611,35.62978],[51.45677,35.62979],[51.45743,35.62982],[51.4581,35.62989],[51.45876,35.63],[51.45941,35.63014],[51.46007,35.63029],[51.4607,35.63044],[51.46131,35.63061],[51.46193,35.63078],[51.46252,35.63096],[51.46308,35.63114],[51.46358,35.63127],[51.46406,35.63142],[51.46453,35.63159],[51.46496,35.63177],[51.4654,35.63194],[51.46583,35.63211],[51.46625,35.63228],[51.46699,35.6326],[51.46757,35.63287],[51.46825,35.63319],[51.46863,35.63338],[51.46903,35.63358],[51.46946,35.63381],[51.46988,35.63405],[51.47032,35.63432],[51.47077,35.63459],[51.47122,35.63488],[51.47169,35.63519],[51.47216,35.63549],[51.47263,35.63582],[51.47309,35.63613],[51.47357,35.63643],[51.47408,35.63668],[51.47466,35.63685],[51.47524,35.63697],[51.47586,35.63705],[51.47647,35.63709],[51.47704,35.63709],[51.47759,35.63705],[51.47816,35.63696],[51.47873,35.63684],[51.47927,35.6367],[51.47977,35.63658],[51.48031,35.63645],[51.48087,35.63638],[51.48143,35.6364],[51.48199,35.6365],[51.48249,35.63672],[51.48297,35.63698],[51.48341,35.63731],[51.48372,35.63769],[51.48393,35.6381],[51.48408,35.63849],[51.4842,35.63886],[51.4843,35.63922],[51.48441,35.63989],[51.48451,35.64054],[51.48458,35.64118],[51.48467,35.6418],[51.48477,35.64247],[51.48486,35.64313],[51.48496,35.64378],[51.48504,35.6444],[51.48511,35.64505],[51.48523,35.64572],[51.48533,35.6464],[51.48544,35.64703],[51.4856,35.64764],[51.4858,35.64825],[51.486,35.64882],[51.48619,35.64938],[51.48636,35.64991],[51.48655,35.65046],[51.48675,35.65103],[51.48694,35.65166],[51.48718,35.65234],[51.48738,35.65291],[51.48752,35.65329],[51.48765,35.65368],[51.48778,35.65408],[51.48792,35.65445],[51.48803,35.65482],[51.48815,35.65524],[51.48828,35.65566],[51.48849,35.65624],[51.48868,35.65683],[51.4889,35.65747],[51.4891,35.65807],[51.48924,35.65845],[51.48937,35.65884],[51.48954,35.65928],[51.48967,35.65964],[51.48984,35.66013],[51.48996,35.66049],[51.49015,35.66104],[51.49031,35.66152],[51.49044,35.66193],[51.49063,35.66248],[51.49087,35.66307],[51.49109,35.66369],[51.49127,35.66425],[51.49144,35.66469],[51.49158,35.66513],[51.49173,35.66559],[51.49188,35.66601],[51.49206,35.6666],[51.49223,35.66726],[51.49236,35.66785],[51.49245,35.66822],[51.49247,35.6687],[51.49247,35.66921],[51.49248,35.66965],[51.49248,35.67002],[51.49249,35.67056],[51.4925,35.67109],[51.49249,35.67151],[51.49251,35.67193],[51.49251,35.67238],[51.49252,35.6728],[51.49253,35.67328],[51.49254,35.67385],[51.49255,35.67442],[51.49258,35.675],[51.49262,35.67542],[51.4926,35.67579],[51.49263,35.67617],[51.49265,35.67669],[51.49267,35.67717],[51.4927,35.67765],[51.49274,35.67805],[51.49276,35.67843],[51.49278,35.67884],[51.49278,35.67935],[51.49281,35.67993],[51.49285,35.68055],[51.49286,35.68121],[51.49287,35.68194],[51.49288,35.68235],[51.49291,35.68278],[51.49292,35.68322],[51.49294,35.68367],[51.49295,35.68411],[51.49296,35.68451],[51.49297,35.68488],[51.49298,35.68556],[51.49298,35.68594],[51.49298,35.68633],[51.49298,35.68671],[51.49299,35.68708],[51.49301,35.68745],[51.49304,35.68781],[51.49307,35.68847],[51.49309,35.68911],[51.49317,35.68982],[51.49324,35.69021],[51.49336,35.69064],[51.4935,35.6911],[51.49367,35.69158],[51.49388,35.69208],[51.4941,35.69262],[51.49444,35.69307],[51.49476,35.69353],[51.49512,35.69396],[51.49547,35.69438],[51.49582,35.69478],[51.49616,35.6952],[51.49652,35.69562],[51.49688,35.69603],[51.49726,35.69644],[51.49763,35.69686],[51.49801,35.69728],[51.49838,35.69771],[51.49876,35.69814],[51.49913,35.69856],[51.4995,35.69898],[51.49986,35.69941],[51.50017,35.69988],[51.50043,35.70038],[51.50064,35.70089],[51.50085,35.70142],[51.50106,35.70195],[51.50127,35.70247],[51.50148,35.70301],[51.50166,35.70355],[51.50185,35.70408],[51.50204,35.70459],[51.50223,35.70507],[51.50243,35.70554],[51.50264,35.70599],[51.50285,35.70646],[51.50307,35.70693],[51.50328,35.70741],[51.50348,35.70791],[51.5037,35.70842],[51.50393,35.70894],[51.50416,35.70947],[51.50439,35.70999],[51.50463,35.71051],[51.50489,35.71101],[51.50519,35.71148],[51.50551,35.71192],[51.50582,35.71236],[51.50611,35.71274],[51.50641,35.71312],[51.50672,35.71349],[51.50704,35.71386],[51.50737,35.71425],[51.50771,35.71464],[51.50804,35.71506],[51.5084,35.71547],[51.50876,35.71589],[51.50915,35.7163],[51.50952,35.7167],[51.50991,35.7171],[51.51032,35.71747],[51.51074,35.71785],[51.51114,35.71825],[51.51156,35.71867],[51.51196,35.71908],[51.51237,35.71947],[51.51278,35.71984],[51.51323,35.7202],[51.51372,35.72053],[51.51424,35.72081],[51.51478,35.72105],[51.51536,35.72127],[51.51594,35.72147],[51.51654,35.72163],[51.51713,35.72174],[51.51772,35.72181],[51.51829,35.72185],[51.51888,35.72188],[51.51948,35.72191],[51.52006,35.72194],[51.52059,35.72196],[51.52104,35.72201],[51.52066,35.7217],[51.51977,35.7217],[51.51927,35.72171],[51.51879,35.72171],[51.51831,35.72155],[51.51886,35.72149],[51.51955,35.72151],[51.52037,35.72154],[51.52126,35.72159],[51.52172,35.72167],[51.52215,35.72183],[51.52252,35.72205],[51.52284,35.72232],[51.52324,35.72293],[51.52355,35.7235],[51.52394,35.72385],[51.52444,35.72393],[51.52515,35.72398],[51.52599,35.72405],[51.52643,35.72408],[51.52687,35.72411],[51.52734,35.72414],[51.52782,35.72417],[51.52834,35.7242],[51.52886,35.72423],[51.52938,35.72427],[51.5299,35.7243],[51.53043,35.72433],[51.53097,35.72436],[51.53152,35.7244],[51.53206,35.72443],[51.53258,35.72447],[51.53308,35.7245],[51.53356,35.72454],[51.53406,35.72456],[51.53458,35.72458],[51.53512,35.72458],[51.53563,35.7246],[51.5361,35.72463],[51.53659,35.72466],[51.5371,35.72472],[51.53764,35.72478],[51.53819,35.72485],[51.53876,35.7249],[51.53936,35.72494],[51.53996,35.72497],[51.54057,35.725],[51.54119,35.72502],[51.54182,35.72504],[51.54246,35.72507],[51.5431,35.72512],[51.54375,35.72517],[51.54435,35.72522],[51.54493,35.72527],[51.54552,35.72532],[51.54612,35.72537],[51.54673,35.72542],[51.54735,35.72546],[51.54798,35.72551],[51.54859,35.72555],[51.54921,35.72559],[51.54981,35.72564],[51.55041,35.72568],[51.551,35.72572],[51.55156,35.72575],[51.55209,35.72578],[51.5526,35.7258],[51.55306,35.72584],[51.55268,35.72613],[51.55232,35.72659],[51.552,35.72697],[51.55224,35.7274],[51.55265,35.72765],[51.55303,35.7279],[51.55352,35.72817],[51.55391,35.72838],[51.55431,35.72859],[51.55476,35.72881],[51.55466,35.72918],[51.55441,35.7295],[51.55419,35.72983]]]}},{"type":"Feature","properties":{"route":11,"color":"#9333ea","times":[[22535,22595,22655,22715,22775,22835,22895,22955,23015,23075,23135,23195,23255,23315,23375,23437,23497,23557,23617,23677,23737,23797,23857,23917,23977,24037,24097,24157,24217,24277,24337,24397,24457,24517,24577,24637,24697,24757,24817,24838,24898,24946,25006,25066,25126,25186,25222,25282,25327,25387,25447,25507,25567,25627,25687,25747,25807,25867,25927,25987,26047,26107,26167,26227,26287,26347,26407,26467,26527,26587,26647,26707,26767,26827,26887,26947,27007,27067,27127,27187,27247,27307,27367,27427,27487,27538,27568,27628,27688,27748,27808,27868,27928,27988,28048,28054,28063,28069,28075,28081,28087,28093,28102,28108,28114,28120,28126,28132,28138,28141,28144,28147,28150,28153,28156,28159,28162,28165,28168,28171,28174,28177,28180,28183,28186,28189,28192,28195,28198,28201,28204,28207,28210,28213,28216,28219,28222,28225,28228,28231,28234,28237,28240,28243,28249,28273,28294,28306,28318,28336,28348,28354,28360,28366,28372,28378,28384,28393,28399,28408,28438,28447,28453,28459,28465,28468,28471,28474,28477,28480,28483,28486,28489,28492,28495,28498,28501,28504,28507,28510,28513,28516,28519,28522,28525,28528,28531,28534,28537,28540,28543,28546,28549,28552,28555,28558,28561,28564,28567,28570,28573,28576,28579,28582,28585,28588,28591,28594,28597,28600,28603,28606,28609,28612,28615,28618,28621,28624,28627,28630,28633,28636,28639,28642,28645,28648,28651,28654,28657,28660,28663,28666,28669,28672,28675,28678,28681,28684,28687,28690,28693,28696,28699,28705,28717,28726,28750,28759,28765,28774,28786,28807,28822,28834,28846,28855,28864,28879,28888,28900,28909,28915,28921,28927,28930,28933,28936,28939,28942,28945,28948,28951,28954,28957,28963,28969,28975,28984,28990,28996,29002,29008,29014,29038,29047,29053,29056,29059,29062,29068,29071,29074,29077,29080,29083,29086,29089,29092,29095,29101,29107,29110,29113,29116,29119,29122,29125,29128,29131,29134,29137,29140,29143,29146,29149,29152,29155,29158,29161,29167,29173,29233,29245,29251,29257,29263,29269,29278,29293,29299,29305,29314,29320,29326,29332,29338,29347,29353,29359,29365,29368,29374,29380,29383,29386,29389,29392,29395,29401,29407,29413,29473,29533,29578,29596,29608,29617,29623,29629,29635,29641,29647,29653,29662,29668,29674,29680,29689,29695,29701,29707,29713,29722,29734,29746,29755,29764,29773,29782,29788,29794,29800,29806,29812,29821,29827,29830,29833,29836,29839,29842,29845,29848,29851,29854,29857,29860,29863,29866,29869,29872,29875,29878,29881,29884,29887,29890,29893,29896,29899,29902,29905,29908,29911,29914,29917,29920,29923,29926,29929,29932,29935,29938,29941,29944,29947,29950,29953,29956,29959,29962,29965,29968,29971,29974,29977,29986,29998,30004,30010,30016,30022,30028,30034,30040,30046,30052,30058,30064,30070,30076,30082,30088,30094,30100,30103,30106,30109,30112,30115,30118,30121,30124,30127,30130,30133,30136,30139,30145,30151,30157,30160,30163,30166,30169,30172,30175,30181,30187,30193,30202,30208,30214,30220,30226,30232,30238,30244,30247,30250,30253,30256,30259,30262,30265,30268,30271,30274,30277,30280,30283,30286,30289,30292,30295,30298,30301,30304,30307,30310,30313,30316,30319,30322,30325,30328,30331,30334,30337,30340,30343,30346,30349,30352,30355,30358,30361,30364,30367,30370,30373,30376,30379,30382,30385,30388,30391,30394,30397,30400,30403,30406,30409,30412,30415,30418,30421,30424,30427,30430,30433,30436,30439,30442,30445,30451,30457,30463,30466,30469,30472,30475,30478,30481,30484,30487,30490,30493,30496,30499,30502,30505,30508,30511,30514,30517,30520,30523,30526,30532,30535,30538,30541,30544,30547,30550,30553,30556,30559,30562,30565,30568,30571,30574,30577,30580,30583,30586,30589,30592,30595,30598,30601,30607,30610,30613,30616,30619,30622,30625,30628,30631,30634,30637,30643,30649,30655,30661,30667,30673,30679,30685,30691,30697,30703,30706,30709,30712,30715,30718,30721,30724,30727,30730,30733,30736,30739,30742,30745,30748,30751,30754,30757,30760,30763,30769,30772,30775,30778,30781,30784,30787,30790,30793,30796,30799,30802,30805,30808,30811,30814,30817,30820,30823,30826,30829,30832,30835,30838,30841,30844,30847,30850,30856,30859,30862,30865,30868,30871,30874,30877,30880,30883,30886,30889,30892,30898,30904,30907,30910,30913,30916,30919,30922,30925,30928,30931,30934,30937,30940,30943,30946,30949,30952,30955,30958,30961,30964,30967,30970,30973,30976,30979,30982,30985,30988,30991,30994,30997,31003,31006,31009,31012,31015,31018,31021,31024,31027,31030,31033,31036,31039,31042,31045,31048,31051,31054,31057,31060,31063,31066,31069,31072,31075,31078,31081,31084,31087,31090,31093,31096,31099,31102,31105,31108,31111,31117,31126,31132,31138,31147,31153,31159,31165,31168,31174,31177,31180,31186,31189,31192,31195,31198,31201,31204,31207,31210,31213,31216,31219,31222,31225,31228,31231,31234,31237,31240,31243,31246,31249,31252,31255,31258,31261,31264,31267,31270,31273,31276,31279,31282,31285,31288,31291,31294,31297,31300,31303,31306,31309,31312,31315,31318,31321,31324,31327,31330,31333,31336,31339,31342,31345,31348,31351,31354,31357,31360,31363,31366,31369,31372,31375,31378,31381,31384,31387,31390,31393,31396,31399,31402,31405,31408,31411,31414,31417,31420,31423,31426,31429,31432,31435,31438,31441,31444,31447,31450,31453,31456,31459,31462,31465,31468,31471,31474,31477,31480,31483,31486,31489,31492,31495,31498,31501,31507,31519,31528,31537,31549,31558,31567,31576,31585,31594,31603,31612,31618,31627,31633,31639,31645,31654,31663,31672,31678,31684,31690,31696,31702,31714,31726,31738,31747,31753,31759,31765,31768,31771,31774,31777,31780,31783,31786,31789,31792,31795,31798,31801,31804,31807,31810,31813,31816,31819,31822,31825,31828,31831,31834,31837,31840,31843,31846,31849,31852,31855,31858,31861,31864,31867,31870,31873,31876,31879,31882,31885,31888,31891,31894,31897,31900,31903,31906,31909,31912,31915,31918,31921,31924,31927,31930,31933,31936,31939,31942,31945,31948,31951,31954,31957,31960,31963,31966,31969,31972,31975,31978,31981,31984,31987,31990,31993,31996,32002,32008,32020,32029,32038,32098,32152,32161,32176,32182,32188,32191,32194,32197,32200,32203,32206,32209,32212,32215,32218,32221,32224,32227,32230,32233,32236,32239,32242,32245,32248,32251,32254,32257,32260,32263,32266,32269,32272,32275,32278,32281,32284,32287,32290,32293,32296,32299,32302,32305,32308,32311,32314,32317,32320,32323,32326,32329,32332,32335,32338,32341,32344,32353,32362,32368,32374,32380,32386,32392,32398,32401,32404,32407,32410,32413,32416,32419,32422,32425,32428,32431,32434,32437,32440,32443,32446,32449,32452,32455,32458,32461,32464,32467,32470,32473,32476,32479,32482,32485,32488,32491,32494,32497,32500,32503,32506,32509,32512,32515,32518,32521,32524,32527,32530,32533,32536,32539,32542,32545,32548,32551,32554,32557,32560,32563,32566,32569,32572,32575,32578,32581,32584,32587,32590,32593,32596,32599,32602,32605,32608,32611,32614,32617,32620,32623,32626,32629,32632,32635,32638,32641,32644,32647,32650,32653,32656,32659,32662,32668,32671,32674,32680,32686,32692,32695,32698,32701,32704,32707,32710,32713,32716,32719,32722,32725,32728,32731,32734,32737,32740,32743,32746,32749,32752,32755,32758,32761,32764,32767,32770,32773,32776,32779,32782,32785,32788,32791,32794,32797,32800,32803,32806,32809,32812,32815,32818,32821,32824,32827,32830,32833,32836,32839,32842,32845,32848,32851,32854,32860,32863,32866,32869,32872,32875,32878,32881,32884,32887,32890,32893,32896,32899,32902,32905,32908,32911,32914,32917,32920,32923,32926,32929,32932,32935,32938,32941,32944,32947,32950,32953,32956,32959,32962,32965,32968,32974,32980,32986,32992,32998,33004,33010,33019,33028,33037,33043,33049,33052,33055,33061,33067,33070,33073,33076,33079,33082,33085,33088,33091,33097,33103,33109,33115,33121,33124,33127,33130,33133,33136,33139,33142,33145,33151,33154,33157,33160,33163,33166,33169,33172,33175,33178,33181,33187,33196,33202,33208,33214,33220,33226,33235,33244,33250,33256,33262,33268,33274,33286,33292,33298,33304,33310,33316,33322,33331,33340,33346,33352,33358,33364,33370,33385,33445,33505,33565,33625,33685,33745,33805,33865,33925,33985,34045,34081,34099,34111,34123,34132,34138,34144,34150,34156,34162,34171,34177,34237,34297,34357,34417,34477,34537,34573,34582,34588,34597,34603,34612,34624,34630,34636,34642,34648,34654,34660,34666,34678,34687,34693,34699,34705,34711,34717,34777,34837,34897,34945,34984,34990,34996,35002,35008,35014,35023,35029,35038,35047,35056,35062,35068,35080,35086,35092,35098,35104,35110,35116,35122,35128,35134,35140,35146,35152,35161,35170,35176,35182,35188,35194,35200,35209,35218,35224,35233,35242,35257,35263,35269,35275,35278,35281,35284,35287,35290,35293,35296,35302,35308,35311,35314,35317,35320,35323,35326,35329,35332,35335,35338,35344,35350,35365,35377,35383,35389,35395,35401,35410,35416,35425,35431,35440,35446,35452,35458,35461,35467,35476,35536,35596,35656,35716,35767,35776,35782,35788,35794,35800,35812,35818,35833,35839,35842,35845,35848,35851,35854,35857,35860,35863,35866,35869,35872,35875,35878,35881,35884,35887,35890,35893,35899,35908,35914,35920,35926,35932,35938,35950,35962,36022,36082,36142,36202,36262,36322,36382,36442,36502,36514,36532,36544,36556,36565,36577,36589,36601,36631,36646,36658,36667,36676,36685,36691,36697,36715,36730,36745,36763,36796,36856,36916,36976,37036,37048,37054,37063,37072,37084,37090,37096,37102,37111,37120,37129,37144,37156,37165,37174,37186,37204,37216,37228,37240,37249,37258,37267,37327,37387,37429,37474,37534,37585,37633,37654,37669,37729,37783,37792,37801,37810,37819,37828,37852,37867,37876,37882,37888,37897,37906,37912,37918,37933,37960,37972,37987,37993,38002,38014,38026,38032,38044,38050,38056,38071,38083,38095,38104,38164,38224,38284,38335,38347,38356,38371,38380,38407,38416,38422,38428,38440,38449,38458,38518,38578,38638,38698,38758,38818,38878,38938,38977,38986,38998,39004,39010,39019,39028,39034,39094,39154,39214,39274,39334,39394,39454,39514,39574,39631,39640,39646,39652,39664,39670,39676,39682,39688,39694,39700,39706,39709,39715,39721,39727,39733,39739,39748,39754,39760,39763,39766,39769,39772,39775,39778,39781,39784,39787,39790,39793,39796,39799,39802,39805,39808,39811,39814,39817,39820,39823,39826,39829,39832,39835,39838,39841,39844,39847,39850,39853,39856,39862,39868,39874,39877,39880,39883,39886,39889,39895,39901,39907,39910,39916,39922,39931,39940,39946,39949,39952,39955,39958,39961,39967,39973,39985,39991,39997,40003,40006,40009,40012,40018,40021,40024,40027,40033,40036,40042,40045,40048,40054,40057,40060,40063,40066,40069,40075,40081,40087,40099,40105,40111,40117,40129,40135,40141,40147,40150,40153,40156,40159,40162,40168,40171,40174,40180,40183,40189,40195,40213,40273,40288,40297,40303,40309,40315,40321,40327,40357,40366,40372,40378,40384,40393,40399,40405,40414,40432,40441,40453,40513,40573,40633,40693,40753,40813,40831,40873,40933,40993,41053,41113,41173,41221,41281,41341,41401,41461,41521,41581,41602,41662,41722,41782,41809,41830,41845,41866,41878,41896,41905,41923,41932,41941,41956,42001,42010,42019,42031,42046,42055,42076,42088,42097,42106,42118,42130,42187,42247,42307,42367,42427,42487,42547,42607,42667,42727,42787,42799,42808,42814,42826,42832,42835,42841,42871,42883,42934,42943,42955,43015,43075,43135,43195,43255,43315,43375,43435,43495,43555,43576,43585,43591,43597,43609,43621,43630,43636,43642,43651,43657,43663,43672,43678,43684,43690,43696,43729,43735,43747,43756,43768,43774,43780,43786,43795,43804,43813,43819,43825,43831,43837,43843,43849,43855,43864,43873,43879,43885,43894,43903,43915,43921,43927,43930,43933,43936,43939,43942,43945,43948,43954,43960,43969,43978,43984,43990,43996,44002,44008,44014,44020,44026,44032,44035,44038,44041,44044,44047,44050,44053,44056,44059,44062,44065,44071,44074,44077,44080,44083,44086,44089,44092,44095,44098,44101,44104,44107,44110,44113,44116,44119,44122,44125,44128,44131,44134,44137,44140,44143,44146,44149,44152,44155,44158,44161,44164,44167,44170,44173,44176,44179,44182,44185,44188,44191,44194,44197,44200,44203,44206,44209,44212,44215,44218,44221,44224,44227,44230,44233,44236,44239,44242,44248,44254,44260,44266,44269,44272,44275,44278,44281,44287,44299,44305,44311,44317,44326,44332,44338,44344,44350,44353,44356,44362,44368,44374,44395,44455,44515,44575,44635,44695,44755,44791,44803,44812,44818,44827,44833,44839,44845,44851,44857,44863,44869,44875,44881,44887,44890,44893,44896,44899,44902,44905,44908,44911,44914,44917,44920,44923,44926,44929,44932,44935,44938,44941,44944,44947,44950,44953,44956,44959,44962,44965,44968,44971,44974,44977,44980,44983,44986,44989,44992,44995,44998,45001,45004,45010,45013,45016,45019,45022,45025,45028,45031,45034,45037,45040,45043,45046,45049,45052,45055,45058,45061,45064,45067,45070,45073,45076,45079,45082,45085,45088,45091,45094,45097,45100,45103,45106,45109,45112,45115,45118,45121,45124,45127,45130,45133,45136,45139,45142,45145,45148,45154,45160,45175,45181,45187,45196,45202,45208,45214,45226,45232,45238,45244,45253,45262,45268,45271,45274,45277,45280,45283,45286,45289,45292,45295,45298,45301,45304,45307,45310,45313,45316,45319,45322,45325,45328,45331,45334,45337,45340,45343,45346,45349,45352,45355,45358,45361,45364,45367,45370,45373,45376,45379,45382,45385,45388,45391,45394,45397,45400,45403,45406,45409,45412,45418,45424,45427,45430,45433,45436,45439,45445,45451,45457,45463,45466,45469,45472,45475,45478,45481,45484,45487,45490,45493,45496,45499,45502,45508,45514,45517,45523,45532,45538,45544,45550,45559,45568,45580,45586,45592,45598,45601,45604,45607,45610,45613,45616,45619,45622,45625,45628,45631,45634,45637,45640,45643,45646,45649,45652,45655,45658,45661,45664,45667,45670,45673,45676,45679,45682,45685,45688,45691,45694,45697,45700,45703,45706,45709,45712,45715,45718,45721,45724,45727,45730,45733,45736,45739,45742,45745,45748,45751,45754,45757,45760,45763,45766,45769,45772,45775,45778,45781,45784,45787,45790,45793,45796,45799,45802,45805,45808,45811,45814,45817,45820,45823,45826,45829,45832,45835,45838,45841,45844,45847,45850,45853,45856,45859,45862,45865,45868,45871,45874,45877,45880,45883,45886,45889,45892,45895,45898,45901,45904,45907,45910,45913,45916,45919,45922,45925,45928,45931,45934,45937,45940,45943,45946,45949,45952,45955,45958,45961,45964,45967,45970,45973,45976,45979,45982,45985,45988,45991,45994,45997,46000,46003,46006,46009,46012,46015,46018,46021,46024,46027,46030,46033,46036,46039,46042,46045,46048,46051,46054,46057,46060,46063,46066,46069,46072,46075,46078,46081,46084,46087,46090,46093,46096,46099,46102,46105,46108,46111,46114,46117,46120,46123,46126,46129,46132,46135,46138,46141,46144,46147,46150,46153,46156,46159,46162,46165,46168,46171,46174,46177,46180,46183,46186,46189,46192,46195,46198,46201,46204,46207,46210,46213,46216,46219,46222,46225,46228,46231,46234,46237,46240,46243,46246,46249,46252,46255,46258,46261,46264,46267,46270,46273,46276,46279,46282,46285,46288,46291,46294,46297,46300,46303,46306,46309,46315,46318,46324,46327,46330,46333,46336,46339,46342,46345,46348,46351,46354,46357,46360,46363,46366,46369,46372,46375,46378,46381,46384,46387,46390,46393,46396,46399,46402,46405,46408,46411,46414,46417,46420,46423,46426,46429,46432,46435,46438,46441,46444,46447,46450,46453,46456,46459,46462,46465,46468,46471,46474,46477,46480,46483,46486,46489,46492,46495,46498,46501,46504,46507,46510,46513,46516,46519,46522,46525,46528,46531,46534,46537,46540,46543,46546,46549,46552,46555,46558,46561,46564,46567,46570,46573,46576,46579,46582,46585,46588,46591,46594,46597,46600,46603,46606,46609,46612,46615,46618,46621,46624,46627,46630,46633,46636,46639,46642,46645,46648,46651,46654,46657,46660,46663,46666,46669,46672,46675,46678,46681,46684,46687,46690,46693,46696,46699,46702,46705,46708,46711,46714,46717,46720,46723,46726,46729,46732,46735,46738,46741,46744,46747,46750,46753,46756,46759,46762,46765,46768,46771,46774,46777,46780,46783,46786,46789,46792,46795,46798,46801,46804,46807,46810,46813,46816,46819,46822,46825,46828,46831,46834,46837,46840,46843,46846,46849,46852,46855,46858,46861,46864,46867,46870,46873,46876,46879,46882,46885,46888,46891,46894,46897,46900,46903,46906,46909,46912,46915,46918,46921,46924,46927,46930,46933,46939,46942,46945,46948,46951,46954,46957,46960,46963,46966,46969,46972,46975,46978,46981,46984,46987,46990,46996,47002,47008,47011,47014,47017,47020,47023,47026,47032,47038,47041,47044,47047,47050,47053,47056,47059,47062,47065,47068,47071,47074,47077,47080,47083,47086,47089,47092,47095,47098,47104,47110,47113,47116,47122,47131,47140,47152,47158,47164,47170,47176,47182,47188,47194,47200,47206,47212,47218,47224,47230,47236,47242,47248,47254,47260,47266,47272,47275,47278,47281,47284,47287,47290,47293,47299,47305,47311,47317,47323,47329,47335,47338,47341,47344,47347,47350,47353,47359,47365,47371,47377,47380,47383,47386,47389,47392,47395,47398,47401,47404,47407,47410,47413,47416,47422,47428,47434,47440,47446,47452,47458,47464,47470,47473,47476,47479,47482,47485,47488,47491,47494,47497,47500,47503,47506,47509,47512,47515,47518,47521,47524,47527,47530,47533,47536,47539,47542,47545,47548,47551,47554,47557,47560,47563,47566,47569,47572,47575,47578,47581,47584,47587,47590,47593,47596,47599,47602,47605,47608,47611,47614,47617,47620,47623,47626,47629,47632,47635,47638,47641,47644,47647,47650,47653,47656,47659,47662,47665,47668,47671,47674,47677,47680,47683,47689,47695,47701,47704,47710,47725,47731,47734,47737,47740,47743,47746,47749,47752,47755,47761,47767,47782,47788,47794,47800,47806,47812,47818,47821,47824,47827,47833,47839,47845,47851,47854,47857,47860,47863,47866,47869,47872,47875,47878,47881,47884,47887,47890,47893,47896,47899,47902,47905,47908,47911,47914,47917,47920,47923,47926,47929,47932,47935,47941,47947,47980,47986,47992,48001,48010,48016,48022,48028,48034,48040,48046,48058,48064,48076,48085,48097,48157,48217,48277,48337,48397,48409,48469,48529,48664,48724]]},"geometry":{"type":"MultiLineString","coordinates":[[[51.55379,35.72977],[51.55406,35.72993],[51.5542,35.73003],[51.55423,35.73],[51.55419,35.73],[51.5542,35.73001],[51.5541,35.72996],[51.5541,35.72997],[51.55407,35.72998],[51.55413,35.72995],[51.55418,35.72987],[51.55425,35.72988],[51.55393,35.72977],[51.55394,35.72984],[51.55386,35.72984],[51.55378,35.72975],[51.55392,35.72984],[51.55401,35.72984],[51.55396,35.7298],[51.55396,35.72983],[51.55403,35.7299],[51.55405,35.72991],[51.55405,35.72991],[51.55404,35.72994],[51.55416,35.72974],[51.55417,35.72975],[51.55416,35.72975],[51.55411,35.72973],[51.55407,35.72975],[51.55426,35.72992],[51.55427,35.72998],[51.55427,35.72998],[51.55423,35.73001],[51.55424,35.73002],[51.55406,35.72993],[51.55399,35.72985],[51.55397,35.72979],[51.55395,35.72987],[51.55424,35.72987],[51.55435,35.73027],[51.55427,35.73015],[51.55398,35.72985],[51.55411,35.72996],[51.55423,35.73],[51.55421,35.73002],[51.55401,35.73009],[51.55365,35.73032],[51.5535,35.7305],[51.55381,35.73021],[51.55398,35.72999],[51.55398,35.72999],[51.55397,35.72997],[51.55394,35.72992],[51.55421,35.72989],[51.55425,35.72995],[51.55395,35.72985],[51.55389,35.72987],[51.55385,35.72986],[51.55385,35.72989],[51.55389,35.72984],[51.55388,35.72988],[51.55387,35.72987],[51.554,35.72995],[51.55412,35.73007],[51.55409,35.72995],[51.55401,35.72983],[51.554,35.72986],[51.55405,35.72985],[51.55394,35.72989],[51.55404,35.72987],[51.55405,35.7299],[51.55403,35.72982],[51.55399,35.7299],[51.55404,35.72989],[51.5541,35.72994],[51.55403,35.72996],[51.55396,35.73001],[51.554,35.72992],[51.554,35.72994],[51.55392,35.72999],[51.55389,35.73006],[51.55385,35.73006],[51.55392,35.73],[51.55395,35.72996],[51.55401,35.72987],[51.55442,35.73],[51.55484,35.73016],[51.55436,35.73],[51.55439,35.72996],[51.55418,35.7299],[51.55403,35.72992],[51.55405,35.72997],[51.55407,35.72998],[51.5541,35.72995],[51.5543,35.72958],[51.55464,35.72922],[51.55501,35.72879],[51.55538,35.72839],[51.55579,35.72793],[51.55623,35.72742],[51.55661,35.72697],[51.55691,35.72663],[51.55651,35.72642],[51.55595,35.72631],[51.55539,35.72623],[51.55479,35.72614],[51.55396,35.72607],[51.55336,35.72604],[51.55266,35.72595],[51.5522,35.7259],[51.55169,35.72588],[51.55116,35.72585],[51.55061,35.72581],[51.55008,35.72577],[51.54954,35.72572],[51.54898,35.72568],[51.54841,35.72564],[51.54781,35.72559],[51.54721,35.72555],[51.54661,35.7255],[51.54603,35.72548],[51.54546,35.72547],[51.54489,35.72544],[51.54434,35.72541],[51.54378,35.72538],[51.54322,35.72534],[51.54266,35.72527],[51.54212,35.7252],[51.54162,35.72516],[51.5411,35.72511],[51.54053,35.72507],[51.53991,35.72501],[51.53927,35.72496],[51.53865,35.72494],[51.53807,35.72491],[51.53749,35.7249],[51.53689,35.72489],[51.53632,35.72485],[51.53579,35.72479],[51.53524,35.72472],[51.53467,35.72468],[51.53409,35.72466],[51.53352,35.72463],[51.53306,35.72461],[51.53254,35.72458],[51.53209,35.72451],[51.53165,35.72445],[51.53116,35.72445],[51.5306,35.72444],[51.53016,35.72441],[51.5295,35.7244],[51.52882,35.72436],[51.52816,35.72431],[51.52744,35.72427],[51.52677,35.72422],[51.52593,35.72415],[51.52521,35.72409],[51.52468,35.72405],[51.5242,35.72404],[51.52369,35.72398],[51.52349,35.72357],[51.52318,35.72309],[51.52281,35.72272],[51.52213,35.72262],[51.52127,35.72248],[51.52083,35.72239],[51.52038,35.72231],[51.5199,35.72223],[51.51935,35.72216],[51.51876,35.7221],[51.51812,35.72204],[51.51746,35.72197],[51.51678,35.72186],[51.51608,35.72169],[51.51537,35.72147],[51.51465,35.72118],[51.51395,35.72083],[51.51328,35.72042],[51.51267,35.71994],[51.51211,35.71941],[51.51156,35.71887],[51.51101,35.71834],[51.51047,35.7178],[51.50991,35.71726],[51.50937,35.71672],[51.50884,35.71617],[51.50833,35.7156],[51.50784,35.71504],[51.50737,35.71448],[51.5069,35.71392],[51.50644,35.71337],[51.506,35.71285],[51.50557,35.71234],[51.50518,35.71184],[51.50483,35.71133],[51.50454,35.7108],[51.50428,35.71025],[51.50404,35.70968],[51.5038,35.70909],[51.50357,35.70854],[51.50335,35.70799],[51.50312,35.70745],[51.50289,35.70691],[51.50265,35.70637],[51.50241,35.70584],[51.50216,35.70531],[51.50192,35.70479],[51.50168,35.70426],[51.50144,35.70374],[51.50122,35.70321],[51.501,35.70265],[51.50077,35.70206],[51.50054,35.70146],[51.50025,35.70086],[51.49994,35.70031],[51.49961,35.69979],[51.49928,35.69929],[51.49894,35.69879],[51.49859,35.69831],[51.49821,35.69785],[51.49782,35.69738],[51.49741,35.6969],[51.49701,35.69642],[51.49665,35.69596],[51.4963,35.69552],[51.49595,35.69509],[51.49557,35.69463],[51.49518,35.69414],[51.49478,35.69364],[51.49437,35.69315],[51.49398,35.69261],[51.49364,35.69201],[51.49344,35.69139],[51.49325,35.69082],[51.49306,35.69027],[51.49291,35.68976],[51.4928,35.68928],[51.49276,35.68881],[51.49273,35.68833],[51.49271,35.68781],[51.4927,35.68729],[51.49268,35.68681],[51.49267,35.68643],[51.49264,35.68597],[51.49264,35.68556],[51.49263,35.68503],[51.4926,35.68464],[51.4926,35.68413],[51.4926,35.68373],[51.49263,35.68329],[51.49259,35.6829],[51.4926,35.68252],[51.49259,35.68205],[51.4926,35.68168],[51.4926,35.68131],[51.49259,35.68087],[51.49255,35.68048],[51.49252,35.68005],[51.49247,35.6797],[51.49245,35.6793],[51.49242,35.67887],[51.4924,35.67842],[51.4924,35.67785],[51.4924,35.67715],[51.49239,35.67677],[51.49238,35.67641],[51.49237,35.67602],[51.49236,35.67562],[51.49236,35.6752],[51.49235,35.67481],[51.49233,35.67441],[51.49232,35.67399],[51.49231,35.67361],[51.4923,35.67323],[51.49228,35.67272],[51.49227,35.67216],[51.49226,35.67165],[51.49226,35.6712],[51.49224,35.67082],[51.49222,35.67042],[51.49221,35.66999],[51.4922,35.66938],[51.4922,35.66897],[51.49208,35.66853],[51.49191,35.66794],[51.49142,35.66742],[51.49104,35.66721],[51.49059,35.66705],[51.49013,35.667],[51.48932,35.66705],[51.48884,35.6671],[51.48835,35.66713],[51.48786,35.66715],[51.48734,35.66719],[51.4868,35.66726],[51.48629,35.66734],[51.48583,35.66741],[51.48539,35.66748],[51.48495,35.66755],[51.48414,35.66766],[51.48338,35.66773],[51.48293,35.66777],[51.48244,35.66782],[51.4819,35.66791],[51.48136,35.66799],[51.48081,35.66807],[51.48022,35.66816],[51.47963,35.66824],[51.47908,35.66832],[51.47858,35.66842],[51.47812,35.6685],[51.47765,35.66857],[51.47718,35.66866],[51.47669,35.66874],[51.47617,35.6688],[51.47564,35.66886],[51.47514,35.66889],[51.47466,35.66895],[51.47419,35.66902],[51.47335,35.66918],[51.47282,35.66929],[51.47254,35.66921],[51.47205,35.66886],[51.47195,35.66838],[51.4719,35.66797],[51.4719,35.66757],[51.47189,35.66717],[51.47175,35.66682],[51.47163,35.66633],[51.47122,35.66598],[51.47098,35.66558],[51.4707,35.6651],[51.47037,35.66462],[51.47004,35.66422],[51.46969,35.66393],[51.46895,35.66362],[51.46857,35.6633],[51.46817,35.6631],[51.4678,35.66262],[51.46736,35.66213],[51.46702,35.66188],[51.46638,35.66154],[51.46563,35.66117],[51.46522,35.66093],[51.46476,35.66067],[51.46436,35.66041],[51.46396,35.66017],[51.46354,35.65996],[51.46293,35.65967],[51.4624,35.65932],[51.46199,35.65907],[51.46169,35.65892],[51.46169,35.65892],[51.46173,35.65843],[51.46196,35.65807],[51.46187,35.65771],[51.46175,35.65734],[51.4616,35.65696],[51.46145,35.65655],[51.46131,35.65618],[51.46116,35.65574],[51.46098,35.65528],[51.46081,35.65482],[51.46061,35.65436],[51.46049,35.65396],[51.46028,35.65344],[51.46015,35.65307],[51.45995,35.65258],[51.45979,35.65216],[51.45965,35.65174],[51.45948,35.65134],[51.45933,35.65096],[51.45911,35.65047],[51.45889,35.65003],[51.45873,35.64962],[51.45858,35.64927],[51.4584,35.64885],[51.45834,35.64848],[51.45815,35.64789],[51.45799,35.64749],[51.45779,35.64686],[51.45755,35.64625],[51.45734,35.64571],[51.45716,35.64528],[51.45642,35.64525],[51.45554,35.64539],[51.45502,35.64546],[51.45448,35.64552],[51.45396,35.64556],[51.45342,35.6456],[51.45283,35.64562],[51.4522,35.64565],[51.45153,35.64565],[51.45082,35.64563],[51.45007,35.6456],[51.44934,35.64555],[51.44862,35.64548],[51.4479,35.6454],[51.44723,35.64533],[51.44659,35.64527],[51.4459,35.64518],[51.44521,35.64511],[51.44452,35.64505],[51.4438,35.64501],[51.44308,35.64498],[51.44236,35.64497],[51.44164,35.64497],[51.44091,35.64497],[51.44018,35.64499],[51.43947,35.64502],[51.43881,35.64506],[51.43814,35.64512],[51.43745,35.64522],[51.43675,35.6453],[51.43602,35.6454],[51.43529,35.64548],[51.43456,35.64557],[51.43388,35.64565],[51.43323,35.64573],[51.43259,35.64581],[51.432,35.64587],[51.43142,35.64593],[51.43084,35.646],[51.43029,35.64607],[51.42974,35.64614],[51.42918,35.64619],[51.42857,35.64626],[51.42793,35.64634],[51.4273,35.64641],[51.4267,35.64647],[51.42606,35.64653],[51.42542,35.64659],[51.42478,35.64666],[51.42413,35.64673],[51.42352,35.6468],[51.42303,35.64684],[51.42248,35.64693],[51.42193,35.64703],[51.42146,35.64713],[51.42093,35.64715],[51.42019,35.64721],[51.41949,35.64727],[51.41879,35.64738],[51.41804,35.64744],[51.41735,35.64749],[51.41666,35.64754],[51.41593,35.64762],[51.41533,35.64769],[51.41466,35.64776],[51.41412,35.64781],[51.41354,35.6479],[51.41291,35.64798],[51.41224,35.64806],[51.41149,35.64815],[51.41071,35.64826],[51.41027,35.64831],[51.40978,35.64837],[51.40931,35.64844],[51.40881,35.64852],[51.40832,35.64859],[51.4078,35.64865],[51.40724,35.64869],[51.40668,35.64872],[51.40615,35.64878],[51.40563,35.64886],[51.40512,35.64893],[51.40464,35.64899],[51.40419,35.64903],[51.40338,35.6491],[51.40262,35.64916],[51.40187,35.64921],[51.40142,35.64927],[51.40093,35.64932],[51.40044,35.64939],[51.39998,35.64941],[51.39952,35.64942],[51.39908,35.64947],[51.39844,35.64958],[51.39798,35.64957],[51.39775,35.64925],[51.3974,35.64878],[51.3969,35.64843],[51.39633,35.64805],[51.39576,35.64767],[51.39524,35.64726],[51.39482,35.64688],[51.39437,35.6464],[51.39385,35.64577],[51.39358,35.6454],[51.39336,35.64504],[51.3932,35.64467],[51.39308,35.64428],[51.39294,35.64385],[51.39279,35.64343],[51.3926,35.64299],[51.39236,35.64257],[51.39213,35.64214],[51.39188,35.64171],[51.39163,35.64128],[51.39138,35.6408],[51.39115,35.6403],[51.391,35.63979],[51.3909,35.63927],[51.39089,35.63874],[51.39094,35.63819],[51.39105,35.63764],[51.39121,35.63708],[51.39141,35.63651],[51.39159,35.63594],[51.39177,35.63538],[51.39194,35.6348],[51.39213,35.63421],[51.39231,35.63363],[51.39248,35.63305],[51.39266,35.6325],[51.39282,35.63197],[51.39297,35.63147],[51.39311,35.631],[51.39327,35.6305],[51.39345,35.62996],[51.39359,35.62945],[51.39368,35.62894],[51.39373,35.62844],[51.39374,35.62796],[51.39369,35.6275],[51.39359,35.62701],[51.39343,35.62658],[51.39325,35.62622],[51.39302,35.62582],[51.39276,35.62542],[51.39253,35.62506],[51.39228,35.62472],[51.392,35.62434],[51.39165,35.62392],[51.39132,35.62346],[51.39101,35.62297],[51.39077,35.62248],[51.39061,35.62194],[51.3905,35.62141],[51.39042,35.62084],[51.39036,35.62031],[51.39033,35.61975],[51.39031,35.61917],[51.39025,35.61865],[51.39019,35.61814],[51.3901,35.61766],[51.38988,35.6172],[51.38951,35.61684],[51.38902,35.61659],[51.38851,35.6163],[51.38813,35.61593],[51.38781,35.61556],[51.38751,35.61522],[51.38715,35.61498],[51.38675,35.61483],[51.38594,35.61474],[51.38516,35.61468],[51.38426,35.61464],[51.38372,35.61465],[51.38313,35.61464],[51.38251,35.61463],[51.38189,35.61463],[51.38126,35.61462],[51.38064,35.6146],[51.38001,35.61458],[51.37939,35.61455],[51.37874,35.61452],[51.37809,35.61447],[51.37743,35.61442],[51.37682,35.61437],[51.37628,35.61431],[51.37577,35.61426],[51.3753,35.61419],[51.37485,35.61414],[51.37437,35.61409],[51.37386,35.61402],[51.37333,35.61396],[51.37281,35.61387],[51.37236,35.61381],[51.37154,35.61367],[51.37107,35.61358],[51.37058,35.61347],[51.37012,35.61337],[51.36968,35.61327],[51.36923,35.61316],[51.36877,35.61304],[51.36831,35.61292],[51.36781,35.61278],[51.36729,35.61263],[51.36681,35.61248],[51.3663,35.61234],[51.36578,35.6122],[51.36525,35.61204],[51.36474,35.61187],[51.3642,35.61173],[51.36367,35.61159],[51.36312,35.61145],[51.3626,35.61131],[51.36214,35.61119],[51.36167,35.61111],[51.36121,35.61106],[51.36075,35.611],[51.36031,35.61092],[51.35946,35.61077],[51.359,35.61065],[51.35854,35.61051],[51.3581,35.61039],[51.35767,35.61026],[51.35723,35.61013],[51.35677,35.60999],[51.35629,35.60985],[51.35579,35.6097],[51.3553,35.60954],[51.35484,35.60941],[51.35408,35.60922],[51.35335,35.60905],[51.35252,35.6089],[51.35175,35.60879],[51.35114,35.60867],[51.35066,35.60859],[51.35009,35.60849],[51.34937,35.60843],[51.3487,35.60842],[51.348,35.6084],[51.34714,35.60842],[51.34664,35.60844],[51.34611,35.60846],[51.3456,35.60849],[51.34511,35.60854],[51.34464,35.60859],[51.34412,35.60864],[51.34361,35.6087],[51.34307,35.60877],[51.34249,35.60888],[51.34187,35.60901],[51.34125,35.60916],[51.34067,35.60932],[51.34011,35.60948],[51.3396,35.60965],[51.33909,35.60983],[51.33863,35.61001],[51.33818,35.6102],[51.33774,35.6104],[51.33729,35.61061],[51.3369,35.61079],[51.33626,35.61111],[51.33589,35.61131],[51.3355,35.61152],[51.33508,35.61174],[51.33465,35.61197],[51.33426,35.61219],[51.33385,35.61242],[51.33343,35.6127],[51.333,35.61299],[51.33257,35.6133],[51.33212,35.61366],[51.33168,35.61404],[51.33126,35.61442],[51.33084,35.61483],[51.3304,35.61526],[51.32995,35.6157],[51.32958,35.61611],[51.32924,35.61653],[51.3289,35.61695],[51.32855,35.61736],[51.32821,35.61777],[51.32787,35.61818],[51.32752,35.61858],[51.32718,35.61896],[51.32685,35.61936],[51.32654,35.61973],[51.32624,35.62009],[51.326,35.62041],[51.32547,35.62102],[51.3252,35.62137],[51.32489,35.62174],[51.32459,35.62211],[51.32429,35.62248],[51.32397,35.62285],[51.32365,35.62323],[51.3233,35.62363],[51.32295,35.62405],[51.32258,35.62447],[51.3222,35.62488],[51.32185,35.6253],[51.32156,35.62562],[51.3211,35.62611],[51.32061,35.62662],[51.32031,35.62693],[51.31998,35.62726],[51.3196,35.62761],[51.31918,35.62799],[51.31875,35.62836],[51.31829,35.62874],[51.31784,35.62909],[51.31738,35.62944],[51.3169,35.6298],[51.3164,35.63016],[51.31588,35.6305],[51.31535,35.63082],[51.31483,35.63112],[51.31434,35.6314],[51.31388,35.63167],[51.31341,35.63192],[51.31292,35.6322],[51.3124,35.63248],[51.31186,35.63276],[51.31134,35.63302],[51.31085,35.63327],[51.31037,35.6335],[51.30986,35.63373],[51.30938,35.63397],[51.30889,35.63421],[51.30841,35.63446],[51.30795,35.6347],[51.3075,35.63491],[51.30703,35.63516],[51.30656,35.6354],[51.30614,35.63562],[51.3054,35.636],[51.30501,35.6362],[51.30459,35.63641],[51.30415,35.63663],[51.3037,35.63685],[51.30324,35.63708],[51.30277,35.63732],[51.30229,35.63756],[51.30179,35.63782],[51.30129,35.63807],[51.30077,35.63833],[51.30026,35.63859],[51.29975,35.63885],[51.29925,35.6391],[51.29878,35.63935],[51.29832,35.63957],[51.29788,35.63978],[51.29742,35.64001],[51.29696,35.64026],[51.29646,35.64051],[51.29594,35.64077],[51.29544,35.64101],[51.29496,35.64125],[51.29448,35.64148],[51.29398,35.64172],[51.29346,35.64196],[51.2929,35.64221],[51.29232,35.64247],[51.29172,35.64274],[51.29115,35.64302],[51.29058,35.64331],[51.29001,35.64357],[51.28945,35.64384],[51.28892,35.6441],[51.28836,35.64435],[51.28779,35.64461],[51.28726,35.64486],[51.28667,35.64513],[51.28612,35.64536],[51.28571,35.64556],[51.2853,35.64575],[51.28477,35.646],[51.28425,35.64624],[51.28354,35.64653],[51.28281,35.64684],[51.28242,35.64702],[51.28163,35.64735],[51.28123,35.64751],[51.28083,35.64769],[51.28006,35.64802],[51.27965,35.6482],[51.27916,35.64839],[51.27866,35.6486],[51.27814,35.64881],[51.27759,35.64904],[51.27701,35.64928],[51.2765,35.6495],[51.27595,35.64972],[51.27537,35.64997],[51.27482,35.65021],[51.2743,35.65042],[51.27379,35.65063],[51.27327,35.65085],[51.27272,35.65107],[51.2722,35.65128],[51.27173,35.65147],[51.27126,35.65165],[51.27077,35.65184],[51.27026,35.65205],[51.2698,35.65221],[51.26936,35.65237],[51.26894,35.65254],[51.26851,35.6527],[51.26809,35.65286],[51.26765,35.65302],[51.26718,35.6532],[51.26671,35.65339],[51.26623,35.65357],[51.26573,35.65377],[51.26521,35.65397],[51.2647,35.65417],[51.26419,35.65436],[51.26369,35.65454],[51.26319,35.65472],[51.26269,35.65491],[51.2622,35.65508],[51.2617,35.65528],[51.2612,35.65546],[51.26074,35.65562],[51.2603,35.65577],[51.25986,35.65593],[51.25941,35.65607],[51.25893,35.65623],[51.25844,35.65641],[51.25793,35.65662],[51.25739,35.65682],[51.25683,35.65702],[51.25626,35.65724],[51.25571,35.65744],[51.25512,35.65765],[51.25452,35.65786],[51.25391,35.65808],[51.25328,35.6583],[51.25269,35.65852],[51.25214,35.65873],[51.25159,35.65893],[51.25102,35.65913],[51.25039,35.65936],[51.24975,35.6596],[51.24908,35.65985],[51.24842,35.66008],[51.24776,35.66033],[51.24708,35.66058],[51.2464,35.66083],[51.24574,35.66107],[51.24509,35.6613],[51.24445,35.66151],[51.24382,35.66172],[51.24319,35.66197],[51.24258,35.66223],[51.24195,35.66249],[51.2413,35.66277],[51.24065,35.66307],[51.24003,35.66338],[51.23941,35.66372],[51.2388,35.66411],[51.23824,35.66448],[51.23774,35.66486],[51.23723,35.66523],[51.23675,35.66562],[51.23628,35.66605],[51.23584,35.66647],[51.23542,35.66692],[51.235,35.66739],[51.23461,35.66784],[51.23427,35.66828],[51.23398,35.66871],[51.23372,35.6691],[51.23347,35.66949],[51.23323,35.6699],[51.23301,35.67032],[51.23281,35.67073],[51.23262,35.67118],[51.23244,35.67162],[51.23227,35.67206],[51.23212,35.67252],[51.23199,35.67298],[51.23189,35.67345],[51.23179,35.67394],[51.23173,35.67442],[51.23168,35.6749],[51.23165,35.67537],[51.23162,35.67585],[51.23161,35.67634],[51.23161,35.67678],[51.23165,35.67731],[51.23169,35.6777],[51.23168,35.67809],[51.23181,35.67861],[51.23191,35.67909],[51.23203,35.67959],[51.23214,35.68003],[51.23233,35.68054],[51.23253,35.68104],[51.23274,35.68148],[51.233,35.68196],[51.23318,35.68242],[51.23337,35.68276],[51.23363,35.68317],[51.23388,35.68349],[51.23415,35.68386],[51.23439,35.68419],[51.23471,35.68455],[51.23516,35.68494],[51.23573,35.68524],[51.23622,35.68525],[51.23669,35.68495],[51.23683,35.6845],[51.23665,35.68404],[51.23644,35.68369],[51.23618,35.68334],[51.23578,35.68312],[51.23522,35.68308],[51.23456,35.68326],[51.23394,35.68343],[51.23335,35.68364],[51.23254,35.6839],[51.23207,35.68403],[51.23157,35.6842],[51.23101,35.68439],[51.23043,35.68464],[51.22986,35.68489],[51.22933,35.68512],[51.22877,35.68533],[51.22822,35.68558],[51.22774,35.68577],[51.22723,35.68595],[51.22669,35.68616],[51.22611,35.68635],[51.22556,35.68656],[51.22503,35.68674],[51.22447,35.68693],[51.22387,35.68715],[51.22324,35.68741],[51.2226,35.68768],[51.22194,35.68797],[51.22125,35.68826],[51.22055,35.68854],[51.21982,35.68884],[51.21908,35.68914],[51.21838,35.68943],[51.21769,35.68972],[51.21702,35.69002],[51.21637,35.69029],[51.21574,35.69056],[51.21514,35.6908],[51.2146,35.69102],[51.21409,35.69122],[51.21357,35.69144],[51.21303,35.69166],[51.2125,35.69187],[51.21197,35.69209],[51.21145,35.69231],[51.21093,35.69248],[51.21047,35.69267],[51.21005,35.69283],[51.20961,35.69299],[51.20914,35.69318],[51.20865,35.6934],[51.20811,35.69364],[51.20753,35.69389],[51.20694,35.69414],[51.20634,35.69439],[51.20573,35.69465],[51.2051,35.69491],[51.20445,35.69519],[51.20378,35.69545],[51.20311,35.69571],[51.20246,35.69597],[51.20184,35.69621],[51.20123,35.69648],[51.20061,35.69675],[51.19993,35.69701],[51.19925,35.69728],[51.19856,35.69755],[51.19787,35.6978],[51.19718,35.69804],[51.1965,35.69828],[51.19587,35.69852],[51.19528,35.69877],[51.1947,35.69901],[51.1941,35.69927],[51.1935,35.69951],[51.1929,35.69975],[51.19229,35.69999],[51.19168,35.70024],[51.19107,35.70048],[51.19047,35.70072],[51.18989,35.70097],[51.18932,35.70122],[51.18878,35.70145],[51.18822,35.70167],[51.18769,35.70188],[51.18724,35.70205],[51.18664,35.70233],[51.18621,35.70253],[51.18581,35.70268],[51.18535,35.70285],[51.18495,35.70301],[51.1847,35.70313],[51.18418,35.70332],[51.18375,35.70349],[51.18314,35.7037],[51.18265,35.70385],[51.18199,35.70409],[51.18158,35.70424],[51.18111,35.70439],[51.18057,35.70452],[51.17996,35.70466],[51.17934,35.70479],[51.17877,35.70492],[51.17818,35.70507],[51.17756,35.70521],[51.17692,35.70537],[51.17627,35.70552],[51.1756,35.70569],[51.1749,35.70587],[51.17419,35.70604],[51.17348,35.70622],[51.1728,35.70638],[51.17213,35.70654],[51.17148,35.7067],[51.17085,35.70685],[51.17021,35.707],[51.16958,35.70715],[51.16893,35.70731],[51.1683,35.70746],[51.16767,35.70761],[51.16705,35.70775],[51.16647,35.70787],[51.1659,35.70797],[51.16533,35.70809],[51.16473,35.70826],[51.16412,35.70845],[51.1635,35.70866],[51.16284,35.70886],[51.16224,35.70906],[51.16168,35.70926],[51.16116,35.70947],[51.16065,35.70964],[51.16013,35.70982],[51.15956,35.71002],[51.15898,35.71022],[51.15839,35.71042],[51.15781,35.71059],[51.15722,35.71076],[51.15667,35.71095],[51.15611,35.71113],[51.15553,35.71132],[51.15495,35.71153],[51.15438,35.71171],[51.15382,35.7119],[51.15325,35.7121],[51.15269,35.71228],[51.15219,35.71246],[51.15171,35.71263],[51.15132,35.71281],[51.15098,35.71305],[51.15104,35.71358],[51.1516,35.71381],[51.15208,35.71371],[51.15234,35.7134],[51.15227,35.71299],[51.15198,35.71243],[51.15164,35.71176],[51.15143,35.7114],[51.1512,35.71101],[51.15097,35.71059],[51.15074,35.71019],[51.15048,35.70976],[51.1502,35.7093],[51.14987,35.7088],[51.14955,35.70828],[51.14923,35.70775],[51.14894,35.70724],[51.14865,35.70671],[51.14836,35.7062],[51.14804,35.70573],[51.14773,35.70528],[51.1474,35.70482],[51.14709,35.70434],[51.14682,35.70388],[51.14658,35.70339],[51.14634,35.70286],[51.14606,35.7023],[51.14573,35.70173],[51.14538,35.70114],[51.14502,35.70054],[51.14464,35.69994],[51.14427,35.69935],[51.1439,35.69875],[51.14354,35.69815],[51.14319,35.69756],[51.14284,35.69697],[51.14248,35.69636],[51.14213,35.69576],[51.14178,35.69519],[51.14144,35.69463],[51.14109,35.69406],[51.14073,35.69347],[51.14036,35.69288],[51.13997,35.69228],[51.13954,35.69174],[51.13907,35.69124],[51.13865,35.6908],[51.13825,35.69042],[51.13784,35.69009],[51.13737,35.68972],[51.13684,35.68936],[51.13631,35.68903],[51.13578,35.68872],[51.13525,35.6884],[51.13471,35.6881],[51.13415,35.68781],[51.13357,35.6875],[51.13296,35.6872],[51.13234,35.68688],[51.13172,35.68655],[51.13109,35.68623],[51.13047,35.6859],[51.12985,35.68557],[51.12924,35.68524],[51.12865,35.68492],[51.12807,35.68459],[51.12745,35.68425],[51.12682,35.68392],[51.12615,35.68359],[51.1255,35.68325],[51.12487,35.68291],[51.12424,35.68255],[51.12362,35.68216],[51.12298,35.68176],[51.12235,35.68135],[51.12174,35.68095],[51.12111,35.68055],[51.12045,35.68023],[51.11974,35.68],[51.11902,35.67986],[51.11826,35.67979],[51.11751,35.6798],[51.11677,35.67989],[51.11604,35.68004],[51.1153,35.68021],[51.11453,35.6804],[51.11378,35.6806],[51.11305,35.6808],[51.11236,35.68097],[51.11173,35.68114],[51.11115,35.68129],[51.11063,35.68145],[51.11015,35.68162],[51.10974,35.68185],[51.1094,35.6821],[51.10883,35.68263],[51.10848,35.68293],[51.10812,35.6832],[51.10743,35.6836],[51.10667,35.68392],[51.10583,35.68415],[51.10534,35.68429],[51.10486,35.68451],[51.10435,35.68478],[51.10382,35.68508],[51.10327,35.6854],[51.10271,35.68572],[51.10214,35.68605],[51.10155,35.68639],[51.10094,35.68673],[51.10031,35.68708],[51.09967,35.68744],[51.09904,35.68781],[51.0984,35.68817],[51.09778,35.68853],[51.09717,35.68886],[51.09659,35.68919],[51.09602,35.68951],[51.09546,35.68981],[51.09492,35.69011],[51.09437,35.6904],[51.09382,35.69068],[51.09328,35.69098],[51.0928,35.69127],[51.09231,35.69156],[51.0918,35.69187],[51.09124,35.69217],[51.09065,35.69245],[51.09003,35.6927],[51.08936,35.69292],[51.08866,35.69309],[51.08796,35.69322],[51.08723,35.69328],[51.08648,35.69329],[51.08573,35.69326],[51.08499,35.69322],[51.08422,35.69318],[51.08345,35.69314],[51.08265,35.6931],[51.08184,35.69306],[51.08102,35.69302],[51.08019,35.693],[51.07939,35.69295],[51.0786,35.6929],[51.07779,35.69284],[51.07699,35.69279],[51.07623,35.69275],[51.07554,35.6927],[51.07485,35.69264],[51.07423,35.69262],[51.07365,35.69261],[51.0731,35.69263],[51.0726,35.69268],[51.07211,35.69268],[51.07166,35.69259],[51.07094,35.69234],[51.07052,35.69218],[51.07004,35.69203],[51.06955,35.69187],[51.06914,35.69172],[51.06874,35.69156],[51.0683,35.69139],[51.06784,35.69122],[51.06732,35.69102],[51.06678,35.69082],[51.06624,35.69061],[51.0657,35.69041],[51.06515,35.6902],[51.06461,35.69],[51.06404,35.68979],[51.06343,35.68956],[51.06281,35.68932],[51.06218,35.68909],[51.06153,35.68887],[51.0609,35.68862],[51.0603,35.68839],[51.05968,35.68815],[51.05902,35.68791],[51.05833,35.68765],[51.05761,35.68738],[51.05688,35.6871],[51.0562,35.68685],[51.05551,35.68659],[51.05481,35.68633],[51.05414,35.68608],[51.05348,35.6859],[51.05279,35.68575],[51.05211,35.68566],[51.05145,35.68561],[51.05084,35.68562],[51.05026,35.68567],[51.04973,35.68574],[51.04895,35.68588],[51.04827,35.68606],[51.04773,35.68632],[51.04731,35.68657],[51.04683,35.68678],[51.04631,35.68682],[51.04588,35.68663],[51.04545,35.68637],[51.04487,35.68628],[51.04422,35.68627],[51.04349,35.68621],[51.04261,35.68606],[51.04216,35.68593],[51.04173,35.6858],[51.04096,35.68548],[51.04016,35.6851],[51.03968,35.68489],[51.03918,35.68468],[51.03865,35.68446],[51.03813,35.68423],[51.03763,35.68401],[51.03712,35.68379],[51.03665,35.68359],[51.03623,35.68341],[51.03558,35.68314],[51.03482,35.68296],[51.03403,35.68288],[51.0333,35.68286],[51.03251,35.683],[51.03211,35.68314],[51.03168,35.68335],[51.03123,35.68359],[51.03074,35.68384],[51.03022,35.68411],[51.02972,35.68436],[51.02929,35.68461],[51.02892,35.68485],[51.02831,35.68533],[51.02799,35.68559],[51.02761,35.68589],[51.02721,35.6862],[51.02679,35.6865],[51.02637,35.68681],[51.02597,35.68711],[51.02562,35.68743],[51.02536,35.68776],[51.02516,35.68808],[51.02499,35.68842],[51.0248,35.68907],[51.0248,35.68947],[51.02488,35.68993],[51.02513,35.69045],[51.02548,35.69102],[51.02582,35.69156],[51.02613,35.69201],[51.02649,35.69233],[51.02708,35.69226],[51.02763,35.69202],[51.02821,35.69177],[51.02892,35.69147],[51.02966,35.69114],[51.03006,35.69096],[51.03052,35.6911],[51.03073,35.69144],[51.03103,35.69194],[51.03137,35.69251],[51.03172,35.69308],[51.03203,35.69358],[51.03232,35.69404],[51.03261,35.69448],[51.03293,35.6949],[51.03323,35.69538],[51.0336,35.69595],[51.03395,35.6965],[51.03419,35.69687],[51.03441,35.69723],[51.03479,35.69744],[51.03479,35.69736],[51.03474,35.69736],[51.03472,35.69736],[51.03499,35.69742],[51.03504,35.6974],[51.03509,35.69725],[51.03509,35.69733],[51.035,35.69739],[51.03502,35.69735],[51.035,35.69734],[51.03502,35.69733],[51.03546,35.69757],[51.03513,35.69782],[51.03469,35.69794],[51.03415,35.69817],[51.03352,35.69845],[51.03297,35.69866],[51.03243,35.6989],[51.03199,35.6991],[51.03142,35.69933],[51.03092,35.6995],[51.03057,35.69922],[51.03035,35.6989],[51.03022,35.69879],[51.03029,35.69893],[51.03022,35.69877],[51.03027,35.69894],[51.03045,35.69874],[51.03039,35.69883],[51.03011,35.69853],[51.02981,35.69806],[51.02958,35.69768],[51.02929,35.69718],[51.02903,35.69677],[51.02875,35.69638],[51.02816,35.69635],[51.02761,35.69658],[51.027,35.69679],[51.02635,35.69674],[51.02564,35.69655],[51.02492,35.69639],[51.02429,35.69647],[51.02382,35.6967],[51.02338,35.69689],[51.0229,35.69709],[51.02237,35.69732],[51.02171,35.69755],[51.02117,35.69755],[51.02075,35.69732],[51.02046,35.6969],[51.02033,35.69684],[51.02005,35.69699],[51.02009,35.69707],[51.02041,35.69682],[51.02016,35.69643],[51.01995,35.69607],[51.01967,35.69566],[51.01942,35.69525],[51.01937,35.69479],[51.01951,35.69441],[51.01971,35.69399],[51.02004,35.69373],[51.02065,35.69346],[51.02109,35.69325],[51.02096,35.69289],[51.02047,35.69253],[51.01985,35.69241],[51.01926,35.6925],[51.0188,35.69266],[51.01816,35.6929],[51.01747,35.69318],[51.01677,35.6935],[51.01619,35.69378],[51.01565,35.69401],[51.01505,35.69435],[51.01464,35.69484],[51.01448,35.69543],[51.01447,35.69605],[51.01453,35.69663],[51.0148,35.69701],[51.01499,35.69746],[51.0153,35.69789],[51.01557,35.69829],[51.01589,35.69883],[51.01623,35.69935],[51.01655,35.69985],[51.01683,35.70031],[51.0171,35.7007],[51.01734,35.70108],[51.01758,35.7015],[51.01783,35.70186],[51.01805,35.7023],[51.01769,35.70264],[51.01718,35.70284],[51.01652,35.70304],[51.01579,35.70325],[51.01535,35.70338],[51.01487,35.7035],[51.01439,35.70365],[51.01391,35.70377],[51.01345,35.70389],[51.01299,35.704],[51.01256,35.70412],[51.01171,35.70435],[51.01088,35.70457],[51.01046,35.70468],[51.01002,35.70481],[51.00957,35.70494],[51.0091,35.70506],[51.00862,35.7052],[51.00814,35.70533],[51.00768,35.70545],[51.0072,35.70559],[51.00676,35.70573],[51.00633,35.70587],[51.00556,35.70611],[51.00495,35.70631],[51.00449,35.70644],[51.00432,35.70598],[51.00425,35.70544],[51.00416,35.70484],[51.00409,35.70423],[51.00402,35.7038],[51.00395,35.7033],[51.00391,35.70279],[51.00385,35.70229],[51.00379,35.70171],[51.00374,35.70129],[51.00368,35.70086],[51.00361,35.70025],[51.00352,35.69962],[51.00347,35.69925],[51.00343,35.69888],[51.00336,35.69842],[51.00353,35.69827],[51.00356,35.69843],[51.00357,35.69847],[51.00359,35.69849],[51.00331,35.69819],[51.00326,35.6977],[51.0032,35.69728],[51.00316,35.69683],[51.00308,35.69633],[51.00302,35.69592],[51.00241,35.69577],[51.00189,35.69581],[51.00225,35.6954],[51.00301,35.69508],[51.00342,35.69487],[51.00383,35.69467],[51.00426,35.69446],[51.00468,35.69426],[51.0051,35.69406],[51.00553,35.69385],[51.00595,35.69366],[51.00638,35.69347],[51.00684,35.69326],[51.00732,35.69304],[51.00779,35.69283],[51.00829,35.6926],[51.00881,35.69239],[51.00934,35.69218],[51.00985,35.69198],[51.01034,35.69179],[51.01079,35.6916],[51.0112,35.69142],[51.01187,35.69115],[51.01248,35.69093],[51.01306,35.69078],[51.01352,35.69064],[51.01399,35.69049],[51.01462,35.69029],[51.01534,35.69005],[51.01559,35.68972],[51.01563,35.68919],[51.01582,35.68899],[51.01556,35.68892],[51.01566,35.68876],[51.01571,35.68903],[51.01561,35.68885],[51.01564,35.68886],[51.01564,35.6888],[51.01559,35.68891],[51.01561,35.68849],[51.01605,35.68835],[51.01624,35.68798],[51.01661,35.68777],[51.01707,35.68778],[51.01754,35.68778],[51.01801,35.68779],[51.01854,35.68774],[51.019,35.68782],[51.01932,35.68756],[51.01949,35.68717],[51.01961,35.68682],[51.01964,35.6864],[51.01964,35.68603],[51.01964,35.68552],[51.01973,35.68505],[51.01973,35.68469],[51.01919,35.68464],[51.0187,35.6847],[51.01815,35.68472],[51.01776,35.68451],[51.0173,35.68442],[51.01716,35.68453],[51.0172,35.68451],[51.01723,35.68455],[51.01718,35.68438],[51.0172,35.68389],[51.01727,35.68352],[51.01734,35.683],[51.01731,35.68257],[51.01783,35.68241],[51.01838,35.68243],[51.01892,35.68246],[51.01942,35.68247],[51.01989,35.68244],[51.02,35.68206],[51.02006,35.68162],[51.0201,35.68122],[51.02005,35.68079],[51.01976,35.68042],[51.01971,35.67992],[51.01972,35.67948],[51.01929,35.67936],[51.01882,35.67938],[51.01825,35.67939],[51.01766,35.67923],[51.01712,35.67925],[51.01654,35.67919],[51.016,35.67911],[51.01571,35.67916],[51.01573,35.67918],[51.01566,35.67957],[51.01567,35.67918],[51.01573,35.6793],[51.01565,35.67967],[51.01568,35.67929],[51.01555,35.67964],[51.0156,35.68002],[51.01559,35.68013],[51.01614,35.68019],[51.01658,35.68013],[51.01717,35.68014],[51.01774,35.68016],[51.01821,35.68014],[51.01871,35.68017],[51.01904,35.67989],[51.01913,35.67946],[51.01923,35.67901],[51.01928,35.67861],[51.01935,35.67822],[51.01972,35.67786],[51.02019,35.67818],[51.02022,35.67855],[51.02029,35.67892],[51.02053,35.67927],[51.021,35.67932],[51.02163,35.67936],[51.02221,35.67932],[51.02297,35.6794],[51.02339,35.67951],[51.02394,35.67956],[51.02422,35.67908],[51.02431,35.67864],[51.02436,35.67819],[51.02447,35.67779],[51.02454,35.6772],[51.02451,35.67684],[51.024,35.67685],[51.02342,35.67691],[51.0229,35.67695],[51.02273,35.67702],[51.02272,35.67701],[51.02271,35.67701],[51.02212,35.67703],[51.02155,35.67705],[51.02111,35.677],[51.02062,35.67703],[51.02045,35.67757],[51.02034,35.67718],[51.02037,35.67674],[51.02042,35.67637],[51.02044,35.676],[51.02051,35.67562],[51.02051,35.67511],[51.02024,35.67479],[51.02,35.67484],[51.02,35.67484],[51.02,35.67484],[51.02,35.67484],[51.02003,35.67488],[51.01996,35.67477],[51.01994,35.67478],[51.01994,35.67483],[51.02005,35.67437],[51.02021,35.67388],[51.01979,35.6737],[51.01933,35.67367],[51.0188,35.67363],[51.01824,35.6737],[51.0178,35.67362],[51.01736,35.67355],[51.01731,35.6735],[51.01731,35.67351],[51.01732,35.67351],[51.01732,35.67351],[51.01734,35.67352],[51.01735,35.67353],[51.01735,35.67353],[51.01735,35.67353],[51.01749,35.67352],[51.01793,35.67361],[51.0184,35.67363],[51.01899,35.67365],[51.01962,35.67361],[51.02013,35.6736],[51.02043,35.67329],[51.02062,35.67283],[51.02074,35.67222],[51.0208,35.67155],[51.02085,35.67095],[51.02088,35.6705],[51.02105,35.66988],[51.02121,35.66952],[51.0215,35.66902],[51.02173,35.66856],[51.02157,35.66815],[51.02128,35.66765],[51.02088,35.66711],[51.02088,35.66672],[51.02126,35.66695],[51.02174,35.66747],[51.02203,35.66777],[51.02234,35.66809],[51.02269,35.66844],[51.02304,35.66882],[51.02338,35.66919],[51.02372,35.66959],[51.02405,35.66999],[51.02431,35.67039],[51.02453,35.67083],[51.02479,35.67125],[51.02511,35.67167],[51.02549,35.67209],[51.02586,35.6725],[51.02623,35.67291],[51.02661,35.67332],[51.02696,35.6737],[51.02733,35.67413],[51.02772,35.67457],[51.0281,35.67504],[51.02851,35.67552],[51.02892,35.67602],[51.02934,35.67649],[51.02977,35.67698],[51.03018,35.67747],[51.03061,35.67796],[51.03104,35.67844],[51.03148,35.67891],[51.03192,35.67939],[51.03231,35.67982],[51.03268,35.68024],[51.03306,35.68061],[51.03343,35.68096],[51.03401,35.6814],[51.03465,35.68156],[51.03543,35.6816],[51.03587,35.68154],[51.03631,35.68144],[51.03676,35.6813],[51.0372,35.68112],[51.03762,35.68096],[51.03808,35.68078],[51.03854,35.6806],[51.0393,35.68026],[51.0397,35.68007],[51.04045,35.67978],[51.0411,35.67958],[51.04156,35.6794],[51.04224,35.67927],[51.04296,35.67901],[51.04337,35.67885],[51.0438,35.67872],[51.04425,35.67856],[51.0447,35.6784],[51.04513,35.67827],[51.04583,35.67803],[51.04635,35.6778],[51.04657,35.6773],[51.04656,35.67674],[51.04659,35.67607],[51.0466,35.67538],[51.04656,35.67498],[51.04643,35.67461],[51.04626,35.67423],[51.04604,35.67359],[51.046,35.67321],[51.04601,35.67282],[51.04609,35.67246],[51.04649,35.67181],[51.04665,35.67145],[51.04673,35.67078],[51.04688,35.67044],[51.04706,35.67009],[51.0475,35.66942],[51.0477,35.66906],[51.04788,35.66868],[51.04796,35.6683],[51.04802,35.66792],[51.04807,35.66754],[51.04821,35.66681],[51.04828,35.66611],[51.04822,35.66558],[51.04809,35.66522],[51.04791,35.66473],[51.0476,35.66419],[51.04736,35.66377],[51.04726,35.66331],[51.04724,35.66279],[51.04749,35.66217],[51.04778,35.66145],[51.04789,35.66103],[51.04804,35.6606],[51.04819,35.66022],[51.04837,35.65983],[51.04849,35.65948],[51.04867,35.65878],[51.0488,35.65841],[51.04897,35.65804],[51.0493,35.65745],[51.04951,35.65712],[51.04988,35.65655],[51.05013,35.65613],[51.05019,35.65575],[51.05022,35.65564],[51.05034,35.65529],[51.05084,35.65546],[51.05117,35.65577],[51.05158,35.65603],[51.05205,35.65622],[51.0525,35.65646],[51.05292,35.65666],[51.05348,35.65652],[51.05341,35.65603],[51.05328,35.65547],[51.05318,35.65494],[51.05323,35.65439],[51.0538,35.65445],[51.05431,35.65465],[51.05486,35.65476],[51.05539,35.65478],[51.05573,35.65515],[51.05556,35.65563],[51.05559,35.65601],[51.05582,35.65587],[51.05584,35.65591],[51.05584,35.6559],[51.05584,35.65591],[51.05584,35.65592],[51.05584,35.65579],[51.05591,35.65542],[51.05606,35.65507],[51.05617,35.65479],[51.0561,35.6547],[51.05615,35.65472],[51.05614,35.65474],[51.05595,35.65492],[51.05616,35.65459],[51.05606,35.65457],[51.05603,35.65455],[51.056,35.65472],[51.05602,35.65467],[51.05606,35.65468],[51.05606,35.65483],[51.05604,35.6544],[51.05609,35.65407],[51.0561,35.65405],[51.05611,35.65403],[51.05652,35.65375],[51.05697,35.65363],[51.05742,35.65354],[51.05802,35.6538],[51.05841,35.65401],[51.0588,35.65423],[51.05905,35.6539],[51.05925,35.65356],[51.0592,35.65393],[51.05922,35.65438],[51.05905,35.65474],[51.05902,35.65515],[51.05899,35.65563],[51.05906,35.65599],[51.05902,35.65637],[51.05886,35.65681],[51.05881,35.6572],[51.05873,35.65759],[51.05861,35.65799],[51.05863,35.65836],[51.05852,35.65872],[51.0584,35.65908],[51.0581,35.65948],[51.05786,35.65978],[51.05788,35.65983],[51.05789,35.6599],[51.05793,35.65998],[51.05794,35.66003],[51.05795,35.66008],[51.05793,35.66014],[51.05794,35.66029],[51.05793,35.66032],[51.05792,35.66034],[51.05772,35.66071],[51.05743,35.66109],[51.05729,35.66155],[51.05718,35.66202],[51.05706,35.66244],[51.05693,35.66283],[51.05678,35.66324],[51.05667,35.66375],[51.05655,35.66411],[51.05637,35.66446],[51.05635,35.66483],[51.05664,35.66511],[51.05698,35.66546],[51.05709,35.66565],[51.05716,35.66562],[51.05723,35.66562],[51.05725,35.66563],[51.0573,35.66562],[51.05735,35.66559],[51.05739,35.66558],[51.05749,35.66577],[51.05761,35.6659],[51.05764,35.66592],[51.05803,35.66609],[51.05853,35.66635],[51.05909,35.66661],[51.05958,35.66676],[51.06011,35.66683],[51.06038,35.66642],[51.0606,35.66606],[51.06097,35.66571],[51.06129,35.66531],[51.06151,35.66496],[51.06179,35.6646],[51.06197,35.66427],[51.06216,35.66387],[51.0624,35.66346],[51.06263,35.66298],[51.06291,35.66248],[51.06308,35.66211],[51.06328,35.6616],[51.06347,35.66119],[51.06371,35.66076],[51.06397,35.66026],[51.06416,35.65993],[51.06427,35.65957],[51.06452,35.65914],[51.06488,35.65871],[51.06509,35.65835],[51.06539,35.65808],[51.06591,35.6582],[51.06638,35.6585],[51.06674,35.65874],[51.06733,35.65903],[51.06802,35.65936],[51.06864,35.65974],[51.06925,35.66011],[51.06965,35.66034],[51.07003,35.66014],[51.07048,35.65969],[51.07095,35.65922],[51.07139,35.65878],[51.07166,35.65847],[51.07185,35.65806],[51.07201,35.65754],[51.07202,35.65711],[51.07201,35.65652],[51.07206,35.65616],[51.07216,35.65577],[51.07231,35.65539],[51.07248,35.65501],[51.07266,35.65463],[51.0728,35.65425],[51.07292,35.65387],[51.07306,35.6533],[51.0729,35.65292],[51.0729,35.65247],[51.07339,35.65221],[51.07384,35.65233],[51.07428,35.6524],[51.07481,35.65232],[51.07547,35.65221],[51.0763,35.65208],[51.07702,35.65199],[51.07777,35.65188],[51.0785,35.65178],[51.07943,35.6516],[51.0799,35.65153],[51.08041,35.65145],[51.0809,35.65138],[51.08139,35.65132],[51.08188,35.65125],[51.08237,35.65118],[51.08285,35.65109],[51.08335,35.65102],[51.08384,35.65097],[51.08438,35.65089],[51.08487,35.65082],[51.08573,35.65073],[51.08621,35.65064],[51.08668,35.65057],[51.08715,35.6505],[51.08761,35.65044],[51.08811,35.65038],[51.08864,35.65029],[51.08922,35.65018],[51.08979,35.65011],[51.09034,35.65004],[51.09089,35.64997],[51.09146,35.64991],[51.09204,35.64986],[51.09263,35.64983],[51.09319,35.64982],[51.09376,35.6498],[51.09436,35.64978],[51.09497,35.64976],[51.09558,35.64973],[51.09616,35.6497],[51.09672,35.64966],[51.09732,35.6496],[51.09796,35.64957],[51.09859,35.64955],[51.09919,35.64954],[51.09978,35.64955],[51.10037,35.64954],[51.10102,35.64952],[51.10168,35.6495],[51.10237,35.64946],[51.10308,35.64943],[51.10378,35.6494],[51.10447,35.64938],[51.10518,35.64936],[51.1059,35.64934],[51.10661,35.64931],[51.10726,35.64928],[51.10788,35.64927],[51.10852,35.64927],[51.10914,35.64924],[51.1098,35.6492],[51.11047,35.64918],[51.11118,35.64916],[51.11189,35.64914],[51.11261,35.64909],[51.11332,35.64907],[51.11402,35.64905],[51.1147,35.64903],[51.11537,35.64901],[51.116,35.649],[51.11664,35.64899],[51.11724,35.64897],[51.11782,35.64894],[51.11839,35.64892],[51.11894,35.64891],[51.11948,35.6489],[51.11997,35.64887],[51.12046,35.64885],[51.12124,35.64881],[51.12203,35.64879],[51.12291,35.64875],[51.12379,35.64872],[51.12426,35.64872],[51.12477,35.64869],[51.12529,35.64867],[51.1258,35.64864],[51.12627,35.64863],[51.12687,35.6486],[51.12756,35.64854],[51.12823,35.64843],[51.12902,35.64825],[51.12977,35.64807],[51.13029,35.64792],[51.13086,35.64778],[51.1315,35.64762],[51.13223,35.64746],[51.13307,35.64726],[51.13352,35.64715],[51.13395,35.64704],[51.13477,35.64684],[51.13559,35.64664],[51.13637,35.64644],[51.1365,35.64609],[51.13645,35.64605],[51.13645,35.64605],[51.13645,35.64605],[51.13645,35.64604],[51.13645,35.64604],[51.13644,35.64605],[51.13677,35.64632],[51.1374,35.6462],[51.13797,35.64606],[51.13854,35.6459],[51.13906,35.64577],[51.13965,35.64567],[51.14038,35.6455],[51.14126,35.64531],[51.14189,35.64516],[51.14233,35.64508],[51.14292,35.64499],[51.14339,35.64493],[51.14407,35.64487],[51.14488,35.64482],[51.14576,35.64477],[51.14627,35.64474],[51.14683,35.64469],[51.14741,35.64464],[51.148,35.64458],[51.14857,35.64453],[51.14914,35.64449],[51.14969,35.64444],[51.15024,35.6444],[51.15081,35.64435],[51.1514,35.64431],[51.15199,35.64426],[51.1526,35.6442],[51.1532,35.64413],[51.1538,35.64405],[51.15437,35.64395],[51.15495,35.64383],[51.1555,35.64371],[51.1561,35.64356],[51.1567,35.6434],[51.15729,35.64325],[51.15785,35.64312],[51.15839,35.64303],[51.15895,35.64297],[51.15953,35.64297],[51.1601,35.64301],[51.16067,35.64306],[51.16124,35.64312],[51.16179,35.64318],[51.16232,35.64327],[51.16284,35.64342],[51.16334,35.64363],[51.16374,35.64392],[51.16409,35.64428],[51.16442,35.64468],[51.16476,35.64507],[51.1651,35.64544],[51.16542,35.6458],[51.16572,35.64615],[51.16599,35.64644],[51.16654,35.64705],[51.16685,35.64737],[51.16715,35.64771],[51.16747,35.64805],[51.16781,35.64841],[51.16814,35.64876],[51.16848,35.64911],[51.16881,35.64946],[51.16916,35.64985],[51.16953,35.65022],[51.16991,35.65061],[51.17029,35.65099],[51.17067,35.65136],[51.17102,35.65172],[51.17137,35.65207],[51.17175,35.65244],[51.17214,35.65282],[51.17253,35.6532],[51.17294,35.65359],[51.17336,35.654],[51.17377,35.65439],[51.17418,35.65478],[51.17459,35.65517],[51.17502,35.65556],[51.17543,35.65594],[51.17583,35.65632],[51.17625,35.65672],[51.17668,35.65712],[51.17712,35.65753],[51.17753,35.65792],[51.17791,35.65827],[51.17828,35.65862],[51.17866,35.65899],[51.17905,35.65937],[51.17943,35.65971],[51.17979,35.66002],[51.18012,35.66034],[51.18046,35.66071],[51.18083,35.66105],[51.1812,35.6614],[51.1816,35.66177],[51.18198,35.66212],[51.18236,35.66247],[51.18272,35.66286],[51.18308,35.6632],[51.18343,35.66351],[51.18375,35.6638],[51.18419,35.6642],[51.1845,35.66446],[51.18488,35.66476],[51.1852,35.66502],[51.18558,35.66532],[51.18599,35.66567],[51.18656,35.66612],[51.18713,35.66657],[51.18758,35.66691],[51.18802,35.66716],[51.18858,35.66753],[51.1891,35.66789],[51.18969,35.66825],[51.19012,35.6685],[51.19069,35.66889],[51.19132,35.66932],[51.1917,35.66958],[51.19207,35.66983],[51.19247,35.67011],[51.19288,35.67038],[51.19332,35.67067],[51.19376,35.67097],[51.19422,35.67128],[51.19471,35.6716],[51.19523,35.67195],[51.19575,35.6723],[51.19628,35.67266],[51.19683,35.67303],[51.19738,35.67338],[51.19794,35.67376],[51.19848,35.67412],[51.19904,35.67451],[51.19955,35.67486],[51.20006,35.6752],[51.20056,35.67554],[51.20108,35.67589],[51.2016,35.67624],[51.2021,35.67657],[51.2026,35.6769],[51.2031,35.67724],[51.20361,35.67758],[51.20412,35.67791],[51.20461,35.67823],[51.20511,35.67856],[51.20562,35.6789],[51.20612,35.67923],[51.20662,35.67957],[51.20712,35.67991],[51.20761,35.68026],[51.2081,35.68059],[51.2086,35.68092],[51.20912,35.6813],[51.20964,35.68167],[51.21019,35.68205],[51.21074,35.68242],[51.21129,35.68279],[51.21183,35.68314],[51.2124,35.68352],[51.21296,35.68389],[51.21349,35.68424],[51.21402,35.68459],[51.21456,35.68495],[51.21506,35.68528],[51.21548,35.68556],[51.21603,35.68594],[51.21663,35.68635],[51.21702,35.68662],[51.21742,35.68685],[51.21783,35.68709],[51.21822,35.68733],[51.21859,35.68755],[51.21927,35.6879],[51.21987,35.68822],[51.22057,35.68821],[51.22133,35.68795],[51.22176,35.68777],[51.2222,35.68758],[51.22266,35.68739],[51.22312,35.68718],[51.22358,35.68698],[51.22407,35.68679],[51.22456,35.68659],[51.22507,35.68639],[51.22559,35.68619],[51.22608,35.686],[51.22655,35.68581],[51.22699,35.68565],[51.2274,35.68548],[51.2281,35.68513],[51.22856,35.68454],[51.22877,35.68421],[51.22908,35.68373],[51.22954,35.68335],[51.23001,35.68315],[51.23052,35.68299],[51.23104,35.68281],[51.23157,35.68256],[51.23192,35.68226],[51.23181,35.68176],[51.23159,35.68119],[51.23134,35.68052],[51.23115,35.67988],[51.23103,35.67949],[51.23092,35.67904],[51.23082,35.67858],[51.23075,35.6781],[51.23071,35.67763],[51.23068,35.67717],[51.23065,35.67667],[51.23063,35.67613],[51.23062,35.67558],[51.23065,35.67503],[51.23068,35.67449],[51.23076,35.67397],[51.23089,35.67346],[51.23103,35.67293],[51.2312,35.6724],[51.23138,35.67184],[51.23159,35.67128],[51.23183,35.67068],[51.23209,35.6701],[51.23236,35.66957],[51.23263,35.66904],[51.23295,35.66852],[51.23329,35.66802],[51.23365,35.66755],[51.23404,35.66712],[51.23444,35.66667],[51.23486,35.66621],[51.23531,35.66576],[51.23579,35.66532],[51.23629,35.66488],[51.23681,35.66445],[51.23738,35.66403],[51.23796,35.66363],[51.23854,35.66327],[51.23913,35.66292],[51.23972,35.66261],[51.24032,35.66232],[51.24095,35.66205],[51.24162,35.66177],[51.24229,35.66149],[51.24298,35.66123],[51.24366,35.66097],[51.24433,35.66072],[51.24501,35.66046],[51.24569,35.66018],[51.2464,35.65991],[51.24715,35.65965],[51.24791,35.65937],[51.24865,35.6591],[51.24938,35.65883],[51.25008,35.65857],[51.25074,35.65832],[51.25134,35.65809],[51.25184,35.65789],[51.25229,35.65773],[51.25276,35.65756],[51.2533,35.65738],[51.25389,35.6572],[51.25447,35.65698],[51.25504,35.65676],[51.25561,35.65654],[51.25618,35.65634],[51.25675,35.65613],[51.25734,35.65592],[51.25791,35.65571],[51.25846,35.65552],[51.25898,35.65536],[51.25948,35.65519],[51.25999,35.65501],[51.26045,35.65484],[51.26089,35.65467],[51.26133,35.65451],[51.26179,35.65432],[51.26229,35.65413],[51.26281,35.65397],[51.26335,35.65378],[51.26388,35.6536],[51.26443,35.65338],[51.26488,35.65322],[51.26532,35.65306],[51.26577,35.65289],[51.26621,35.65271],[51.26669,35.65253],[51.2672,35.65234],[51.26769,35.65216],[51.26816,35.65196],[51.26866,35.65177],[51.2692,35.65157],[51.26976,35.65136],[51.27035,35.65114],[51.27091,35.65092],[51.27146,35.6507],[51.27204,35.65047],[51.27262,35.65022],[51.27321,35.64998],[51.27381,35.64975],[51.27441,35.64951],[51.27503,35.64926],[51.27565,35.64901],[51.27627,35.64875],[51.27689,35.64849],[51.27748,35.64825],[51.27806,35.64802],[51.27855,35.64781],[51.27901,35.64761],[51.27945,35.64743],[51.27987,35.64724],[51.2803,35.64707],[51.28074,35.64688],[51.28118,35.64668],[51.28161,35.6465],[51.28205,35.6463],[51.28252,35.6461],[51.28302,35.64589],[51.2835,35.64567],[51.28397,35.64545],[51.28446,35.64522],[51.28495,35.645],[51.28548,35.64478],[51.28601,35.64455],[51.28655,35.64431],[51.2871,35.64406],[51.28765,35.64382],[51.28818,35.64357],[51.28873,35.64332],[51.28927,35.64307],[51.28985,35.6428],[51.29044,35.64251],[51.29107,35.64221],[51.29174,35.6419],[51.29237,35.6416],[51.29297,35.64131],[51.29353,35.64103],[51.2941,35.64076],[51.29467,35.64049],[51.29523,35.64023],[51.29579,35.63996],[51.29633,35.6397],[51.29688,35.63943],[51.29737,35.63918],[51.29781,35.63898],[51.29825,35.63879],[51.29871,35.63855],[51.2992,35.6383],[51.29969,35.63804],[51.30014,35.63779],[51.3006,35.63756],[51.30101,35.63734],[51.30143,35.63713],[51.30188,35.6369],[51.30236,35.63666],[51.30289,35.6364],[51.30343,35.63612],[51.30399,35.63584],[51.30453,35.63556],[51.30505,35.63529],[51.30556,35.63503],[51.30605,35.63479],[51.30652,35.63456],[51.30696,35.63434],[51.30738,35.63412],[51.30779,35.63392],[51.30822,35.6337],[51.30866,35.63347],[51.30914,35.63322],[51.30967,35.63295],[51.31022,35.63267],[51.31081,35.63237],[51.31141,35.63207],[51.31203,35.63175],[51.31265,35.6314],[51.31327,35.63105],[51.31388,35.63072],[51.31449,35.63037],[51.31511,35.62999],[51.3157,35.62962],[51.31626,35.62924],[51.31679,35.62887],[51.31733,35.62849],[51.31785,35.62808],[51.31839,35.62766],[51.31892,35.6272],[51.31941,35.62673],[51.31988,35.62624],[51.32032,35.62575],[51.3208,35.62527],[51.32128,35.62476],[51.32174,35.62422],[51.3222,35.62366],[51.32263,35.62312],[51.32305,35.62261],[51.32347,35.62211],[51.32392,35.62161],[51.32435,35.6211],[51.32479,35.62058],[51.32523,35.62002],[51.32566,35.61951],[51.32607,35.61901],[51.32648,35.61853],[51.3269,35.61803],[51.32732,35.61753],[51.32774,35.61702],[51.32817,35.61652],[51.32858,35.61602],[51.32902,35.61553],[51.32948,35.61502],[51.32996,35.61453],[51.33048,35.61405],[51.33099,35.61357],[51.33151,35.6131],[51.33203,35.61267],[51.33258,35.61223],[51.33316,35.61184],[51.33376,35.61146],[51.33437,35.6111],[51.33498,35.61076],[51.33557,35.61043],[51.33616,35.61014],[51.33676,35.60987],[51.33733,35.60963],[51.33792,35.60939],[51.33849,35.60917],[51.33903,35.60898],[51.3396,35.60881],[51.34014,35.60866],[51.3407,35.60851],[51.34129,35.60835],[51.34189,35.60824],[51.34245,35.60812],[51.34298,35.60803],[51.34351,35.60794],[51.34402,35.60787],[51.34453,35.6078],[51.34506,35.60775],[51.34559,35.60772],[51.34608,35.60767],[51.34653,35.60766],[51.34742,35.60765],[51.34788,35.60765],[51.34874,35.60767],[51.3492,35.60769],[51.3497,35.60773],[51.35018,35.60777],[51.35066,35.60782],[51.35113,35.60788],[51.35161,35.60794],[51.35213,35.60802],[51.35269,35.60813],[51.35331,35.60825],[51.35396,35.60838],[51.35462,35.60854],[51.35527,35.60872],[51.35593,35.60891],[51.35663,35.6091],[51.3573,35.60929],[51.35795,35.60947],[51.35858,35.60968],[51.35923,35.60991],[51.35984,35.61016],[51.36047,35.61041],[51.36113,35.61062],[51.36173,35.61086],[51.36231,35.61108],[51.36289,35.61125],[51.36347,35.61142],[51.36411,35.61159],[51.36476,35.61178],[51.36541,35.61196],[51.366,35.61211],[51.36654,35.61227],[51.36711,35.61244],[51.36771,35.6126],[51.36829,35.61277],[51.36889,35.61292],[51.36953,35.61308],[51.37019,35.61324],[51.37084,35.61338],[51.37146,35.61351],[51.3721,35.61364],[51.37276,35.61375],[51.37344,35.61384],[51.37416,35.61391],[51.3749,35.61398],[51.37564,35.61405],[51.37638,35.61411],[51.37707,35.61417],[51.37772,35.61424],[51.37832,35.61428],[51.37888,35.6143],[51.37944,35.61433],[51.38003,35.61435],[51.38066,35.61437],[51.38133,35.61438],[51.38202,35.61438],[51.3827,35.61438],[51.3834,35.61438],[51.38413,35.61438],[51.38486,35.61437],[51.38559,35.61437],[51.38632,35.61437],[51.38705,35.61437],[51.38779,35.61436],[51.38855,35.61436],[51.38932,35.61436],[51.39007,35.61436],[51.39082,35.61436],[51.39159,35.61436],[51.39238,35.61436],[51.3932,35.61435],[51.39402,35.61436],[51.39486,35.61436],[51.3957,35.61437],[51.39653,35.61438],[51.39737,35.6144],[51.39818,35.61442],[51.39901,35.61443],[51.39982,35.61444],[51.40063,35.61444],[51.40141,35.61445],[51.4021,35.61445],[51.40272,35.61446],[51.40326,35.61446],[51.40375,35.61446],[51.40426,35.61446],[51.4048,35.61445],[51.40536,35.61444],[51.40594,35.61442],[51.40653,35.6144],[51.40713,35.61441],[51.4077,35.61443],[51.40828,35.61443],[51.40887,35.61444],[51.40951,35.61448],[51.41017,35.61454],[51.41085,35.61462],[51.41154,35.6147],[51.41221,35.61479],[51.41288,35.61488],[51.41353,35.61499],[51.41417,35.61511],[51.41479,35.61525],[51.41538,35.61541],[51.41599,35.61561],[51.41665,35.61583],[51.41728,35.61607],[51.41786,35.61633],[51.41845,35.6166],[51.41907,35.61691],[51.41966,35.61723],[51.42023,35.61757],[51.42076,35.61791],[51.42121,35.61821],[51.42166,35.61853],[51.42212,35.61889],[51.42259,35.61927],[51.42304,35.61966],[51.42345,35.62002],[51.42383,35.62035],[51.42418,35.62063],[51.42454,35.62093],[51.42492,35.62126],[51.42534,35.62162],[51.4258,35.622],[51.42632,35.62238],[51.42687,35.62276],[51.42745,35.62314],[51.42805,35.62353],[51.42865,35.62391],[51.42928,35.62428],[51.42993,35.62465],[51.43059,35.62501],[51.43128,35.62536],[51.43199,35.62571],[51.4327,35.62604],[51.43342,35.62636],[51.43415,35.62665],[51.43489,35.62695],[51.43564,35.62723],[51.43638,35.62745],[51.43715,35.62768],[51.43795,35.62791],[51.43873,35.62813],[51.43953,35.62834],[51.44033,35.62853],[51.44115,35.62871],[51.442,35.62887],[51.44285,35.62899],[51.4437,35.62911],[51.44453,35.62923],[51.44537,35.62932],[51.4462,35.6294],[51.44702,35.62946],[51.44782,35.62951],[51.44862,35.62954],[51.44942,35.62955],[51.4502,35.62956],[51.45098,35.62956],[51.45175,35.62957],[51.45248,35.6296],[51.45321,35.62963],[51.45393,35.62968],[51.45466,35.62973],[51.45538,35.62977],[51.4561,35.62978],[51.45678,35.6298],[51.45744,35.62983],[51.4581,35.6299],[51.45875,35.63001],[51.45939,35.63016],[51.46004,35.63032],[51.46068,35.63046],[51.46129,35.63061],[51.46191,35.63078],[51.46252,35.63095],[51.46314,35.63114],[51.46377,35.63135],[51.46439,35.63158],[51.465,35.6318],[51.46561,35.63204],[51.46623,35.63229],[51.46682,35.63255],[51.46739,35.63282],[51.46794,35.63309],[51.46845,35.63333],[51.46895,35.63358],[51.46945,35.63385],[51.46993,35.63411],[51.4704,35.63437],[51.47082,35.63463],[51.47125,35.63492],[51.4717,35.63521],[51.47213,35.63552],[51.47256,35.63581],[51.47298,35.63609],[51.47342,35.63636],[51.47389,35.63661],[51.47436,35.63677],[51.47483,35.63688],[51.47535,35.63697],[51.47592,35.63702],[51.47646,35.63705],[51.47695,35.63705],[51.4774,35.63704],[51.47814,35.63694],[51.47857,35.63686],[51.47906,35.63673],[51.47958,35.63657],[51.48009,35.63643],[51.4806,35.63633],[51.48111,35.63631],[51.48159,35.63636],[51.48206,35.63646],[51.48251,35.63664],[51.48292,35.63689],[51.48332,35.63722],[51.48365,35.63759],[51.48388,35.63797],[51.48403,35.63834],[51.48415,35.63871],[51.48425,35.63909],[51.48431,35.63946],[51.48439,35.64001],[51.48445,35.6406],[51.48455,35.64132],[51.4846,35.64173],[51.48465,35.64212],[51.48472,35.64254],[51.48478,35.64295],[51.48484,35.64338],[51.48488,35.64374],[51.48495,35.64436],[51.48504,35.64511],[51.48509,35.64559],[51.48517,35.64608],[51.48525,35.64659],[51.48535,35.6471],[51.4855,35.64761],[51.48567,35.64811],[51.48584,35.64858],[51.48601,35.64904],[51.48618,35.64949],[51.48634,35.64996],[51.48651,35.65045],[51.48667,35.65091],[51.48681,35.65137],[51.48697,35.65181],[51.48712,35.65226],[51.48728,35.6527],[51.48743,35.65313],[51.48756,35.65351],[51.48769,35.65388],[51.48782,35.65423],[51.48802,35.65489],[51.48823,35.65555],[51.48837,35.65593],[51.4885,35.6563],[51.48871,35.65685],[51.48889,35.65733],[51.48905,35.6578],[51.48922,35.65823],[51.48935,35.65858],[51.48949,35.659],[51.48961,35.65936],[51.48974,35.65975],[51.48991,35.66023],[51.49012,35.66079],[51.49033,35.66141],[51.49049,35.66201],[51.49064,35.6625],[51.49082,35.66304],[51.49101,35.66356],[51.49121,35.66413],[51.49138,35.66465],[51.49156,35.66519],[51.49175,35.66572],[51.49197,35.66635],[51.49216,35.66701],[51.4923,35.66755],[51.49236,35.66811],[51.49238,35.66883],[51.49238,35.66925],[51.49239,35.66967],[51.49239,35.67007],[51.4924,35.67046],[51.49241,35.67088],[51.49242,35.6713],[51.49245,35.67169],[51.49246,35.67229],[51.49247,35.67294],[51.49248,35.6735],[51.4925,35.67404],[51.49251,35.67451],[51.49253,35.67503],[51.49252,35.67569],[51.49254,35.67607],[51.49255,35.67645],[51.49258,35.67685],[51.4926,35.67729],[51.49263,35.67771],[51.49267,35.67812],[51.49268,35.67862],[51.49273,35.67903],[51.49275,35.67955],[51.49281,35.68024],[51.49284,35.6806],[51.49285,35.681],[51.49286,35.68141],[51.49289,35.68181],[51.49292,35.68218],[51.49299,35.68256],[51.49303,35.68296],[51.49304,35.68337],[51.49306,35.68379],[51.49308,35.6842],[51.4931,35.68459],[51.49313,35.68495],[51.49314,35.68532],[51.49316,35.68601],[51.49318,35.68667],[51.49316,35.68727],[51.49315,35.68766],[51.49314,35.6881],[51.49312,35.68864],[51.49309,35.68915],[51.49311,35.68959],[51.49324,35.69022],[51.49336,35.69062],[51.4935,35.69107],[51.49366,35.69156],[51.4939,35.6921],[51.4942,35.69263],[51.49454,35.69313],[51.49492,35.6936],[51.49529,35.69406],[51.49561,35.69451],[51.49594,35.69493],[51.49628,35.69535],[51.49666,35.69578],[51.49706,35.69621],[51.49745,35.69667],[51.49786,35.69714],[51.49827,35.69762],[51.49868,35.69811],[51.4991,35.69859],[51.49952,35.69904],[51.49989,35.69951],[51.5002,35.70002],[51.50046,35.70053],[51.50065,35.70103],[51.50084,35.70156],[51.50106,35.7021],[51.50129,35.70266],[51.5015,35.70322],[51.50173,35.7038],[51.50196,35.70441],[51.50221,35.70503],[51.50248,35.70564],[51.50276,35.70624],[51.50304,35.70685],[51.5033,35.70745],[51.50357,35.70808],[51.50384,35.70874],[51.5041,35.70938],[51.50438,35.71002],[51.50468,35.71063],[51.50502,35.71124],[51.5054,35.71182],[51.50581,35.71236],[51.50621,35.71289],[51.50661,35.71341],[51.50703,35.7139],[51.50744,35.71438],[51.50785,35.71489],[51.50829,35.71541],[51.50872,35.7159],[51.50915,35.71636],[51.50959,35.71681],[51.51003,35.71725],[51.51051,35.71771],[51.51098,35.71818],[51.51141,35.71861],[51.51185,35.71905],[51.51229,35.71948],[51.51277,35.7199],[51.51329,35.72028],[51.51385,35.72063],[51.51446,35.72096],[51.51511,35.72127],[51.51581,35.72152],[51.51655,35.72172],[51.51731,35.72184],[51.51805,35.72192],[51.51873,35.72195],[51.51934,35.72196],[51.51992,35.72196],[51.52044,35.72197],[51.52089,35.722],[51.52136,35.72187],[51.52085,35.72168],[51.51998,35.72164],[51.51952,35.72165],[51.51875,35.72167],[51.51916,35.7215],[51.51999,35.72152],[51.52045,35.72154],[51.52091,35.72156],[51.52137,35.72159],[51.52186,35.72169],[51.52229,35.72188],[51.52265,35.72212],[51.52293,35.72241],[51.52314,35.72274],[51.52348,35.72336],[51.5238,35.72374],[51.52443,35.72389],[51.52503,35.72394],[51.52572,35.72401],[51.52634,35.72406],[51.52699,35.72409],[51.52775,35.72418],[51.52863,35.72426],[51.5291,35.72429],[51.52955,35.72432],[51.52999,35.72436],[51.53084,35.72443],[51.53168,35.72449],[51.53255,35.72455],[51.53345,35.7246],[51.53395,35.72461],[51.53448,35.72461],[51.53507,35.72464],[51.53571,35.72467],[51.53635,35.72471],[51.53699,35.72476],[51.53765,35.72481],[51.53831,35.72486],[51.53901,35.72491],[51.53971,35.72497],[51.54043,35.725],[51.54115,35.72504],[51.54189,35.72507],[51.54256,35.72512],[51.54317,35.72514],[51.54377,35.72518],[51.54438,35.72523],[51.54499,35.72526],[51.54563,35.72533],[51.54628,35.72539],[51.54693,35.72544],[51.54759,35.7255],[51.54827,35.72556],[51.54895,35.72562],[51.54964,35.72567],[51.55028,35.72573],[51.55084,35.72577],[51.55132,35.72581],[51.55217,35.72585],[51.55286,35.7259],[51.55231,35.72596],[51.55155,35.72594],[51.55093,35.72606],[51.55058,35.72634],[51.55096,35.7266],[51.55144,35.72687],[51.55195,35.72718],[51.55249,35.72752],[51.55295,35.7278],[51.55331,35.72803],[51.55374,35.72827],[51.55426,35.72856],[51.55469,35.72878],[51.55466,35.72919],[51.55432,35.72955],[51.554,35.72984],[51.55401,35.72992],[51.55403,35.72991],[51.55396,35.72983],[51.55396,35.72984],[51.5539,35.72992],[51.55457,35.73022],[51.55442,35.73023],[51.55453,35.73053],[51.5538,35.72984],[51.55404,35.72978]]]}},{"type":"Feature","properties":{"route":12,"color":"#059669","times":[[20824,20854,20914,20974,21034,21094,21154,21214,21274,21334,21394,21454,21514,21574,21634,21694,21754,21814,21874,21934,21994,22054,22114,22174,22234,22294,22354,22414,22474,22534,22594,22654,22714,22774,22834,22894,22924,22984,23044,23104,23164,23224,23284,23344,23404,23464,23524,23584,23644,23704,23764,23824,23884,23944,24004,24064,24124,24184,24244,24304,24364,24424,24484,24544,24604,24664,24725,24785,24845,24905,24965,25025,25085,25145,25205,25265,25325,25385,25445,25505,25565,25625,25685,25745,25805,25865,25925,25985,26047,26109,26169,26229,26289,26349,26409,26469,26529,26589,26649,26709,26769,26829,26889,26949,27009,27069,27129,27189,27249,27309,27369,27429,27489,27549,27609,27669,27729,27789,27855,27915,27975,27984,27990,27996,28002,28008,28014,28020,28032,28038,28044,28050,28056,28065,28071,28077,28083,28089,28092,28095,28098,28101,28104,28107,28110,28113,28116,28119,28122,28125,28128,28131,28134,28137,28140,28143,28146,28149,28152,28155,28161,28167,28170,28173,28176,28182,28212,28233,28254,28269,28281,28293,28299,28305,28311,28317,28323,28326,28332,28341,28350,28371,28380,28386,28398,28404,28410,28413,28419,28422,28425,28428,28431,28434,28437,28440,28443,28446,28449,28452,28455,28458,28461,28464,28467,28470,28473,28476,28479,28482,28485,28488,28491,28494,28497,28500,28503,28506,28509,28512,28515,28518,28521,28524,28527,28530,28533,28536,28539,28542,28545,28548,28551,28554,28557,28560,28563,28566,28569,28572,28575,28578,28581,28584,28587,28590,28593,28596,28599,28602,28605,28608,28611,28614,28617,28620,28623,28632,28641,28647,28659,28719,28779,28839,28899,28959,29019,29058,29118,29178,29238,29298,29358,29418,29478,29514,29562,29577,29586,29604,29622,29631,29640,29646,29655,29670,29679,29691,29700,29712,29721,29730,29739,29748,29760,29772,29832,29942,30015,30045,30066,30087,30147,30207,30271,30325,30385,30445,30487,30496,30502,30508,30547,30559,30568,30574,30580,30586,30595,30604,30616,30658,30718,30778,30838,30898,30958,31018,31078,31138,31177,31237,31297,31357,31417,31477,31537,31597,31657,31696,31702,31711,31771,31831,31891,31921,31930,31939,31945,31951,31957,31963,31972,31987,31999,32008,32017,32029,32038,32044,32050,32092,32110,32119,32125,32131,32143,32149,32155,32164,32173,32179,32185,32245,32306,32366,32399,32405,32411,32417,32426,32486,32639,32642,32669,32729,32790,32915,32963,32972,32984,32999,33011,33071,33131,33191,33215,33224,33230,33236,33242,33254,33266,33272,33278,33338,33496,33520,33529,33535,33541,33547,33553,33559,33565,33571,33577,33583,33589,33595,33601,33604,33610,33613,33616,33619,33622,33625,33628,33634,33640,33646,33649,33652,33655,33658,33661,33667,33676,33682,33688,33694,33700,33709,33715,33721,33730,33742,33748,33757,33769,33787,33847,33907,33967,34027,34087,34147,34207,34267,34327,34387,34447,34507,34567,34627,34687,34747,34807,34867,34927,34987,35047,35107,35168,35228,35288,35348,35417,35420,35480,35501,35561,35621,35681,35693,35702,35711,35750,35810,36034,36094,36106,36112,36118,36124,36130,36136,36142,36148,36157,36163,36169,36175,36181,36187,36193,36205,36211,36214,36217,36220,36226,36232,36244,36250,36256,36265,36274,36298,36316,36328,36337,36346,36358,36376,36415,36475,36535,36595,36640,36700,36760,36820,36931,36970,37009,37030,37042,37048,37060,37069,37075,37081,37087,37093,37105,37111,37120,37135,37141,37150,37162,37168,37177,37186,37195,37204,37213,37237,37297,37357,37417,37459,37474,37507,37519,37525,37534,37543,37558,37567,37576,37636,37696,37756,37816],[38563,38617,38644,38787,38802,38805,38808,38826,38886,38946,39006,39018,39045,39063,39075,39087,39096,39105,39150,39210,39270,39312,39324,39335,39384,39390,39405,39426,39438,39459,39468,39483,39489,39498,39682,39742,39769,39784,39796,39802,39808,39814,39820,39826,39835,39862,39880,39940,39961,39994,40054,40060,40081,40090,40096,40102,40162,40222,40264,40291,40318,40347,40389,40407,40428,40473,40488,40545,40572,40762,40777,40831,40849,40861,40870,40882,40891,40900,40909,40921,40933,40939,40948,41109,41142,41151,41181,41187,41193,41199,41205,41211,41217,41238,41247,41256,41262,41271,41331,41391,41451,41511,41571,41657,41683,41692,41740,41758,41818,41857,41863,41875,41881,41890,41899,41905,41911,41920,41950,41971,41980,41986,41995,42004,42010,42016,42022,42025,42028,42034,42040,42055,42064,42073,42082,42088,42097,42106,42136,42142,42148,42154,42160,42166,42172,42178,42187,42205,42229,42289,42301,42307,42313,42319,42325,42334,42343,42352,42358,42367,42373,42379,42385,42391,42397,42403,42409,42418,42430,42439,42442,42448,42508,42793,42817,42823,42829,42835,42841,42901,42961,43021,43081,43141,43201,43261,43321,43381,43441,43501,43561,43621,43657,43666,43690,43696,43702,43708,43714,43720,43732,43744,43753,43759,43768,43777,43789,43798,43810,43816,43822,43837,43846,43906,43966,44005,44203,44251,44302,44308,44314,44320,44332,44338,44344,44350,44356,44362,44371,44380,44389,44398,44404,44410,44416,44425,44434,44440,44446,44455,44461,44470,44518,44527,44533,44539,44545,44551,44560,44620,44843,44882,44888,44894,44900,44960,45301,45325,45364,45385,45391,45397,45403,45409,45415,45421,45427,45439,45445,45448,45451,45454,45457,45460,45463,45466,45469,45472,45475,45478,45481,45484,45487,45493,45499,45505,45511,45547,45559,45565,45574,45580,45586,45592,45598,45604,45664,45724,45766,45769,45772,45781,45841,45901,45961,46021,46030,46036,46042,46048,46054,46060,46066,46072,46084,46090,46096,46102,46108,46120,46126,46129,46132,46135,46138,46144,46150,46156,46177,46183,46192,46198,46258,46318,46384,46414,46474,46516,46546,46623,46683,46713,46743,46779,46788,46848,46908,46926,46935,46944,46950,46956,46965,46971,46977,46992,46998,47004,47010,47016,47022,47031,47037,47043,47049,47058,47064,47070,47076,47085,47091,47097,47106,47112,47115,47118,47121,47124,47130,47142,47148,47151,47154,47160,47166,47214,47220,47226,47232,47292,47352,47412,47472,47505,47547,47608,47668,47728,47767,47824,47830,47836,47842,47845,47851,47911,47971,48031,48082,48142,48202,48262,48304,48310,48316,48322,48328,48334,48340,48346,48352,48358,48364,48370,48376,48385,48394,48406,48421,48433,48439,48445,48451,48457,48463,48469,48475,48481,48487,48493,48499,48508,48520,48529,48535,48541,48550,48562,48574,48589,48598,48604,48610,48616,48622,48628,48637,48649,48655,48664,48676,48682,48688,48694,48700,48706,48712,48718,48724,48754,48781,48787,48802,48808,48814,48874,48922,48989,49004,49025,49082,49088,49094,49100,49112,49127,49136,49145,49151,49157,49166,49175,49181,49187,49193,49199,49205,49217,49232,49244,49262,49277,49295,49301,49307,49316,49322,49328,49334,49340,49346,49352,49358,49364,49367,49370,49373,49376,49379,49382,49385,49388,49391,49394,49397,49400,49403,49406,49409,49412,49415,49418,49421,49424,49427,49430,49433,49436,49439,49442,49445,49451,49460,49466,49469,49472,49475,49478,49481,49484,49487,49490,49493,49496,49499,49502,49505,49508,49511,49514,49517,49520,49523,49526,49529,49532,49535,49538,49541,49544,49547,49550,49553,49559,49565,49571,49574,49580,49586,49592,49598,49604,49610,49613,49616,49619,49622,49625,49628,49631,49634,49637,49640,49643,49646,49649,49655,49661,49664,49667,49670,49673,49676,49679,49682,49685,49691,49700,49706,49712,49718,49724,49730,49736,49742,49745,49748,49751,49757,49760,49763,49766,49769,49772,49775,49778,49781,49784,49787,49790,49793,49796,49799,49802,49805,49808,49811,49814,49817,49820,49823,49826,49829,49832,49835,49838,49841,49844,49847,49850,49853,49856,49859,49862,49868,49877,49880,49883,49889,49895,49907,49913,49919,49928,49937,49946,49955,49964,49970,49982,49988,49997,50057,50117,50177,50237,50297,50357,50417,50477,50537,50597,50754,50814,50874,50934,50994,51054,51114,51206,51218,51236,51293,51353],[52064,52124,52184,52244,52314,52374,52434,52494,52554,52587,52603,52651,52678,52702,52744,52804,52864,52924,52984,53044,53104,53164,53224,53284,53344,53404,53464,53524,53584,53644,53704,53764,53824,53884,53944,54004,54064,54124,54184,54244,54304,54364,54424,54484,54544,54604,54664,54712,54733,54793,54850,54889,54949]]},"geometry":{"type":"MultiLineString","coordinates":[[[51.5628,35.73941],[51.55413,35.72988],[51.55412,35.72991],[51.55412,35.72991],[51.5541,35.72991],[51.5541,35.72991],[51.55408,35.72993],[51.55407,35.72994],[51.55408,35.72995],[51.55408,35.72995],[51.55408,35.72995],[51.55408,35.72995],[51.55409,35.72994],[51.55408,35.72994],[51.55409,35.72996],[51.55409,35.72997],[51.5541,35.72997],[51.55411,35.72997],[51.5541,35.72997],[51.55412,35.72998],[51.55412,35.72998],[51.55411,35.72998],[51.55411,35.72998],[51.55412,35.73],[51.55412,35.73],[51.55412,35.72999],[51.55412,35.72999],[51.55424,35.72999],[51.55409,35.72989],[51.55403,35.72987],[51.55397,35.72984],[51.55397,35.72984],[51.55397,35.72984],[51.55397,35.72984],[51.55396,35.72984],[51.55397,35.72984],[51.55376,35.73017],[51.55392,35.73009],[51.55398,35.72985],[51.5541,35.72986],[51.55413,35.72991],[51.55413,35.72997],[51.55413,35.72996],[51.55406,35.72993],[51.55407,35.72991],[51.55407,35.72991],[51.55407,35.72991],[51.55404,35.7299],[51.55402,35.72991],[51.55402,35.7299],[51.55401,35.72982],[51.55409,35.72994],[51.5542,35.72991],[51.55415,35.72995],[51.55415,35.72995],[51.55419,35.73001],[51.55419,35.73002],[51.55419,35.73002],[51.5542,35.73002],[51.55417,35.72999],[51.55408,35.72993],[51.55408,35.72994],[51.55415,35.7299],[51.55395,35.72989],[51.55404,35.72991],[51.55404,35.72986],[51.55409,35.72989],[51.5541,35.72988],[51.55412,35.72986],[51.55393,35.72976],[51.55401,35.72981],[51.55401,35.7298],[51.55406,35.72981],[51.55408,35.72997],[51.55416,35.72987],[51.55416,35.72987],[51.55416,35.72987],[51.55415,35.72987],[51.55415,35.72988],[51.55415,35.72988],[51.55418,35.72992],[51.55417,35.72992],[51.55417,35.72993],[51.55417,35.72993],[51.55416,35.72993],[51.55417,35.72993],[51.55412,35.72991],[51.55412,35.72991],[51.55402,35.72985],[51.55408,35.72986],[51.55414,35.73002],[51.55414,35.73],[51.55415,35.73],[51.55414,35.72999],[51.55416,35.72999],[51.55416,35.72999],[51.55417,35.72999],[51.55419,35.7299],[51.55419,35.72992],[51.55401,35.73005],[51.55412,35.73],[51.55428,35.72991],[51.55425,35.72998],[51.55416,35.73002],[51.55417,35.73001],[51.55415,35.72999],[51.55422,35.72996],[51.55414,35.72977],[51.55389,35.7297],[51.55388,35.72995],[51.55389,35.72984],[51.55393,35.72973],[51.554,35.72962],[51.55398,35.72973],[51.55399,35.72977],[51.5539,35.72983],[51.55382,35.72998],[51.55376,35.72989],[51.55404,35.72995],[51.55414,35.72995],[51.55411,35.73],[51.55433,35.72964],[51.55476,35.72913],[51.5552,35.72866],[51.55562,35.7282],[51.55609,35.72765],[51.55651,35.72718],[51.55684,35.72681],[51.55662,35.72646],[51.55591,35.72631],[51.55508,35.72621],[51.55428,35.72613],[51.55364,35.72613],[51.55291,35.72602],[51.55216,35.72593],[51.55148,35.72588],[51.55071,35.72579],[51.54979,35.72572],[51.54924,35.72569],[51.54866,35.72563],[51.54801,35.72559],[51.54734,35.72554],[51.54664,35.72549],[51.54593,35.72545],[51.54526,35.72542],[51.54461,35.72541],[51.54398,35.72537],[51.54336,35.72535],[51.54274,35.72531],[51.54215,35.72527],[51.54158,35.72521],[51.54101,35.72517],[51.5404,35.72512],[51.53977,35.72508],[51.53913,35.72504],[51.53852,35.72502],[51.53793,35.72498],[51.53733,35.72495],[51.53678,35.72491],[51.5363,35.72489],[51.53553,35.72481],[51.53462,35.72473],[51.53407,35.72469],[51.53353,35.72467],[51.53305,35.72466],[51.53255,35.7246],[51.53208,35.72455],[51.53158,35.72455],[51.53114,35.72446],[51.53069,35.72441],[51.53018,35.72437],[51.52963,35.72441],[51.52908,35.7244],[51.5284,35.72431],[51.52767,35.72424],[51.52692,35.72416],[51.52609,35.72407],[51.52564,35.72405],[51.52496,35.72402],[51.52439,35.724],[51.52385,35.72398],[51.52357,35.72369],[51.52328,35.72321],[51.52311,35.72287],[51.52266,35.72265],[51.52194,35.72259],[51.52108,35.72243],[51.52063,35.72234],[51.51983,35.72218],[51.51937,35.72213],[51.51887,35.72207],[51.51831,35.72201],[51.5177,35.72194],[51.51704,35.72183],[51.51634,35.72167],[51.5156,35.72147],[51.51486,35.72122],[51.51413,35.72091],[51.51342,35.72051],[51.51277,35.72003],[51.5122,35.71954],[51.51168,35.71901],[51.51117,35.71852],[51.51068,35.71805],[51.51019,35.71757],[51.5097,35.7171],[51.50923,35.71663],[51.50876,35.71614],[51.5083,35.71562],[51.50785,35.71509],[51.50741,35.71453],[51.50694,35.71396],[51.50648,35.71339],[51.50603,35.71282],[51.50558,35.71226],[51.50516,35.71171],[51.50478,35.71114],[51.50445,35.71056],[51.50416,35.70995],[51.50392,35.70936],[51.5037,35.70878],[51.50348,35.70822],[51.50323,35.7076],[51.50299,35.70699],[51.50273,35.70639],[51.50243,35.70578],[51.50216,35.7052],[51.50187,35.70461],[51.50161,35.70401],[51.50137,35.70343],[51.50115,35.70285],[51.50094,35.70226],[51.50071,35.70172],[51.50046,35.70117],[51.50016,35.7007],[51.49985,35.70024],[51.49955,35.6998],[51.49926,35.69938],[51.49899,35.69899],[51.49872,35.6986],[51.49844,35.69822],[51.49815,35.69783],[51.49785,35.69744],[51.49752,35.69708],[51.49714,35.69669],[51.49677,35.69629],[51.49639,35.69588],[51.49603,35.69546],[51.49567,35.69504],[51.49535,35.69465],[51.49503,35.6943],[51.49471,35.69395],[51.49438,35.69365],[51.49396,35.69337],[51.49349,35.69315],[51.49293,35.69303],[51.49244,35.69298],[51.49189,35.69289],[51.49122,35.69277],[51.49074,35.69274],[51.4903,35.69274],[51.49032,35.69261],[51.49025,35.69261],[51.49024,35.69264],[51.49021,35.69263],[51.49029,35.69262],[51.49026,35.69262],[51.49072,35.69259],[51.4909,35.69247],[51.49083,35.69253],[51.49088,35.69248],[51.49085,35.69254],[51.49086,35.69255],[51.4909,35.69254],[51.49101,35.69255],[51.49054,35.6927],[51.49103,35.69265],[51.49109,35.69216],[51.49101,35.69178],[51.4905,35.69171],[51.49007,35.69193],[51.48963,35.69201],[51.489,35.69188],[51.4885,35.69185],[51.48803,35.69186],[51.48789,35.69141],[51.48794,35.69095],[51.48789,35.69046],[51.48797,35.69003],[51.48802,35.68962],[51.48812,35.68915],[51.48818,35.68874],[51.48813,35.68832],[51.48767,35.68814],[51.48708,35.68803],[51.48656,35.68791],[51.48625,35.68779],[51.48619,35.68777],[51.48652,35.6877],[51.48605,35.68777],[51.48559,35.68785],[51.48504,35.68769],[51.48462,35.68787],[51.48486,35.68788],[51.48467,35.68738],[51.48511,35.68733],[51.48489,35.68746],[51.48495,35.68769],[51.4845,35.68776],[51.484,35.68768],[51.48352,35.68764],[51.48307,35.6876],[51.48252,35.68756],[51.48197,35.68748],[51.48146,35.68752],[51.48116,35.68787],[51.48085,35.68818],[51.48064,35.68857],[51.48032,35.68892],[51.47973,35.68895],[51.47926,35.68907],[51.47888,35.68888],[51.47901,35.68889],[51.47894,35.68884],[51.47892,35.68877],[51.47882,35.68907],[51.47886,35.68906],[51.47877,35.68911],[51.47897,35.68899],[51.47907,35.68888],[51.47936,35.68854],[51.47918,35.68872],[51.47915,35.6887],[51.47914,35.68891],[51.47917,35.68909],[51.4791,35.68912],[51.47887,35.68907],[51.47899,35.68895],[51.47912,35.68894],[51.47896,35.68854],[51.47901,35.68818],[51.47907,35.68778],[51.47924,35.68761],[51.47931,35.68744],[51.47935,35.68768],[51.47929,35.68724],[51.47934,35.68671],[51.47923,35.68618],[51.47935,35.68577],[51.4794,35.68538],[51.47942,35.68494],[51.47942,35.68455],[51.47951,35.68414],[51.47967,35.68366],[51.47979,35.68329],[51.47977,35.6829],[51.4798,35.68239],[51.47985,35.68197],[51.47987,35.68142],[51.47993,35.6809],[51.48003,35.68043],[51.48007,35.68007],[51.48067,35.68015],[51.48134,35.68018],[51.48191,35.68025],[51.48252,35.68037],[51.483,35.68054],[51.48354,35.68056],[51.48404,35.68061],[51.48452,35.68057],[51.48479,35.68007],[51.48507,35.67955],[51.48513,35.67906],[51.48527,35.67876],[51.48535,35.6788],[51.48543,35.67875],[51.48559,35.67841],[51.48558,35.67802],[51.4855,35.67764],[51.4855,35.67726],[51.48549,35.67673],[51.48561,35.67664],[51.48654,35.67551],[51.48628,35.67593],[51.48586,35.6761],[51.48585,35.67615],[51.48575,35.67623],[51.48565,35.67644],[51.48523,35.67623],[51.48474,35.67622],[51.48428,35.67622],[51.48407,35.67588],[51.484,35.67551],[51.48392,35.67564],[51.4838,35.67546],[51.48394,35.67534],[51.48353,35.67513],[51.48287,35.67506],[51.4824,35.67495],[51.48182,35.67488],[51.48119,35.67489],[51.48071,35.67491],[51.48015,35.67466],[51.47982,35.67433],[51.47954,35.67405],[51.4796,35.67395],[51.47982,35.67339],[51.47932,35.67346],[51.4788,35.67307],[51.47849,35.67272],[51.47807,35.67252],[51.4774,35.67263],[51.47666,35.67284],[51.476,35.67303],[51.47551,35.67315],[51.47488,35.6733],[51.47421,35.67347],[51.4737,35.6737],[51.47325,35.67387],[51.47266,35.67384],[51.47194,35.67394],[51.47151,35.67403],[51.47064,35.67416],[51.47014,35.67426],[51.46963,35.67438],[51.46911,35.67453],[51.4686,35.67469],[51.46814,35.67482],[51.46774,35.67497],[51.46711,35.6752],[51.46648,35.67543],[51.46564,35.67569],[51.4652,35.67582],[51.46474,35.67597],[51.46428,35.67614],[51.46382,35.67626],[51.46337,35.67632],[51.46291,35.67633],[51.46223,35.67626],[51.46165,35.67619],[51.46104,35.6762],[51.46025,35.6763],[51.4597,35.67643],[51.45914,35.67637],[51.45868,35.67632],[51.45808,35.67639],[51.45753,35.67641],[51.4573,35.67594],[51.45725,35.67556],[51.45722,35.67518],[51.45721,35.67481],[51.45693,35.67451],[51.45696,35.67462],[51.45702,35.67443],[51.45697,35.67457],[51.45691,35.67453],[51.45697,35.67462],[51.45696,35.67446],[51.45705,35.67437],[51.45695,35.67442],[51.45698,35.67459],[51.45702,35.67451],[51.45708,35.67442],[51.45717,35.67446],[51.4571,35.67447],[51.45714,35.67452],[51.45714,35.6747],[51.45705,35.67463],[51.45713,35.67458],[51.45699,35.6744],[51.45699,35.67437],[51.4571,35.67449],[51.45711,35.67442],[51.4571,35.67467],[51.45711,35.67452],[51.45719,35.67464],[51.45708,35.67444],[51.45707,35.67463],[51.45701,35.67477],[51.45712,35.6752],[51.45724,35.67531],[51.45711,35.67496],[51.45698,35.67474],[51.45683,35.67438],[51.45707,35.67437],[51.45717,35.67475],[51.45724,35.67525],[51.45742,35.67581],[51.45752,35.67617],[51.45737,35.67594],[51.45751,35.67615],[51.45779,35.67642],[51.45842,35.67623],[51.4591,35.67625],[51.45976,35.67638],[51.46036,35.67624],[51.46101,35.67617],[51.46147,35.6761],[51.46193,35.6761],[51.46256,35.67606],[51.46317,35.67602],[51.4638,35.67591],[51.46452,35.67576],[51.46523,35.6756],[51.466,35.67543],[51.46672,35.67523],[51.46722,35.6751],[51.46673,35.67537],[51.46595,35.67563],[51.46549,35.67577],[51.46502,35.67591],[51.46459,35.67606],[51.4638,35.67628],[51.46319,35.67639],[51.46305,35.67676],[51.46319,35.67714],[51.46331,35.67751],[51.46352,35.67789],[51.46368,35.67831],[51.46391,35.67867],[51.46403,35.67908],[51.46412,35.6795],[51.46421,35.67986],[51.4643,35.68022],[51.46443,35.6806],[51.46453,35.681],[51.46459,35.68138],[51.4645,35.68134],[51.46455,35.68135],[51.46462,35.68156],[51.46417,35.68159],[51.46418,35.68175],[51.46423,35.68157],[51.46439,35.68146],[51.46422,35.68163],[51.46376,35.6815],[51.46337,35.68122],[51.46284,35.68106],[51.46262,35.68139],[51.4626,35.68179],[51.46256,35.68232],[51.46249,35.68286],[51.46246,35.68328],[51.46247,35.68366],[51.46254,35.68402],[51.46258,35.68441],[51.46249,35.68487],[51.46249,35.68529],[51.46247,35.6858],[51.4623,35.68621],[51.46202,35.68652],[51.46175,35.68701],[51.46129,35.68726],[51.46084,35.68712],[51.46039,35.68688],[51.45991,35.68666],[51.45949,35.68652],[51.45892,35.68656],[51.45834,35.68665],[51.45788,35.68663],[51.45787,35.6867],[51.45778,35.68693],[51.45777,35.68706],[51.45732,35.68697],[51.45685,35.68704],[51.45651,35.68731],[51.45682,35.68776],[51.45706,35.6881],[51.45734,35.68853],[51.45733,35.68899],[51.45734,35.68861],[51.45713,35.68814],[51.45696,35.68767],[51.45695,35.68765],[51.45699,35.68774],[51.45696,35.68779],[51.45688,35.68765]],[[51.45682,35.68771],[51.45664,35.68737],[51.45682,35.68771],[51.45663,35.68758],[51.45674,35.68716],[51.45663,35.68677],[51.45673,35.68727],[51.45683,35.68765],[51.45667,35.68757],[51.45672,35.68759],[51.45664,35.68744],[51.45607,35.68734],[51.45614,35.6877],[51.45632,35.68812],[51.45617,35.6885],[51.45559,35.68851],[51.45503,35.68858],[51.45458,35.68858],[51.45411,35.68847],[51.45413,35.68855],[51.45405,35.68859],[51.45394,35.68823],[51.45376,35.68786],[51.45344,35.68711],[51.45372,35.68744],[51.45402,35.6879],[51.45408,35.68828],[51.45356,35.68834],[51.45297,35.68843],[51.45246,35.6884],[51.45197,35.68839],[51.45163,35.68802],[51.45145,35.68768],[51.45135,35.68733],[51.45152,35.6869],[51.45142,35.68674],[51.45113,35.68642],[51.45094,35.68599],[51.45078,35.68554],[51.4507,35.68507],[51.45056,35.6845],[51.4504,35.68401],[51.45027,35.6835],[51.45016,35.68314],[51.45001,35.6827],[51.44954,35.68275],[51.44912,35.68288],[51.44935,35.68285],[51.44935,35.68323],[51.44966,35.68286],[51.44984,35.68268],[51.45016,35.68238],[51.45011,35.68192],[51.45,35.68155],[51.44975,35.68116],[51.44945,35.68077],[51.44923,35.68048],[51.44929,35.68038],[51.44875,35.68034],[51.44849,35.68004],[51.44868,35.67967],[51.44872,35.68007],[51.44873,35.67969],[51.44861,35.68011],[51.44874,35.68046],[51.44901,35.68018],[51.44894,35.67966],[51.44908,35.6793],[51.44925,35.67895],[51.44937,35.67866],[51.44916,35.679],[51.44903,35.6794],[51.44911,35.67985],[51.44966,35.68018],[51.45001,35.68043],[51.45041,35.68061],[51.45076,35.68094],[51.45126,35.68118],[51.45177,35.68135],[51.45201,35.68172],[51.45198,35.68214],[51.45184,35.68249],[51.45155,35.68278],[51.45148,35.68305],[51.45103,35.68308],[51.45053,35.68313],[51.45029,35.68281],[51.45013,35.68242],[51.44998,35.68206],[51.44989,35.68161],[51.44974,35.6812],[51.44963,35.68057],[51.4495,35.68014],[51.44922,35.67979],[51.44892,35.67947],[51.44844,35.67912],[51.44807,35.67891],[51.44756,35.67882],[51.44747,35.67897],[51.44735,35.67887],[51.44737,35.67883],[51.44737,35.67878],[51.4474,35.67871],[51.44574,35.67609],[51.44615,35.67676],[51.44748,35.67887],[51.44699,35.67896],[51.44653,35.67893],[51.44655,35.67894],[51.44653,35.67839],[51.44649,35.67785],[51.44638,35.67746],[51.44636,35.67708],[51.44637,35.67671],[51.44635,35.6762],[51.44627,35.67554],[51.44617,35.67501],[51.44609,35.67462],[51.44607,35.67422],[51.44616,35.67378],[51.44612,35.67339],[51.44603,35.67301],[51.44597,35.67249],[51.44591,35.67202],[51.44587,35.67157],[51.44584,35.67102],[51.44587,35.67039],[51.44589,35.67003],[51.44589,35.66967],[51.44589,35.66905],[51.44591,35.66865],[51.44588,35.66819],[51.44587,35.66774],[51.44584,35.66722],[51.44575,35.66675],[51.4458,35.66632],[51.44577,35.66584],[51.44561,35.66546],[51.44618,35.66535],[51.44676,35.66537],[51.44727,35.66532],[51.44797,35.66532],[51.44887,35.66519],[51.44967,35.66502],[51.45041,35.66472],[51.4509,35.66441],[51.45128,35.66419],[51.45175,35.66418],[51.45199,35.66451],[51.4519,35.6646],[51.45217,35.66501],[51.45234,35.66553],[51.4525,35.66614],[51.4526,35.66651],[51.45267,35.66687],[51.45291,35.66724],[51.45339,35.6675],[51.45396,35.66744],[51.4544,35.66741],[51.45504,35.66741],[51.45558,35.66738],[51.45613,35.66734],[51.45662,35.66723],[51.45725,35.66683],[51.45785,35.66654],[51.45845,35.66626],[51.45889,35.6661],[51.45934,35.66586],[51.45967,35.66613],[51.45971,35.66649],[51.45951,35.6669],[51.45911,35.66711],[51.4589,35.66718],[51.45892,35.66738],[51.45841,35.66732],[51.45768,35.66738],[51.45705,35.66742],[51.4566,35.66748],[51.45598,35.66754],[51.45582,35.66757],[51.45578,35.6676],[51.45584,35.66753],[51.45572,35.66747],[51.45578,35.6675],[51.45586,35.66757],[51.45572,35.66747],[51.45564,35.66758],[51.45557,35.66759],[51.45577,35.66758],[51.45578,35.66755],[51.45581,35.66755],[51.45562,35.66751],[51.45523,35.66733],[51.45525,35.66684],[51.45574,35.66655],[51.45639,35.66632],[51.45702,35.66604],[51.4576,35.66586],[51.45818,35.66564],[51.45876,35.66552],[51.4591,35.66588],[51.45949,35.66613],[51.45969,35.66655],[51.46005,35.66691],[51.46058,35.66711],[51.46089,35.66753],[51.46139,35.66763],[51.46192,35.66757],[51.46247,35.66754],[51.46297,35.66758],[51.46364,35.66753],[51.46403,35.66725],[51.46391,35.66688],[51.46373,35.66676],[51.46371,35.6667],[51.46326,35.66673],[51.46377,35.66644],[51.46408,35.66669],[51.46372,35.66635],[51.46363,35.66593],[51.46351,35.66549],[51.46334,35.66515],[51.4635,35.66571],[51.46364,35.66619],[51.46372,35.6666],[51.46394,35.66701],[51.46405,35.66753],[51.46416,35.6679],[51.46437,35.66834],[51.46482,35.66864],[51.46502,35.66913],[51.46565,35.66919],[51.46625,35.66908],[51.46687,35.66888],[51.46749,35.66875],[51.46793,35.66865],[51.46855,35.66852],[51.46905,35.66848],[51.46952,35.66838],[51.47016,35.66826],[51.47061,35.66807],[51.47105,35.66796],[51.4715,35.66796],[51.47181,35.66761],[51.47187,35.66713],[51.47149,35.6666],[51.471,35.66609],[51.47059,35.66562],[51.47034,35.66532],[51.47017,35.66549],[51.4701,35.66553],[51.46989,35.6652],[51.46957,35.66486],[51.46911,35.66443],[51.46874,35.66406],[51.46878,35.66399],[51.46867,35.66418],[51.46858,35.66381],[51.46822,35.66351],[51.46867,35.66383],[51.46905,35.66415],[51.46943,35.66457],[51.46983,35.66504],[51.47033,35.66554],[51.47071,35.66601],[51.47115,35.66613],[51.47166,35.66596],[51.47211,35.66591],[51.47275,35.66585],[51.47322,35.66577],[51.47373,35.66568],[51.47425,35.66559],[51.47488,35.66552],[51.47545,35.66543],[51.47616,35.66535],[51.47684,35.66523],[51.47747,35.66506],[51.47792,35.66478],[51.47818,35.66439],[51.47825,35.66399],[51.47817,35.66351],[51.47807,35.66305],[51.47798,35.66262],[51.47792,35.6621],[51.4784,35.66209],[51.47919,35.662],[51.48,35.66186],[51.48045,35.66182],[51.481,35.66185],[51.48154,35.6617],[51.48199,35.66168],[51.48235,35.66196],[51.48246,35.66247],[51.4826,35.66304],[51.48274,35.66371],[51.48286,35.66418],[51.48287,35.66437],[51.48295,35.66457],[51.48316,35.66499],[51.48324,35.66539],[51.48332,35.66575],[51.48339,35.66611],[51.48338,35.66627],[51.48325,35.66638],[51.48338,35.66625],[51.48344,35.66616],[51.48337,35.66572],[51.48325,35.66514],[51.48309,35.66455],[51.48297,35.66399],[51.48282,35.6634],[51.48272,35.66297],[51.4826,35.66236],[51.48243,35.66176],[51.48275,35.66145],[51.48337,35.66133],[51.48396,35.66125],[51.48441,35.66122],[51.48493,35.66114],[51.48522,35.66086],[51.48515,35.6604],[51.48508,35.66002],[51.48504,35.65961],[51.48496,35.65915],[51.48487,35.65873],[51.48477,35.65828],[51.48467,35.65788],[51.48454,35.65725],[51.48484,35.6577],[51.48497,35.65806],[51.48555,35.65805],[51.48612,35.65798],[51.48629,35.65795],[51.48631,35.65778],[51.48664,35.65769],[51.48637,35.65799],[51.48615,35.65809],[51.48587,35.65837],[51.48552,35.6586],[51.48567,35.659],[51.48552,35.65868],[51.48582,35.65838],[51.48614,35.6581],[51.48653,35.65788],[51.48698,35.65793],[51.48734,35.65806],[51.48745,35.65816],[51.48756,35.65853],[51.48752,35.65899],[51.48757,35.65937],[51.4877,35.65994],[51.48779,35.6603],[51.48832,35.66056],[51.48891,35.66048],[51.48934,35.66039],[51.48894,35.66065],[51.48823,35.66078],[51.48759,35.66088],[51.48678,35.66102],[51.4861,35.66107],[51.48571,35.66129],[51.48566,35.66169],[51.48578,35.6622],[51.48591,35.66283],[51.48602,35.66344],[51.48609,35.6639],[51.4862,35.66426],[51.48633,35.66488],[51.48644,35.66541],[51.48655,35.66595],[51.48668,35.66655],[51.48685,35.66693],[51.48751,35.66706],[51.48833,35.66701],[51.48882,35.66695],[51.48933,35.66687],[51.48984,35.66679],[51.49031,35.66672],[51.49093,35.66663],[51.49031,35.66684],[51.48942,35.66697],[51.48896,35.66704],[51.48852,35.6671],[51.48772,35.66719],[51.48714,35.66739],[51.48708,35.66789],[51.48716,35.66837],[51.48726,35.66892],[51.48732,35.66928],[51.48739,35.66929],[51.48745,35.66927],[51.48739,35.66932],[51.48714,35.66926],[51.48697,35.66887],[51.48696,35.6685],[51.48687,35.66838],[51.48695,35.66864],[51.48694,35.66892],[51.48716,35.66926],[51.4874,35.66959],[51.48746,35.66996],[51.48755,35.67049],[51.4877,35.67118],[51.48784,35.67157],[51.48798,35.67202],[51.48789,35.67206],[51.48807,35.67218],[51.48816,35.67199],[51.48803,35.67234],[51.48809,35.67229],[51.48814,35.672],[51.48807,35.67196],[51.488,35.67253],[51.48824,35.67316],[51.48854,35.67365],[51.48904,35.67416],[51.48958,35.67467],[51.49008,35.67515],[51.49057,35.67567],[51.49085,35.67626],[51.49094,35.67693],[51.49095,35.67762],[51.49096,35.67832],[51.49099,35.6789],[51.491,35.67938],[51.49098,35.67976],[51.49102,35.68031],[51.49095,35.68073],[51.49075,35.6811],[51.49071,35.68164],[51.49085,35.68216],[51.49091,35.68267],[51.49099,35.6832],[51.49099,35.68368],[51.491,35.68424],[51.49099,35.68476],[51.491,35.68535],[51.49102,35.68596],[51.491,35.68657],[51.49097,35.6871],[51.49104,35.6877],[51.49089,35.68807],[51.49036,35.68831],[51.48977,35.68848],[51.48932,35.68853],[51.48876,35.68837],[51.48819,35.68821],[51.48765,35.6882],[51.48722,35.68827],[51.48679,35.68816],[51.48618,35.68809],[51.4855,35.68797],[51.48502,35.68783],[51.48446,35.68766],[51.48389,35.68761],[51.48337,35.68764],[51.48282,35.68753],[51.48217,35.68755],[51.48163,35.68741],[51.48115,35.68735],[51.48071,35.68773],[51.48042,35.68818],[51.48029,35.68875],[51.48009,35.68923],[51.47981,35.68956],[51.47963,35.69002],[51.47947,35.69067],[51.4793,35.69118],[51.47925,35.69158],[51.47886,35.69183],[51.47843,35.69202],[51.47794,35.69192],[51.47727,35.69178],[51.47659,35.69173],[51.47606,35.6917],[51.47605,35.69179],[51.47606,35.69216],[51.47493,35.69201],[51.47534,35.69216],[51.47593,35.69202],[51.47639,35.69191],[51.47695,35.69187],[51.47771,35.69194],[51.47817,35.69199],[51.47863,35.69172],[51.47918,35.6918],[51.47964,35.69206],[51.48032,35.69223],[51.481,35.69225],[51.48148,35.69228],[51.48197,35.69239],[51.48242,35.69231],[51.48311,35.69233],[51.48376,35.69239],[51.48442,35.69238],[51.48515,35.69245],[51.48576,35.6925],[51.48626,35.6925],[51.48676,35.69252],[51.48724,35.69262],[51.48776,35.69272],[51.48821,35.6927],[51.48876,35.69266],[51.48932,35.6927],[51.48983,35.69276],[51.49046,35.69284],[51.49103,35.69287],[51.4915,35.69291],[51.49198,35.69293],[51.49262,35.69291],[51.49314,35.69264],[51.49353,35.69214],[51.49415,35.69193],[51.49465,35.6924],[51.49472,35.6928],[51.49488,35.69323],[51.49518,35.69363],[51.49552,35.69403],[51.49585,35.69442],[51.49619,35.69484],[51.49653,35.69525],[51.49691,35.69566],[51.49732,35.69607],[51.49773,35.6965],[51.49814,35.69689],[51.49848,35.69725],[51.49875,35.69765],[51.49901,35.69805],[51.49929,35.69844],[51.49963,35.69884],[51.5,35.69923],[51.50037,35.69965],[51.50073,35.70012],[51.50104,35.70061],[51.50136,35.7011],[51.50172,35.70154],[51.50221,35.70191],[51.5028,35.70218],[51.50349,35.70235],[51.50416,35.70241],[51.50475,35.70243],[51.5054,35.70252],[51.50584,35.70289],[51.50632,35.70315],[51.50667,35.70338],[51.50705,35.70365],[51.50747,35.70392],[51.5079,35.70418],[51.5084,35.70442],[51.50896,35.70466],[51.50954,35.7049],[51.51013,35.70514],[51.5107,35.70542],[51.5113,35.70573],[51.51188,35.706],[51.51237,35.70631],[51.51274,35.70667],[51.51295,35.70712],[51.51299,35.70758],[51.51287,35.70801],[51.5127,35.7085],[51.51247,35.70897],[51.51225,35.70945],[51.51201,35.70989],[51.5118,35.71035],[51.51164,35.71076],[51.5115,35.71114],[51.51133,35.71153],[51.51119,35.71191],[51.51103,35.7123],[51.51101,35.71273],[51.51106,35.71316],[51.51114,35.71353],[51.51139,35.71411],[51.51159,35.71448],[51.51178,35.71507],[51.51185,35.71545],[51.51194,35.71604],[51.51198,35.71642],[51.51206,35.7171],[51.51215,35.71766],[51.51229,35.71805],[51.51258,35.71868],[51.51282,35.71905],[51.51308,35.7194],[51.51341,35.71973],[51.51378,35.72005],[51.51422,35.72036],[51.5147,35.7206],[51.5152,35.72082],[51.51572,35.72102],[51.51629,35.72117],[51.5169,35.72127],[51.51746,35.72132],[51.51798,35.72134],[51.51845,35.72137],[51.5193,35.7214],[51.52016,35.72143],[51.52062,35.72144],[51.52111,35.72145],[51.52161,35.72149],[51.52209,35.72163],[51.52253,35.72188],[51.52289,35.72221],[51.52318,35.72256],[51.52338,35.72293],[51.52364,35.7235],[51.52409,35.72378],[51.52455,35.72381],[51.5251,35.72387],[51.52575,35.72399],[51.52636,35.72402],[51.52696,35.72407],[51.52763,35.72416],[51.52836,35.72417],[51.52884,35.72419],[51.52934,35.72424],[51.52982,35.72429],[51.53071,35.72434],[51.53119,35.72436],[51.53172,35.72441],[51.53223,35.72444],[51.53279,35.72449],[51.53334,35.72453],[51.53391,35.72458],[51.53455,35.72465],[51.53519,35.72467],[51.53579,35.7247],[51.53635,35.72474],[51.53697,35.7248],[51.53762,35.72485],[51.53824,35.72492],[51.53892,35.72495],[51.53962,35.72499],[51.54035,35.72503],[51.54106,35.72506],[51.54179,35.7251],[51.54252,35.72516],[51.54319,35.72519],[51.54389,35.72523],[51.54462,35.7253],[51.54533,35.72535],[51.54606,35.72542],[51.54683,35.72551],[51.54758,35.72559],[51.54829,35.72563],[51.54901,35.72569],[51.54975,35.72575],[51.55046,35.7258],[51.55108,35.72587],[51.55161,35.7259],[51.55209,35.7259],[51.55255,35.7259],[51.55303,35.72593],[51.55347,35.726],[51.5528,35.72606],[51.55235,35.72604],[51.55185,35.72599],[51.55115,35.72601],[51.55067,35.72615],[51.55086,35.72658],[51.55147,35.72695],[51.55199,35.72728],[51.55249,35.72755],[51.55293,35.72783],[51.5533,35.72804],[51.55377,35.72829],[51.55426,35.72858],[51.55467,35.72883],[51.55459,35.72927],[51.55427,35.72964],[51.55407,35.73002],[51.55412,35.73],[51.55418,35.72993],[51.55422,35.73002],[51.55407,35.72998],[51.55406,35.7299],[51.55428,35.73],[51.55414,35.72995],[51.55419,35.72984],[51.55404,35.72981],[51.5541,35.73],[51.55395,35.72997],[51.55419,35.73002],[51.55414,35.72998],[51.55411,35.72998],[51.5541,35.72991],[51.55417,35.72995],[51.55418,35.73019],[51.55512,35.73054],[51.55476,35.73025],[51.55456,35.72991],[51.55412,35.72992],[51.55395,35.72973]],[[51.55414,35.72981],[51.55407,35.72993],[51.55407,35.72993],[51.55423,35.73015],[51.55402,35.72997],[51.55429,35.72996],[51.55428,35.73015],[51.55426,35.73009],[51.55433,35.73023],[51.55479,35.73034],[51.55535,35.73027],[51.55465,35.73059],[51.5542,35.73043],[51.55421,35.73007],[51.55398,35.72976],[51.5541,35.72982],[51.55408,35.73005],[51.554,35.72995],[51.5541,35.73003],[51.55392,35.72984],[51.55403,35.73003],[51.55403,35.72995],[51.55405,35.72986],[51.55409,35.72998],[51.55415,35.73005],[51.5541,35.72998],[51.55412,35.73001],[51.55405,35.72995],[51.55407,35.72999],[51.55403,35.72991],[51.55406,35.72991],[51.55408,35.72993],[51.55412,35.72993],[51.55413,35.72993],[51.55413,35.72993],[51.55413,35.72994],[51.55413,35.72994],[51.55411,35.73],[51.55412,35.73006],[51.55412,35.73006],[51.55412,35.73006],[51.55412,35.73006],[51.55412,35.73006],[51.55412,35.73007],[51.55414,35.73008],[51.55414,35.73008],[51.55414,35.73007],[51.55435,35.73039],[51.5547,35.73016],[51.55491,35.73013],[51.55447,35.73016],[51.55423,35.72986],[51.55421,35.7299]]]}},{"type":"Feature","properties":{"route":13,"color":"#db2777","times":[[21876,21936,21996,22056,22116,22167,22188,22248,22308,22350,22410,22470,22530,22590,22650,22710,22770,22830,22890,22950,23010,23070,23130,23190,23250,23310,23370,23430,23490,23550,23610,23670,23730,23790,23850,23910,23970,24030,24090,24150,24210,24270,24330,24390,24450,24512,24572,24632,24692,24752,24812,24872,24932,24992,25052,25112,25169,25181,25202,25262,25316,25337,25397,25457,25517,25577,25637,25697,25757,25817,25877,25937,25997,26057,26117,26177,26237,26297,26357,26387,26447,26507,26567,26627,26687,26747,26807,26825,26873,26933,26993,27053,27113,27173,27233,27293,27353,27362,27368,27374,27380,27386,27392,27398,27410,27416,27422,27428,27434,27440,27446,27452,27458,27461,27464,27467,27470,27473,27476,27479,27482,27485,27488,27491,27494,27497,27500,27503,27506,27509,27512,27515,27518,27521,27524,27527,27530,27533,27536,27539,27542,27545,27548,27551,27554,27557,27560,27563,27566,27569,27572,27578,27581,27584,27587,27590,27593,27596,27599,27602,27608,27614,27620,27632,27644,27674,27680,27686,27692,27695,27698,27701,27704,27707,27710,27713,27716,27719,27722,27725,27728,27731,27734,27737,27740,27743,27746,27749,27752,27755,27758,27761,27764,27767,27770,27773,27776,27779,27782,27785,27788,27791,27794,27797,27800,27803,27806,27809,27812,27815,27818,27821,27824,27827,27830,27833,27836,27839,27842,27845,27848,27851,27854,27857,27860,27863,27866,27869,27872,27875,27878,27881,27884,27887,27890,27893,27896,27899,27902,27905,27908,27911,27914,27917,27920,27923,27926,27929,27932,27935,27938,27941,27944,27947,27953,27959,27968,28001,28007,28013,28019,28025,28028,28031,28034,28037,28040,28043,28046,28052,28061,28076,28088,28100,28109,28124,28142,28154,28163,28172,28181,28190,28208,28214,28220,28226,28232,28238,28244,28268,28283,28322,28355,28364,28373,28379,28385,28391,28397,28400,28403,28406,28409,28412,28415,28421,28424,28427,28430,28436,28439,28442,28445,28448,28451,28454,28457,28460,28466,28472,28475,28481,28487,28493,28499,28505,28514,28526,28556,28583,28604,28619,28625,28628,28631,28634,28637,28640,28643,28646,28649,28652,28655,28658,28661,28664,28667,28670,28673,28676,28679,28682,28685,28688,28691,28694,28697,28700,28703,28706,28709,28712,28715,28718,28721,28724,28727,28733,28739,28748,28754,28760,28763,28766,28769,28772,28775,28778,28781,28784,28787,28790,28793,28796,28799,28802,28805,28808,28814,28817,28820,28823,28826,28829,28832,28835,28838,28841,28844,28847,28850,28853,28856,28859,28862,28865,28868,28871,28874,28877,28880,28883,28886,28889,28892,28895,28898,28901,28904,28907,28910,28913,28916,28919,28922,28925,28928,28931,28934,28937,28940,28943,28946,28949,28952,28955,28958,28961,28964,28967,28970,28973,28976,28979,28982,28985,28988,28991,28994,28997,29000,29003,29006,29009,29012,29015,29018,29021,29024,29027,29030,29033,29036,29039,29042,29045,29048,29051,29054,29057,29060,29063,29066,29069,29072,29075,29078,29081,29084,29087,29090,29096,29108,29114,29120,29126,29132,29138,29144,29150,29156,29168,29174,29180,29186,29195,29213,29273,29333,29393,29453,29513,29573,29600,29609,29615,29621,29630,29651,29660,29666,29672,29678,29684,29690,29696,29702,29708,29714,29720,29726,29732,29738,29792,29804,29810,29816,29819,29822,29825,29828,29831,29837,29846,29852,29864,29882,29891,29900,29909,29927,29936,29948,29960,29969,29981,29990,29999,30005,30011,30017,30023,30029,30035,30041,30047,30053,30059,30065,30071,30077,30083,30089,30095,30101,30119,30128,30140,30146,30152,30173,30179,30185,30191,30197,30200,30203,30206,30209,30212,30215,30218,30221,30224,30227,30230,30233,30236,30239,30242,30245,30248,30251,30254,30257,30260,30263,30269,30275,30287,30299,30308,30314,30320,30326,30332,30338,30344,30350,30356,30365,30371,30377,30392,30401,30407,30413,30419,30425,30431,30437,30449,30455,30461,30467,30473,30479,30485,30491,30497,30512,30524,30533,30542,30551,30557,30617,30677,30737,30797,30857,30917,30977,31037,31097,31157,31217,31277,31310,31319,31328,31337,31397,31457,31517,31577,31637,31697,31757,31817,31877,31937,31997,32021,32030,32036,32042,32048,32108,32168,32228,32240,32246,32252,32261,32267,32273,32279,32285,32291,32297,32303,32312,32318,32336,32342,32348,32354,32357,32360,32363,32366,32369,32372,32375,32378,32381,32384,32387,32390,32393,32396,32399,32402,32405,32408,32411,32414,32417,32420,32423,32426,32429,32432,32435,32438,32441,32444,32447,32450,32453,32456,32459,32462,32465,32468,32471,32474,32477,32480,32483,32486,32489,32492,32495,32498,32501,32504,32507,32510,32513,32516,32519,32522,32525,32528,32531,32534,32537,32540,32543,32546,32549,32552,32555,32558,32561,32564,32567,32570,32573,32576,32579,32585,32591,32594,32597,32603,32609,32615,32618,32621,32624,32627,32630,32633,32636,32639,32642,32645,32648,32651,32654,32657,32660,32663,32666,32669,32672,32675,32678,32681,32684,32687,32690,32693,32696,32699,32702,32705,32708,32711,32714,32717,32720,32723,32726,32729,32732,32735,32738,32741,32744,32747,32750,32753,32756,32759,32762,32765,32768,32771,32774,32777,32780,32783,32786,32789,32792,32795,32798,32801,32804,32807,32810,32813,32816,32819,32822,32825,32828,32831,32834,32837,32840,32843,32846,32849,32852,32855,32858,32861,32864,32867,32870,32873,32876,32879,32882,32885,32888,32891,32894,32897,32900,32903,32906,32909,32912,32915,32918,32921,32924,32927,32930,32933,32936,32939,32942,32945,32948,32951,32954,32957,32960,32963,32966,32969,32972,32975,32978,32981,32984,32987,32990,32993,32996,32999,33002,33005,33008,33011,33014,33017,33020,33023,33026,33029,33032,33035,33038,33041,33044,33047,33050,33053,33056,33059,33062,33065,33068,33071,33074,33077,33083,33089,33095,33101,33107,33110,33113,33116,33119,33122,33128,33134,33137,33140,33143,33146,33149,33152,33155,33158,33161,33164,33167,33170,33176,33182,33188,33194,33200,33206,33212,33224,33230,33236,33245,33257,33266,33275,33284,33293,33308,33368,33428,33488,33548,33608,33668,33728,33788,33848,33908,33968,34028,34088,34148,34157,34172,34178,34184,34190,34205,34211,34217,34223,34238,34247,34259,34268,34277,34289,34298,34316,34376,34436,34496,34556,34616,34676,34736,34775,34781,34787,34796,34802,34808,34814,34820,34829,34835,34841,34847,34859,34865,34871,34877,34889,34895,34901,34913,34922,34931,34991,35051,35090,35108,35123,35135,35141,35147,35153,35162,35168,35174,35183,35192,35198,35204,35213,35219,35225,35231,35237,35240,35243,35249,35255,35264,35270,35273,35276,35279,35282,35285,35288,35291,35294,35297,35300,35303,35306,35309,35312,35315,35318,35321,35324,35327,35330,35333,35336,35342,35348,35354,35360,35366,35372,35378,35384,35390,35399,35405,35417,35426,35438,35450,35462,35471,35477,35486,35495,35501,35507,35513,35519,35525,35531,35543,35552,35567,35627,35687,35747,35807,35867,35927,35987,35999,36008,36017,36032,36041,36047,36056,36062,36068,36077,36086,36101,36110,36119,36128,36188,36248,36275,36284,36293,36317,36329,36338,36347,36356,36377,36386,36392,36398,36407,36416,36476,36536,36596,36656,36716,36731,36743,36761,36773,36782,36797,36824,36836,36851,36863,36878,36890,36951,37011,37071,37119,37167,37179,37188,37194,37200,37206,37212,37218,37224,37230,37236,37245,37254,37260,37266,37272,37281,37290,37296,37305,37314,37320,37326,37338,37344,37353,37365,37371,37377,37398,37404,37464,37524,37584,37644,37704,37764,37824,37884,37923,37932,37941,37947,37953,37962,37974,37983,37992,38001,38007,38013,38019,38028,38034,38043,38103,38163,38223,38283,38331,38352,38358,38364,38370,38376,38391,38400,38406,38412,38418,38424,38430,38436,38442,38448,38454,38460,38466,38487,38529,38589,38649,38709,38769,38829,38856,38862,38868,38874,38880,38889,38904,38916,38928,38943,38985,39018,39033,39051,39066,39090,39111,39129,39141,39162,39177,39189,39198,39207,39219,39231,39243,39252,39264,39273,39306,39366,39426,39462,39522,39582,39642,39702,39762,39822,39837,39861,39900,39960,40020,40080,40140,40179,40191,40203,40221,40236,40248,40254,40260,40266,40272,40287,40296,40302,40362,40422,40482,40542,40602,40638,40647,40656,40662,40671,40701,40707,40716,40734,40743,40752,40776,40791,40800,40806,40812,40818,40824,40830,40839,40848,40860,40878,40914,40974,41034,41091,41124,41136,41148,41160,41220,41280,41340,41400,41460,41499,41508,41520,41547,41553,41562,41571,41580,41640,41700,41760,41814,41823,41835,41856,41862,41877,41937,41997,42057,42117,42177,42237,42297,42357,42417,42477,42537,42597,42603,42612,42618,42624,42639,42660,42675,42684,42693,42699,42708,42720,42738,42747,42756,42765,42825,42885,42945,43005,43065,43125,43170,43176,43182,43188,43194,43200,43215,43275,43335,43389,43404,43413,43422,43431,43440,43470,43491,43506,43515,43521,43530,43545,43605,43665,43725,43785,43845,43905,43965,44025,44085,44145,44160,44166,44172,44178,44184,44190,44196,44202,44208,44217,44229,44238,44247,44256,44262,44271,44289,44295,44301,44310,44319,44334,44340,44349,44367,44427,44487,44547,44607,44667,44727,44763,44772,44805,44823,44832,44841,44850,44865,44877,44889,44904,44916,44928,44934,44958,44967,44976,44985,44994,45006,45018,45024,45030,45036,45051,45057,45060,45063,45066,45072,45081,45087,45093,45099,45102,45108,45111,45117,45123,45129,45135,45141,45147,45153,45159,45162,45165,45168,45171,45174,45177,45180,45183,45186,45189,45192,45198,45207,45213,45219,45225,45231,45234,45237,45243,45249,45255,45261,45267,45276,45282,45288,45294,45300,45306,45312,45318,45321,45324,45327,45330,45333,45336,45339,45342,45345,45348,45351,45354,45357,45360,45363,45366,45369,45372,45375,45378,45381,45384,45390,45399,45405,45411,45417,45426,45441,45450,45456,45462,45468,45477,45483,45492,45498,45507,45516,45525,45531,45537,45546,45606,45666,45726,45786,45846,45906,45957,45966,45972,45981,45990,45996,46005,46014,46020,46026,46035,46044,46056,46065,46077,46086,46098,46104,46110,46116,46119,46122,46125,46131,46137,46140,46143,46146,46149,46152,46155,46158,46161,46164,46167,46170,46176,46182,46188,46200,46215,46245,46275,46308,46332,46350,46368,46380,46395,46413,46428,46434,46440,46446,46449,46452,46455,46458,46461,46464,46467,46470,46473,46476,46479,46482,46485,46488,46491,46494,46497,46500,46503,46506,46509,46512,46515,46518,46521,46524,46527,46530,46533,46536,46539,46542,46545,46548,46551,46554,46557,46560,46563,46566,46569,46572,46575,46578,46581,46584,46587,46590,46593,46596,46599,46602,46605,46608,46611,46614,46617,46620,46623,46626,46629,46632,46635,46638,46641,46644,46647,46650,46653,46656,46659,46662,46668,46674,46680,46692,46698,46704,46710,46725,46731,46737,46740,46743,46746,46749,46752,46755,46758,46764,46788,46797,46803,46809,46815,46821,46827,46833,46839,46842,46845,46848,46851,46854,46857,46860,46863,46866,46869,46872,46878,46884,46887,46890,46893,46896,46899,46902,46905,46908,46911,46914,46917,46920,46923,46926,46929,46932,46935,46938,46941,46944,46947,46950,46953,46956,46959,46962,46986,46992,46998,47010,47016,47022,47028,47034,47043,47049,47061,47067,47127,47187]]},"geometry":{"type":"MultiLineString","coordinates":[[[51.55408,35.72994],[51.55406,35.72993],[51.55406,35.72994],[51.55408,35.72996],[51.55378,35.73007],[51.55365,35.73042],[51.55381,35.73003],[51.55379,35.73004],[51.55372,35.73005],[51.55419,35.72995],[51.5543,35.72999],[51.55417,35.73001],[51.55418,35.73],[51.55402,35.72996],[51.55394,35.72991],[51.55391,35.72984],[51.5541,35.72994],[51.55408,35.72994],[51.55406,35.72994],[51.55406,35.72993],[51.55398,35.72989],[51.55398,35.72989],[51.55396,35.72988],[51.55393,35.72986],[51.55395,35.72991],[51.55393,35.72984],[51.55388,35.72985],[51.55389,35.72986],[51.55389,35.72986],[51.55389,35.72986],[51.55389,35.72986],[51.55389,35.72986],[51.55389,35.72986],[51.5539,35.72986],[51.55393,35.72987],[51.55397,35.72989],[51.55402,35.72985],[51.55405,35.72985],[51.55414,35.72988],[51.5542,35.72995],[51.55419,35.72994],[51.55418,35.72994],[51.55413,35.72989],[51.55394,35.72983],[51.55391,35.72989],[51.55391,35.72989],[51.5539,35.72995],[51.55399,35.7298],[51.55403,35.72983],[51.55396,35.72983],[51.554,35.72989],[51.55396,35.72991],[51.55396,35.72991],[51.55395,35.7299],[51.55395,35.7299],[51.55396,35.7299],[51.5544,35.72998],[51.55453,35.73035],[51.55466,35.7307],[51.55472,35.73065],[51.55461,35.7303],[51.55433,35.72994],[51.55427,35.72996],[51.55412,35.72995],[51.55417,35.72999],[51.55388,35.7299],[51.55382,35.72989],[51.55385,35.72989],[51.55389,35.72992],[51.55389,35.72995],[51.55382,35.72992],[51.55385,35.72998],[51.55384,35.72997],[51.55381,35.72985],[51.55387,35.72986],[51.5539,35.72986],[51.55389,35.72989],[51.55383,35.72993],[51.55406,35.72992],[51.5545,35.73],[51.55411,35.72994],[51.55383,35.72983],[51.55386,35.73001],[51.55389,35.72987],[51.55393,35.72987],[51.55395,35.72987],[51.55398,35.72981],[51.55422,35.72949],[51.55414,35.72987],[51.55411,35.73011],[51.55409,35.72986],[51.55408,35.72985],[51.55408,35.72984],[51.55407,35.72984],[51.55407,35.72984],[51.55407,35.72983],[51.55426,35.72971],[51.55459,35.72931],[51.55486,35.729],[51.55517,35.72865],[51.55554,35.72825],[51.55595,35.72779],[51.55636,35.72732],[51.55675,35.7269],[51.55673,35.72654],[51.55626,35.72644],[51.55572,35.72633],[51.55516,35.72624],[51.55452,35.72621],[51.55382,35.72617],[51.55329,35.72614],[51.5526,35.72608],[51.55173,35.72602],[51.55123,35.72599],[51.55071,35.72595],[51.55016,35.72592],[51.54963,35.72587],[51.5491,35.72583],[51.54858,35.72578],[51.54805,35.72574],[51.54751,35.72571],[51.54696,35.72567],[51.54643,35.72564],[51.5459,35.7256],[51.54536,35.72557],[51.54482,35.72555],[51.54426,35.72553],[51.54371,35.7255],[51.54317,35.72544],[51.54262,35.72537],[51.54207,35.72532],[51.54152,35.72527],[51.54095,35.72523],[51.54039,35.7252],[51.53983,35.72515],[51.53927,35.72511],[51.53873,35.72507],[51.53821,35.72504],[51.53769,35.725],[51.53717,35.72498],[51.53662,35.725],[51.53611,35.72496],[51.53559,35.72491],[51.53507,35.72486],[51.53452,35.72481],[51.53396,35.72477],[51.53339,35.72473],[51.53282,35.72469],[51.53225,35.72464],[51.53169,35.72461],[51.53117,35.72457],[51.53035,35.72444],[51.52986,35.72443],[51.52934,35.7244],[51.5288,35.72437],[51.52826,35.72435],[51.52772,35.72431],[51.52721,35.72427],[51.52674,35.72422],[51.52629,35.72417],[51.52551,35.7241],[51.52494,35.72406],[51.52442,35.72401],[51.52396,35.72407],[51.52356,35.72385],[51.52335,35.72344],[51.52313,35.72302],[51.52261,35.72265],[51.52187,35.72256],[51.52142,35.72248],[51.52095,35.72239],[51.52051,35.72231],[51.52007,35.72223],[51.51958,35.72216],[51.51904,35.7221],[51.51845,35.72207],[51.51785,35.72202],[51.51725,35.72194],[51.51665,35.72182],[51.51602,35.72167],[51.51538,35.72148],[51.51475,35.72124],[51.51414,35.72096],[51.51357,35.72064],[51.51303,35.72027],[51.51253,35.71988],[51.51207,35.71946],[51.51162,35.71902],[51.51117,35.71857],[51.51073,35.71812],[51.51028,35.71768],[51.50982,35.71723],[51.50939,35.71678],[51.50894,35.71631],[51.50851,35.71583],[51.50807,35.71533],[51.50766,35.71485],[51.50725,35.71437],[51.50685,35.71389],[51.50645,35.71341],[51.50606,35.71293],[51.50567,35.71245],[51.50529,35.71198],[51.50494,35.71149],[51.50465,35.71099],[51.50439,35.71048],[51.50415,35.70994],[51.50393,35.70943],[51.50373,35.70891],[51.50352,35.70841],[51.50332,35.70792],[51.50313,35.70744],[51.50291,35.70695],[51.5027,35.70646],[51.50249,35.706],[51.50228,35.70555],[51.50207,35.70511],[51.50186,35.70468],[51.50166,35.70425],[51.50146,35.70382],[51.50129,35.70339],[51.50111,35.70298],[51.50096,35.70256],[51.5008,35.70215],[51.50063,35.70171],[51.50043,35.70124],[51.50021,35.70078],[51.49996,35.70035],[51.4997,35.69994],[51.49943,35.69952],[51.49915,35.6991],[51.49887,35.6987],[51.49858,35.6983],[51.49828,35.69792],[51.49795,35.69751],[51.49764,35.69714],[51.49733,35.69678],[51.49702,35.69643],[51.49674,35.69608],[51.49646,35.69572],[51.49618,35.69535],[51.49589,35.69498],[51.49558,35.6946],[51.49527,35.69421],[51.49493,35.69382],[51.49459,35.69342],[51.49426,35.69309],[51.49395,35.69267],[51.49371,35.69218],[51.49347,35.69178],[51.49333,35.69129],[51.49318,35.6908],[51.49304,35.69036],[51.49291,35.68996],[51.49274,35.68935],[51.4927,35.68893],[51.49267,35.68849],[51.4927,35.68811],[51.49269,35.68751],[51.4927,35.68687],[51.4927,35.68618],[51.49269,35.68546],[51.49267,35.68508],[51.49266,35.6847],[51.49265,35.6843],[51.49263,35.68389],[51.49262,35.68347],[51.49261,35.68304],[51.49262,35.68264],[51.49257,35.68206],[51.49256,35.68167],[51.49254,35.68129],[51.49252,35.68088],[51.49247,35.68043],[51.49239,35.68007],[51.49236,35.67967],[51.49231,35.67926],[51.49233,35.67878],[51.49235,35.67835],[51.49234,35.67781],[51.49234,35.67732],[51.49231,35.67694],[51.49231,35.67643],[51.4923,35.67605],[51.49229,35.67564],[51.49226,35.67526],[51.49227,35.67466],[51.49223,35.67395],[51.49222,35.67339],[51.49219,35.67299],[51.49221,35.67255],[51.49218,35.67213],[51.49221,35.67175],[51.4922,35.67123],[51.49219,35.67083],[51.49218,35.67044],[51.49217,35.67005],[51.49216,35.66952],[51.49214,35.66886],[51.49212,35.66849],[51.4921,35.6681],[51.49207,35.66771],[51.49201,35.66734],[51.49191,35.66697],[51.49179,35.66662],[51.49155,35.66593],[51.49142,35.66556],[51.49131,35.66517],[51.49118,35.66481],[51.49095,35.66417],[51.49083,35.66381],[51.4907,35.66343],[51.49055,35.663],[51.49041,35.66261],[51.49029,35.66223],[51.49015,35.66185],[51.49003,35.66149],[51.48991,35.6611],[51.48966,35.66042],[51.48946,35.65977],[51.48933,35.65943],[51.48908,35.65877],[51.48883,35.65814],[51.48848,35.65752],[51.48812,35.65705],[51.48781,35.65667],[51.48768,35.65618],[51.48774,35.6558],[51.48781,35.65544],[51.48775,35.65503],[51.48769,35.65465],[51.48756,35.65422],[51.48732,35.65364],[51.48719,35.65327],[51.48706,35.65285],[51.48693,35.65243],[51.4868,35.65207],[51.48669,35.65172],[51.48657,35.65136],[51.48645,35.65101],[51.48632,35.65065],[51.4862,35.65028],[51.48607,35.64988],[51.48593,35.64949],[51.4858,35.64911],[51.48567,35.64874],[51.48554,35.64835],[51.4854,35.64798],[51.48528,35.6476],[51.48516,35.6472],[51.48507,35.64675],[51.48499,35.64626],[51.48493,35.64578],[51.48488,35.64529],[51.48481,35.64482],[51.48473,35.64436],[51.48466,35.6439],[51.4846,35.64346],[51.48454,35.64303],[51.48448,35.64262],[51.48442,35.64219],[51.48436,35.64176],[51.4843,35.64132],[51.48425,35.6409],[51.48419,35.64049],[51.48413,35.64011],[51.48408,35.63975],[51.484,35.63917],[51.48396,35.63873],[51.48386,35.63836],[51.48359,35.63802],[51.48313,35.63742],[51.4828,35.63716],[51.4824,35.63688],[51.48196,35.6367],[51.48152,35.63651],[51.48097,35.63647],[51.48043,35.63649],[51.4799,35.63661],[51.4794,35.6368],[51.47891,35.63703],[51.47845,35.63726],[51.47801,35.63746],[51.4776,35.63765],[51.47716,35.63786],[51.47672,35.63805],[51.47627,35.63821],[51.47582,35.6383],[51.47492,35.63829],[51.47446,35.6382],[51.47402,35.63804],[51.47362,35.63781],[51.47324,35.63751],[51.47293,35.63718],[51.47265,35.63683],[51.47237,35.6365],[51.47209,35.63618],[51.47176,35.63586],[51.47135,35.63555],[51.4709,35.63524],[51.47045,35.63497],[51.47,35.63472],[51.4695,35.63449],[51.46898,35.63429],[51.46848,35.63414],[51.46802,35.63397],[51.46755,35.63376],[51.46706,35.63353],[51.46657,35.63332],[51.46604,35.6331],[51.46548,35.63289],[51.4649,35.63265],[51.46428,35.63242],[51.46366,35.6322],[51.46303,35.63197],[51.46237,35.63177],[51.46169,35.63157],[51.461,35.63141],[51.46033,35.63125],[51.45968,35.63108],[51.45904,35.63094],[51.45841,35.6308],[51.45781,35.63067],[51.45722,35.63052],[51.45666,35.63039],[51.4561,35.63024],[51.45553,35.63011],[51.45492,35.63],[51.45426,35.62993],[51.45359,35.62987],[51.45291,35.62983],[51.45222,35.6298],[51.45154,35.62977],[51.45086,35.62976],[51.45021,35.62975],[51.44956,35.62975],[51.4489,35.62973],[51.44822,35.6297],[51.44751,35.62969],[51.44678,35.62965],[51.44605,35.6296],[51.4453,35.62954],[51.44454,35.62947],[51.44376,35.62937],[51.44299,35.62925],[51.44224,35.62908],[51.44147,35.62894],[51.44071,35.62879],[51.43994,35.62865],[51.43919,35.62847],[51.43845,35.62826],[51.43769,35.62805],[51.43696,35.62782],[51.43625,35.6276],[51.43557,35.62737],[51.43496,35.6271],[51.43433,35.62684],[51.43371,35.62655],[51.4331,35.6263],[51.43247,35.62604],[51.4318,35.62574],[51.4311,35.6254],[51.43041,35.62506],[51.42973,35.6247],[51.42908,35.62433],[51.42844,35.62396],[51.42781,35.62358],[51.42719,35.6232],[51.42661,35.62282],[51.42606,35.62244],[51.42559,35.6221],[51.42514,35.62183],[51.4247,35.6216],[51.42427,35.62136],[51.42386,35.62108],[51.42347,35.62079],[51.42311,35.62051],[51.42275,35.62022],[51.42239,35.61993],[51.42203,35.61962],[51.4217,35.61937],[51.4211,35.6192],[51.42083,35.61966],[51.42066,35.62016],[51.42057,35.62069],[51.4205,35.62121],[51.42037,35.62183],[51.42023,35.62249],[51.42008,35.62303],[51.41998,35.62351],[51.41987,35.62396],[51.42029,35.62427],[51.42096,35.62431],[51.42168,35.62435],[51.42222,35.62435],[51.42276,35.62437],[51.42321,35.62438],[51.42327,35.62434],[51.42322,35.62439],[51.42311,35.62453],[51.42316,35.62448],[51.42311,35.62456],[51.42316,35.62448],[51.42268,35.62449],[51.42199,35.62442],[51.42135,35.62441],[51.42067,35.62441],[51.42012,35.62439],[51.41966,35.62475],[51.41953,35.62529],[51.41941,35.62583],[51.41926,35.62651],[51.41914,35.62711],[51.41902,35.6277],[51.41888,35.62827],[51.41873,35.62888],[51.41861,35.62945],[51.41847,35.63004],[51.41834,35.63065],[51.41822,35.63118],[51.41808,35.6317],[51.41796,35.63221],[51.41785,35.63265],[51.41781,35.63309],[51.41717,35.63322],[51.41654,35.63328],[51.41566,35.63341],[51.41519,35.63351],[51.41473,35.63369],[51.41424,35.63375],[51.41373,35.6337],[51.41326,35.63367],[51.41253,35.63368],[51.41189,35.63368],[51.41126,35.63366],[51.41069,35.6337],[51.41039,35.63403],[51.41043,35.63457],[51.41051,35.63503],[51.41059,35.63539],[51.41065,35.6358],[51.41077,35.63622],[51.41083,35.63658],[51.41087,35.6371],[51.41094,35.63754],[51.411,35.63796],[51.41101,35.63833],[51.41111,35.63894],[51.41117,35.63935],[51.41124,35.63974],[51.41133,35.64016],[51.41141,35.64054],[51.41147,35.64097],[51.41152,35.64137],[51.41158,35.64178],[51.41164,35.64225],[51.41171,35.64271],[51.41181,35.64323],[51.4119,35.64384],[51.41203,35.6445],[51.41215,35.6451],[51.41226,35.64572],[51.41236,35.64635],[51.41247,35.64694],[51.41257,35.64743],[51.41278,35.64778],[51.41331,35.64774],[51.41396,35.64764],[51.4145,35.64759],[51.41498,35.64755],[51.41468,35.64783],[51.41391,35.64793],[51.41315,35.64799],[51.41238,35.64807],[51.41153,35.64817],[51.41107,35.64822],[51.41058,35.64829],[51.41006,35.64836],[51.40951,35.64843],[51.40896,35.64851],[51.40839,35.64858],[51.4078,35.64864],[51.40718,35.64869],[51.40658,35.64874],[51.40597,35.6488],[51.40535,35.64885],[51.40475,35.64892],[51.40413,35.64899],[51.40353,35.64907],[51.40293,35.64913],[51.40234,35.64919],[51.40177,35.64925],[51.40119,35.64931],[51.40061,35.64937],[51.40007,35.64943],[51.39958,35.64949],[51.39912,35.64954],[51.3984,35.64964],[51.39789,35.6496],[51.39758,35.64927],[51.39729,35.64956],[51.39704,35.64987],[51.3968,35.65019],[51.3965,35.65061],[51.39618,35.65106],[51.39584,35.65155],[51.39553,35.65199],[51.39514,35.65248],[51.39484,35.6529],[51.39453,35.65331],[51.39412,35.65381],[51.39376,35.65425],[51.39351,35.65456],[51.39323,35.65488],[51.39292,35.6553],[51.39267,35.65567],[51.39235,35.65609],[51.3921,35.6564],[51.39177,35.65682],[51.39141,35.65728],[51.39125,35.65762],[51.39107,35.65801],[51.39065,35.65814],[51.39014,35.65818],[51.38951,35.65804],[51.38886,35.65781],[51.38819,35.65776],[51.38746,35.65773],[51.38677,35.65762],[51.38626,35.65758],[51.38637,35.65715],[51.3867,35.6568],[51.38693,35.65649],[51.38722,35.65604],[51.38754,35.65559],[51.38775,35.65525],[51.38779,35.65513],[51.38782,35.65518],[51.38803,35.65497],[51.38779,35.65472],[51.38813,35.65488],[51.38812,35.65485],[51.38793,35.65489],[51.38804,35.65484],[51.38798,35.65502],[51.38803,35.65499],[51.388,35.65503],[51.388,35.65486],[51.38829,35.65454],[51.38856,35.65417],[51.38884,35.65377],[51.38908,35.65341],[51.38924,35.65325],[51.3893,35.65319],[51.38931,35.6532],[51.38934,35.65315],[51.38935,35.65312],[51.38936,35.65315],[51.38936,35.65314],[51.38935,35.65316],[51.3893,35.65326],[51.38932,35.6532],[51.38931,35.65318],[51.38964,35.65273],[51.38987,35.65229],[51.39008,35.65191],[51.39031,35.65158],[51.39059,35.65117],[51.39074,35.6511],[51.39075,35.65113],[51.39086,35.65102],[51.39112,35.65065],[51.39142,35.65021],[51.39163,35.64988],[51.39191,35.64941],[51.3922,35.64903],[51.39252,35.64865],[51.39281,35.64828],[51.39305,35.64793],[51.39334,35.64753],[51.39361,35.64715],[51.39388,35.64683],[51.39439,35.64686],[51.39473,35.6471],[51.39464,35.64671],[51.39425,35.64625],[51.39381,35.6457],[51.39341,35.64507],[51.39323,35.64467],[51.39308,35.64426],[51.39295,35.64386],[51.3928,35.64345],[51.39263,35.64303],[51.39245,35.64263],[51.39225,35.64224],[51.39204,35.64187],[51.39179,35.64148],[51.39154,35.64108],[51.39133,35.64069],[51.39117,35.64027],[51.39104,35.63986],[51.39095,35.63942],[51.39092,35.63898],[51.39091,35.63853],[51.39096,35.63806],[51.39106,35.63761],[51.39121,35.63715],[51.39134,35.63671],[51.39146,35.63629],[51.39156,35.63585],[51.39169,35.63543],[51.39184,35.63502],[51.39197,35.63461],[51.39211,35.63421],[51.39223,35.63383],[51.39234,35.63348],[51.39245,35.63312],[51.39258,35.63275],[51.39271,35.63233],[51.39284,35.63191],[51.39296,35.63148],[51.3931,35.63106],[51.39324,35.63063],[51.3934,35.63018],[51.39355,35.62972],[51.39365,35.62926],[51.39373,35.62878],[51.39377,35.6283],[51.39377,35.62783],[51.3937,35.62736],[51.39358,35.62689],[51.39342,35.62645],[51.3932,35.62602],[51.39296,35.62564],[51.3927,35.62529],[51.39246,35.62496],[51.39222,35.62462],[51.39197,35.62427],[51.39175,35.62387],[51.39148,35.62352],[51.39124,35.62316],[51.391,35.62278],[51.3908,35.62241],[51.39064,35.62206],[51.39052,35.62168],[51.39045,35.6213],[51.3904,35.62091],[51.39035,35.62051],[51.39032,35.62009],[51.39029,35.61967],[51.39028,35.61921],[51.39027,35.61875],[51.39026,35.61828],[51.39026,35.61781],[51.39024,35.61733],[51.39023,35.61683],[51.39022,35.61633],[51.39022,35.61584],[51.39021,35.61536],[51.39021,35.61487],[51.39021,35.61444],[51.3902,35.61401],[51.39018,35.6136],[51.39005,35.61295],[51.38939,35.61251],[51.38893,35.61254],[51.38854,35.61272],[51.3883,35.61338],[51.38878,35.61391],[51.38963,35.61405],[51.39008,35.61406],[51.39056,35.61406],[51.39105,35.61406],[51.39156,35.61406],[51.3921,35.61407],[51.39268,35.61406],[51.39323,35.61408],[51.3938,35.61407],[51.39439,35.61407],[51.39497,35.61407],[51.39557,35.61407],[51.39618,35.61409],[51.39677,35.6141],[51.39737,35.61411],[51.39794,35.61413],[51.39851,35.61414],[51.39911,35.61416],[51.39971,35.61418],[51.40031,35.61421],[51.40093,35.61424],[51.40154,35.61428],[51.40209,35.61431],[51.40262,35.61429],[51.40312,35.61431],[51.40359,35.61432],[51.40407,35.61433],[51.40457,35.61432],[51.40507,35.61432],[51.40556,35.61431],[51.40608,35.61431],[51.40662,35.61431],[51.4072,35.61432],[51.40779,35.61435],[51.40838,35.61437],[51.40895,35.61437],[51.40955,35.61444],[51.41015,35.61451],[51.41075,35.61459],[51.41137,35.61465],[51.41201,35.61472],[51.41267,35.6148],[51.41335,35.61491],[51.41403,35.61503],[51.41466,35.61518],[51.41526,35.61534],[51.41586,35.61552],[51.41647,35.61573],[51.41703,35.61595],[51.41754,35.61615],[51.41803,35.61637],[51.4185,35.61662],[51.41897,35.61686],[51.41945,35.61712],[51.41991,35.61743],[51.42039,35.61771],[51.42077,35.61797],[51.42113,35.61822],[51.4215,35.61849],[51.42188,35.6188],[51.42228,35.61913],[51.42266,35.61942],[51.42303,35.61971],[51.4234,35.62],[51.42376,35.6203],[51.42413,35.62061],[51.42454,35.62095],[51.42499,35.62129],[51.42546,35.62166],[51.426,35.62205],[51.42658,35.62244],[51.42715,35.62284],[51.42773,35.62321],[51.4283,35.62357],[51.42886,35.62392],[51.42941,35.62425],[51.42997,35.62457],[51.43053,35.6249],[51.43113,35.62523],[51.43177,35.62554],[51.43243,35.62584],[51.4331,35.62613],[51.43379,35.62642],[51.43447,35.6267],[51.43517,35.62696],[51.43586,35.62723],[51.43657,35.62746],[51.43729,35.62766],[51.43798,35.62786],[51.4387,35.62806],[51.4394,35.62824],[51.44012,35.62841],[51.44085,35.62857],[51.44156,35.62871],[51.44226,35.62884],[51.44296,35.62897],[51.44363,35.62908],[51.44426,35.62917],[51.4449,35.62924],[51.44554,35.62931],[51.44621,35.62936],[51.44691,35.62941],[51.44761,35.62945],[51.4483,35.62947],[51.44899,35.62948],[51.44964,35.62948],[51.45026,35.62948],[51.4509,35.62948],[51.45157,35.62948],[51.45224,35.6295],[51.45291,35.6295],[51.45361,35.62953],[51.45431,35.62959],[51.45498,35.62964],[51.45565,35.62967],[51.45631,35.62968],[51.45697,35.6297],[51.45764,35.62977],[51.4583,35.62988],[51.45894,35.63001],[51.45957,35.63015],[51.46024,35.63029],[51.46093,35.63045],[51.46161,35.63061],[51.46229,35.63078],[51.46295,35.63098],[51.46359,35.63121],[51.46424,35.63144],[51.46488,35.63169],[51.46548,35.63193],[51.46607,35.63217],[51.46668,35.63244],[51.4673,35.63271],[51.46792,35.63301],[51.46853,35.6333],[51.46912,35.6336],[51.46974,35.63392],[51.4703,35.63422],[51.47082,35.63452],[51.4713,35.63479],[51.47173,35.63507],[51.47216,35.63533],[51.47256,35.63562],[51.47298,35.63591],[51.47344,35.63623],[51.47392,35.63649],[51.47443,35.63667],[51.47495,35.6368],[51.47547,35.6369],[51.47602,35.63697],[51.47661,35.63701],[51.47719,35.63699],[51.47777,35.63691],[51.47831,35.6368],[51.47877,35.63668],[51.47949,35.6364],[51.4801,35.6361],[51.48059,35.63572],[51.48102,35.63514],[51.48172,35.63476],[51.48217,35.63467],[51.48263,35.63457],[51.48307,35.63445],[51.48348,35.63427],[51.48382,35.63403],[51.48436,35.63352],[51.48492,35.63296],[51.48522,35.63265],[51.4855,35.63232],[51.48581,35.63198],[51.4861,35.63165],[51.48639,35.63131],[51.48668,35.63098],[51.48695,35.63067],[51.48724,35.63037],[51.48752,35.63007],[51.4878,35.62974],[51.48808,35.62943],[51.48835,35.62914],[51.48883,35.62866],[51.48927,35.62815],[51.48959,35.62782],[51.48992,35.62747],[51.4903,35.62706],[51.49061,35.62672],[51.49078,35.62638],[51.49061,35.62602],[51.49025,35.62579],[51.48987,35.62555],[51.48938,35.62526],[51.48892,35.62498],[51.48844,35.6247],[51.48802,35.6244],[51.48755,35.62412],[51.48716,35.62389],[51.48673,35.62362],[51.4866,35.62354],[51.48654,35.62361],[51.4865,35.62363],[51.48648,35.62362],[51.48653,35.62367],[51.48652,35.62367],[51.48653,35.62364],[51.48647,35.62365],[51.48647,35.62363],[51.48652,35.62361],[51.48651,35.62364],[51.48654,35.62363],[51.48651,35.62364],[51.48646,35.62345],[51.48611,35.62319],[51.48644,35.6228],[51.48674,35.62251],[51.48714,35.62208],[51.4874,35.62178],[51.48705,35.62146],[51.48665,35.62121],[51.48622,35.62091],[51.48582,35.62063],[51.48592,35.62027],[51.4862,35.61993],[51.48645,35.61956],[51.48662,35.61918],[51.48689,35.61888],[51.4872,35.61854],[51.48753,35.61826],[51.48801,35.61826],[51.48804,35.61819],[51.48804,35.61826],[51.48797,35.61826],[51.48796,35.61822],[51.48793,35.61822],[51.48794,35.61821],[51.48797,35.6182],[51.48848,35.61836],[51.48886,35.6186],[51.48931,35.61886],[51.48978,35.61906],[51.49009,35.61873],[51.49051,35.6183],[51.49095,35.61781],[51.49135,35.61738],[51.49171,35.61701],[51.49204,35.61665],[51.49232,35.61637],[51.49261,35.61604],[51.49276,35.61565],[51.49244,35.61535],[51.49202,35.615],[51.49156,35.61463],[51.4916,35.61417],[51.49193,35.61393],[51.49228,35.61364],[51.49266,35.61339],[51.49304,35.61306],[51.49335,35.61277],[51.49336,35.61282],[51.49351,35.61276],[51.49316,35.61302],[51.49287,35.61331],[51.49277,35.61369],[51.49337,35.61385],[51.49383,35.61411],[51.4943,35.6144],[51.49473,35.61463],[51.49525,35.61497],[51.49571,35.61518],[51.49614,35.61546],[51.49672,35.61574],[51.49728,35.61602],[51.49784,35.61628],[51.49836,35.61657],[51.49889,35.6168],[51.49932,35.617],[51.49977,35.61697],[51.50024,35.61665],[51.5008,35.61615],[51.50109,35.61587],[51.50139,35.61559],[51.50193,35.61507],[51.50236,35.61476],[51.50216,35.61519],[51.50155,35.6157],[51.50122,35.616],[51.50086,35.61629],[51.5005,35.61659],[51.50015,35.61692],[51.49979,35.61725],[51.49944,35.61759],[51.4991,35.61792],[51.49874,35.61824],[51.4984,35.61854],[51.49808,35.61885],[51.49777,35.61916],[51.49747,35.61948],[51.49717,35.6198],[51.49687,35.62015],[51.49656,35.6205],[51.49626,35.62083],[51.49597,35.62117],[51.49565,35.62152],[51.49533,35.62188],[51.49501,35.62222],[51.49471,35.62255],[51.49441,35.62287],[51.49389,35.62342],[51.49341,35.62396],[51.49296,35.62448],[51.49251,35.62496],[51.49206,35.62544],[51.49166,35.62592],[51.49137,35.62636],[51.4911,35.62671],[51.49082,35.62703],[51.49044,35.62748],[51.49017,35.62779],[51.49044,35.62815],[51.49092,35.62844],[51.49134,35.62859],[51.49172,35.62829],[51.49209,35.62792],[51.49244,35.6276],[51.4927,35.62731],[51.49302,35.62695],[51.49342,35.62659],[51.4937,35.62628],[51.494,35.62591],[51.4944,35.62545],[51.49484,35.62501],[51.4952,35.62466],[51.49559,35.62434],[51.49615,35.62431],[51.49663,35.62418],[51.4971,35.62416],[51.49716,35.62423],[51.49716,35.62425],[51.49717,35.6243],[51.4972,35.62432],[51.49722,35.62433],[51.49723,35.62434],[51.49741,35.62476],[51.49795,35.62495],[51.49852,35.62506],[51.49905,35.62511],[51.49904,35.62554],[51.49894,35.62608],[51.49887,35.62645],[51.49877,35.62692],[51.49868,35.62728],[51.49858,35.62768],[51.49848,35.62815],[51.49838,35.62855],[51.49781,35.6286],[51.49732,35.62855],[51.49675,35.62847],[51.49623,35.62839],[51.49596,35.62848],[51.49596,35.62848],[51.49651,35.62865],[51.49693,35.62876],[51.49743,35.62882],[51.49791,35.62898],[51.49809,35.62949],[51.49802,35.63003],[51.498,35.63051],[51.49799,35.63098],[51.4977,35.63136],[51.49759,35.63187],[51.49753,35.63226],[51.4975,35.63265],[51.49738,35.63307],[51.49732,35.63346],[51.49727,35.63363],[51.49727,35.63363],[51.49726,35.63364],[51.49725,35.63363],[51.49727,35.63384],[51.49714,35.63425],[51.497,35.63471],[51.49723,35.63505],[51.49782,35.6351],[51.49833,35.63515],[51.4988,35.63517],[51.49936,35.63519],[51.49982,35.6353],[51.50037,35.63539],[51.50108,35.63531],[51.50145,35.63553],[51.50142,35.63595],[51.50156,35.63606],[51.5016,35.63609],[51.50164,35.63614],[51.50206,35.63631],[51.50218,35.63671],[51.50188,35.63701],[51.50181,35.63751],[51.50172,35.63794],[51.50161,35.63835],[51.5015,35.63876],[51.5014,35.63913],[51.50132,35.63957],[51.50123,35.64002],[51.50115,35.64047],[51.50107,35.64091],[51.50086,35.6414],[51.50036,35.6414],[51.49987,35.64136],[51.49936,35.64138],[51.49887,35.64131],[51.49835,35.64114],[51.49797,35.64137],[51.49766,35.64174],[51.49733,35.64213],[51.49689,35.64229],[51.49639,35.64203],[51.49594,35.64184],[51.49548,35.64218],[51.49523,35.64252],[51.495,35.64293],[51.49523,35.64334],[51.49564,35.64356],[51.49613,35.64374],[51.49556,35.64367],[51.49515,35.6435],[51.495,35.64345],[51.495,35.64345],[51.495,35.64345],[51.495,35.64345],[51.495,35.64344],[51.495,35.64344],[51.49499,35.64344],[51.49499,35.64344],[51.49447,35.64318],[51.49397,35.64292],[51.49343,35.64264],[51.49299,35.64241],[51.49258,35.64222],[51.49212,35.64201],[51.49174,35.64175],[51.49124,35.64144],[51.49083,35.64119],[51.49049,35.64092],[51.49008,35.64059],[51.48957,35.64023],[51.48899,35.63984],[51.48849,35.63948],[51.48809,35.63919],[51.4876,35.6389],[51.48758,35.63883],[51.48753,35.63884],[51.48752,35.63884],[51.48752,35.63883],[51.4872,35.63857],[51.48765,35.63878],[51.48814,35.63914],[51.48867,35.63952],[51.48917,35.63987],[51.4896,35.64019],[51.49003,35.64052],[51.49041,35.64081],[51.49085,35.64112],[51.49132,35.64143],[51.4917,35.64167],[51.49217,35.64189],[51.49278,35.64218],[51.4934,35.64247],[51.49395,35.64274],[51.49455,35.64303],[51.49512,35.64332],[51.49565,35.64361],[51.49618,35.64382],[51.4955,35.64361],[51.49517,35.64337],[51.49515,35.64339],[51.49513,35.64341],[51.49513,35.64341],[51.49512,35.64342],[51.49512,35.64342],[51.49473,35.64321],[51.49425,35.64302],[51.49372,35.64278],[51.4932,35.64251],[51.49272,35.64227],[51.49224,35.64207],[51.49213,35.64249],[51.4922,35.64292],[51.49196,35.64324],[51.49153,35.64339],[51.49107,35.64338],[51.49079,35.64374],[51.49083,35.64411],[51.49093,35.64451],[51.49101,35.64494],[51.49105,35.64531],[51.49113,35.64568],[51.49115,35.64613],[51.4912,35.64653],[51.49127,35.64696],[51.4913,35.64732],[51.49138,35.64775],[51.49149,35.64814],[51.49163,35.64856],[51.49179,35.64899],[51.49179,35.64939],[51.49135,35.64949],[51.49084,35.64965],[51.49031,35.6498],[51.48988,35.6499],[51.48939,35.64993],[51.48912,35.6497],[51.489,35.64948],[51.48885,35.64908],[51.48876,35.64905],[51.48876,35.64905],[51.48876,35.64904],[51.48877,35.64904],[51.48877,35.64904],[51.48867,35.64882],[51.4886,35.64845],[51.48854,35.64807],[51.48853,35.64769],[51.48855,35.64767],[51.48849,35.64773],[51.48849,35.64775],[51.4885,35.64761],[51.48905,35.64757],[51.48953,35.64739],[51.49001,35.64726],[51.49045,35.64705],[51.49088,35.64695],[51.49149,35.64704],[51.49206,35.64707],[51.49268,35.64701],[51.49332,35.64707],[51.49385,35.6471],[51.49425,35.64686],[51.4942,35.64634],[51.49417,35.6459],[51.49406,35.64561],[51.49405,35.64558],[51.49412,35.64537],[51.49415,35.64525],[51.49401,35.64554],[51.49351,35.64535],[51.49288,35.6454],[51.49222,35.64549],[51.49173,35.6455],[51.49119,35.64549],[51.49114,35.64592],[51.49117,35.64629],[51.49124,35.64674],[51.49136,35.6472],[51.49142,35.64762],[51.49156,35.64806],[51.49171,35.6484],[51.49186,35.6488],[51.492,35.64924],[51.49215,35.64961],[51.49227,35.65004],[51.49238,35.65048],[51.49249,35.65091],[51.49263,35.65134],[51.4928,35.6518],[51.49296,35.65219],[51.49308,35.65257],[51.49319,35.65292],[51.49334,35.65328],[51.49346,35.65358],[51.49354,35.65387],[51.4937,35.65423],[51.49379,35.65461],[51.49392,35.655],[51.49407,35.65543],[51.49423,35.65589],[51.49437,35.65622],[51.49437,35.65622],[51.4944,35.6563],[51.4944,35.6563],[51.4944,35.65626],[51.49449,35.65668],[51.49462,35.65705],[51.49469,35.65743],[51.4949,35.65782],[51.49504,35.65825],[51.49515,35.6586],[51.49533,35.65906],[51.49546,35.65955],[51.49557,35.65987],[51.49557,35.65987],[51.49558,35.65989],[51.49599,35.65973],[51.4964,35.65943],[51.49676,35.65921],[51.49733,35.65897],[51.49771,35.6587],[51.49815,35.65857],[51.49835,35.65886],[51.49834,35.65886],[51.49834,35.65886],[51.49834,35.65886],[51.49834,35.65885],[51.49833,35.65886],[51.49833,35.65887],[51.49832,35.65889],[51.49831,35.6589],[51.49831,35.65889],[51.49831,35.65889],[51.49809,35.65874],[51.49802,35.65835],[51.49782,35.65777],[51.49761,35.6573],[51.49743,35.65696],[51.49732,35.65653],[51.49699,35.65623],[51.49642,35.65618],[51.4958,35.6563],[51.4951,35.65641],[51.49468,35.65665],[51.49419,35.65686],[51.4937,35.65689],[51.49321,35.65695],[51.4927,35.65699],[51.49216,35.6572],[51.49173,35.65737],[51.4916,35.65733],[51.49162,35.65733],[51.49164,35.65732],[51.49165,35.65733],[51.49166,35.65753],[51.49168,35.65757],[51.49153,35.65714],[51.4914,35.65673],[51.49126,35.65636],[51.49116,35.65596],[51.49105,35.65552],[51.49092,35.65511],[51.49074,35.65467],[51.49069,35.65455],[51.49066,35.65456],[51.4905,35.65415],[51.49097,35.654],[51.4915,35.65383],[51.49211,35.65365],[51.49269,35.65351],[51.49316,35.65344],[51.49344,35.65372],[51.49365,35.65406],[51.49413,35.6542],[51.49473,35.65406],[51.4952,35.65402],[51.49574,35.65391],[51.49618,35.65386],[51.49621,35.65388],[51.49623,35.65387],[51.49625,35.65384],[51.49624,35.65384],[51.49622,35.6539],[51.49622,35.65389],[51.49623,35.65387],[51.49636,35.65379],[51.49636,35.6538],[51.49642,35.65381],[51.4964,35.65334],[51.49621,35.65301],[51.49611,35.65257],[51.496,35.65215],[51.49581,35.65161],[51.49563,35.65121],[51.49549,35.65081],[51.49535,35.65044],[51.49523,35.65009],[51.49505,35.64957],[51.49478,35.64924],[51.49434,35.64931],[51.4938,35.64943],[51.4932,35.64959],[51.49269,35.64977],[51.49223,35.64994],[51.49163,35.65005],[51.49118,35.65017],[51.49074,35.65025],[51.49014,35.65037],[51.48964,35.65047],[51.48919,35.65016],[51.48906,35.64975],[51.48892,35.64929],[51.48877,35.64894],[51.48876,35.64888],[51.48882,35.64884],[51.48883,35.64886],[51.4888,35.64888],[51.48873,35.64895],[51.48873,35.64896],[51.48862,35.64852],[51.48852,35.64813],[51.48844,35.64776],[51.48899,35.64763],[51.48958,35.64767],[51.49016,35.64761],[51.49065,35.6475],[51.49109,35.64755],[51.49135,35.64787],[51.49184,35.64771],[51.49235,35.64755],[51.49276,35.64769],[51.49327,35.64774],[51.49371,35.64753],[51.49387,35.6471],[51.49398,35.64671],[51.49443,35.64666],[51.49501,35.64658],[51.49558,35.64646],[51.49618,35.64637],[51.49656,35.64605],[51.49661,35.64558],[51.49651,35.64502],[51.49638,35.64458],[51.49667,35.64491],[51.49683,35.64565],[51.49691,35.64604],[51.497,35.64643],[51.49709,35.64682],[51.49722,35.64739],[51.49745,35.64796],[51.49764,35.64841],[51.49786,35.64898],[51.49813,35.64969],[51.49825,35.65004],[51.49847,35.65069],[51.4986,35.65106],[51.4988,35.65169],[51.49899,35.65233],[51.49912,35.65274],[51.49927,35.65313],[51.49941,35.65354],[51.49957,35.654],[51.4998,35.65463],[51.49997,35.65519],[51.5001,35.65555],[51.50024,35.65594],[51.5004,35.65636],[51.50056,35.65677],[51.50071,35.65719],[51.50086,35.65759],[51.50099,35.65799],[51.50113,35.65838],[51.50127,35.65878],[51.50141,35.65918],[51.50151,35.65955],[51.50169,35.66005],[51.50229,35.66019],[51.50291,35.66006],[51.50362,35.65989],[51.50444,35.6597],[51.50531,35.6595],[51.50574,35.6594],[51.50618,35.65931],[51.50696,35.65911],[51.5076,35.659],[51.50804,35.65919],[51.50808,35.6597],[51.50812,35.66016],[51.50833,35.66054],[51.50841,35.6609],[51.50844,35.66154],[51.50846,35.66228],[51.50847,35.663],[51.5085,35.66372],[51.50845,35.6644],[51.5084,35.66509],[51.5084,35.66546],[51.5084,35.66585],[51.50842,35.66626],[51.50843,35.66665],[51.50843,35.66705],[51.50845,35.66745],[51.50846,35.66786],[51.50847,35.66826],[51.50848,35.66867],[51.50849,35.66908],[51.5085,35.66949],[51.50851,35.66992],[51.50851,35.67034],[51.50852,35.67075],[51.50852,35.67117],[51.50853,35.67162],[51.50854,35.67207],[51.50855,35.67253],[51.50856,35.673],[51.50858,35.67346],[51.50859,35.6739],[51.5086,35.67431],[51.50861,35.67492],[51.50835,35.67545],[51.50783,35.67554],[51.50723,35.67577],[51.50682,35.67613],[51.50669,35.6765],[51.50689,35.67689],[51.50729,35.67719],[51.50778,35.67735],[51.50835,35.67734],[51.50894,35.67731],[51.50959,35.67727],[51.51025,35.67724],[51.51088,35.67724],[51.51131,35.67748],[51.51187,35.67787],[51.51186,35.67827],[51.51136,35.67854],[51.51085,35.67855],[51.51037,35.67859],[51.50988,35.67857],[51.50982,35.67849],[51.50982,35.67849],[51.50982,35.67849],[51.50981,35.67849],[51.50981,35.67849],[51.50981,35.67849],[51.51026,35.67851],[51.51096,35.67849],[51.51148,35.67848],[51.51194,35.67816],[51.51172,35.6778],[51.51131,35.67753],[51.51072,35.67727],[51.51006,35.67728],[51.50942,35.67732],[51.50895,35.67734],[51.50826,35.67737],[51.50772,35.67758],[51.50744,35.67728],[51.50697,35.67698],[51.50667,35.67665],[51.5062,35.67658],[51.50574,35.67676],[51.50518,35.67715],[51.50458,35.67756],[51.50391,35.67802],[51.50356,35.67827],[51.5032,35.67852],[51.50286,35.67876],[51.50223,35.67919],[51.50159,35.67964],[51.50123,35.6799],[51.50084,35.68016],[51.50041,35.68045],[51.49997,35.68076],[51.49953,35.68108],[51.49911,35.68138],[51.4987,35.68165],[51.49832,35.68192],[51.49796,35.68218],[51.4976,35.68243],[51.49724,35.68268],[51.49662,35.6831],[51.49612,35.68345],[51.4956,35.68379],[51.49528,35.68405],[51.49494,35.68433],[51.49459,35.68463],[51.49423,35.68491],[51.49384,35.68517],[51.4935,35.68542],[51.49326,35.68575],[51.49322,35.68612],[51.49322,35.68651],[51.4932,35.68696],[51.49322,35.68738],[51.49322,35.68782],[51.49318,35.68827],[51.49314,35.68885],[51.49313,35.68952],[51.49318,35.6899],[51.49328,35.69035],[51.49341,35.69082],[51.49358,35.69132],[51.49377,35.69184],[51.49405,35.69237],[51.49437,35.69285],[51.4947,35.69333],[51.49503,35.69374],[51.49536,35.69412],[51.49568,35.69451],[51.49602,35.69491],[51.49636,35.69532],[51.4967,35.69572],[51.49706,35.69613],[51.49739,35.69651],[51.4977,35.69687],[51.49803,35.69725],[51.49837,35.69765],[51.49873,35.69805],[51.4991,35.69845],[51.49946,35.69886],[51.49979,35.69928],[51.50009,35.69978],[51.50036,35.7003],[51.50061,35.70087],[51.50086,35.70144],[51.50111,35.70202],[51.50135,35.70261],[51.50155,35.70321],[51.50174,35.7038],[51.50193,35.70437],[51.50213,35.70489],[51.50234,35.70538],[51.50257,35.70586],[51.50281,35.70636],[51.50306,35.70689],[51.5033,35.70744],[51.50354,35.70801],[51.50378,35.7086],[51.50404,35.70919],[51.50429,35.70978],[51.50455,35.71037],[51.50484,35.71094],[51.50517,35.7115],[51.5055,35.71202],[51.50587,35.71252],[51.5063,35.71303],[51.50673,35.71353],[51.50715,35.71399],[51.50757,35.71447],[51.50802,35.71499],[51.50848,35.71551],[51.50895,35.71602],[51.50945,35.71655],[51.50994,35.71706],[51.51039,35.71752],[51.51083,35.71797],[51.51129,35.71842],[51.51176,35.71888],[51.51225,35.71935],[51.51275,35.71982],[51.51329,35.72024],[51.51392,35.72064],[51.51459,35.72099],[51.51531,35.72129],[51.51606,35.72153],[51.51682,35.72171],[51.51758,35.72181],[51.51827,35.72186],[51.51887,35.72189],[51.51939,35.72189],[51.52016,35.72192],[51.52069,35.72194],[51.52114,35.72197],[51.52075,35.72167],[51.5199,35.72167],[51.51909,35.7217],[51.51846,35.72166],[51.51898,35.72149],[51.5196,35.72152],[51.52045,35.72155],[51.52091,35.72156],[51.5214,35.7216],[51.5219,35.72172],[51.52236,35.72192],[51.52273,35.72221],[51.52303,35.72256],[51.52325,35.72292],[51.52353,35.72345],[51.52381,35.72377],[51.52428,35.7239],[51.52483,35.72394],[51.52548,35.72399],[51.52609,35.72402],[51.52687,35.72408],[51.52761,35.72413],[51.52847,35.72417],[51.52935,35.72425],[51.52983,35.72428],[51.53029,35.72432],[51.53075,35.72436],[51.53127,35.72438],[51.53177,35.72442],[51.53223,35.72445],[51.53272,35.72448],[51.53325,35.72452],[51.53381,35.72456],[51.53441,35.72459],[51.53502,35.72461],[51.53572,35.72462],[51.53647,35.72465],[51.53698,35.72469],[51.53751,35.72475],[51.53807,35.72479],[51.53865,35.72483],[51.53928,35.72488],[51.53992,35.72492],[51.54058,35.72496],[51.54126,35.72499],[51.54194,35.72503],[51.54259,35.72508],[51.54323,35.72512],[51.54388,35.72519],[51.54456,35.72524],[51.54525,35.72529],[51.54596,35.72534],[51.54666,35.72539],[51.54737,35.72545],[51.54807,35.7255],[51.54879,35.72554],[51.5495,35.7256],[51.5502,35.72565],[51.55089,35.7257],[51.5515,35.72574],[51.55206,35.72577],[51.55258,35.72581],[51.55305,35.72584],[51.55281,35.72615],[51.55244,35.72649],[51.55207,35.7269],[51.55213,35.72732],[51.55259,35.7276],[51.55306,35.7279],[51.55347,35.72812],[51.55389,35.72834],[51.55444,35.72866],[51.5548,35.72889],[51.55453,35.72935],[51.5542,35.72968],[51.55419,35.72995],[51.55442,35.72983]]]}},{"type":"Feature","properties":{"route":14,"color":"#475569","times":[[22980,23019,23079,23139,23199,23259,23319,23379,23439,23499,23559,23619,23679,23739,23799,23859,23919,23979,24039,24099,24159,24219,24279,24339,24399,24459,24519,24579,24639,24699,24759,24819,24879,24939,24999,25059,25119,25179,25239,25299,25359,25419,25479,25539,25599,25659,25719,25779,25839,25899,25959,26019,26079,26139,26199,26259,26319,26379,26439,26499,26559,26619,26679,26739,26799,26859,26919,26979,27039,27099,27159,27219,27279,27339,27399,27459,27519,27579,27639,27699,27759,27819,27879,27939,27999,28059,28119,28179,28239,28299,28359,28419,28479,28539,28599,28659,28719,28779,28839,28899,28959,29019,29079,29139,29199,29259,29319,29379,29439,29474,29480,29489,29495,29501,29507,29513,29528,29537,29543,29546,29549,29555,29570,29576,29579,29582,29585,29588,29591,29594,29597,29600,29603,29606,29609,29612,29615,29618,29621,29624,29627,29630,29633,29636,29639,29642,29645,29648,29651,29654,29657,29660,29663,29666,29669,29672,29675,29678,29681,29684,29687,29690,29693,29696,29699,29702,29705,29708,29711,29714,29717,29720,29723,29726,29729,29732,29735,29738,29741,29744,29747,29753,29759,29765,29771,29777,29780,29783,29786,29789,29792,29795,29801,29810,29816,29819,29822,29825,29828,29831,29834,29837,29843,29849,29855,29858,29861,29864,29867,29870,29873,29876,29879,29882,29885,29888,29891,29894,29897,29900,29903,29906,29909,29912,29918,29924,29930,29936,29942,29948,29954,29957,29960,29963,29966,29969,29972,29975,29978,29981,29984,29987,29990,29993,29996,29999,30002,30005,30011,30014,30017,30020,30023,30026,30029,30032,30035,30038,30041,30044,30047,30050,30053,30056,30059,30062,30065,30068,30071,30074,30077,30080,30083,30086,30089,30092,30095,30098,30101,30104,30107,30110,30113,30116,30119,30122,30125,30128,30131,30134,30137,30140,30146,30152,30155,30158,30161,30164,30167,30170,30173,30176,30179,30182,30185,30188,30191,30194,30197,30200,30203,30206,30209,30212,30215,30218,30221,30224,30227,30230,30233,30236,30239,30242,30245,30248,30251,30254,30257,30260,30263,30266,30269,30272,30275,30278,30281,30284,30287,30290,30293,30296,30299,30302,30305,30308,30311,30314,30320,30326,30329,30332,30335,30338,30341,30344,30347,30350,30353,30356,30359,30362,30365,30368,30371,30377,30380,30383,30386,30392,30398,30407,30416,30422,30428,30434,30440,30443,30446,30452,30458,30467,30473,30476,30482,30485,30488,30494,30500,30506,30509,30515,30518,30524,30530,30536,30542,30548,30554,30560,30566,30572,30578,30584,30590,30593,30596,30599,30602,30608,30614,30620,30626,30632,30638,30644,30647,30653,30659,30665,30671,30680,30686,30692,30698,30701,30704,30707,30710,30716,30722,30728,30731,30734,30740,30746,30752,30758,30764,30770,30776,30782,30785,30791,30797,30803,30809,30812,30815,30818,30821,30824,30827,30830,30833,30836,30839,30845,30848,30851,30854,30857,30860,30863,30866,30869,30872,30875,30878,30881,30884,30887,30890,30893,30896,30899,30902,30905,30908,30911,30914,30917,30920,30923,30926,30929,30932,30935,30938,30941,30944,30947,30950,30953,30956,30959,30962,30965,30968,30971,30974,30977,30980,30983,30986,30989,30992,30995,30998,31001,31004,31007,31010,31013,31016,31019,31022,31028,31034,31037,31040,31043,31046,31049,31052,31055,31058,31061,31064,31067,31070,31076,31079,31085,31088,31094,31100,31106,31112,31118,31124,31184,31244,31304,31319,31325,31331,31337,31340,31343,31346,31349,31352,31355,31361,31367,31373,31376,31382,31388,31394,31397,31400,31403,31406,31409,31412,31415,31418,31421,31424,31427,31430,31433,31436,31439,31442,31445,31448,31451,31454,31460,31466,31472,31475,31478,31481,31484,31487,31490,31493,31496,31502,31508,31514,31517,31520,31523,31526,31529,31532,31538,31541,31544,31547,31550,31553,31556,31559,31562,31565,31568,31571,31574,31577,31580,31583,31586,31589,31592,31595,31598,31601,31604,31607,31610,31613,31616,31619,31622,31625,31628,31631,31634,31637,31640,31643,31646,31649,31652,31655,31658,31661,31664,31667,31670,31673,31679,31739,31754,31760,31766,31769,31775,31781,31784,31790,31796,31805,31808,31811,31814,31817,31820,31823,31826,31832,31838,31844,31853,31859,31919,31979,32039,32099,32159,32219,32279,32339,32399,32459,32519,32546,32552,32555,32558,32561,32564,32567,32570,32573,32576,32579,32582,32585,32591,32594,32597,32600,32603,32606,32609,32612,32615,32618,32621,32624,32627,32630,32633,32639,32645,32648,32651,32654,32657,32660,32663,32666,32669,32672,32675,32678,32681,32684,32687,32690,32693,32696,32699,32702,32708,32711,32714,32717,32720,32723,32726,32729,32732,32738,32741,32744,32747,32750,32753,32756,32759,32762,32765,32768,32771,32774,32777,32780,32783,32789,32795,32801,32807,32813,32819,32825,32831,32837,32843,32849,32855,32858,32861,32864,32867,32873,32879,32882,32885,32888,32891,32894,32897,32900,32903,32906,32909,32912,32915,32918,32921,32924,32930,32936,32942,32948,32954,32957,32960,32963,32966,32969,32972,32975,32978,32984,32990,32996,32999,33002,33005,33011,33014,33017,33020,33026,33032,33035,33041,33047,33050,33053,33056,33059,33062,33068,33071,33074,33077,33080,33083,33089,33092,33095,33098,33101,33104,33107,33110,33113,33116,33119,33122,33125,33128,33131,33134,33137,33140,33143,33146,33152,33155,33158,33161,33164,33167,33170,33173,33176,33179,33182,33185,33188,33191,33194,33197,33200,33203,33206,33209,33212,33215,33218,33221,33224,33227,33230,33233,33236,33239,33242,33245,33248,33251,33254,33257,33260,33263,33266,33269,33272,33278,33284,33290,33296,33302,33305,33308,33311,33314,33317,33320,33323,33326,33329,33332,33335,33341,33347,33353,33356,33359,33362,33365,33368,33371,33374,33377,33380,33383,33386,33392,33398,33401,33404,33407,33410,33413,33416,33422,33425,33428,33431,33434,33437,33440,33443,33446,33449,33452,33455,33458,33461,33464,33467,33470,33473,33479,33485,33491,33494,33497,33500,33506,33509,33515,33518,33521,33527,33533,33536,33539,33542,33545,33548,33554,33560,33566,33626,33632,33641,33701,33761,33821,33881,33941,34001,34061,34121,34181,34241,34301,34361,34397,34403,34409,34415,34421,34481,34526,34532,34538,34544,34550,34556,34562,34568,34574,34583,34589,34595,34601,34607,34613,34673,34733,34778,34784,34790,34796,34802,34808,34814,34817,34823,34829,34835,34841,34847,34853,34913,34973,35033,35093,35117,35177,35237,35297,35357,35417,35477,35537,35597,35606,35612,35618,35624,35630,35636,35648,35708,35768,35828,35870,35876,35882,35888,35897,35903,35909,35915,35921,35927,35933,35939,35957,36017,36077,36137,36197,36257,36317,36362,36368,36374,36380,36386,36392,36398,36404,36413,36419,36425,36431,36437,36443,36449,36455,36461,36467,36473,36479,36485,36491,36497,36500,36503,36506,36509,36512,36515,36518,36521,36524,36527,36533,36536,36539,36542,36545,36548,36551,36554,36560,36566,36569,36575,36581,36587,36590,36593,36599,36605,36608,36611,36614,36617,36620,36623,36626,36632,36635,36638,36641,36644,36647,36650,36653,36656,36659,36662,36665,36668,36671,36674,36677,36680,36683,36686,36689,36695,36701,36716,36722,36728,36734,36740,36746,36752,36758,36764,36770,36776,36782,36788,36797,36803,36809,36815,36821,36827,36833,36839,36845,36851,36857,36863,36869,36875,36878,36881,36884,36890,36896,36899,36902,36905,36911,36917,36923,36929,36935,36941,36947,36953,36959,36965,36971,36977,36983,36989,36995,37001,37007,37013,37019,37025,37031,37037,37043,37049,37055,37061,37067,37073,37079,37085,37091,37097,37103,37109,37115,37121,37130,37136,37142,37148,37154,37160,37166,37172,37178,37184,37190,37193,37196,37202,37208,37214,37220,37223,37226,37232,37238,37241,37244,37247,37250,37253,37259,37265,37268,37274,37277,37280,37283,37286,37289,37292,37295,37301,37304,37307,37310,37313,37316,37319,37322,37325,37328,37331,37334,37337,37340,37343,37346,37349,37352,37355,37358,37361,37364,37367,37370,37373,37376,37379,37382,37385,37388,37391,37394,37397,37400,37403,37406,37409,37412,37415,37421,37427,37430,37433,37439,37442,37445,37448,37451,37454,37457,37460,37463,37466,37469,37472,37475,37478,37481,37484,37487,37490,37493,37496,37499,37502,37505,37508,37511,37514,37517,37520,37523,37526,37529,37532,37535,37538,37541,37544,37547,37550,37553,37556,37559,37562,37565,37571,37577,37580,37583,37586,37589,37592,37595,37598,37601,37604,37607,37610,37613,37616,37619,37625,37631,37640,37652,37658,37664,37667,37670,37673,37676,37679,37682,37685,37688,37691,37694,37697,37700,37703,37706,37709,37712,37718,37724,37727,37730,37733,37736,37739,37742,37745,37748,37754,37760,37766,37772,37778,37784,37787,37790,37793,37799,37805,37811,37817,37823,37826,37829,37832,37835,37838,37841,37844,37847,37850,37853,37856,37859,37862,37865,37868,37871,37874,37877,37880,37883,37886,37889,37892,37895,37898,37901,37904,37907,37910,37913,37916,37919,37922,37925,37928,37931,37934,37937,37940,37943,37946,37949,37952,37955,37958,37961,37964,37967,37970,37973,37976,37979,37982,37985,37988,37991,37994,38000,38021,38030,38036,38042,38048,38054,38063,38069,38129,38189,38249]]},"geometry":{"type":"MultiLineString","coordinates":[[[51.55351,35.72993],[51.55391,35.73009],[51.5542,35.73011],[51.55425,35.73004],[51.55421,35.73005],[51.55423,35.73006],[51.55405,35.72996],[51.55405,35.72995],[51.55405,35.72995],[51.55392,35.72987],[51.55402,35.72989],[51.55394,35.72986],[51.55396,35.72982],[51.55396,35.72982],[51.55398,35.72983],[51.55393,35.72983],[51.55392,35.72983],[51.55395,35.72986],[51.55397,35.72986],[51.55398,35.72993],[51.55398,35.72988],[51.55394,35.72983],[51.55391,35.72984],[51.55389,35.72985],[51.5539,35.72985],[51.5539,35.72985],[51.5539,35.72985],[51.55391,35.72985],[51.55391,35.72985],[51.55391,35.72985],[51.55393,35.72986],[51.55394,35.72986],[51.55395,35.72986],[51.55395,35.72986],[51.55395,35.72986],[51.55395,35.72986],[51.55395,35.72986],[51.55396,35.72986],[51.55396,35.72986],[51.55397,35.72986],[51.55397,35.72986],[51.55397,35.72987],[51.55398,35.72988],[51.55398,35.72989],[51.55395,35.72982],[51.554,35.72982],[51.55407,35.72983],[51.5541,35.72984],[51.55418,35.72989],[51.55418,35.72997],[51.5542,35.72994],[51.55417,35.72995],[51.55422,35.72994],[51.5542,35.72983],[51.55412,35.72992],[51.5541,35.72995],[51.55408,35.72996],[51.55429,35.72965],[51.55414,35.72978],[51.55414,35.72978],[51.55414,35.72978],[51.55414,35.72978],[51.55414,35.72978],[51.55414,35.72978],[51.55415,35.72978],[51.55415,35.72978],[51.55415,35.72979],[51.55415,35.72979],[51.55415,35.72979],[51.55416,35.72978],[51.55416,35.72978],[51.55416,35.72978],[51.55416,35.72978],[51.55417,35.72978],[51.55417,35.72978],[51.55418,35.72977],[51.55418,35.72977],[51.55419,35.72977],[51.55419,35.72977],[51.5542,35.72977],[51.55421,35.72977],[51.55421,35.72976],[51.55421,35.72976],[51.55422,35.72977],[51.55422,35.72977],[51.55422,35.72976],[51.55423,35.72976],[51.55423,35.72976],[51.55423,35.72976],[51.55423,35.72976],[51.55423,35.72976],[51.55424,35.72975],[51.55424,35.72975],[51.55424,35.72975],[51.55422,35.72982],[51.55418,35.72993],[51.55401,35.72987],[51.55419,35.72997],[51.55416,35.72995],[51.55411,35.72993],[51.55408,35.72992],[51.55405,35.7299],[51.55405,35.7299],[51.55405,35.72989],[51.55403,35.72989],[51.55405,35.72988],[51.55404,35.72988],[51.55403,35.72988],[51.55424,35.72974],[51.55459,35.72936],[51.55487,35.72906],[51.55525,35.72863],[51.55563,35.72818],[51.5561,35.72766],[51.55659,35.72716],[51.55697,35.72675],[51.55694,35.72637],[51.55632,35.72622],[51.55546,35.72615],[51.55497,35.72612],[51.55451,35.72609],[51.55379,35.72604],[51.55423,35.72593],[51.5551,35.72599],[51.55563,35.72603],[51.55617,35.72607],[51.55674,35.72609],[51.55732,35.72614],[51.55792,35.72616],[51.55853,35.72617],[51.55914,35.72614],[51.55976,35.7261],[51.56039,35.72607],[51.56103,35.72604],[51.56169,35.726],[51.56239,35.72593],[51.56307,35.72587],[51.56374,35.72576],[51.56438,35.72558],[51.56503,35.72537],[51.56569,35.72516],[51.56632,35.725],[51.56696,35.72485],[51.56764,35.72475],[51.56833,35.72464],[51.56901,35.72454],[51.5697,35.72444],[51.57038,35.72434],[51.57106,35.72424],[51.57176,35.72416],[51.57247,35.72409],[51.57319,35.72403],[51.57391,35.72397],[51.57461,35.72394],[51.57528,35.72389],[51.57595,35.72384],[51.57661,35.72381],[51.57729,35.72379],[51.57798,35.72378],[51.57868,35.72376],[51.57938,35.72374],[51.58006,35.72372],[51.58073,35.72371],[51.58138,35.72369],[51.58202,35.72366],[51.58265,35.72366],[51.5833,35.72366],[51.58393,35.7237],[51.58458,35.72379],[51.58521,35.72393],[51.58586,35.72412],[51.58649,35.72432],[51.58707,35.72462],[51.58761,35.72498],[51.58808,35.72537],[51.58845,35.72581],[51.58878,35.72628],[51.58912,35.72675],[51.58951,35.72716],[51.58996,35.7275],[51.59036,35.72779],[51.59082,35.72813],[51.59125,35.72841],[51.59186,35.72881],[51.59242,35.72929],[51.59302,35.72981],[51.59334,35.73008],[51.59367,35.73037],[51.594,35.73064],[51.59433,35.73092],[51.59466,35.73119],[51.59497,35.73145],[51.59534,35.73177],[51.5957,35.73213],[51.59627,35.7325],[51.59668,35.73273],[51.5971,35.73295],[51.59753,35.73318],[51.59798,35.73343],[51.59843,35.73368],[51.59883,35.73397],[51.59918,35.73421],[51.59955,35.73452],[51.60002,35.73489],[51.60062,35.73534],[51.60094,35.7356],[51.6013,35.73586],[51.60161,35.73615],[51.6019,35.73651],[51.60217,35.73691],[51.60248,35.73733],[51.60281,35.73776],[51.60315,35.73819],[51.60348,35.73862],[51.60382,35.73905],[51.60416,35.73948],[51.60447,35.73991],[51.6048,35.74034],[51.60501,35.74077],[51.60516,35.74122],[51.60529,35.74165],[51.60544,35.74208],[51.60558,35.74252],[51.60571,35.74289],[51.60585,35.74325],[51.606,35.74364],[51.60616,35.74397],[51.6063,35.74432],[51.60646,35.74468],[51.60685,35.74515],[51.60746,35.74568],[51.60778,35.74594],[51.60809,35.74622],[51.6084,35.74652],[51.6087,35.74685],[51.60904,35.74715],[51.6094,35.74745],[51.60976,35.74775],[51.61012,35.74803],[51.61049,35.74832],[51.61087,35.74861],[51.61127,35.74892],[51.61167,35.74922],[51.61207,35.7495],[51.61247,35.74979],[51.61287,35.75007],[51.61328,35.75036],[51.61366,35.75065],[51.61431,35.7511],[51.61462,35.75136],[51.61492,35.75163],[51.6152,35.75196],[51.6155,35.75231],[51.61577,35.7527],[51.61597,35.75313],[51.61616,35.75356],[51.61641,35.75395],[51.61672,35.75432],[51.61707,35.75468],[51.61743,35.75506],[51.61774,35.75546],[51.61797,35.75589],[51.61815,35.75636],[51.61832,35.75687],[51.61858,35.75733],[51.61886,35.75779],[51.61909,35.75825],[51.61932,35.75866],[51.61962,35.759],[51.62002,35.75932],[51.62046,35.75963],[51.62092,35.75993],[51.6214,35.7602],[51.6219,35.76045],[51.6223,35.7608],[51.62268,35.76117],[51.62305,35.76156],[51.62343,35.76194],[51.6238,35.76231],[51.62416,35.76273],[51.62453,35.76314],[51.62493,35.76354],[51.62532,35.76392],[51.6257,35.76425],[51.62611,35.76457],[51.62653,35.76487],[51.62692,35.7652],[51.62721,35.7656],[51.62728,35.76599],[51.62712,35.76635],[51.62692,35.76674],[51.62677,35.76713],[51.62702,35.76769],[51.62783,35.76798],[51.6283,35.76807],[51.62878,35.76822],[51.62926,35.76844],[51.62973,35.76867],[51.63019,35.76892],[51.63065,35.7692],[51.63101,35.76956],[51.63138,35.76992],[51.63177,35.77027],[51.63214,35.77068],[51.6324,35.77114],[51.63263,35.77161],[51.63284,35.77208],[51.63286,35.77256],[51.63291,35.77306],[51.63291,35.77347],[51.63267,35.77384],[51.63238,35.77417],[51.63206,35.77452],[51.6317,35.77485],[51.63138,35.77523],[51.63101,35.77557],[51.63067,35.77595],[51.63053,35.7764],[51.63034,35.77686],[51.63003,35.77726],[51.62973,35.77766],[51.62941,35.77805],[51.6291,35.77844],[51.62882,35.77887],[51.62853,35.77934],[51.62824,35.7798],[51.62792,35.78025],[51.62756,35.78065],[51.62737,35.78101],[51.62735,35.78142],[51.62724,35.78182],[51.62711,35.7822],[51.62704,35.78258],[51.62701,35.78297],[51.62702,35.78336],[51.62706,35.78375],[51.62692,35.78413],[51.62669,35.78453],[51.6263,35.78479],[51.62582,35.78495],[51.62547,35.78522],[51.62525,35.78557],[51.62497,35.78591],[51.62465,35.78621],[51.62432,35.78652],[51.624,35.78683],[51.62358,35.78699],[51.62312,35.78708],[51.6227,35.78759],[51.62238,35.7882],[51.62203,35.78845],[51.62159,35.78855],[51.62107,35.78855],[51.62051,35.78854],[51.61997,35.78862],[51.61945,35.78876],[51.61894,35.7889],[51.61842,35.78904],[51.61788,35.78917],[51.61736,35.78929],[51.61687,35.78931],[51.61634,35.78922],[51.61578,35.78912],[51.61522,35.78912],[51.61474,35.78927],[51.61417,35.78975],[51.61401,35.79016],[51.61385,35.79062],[51.61374,35.79102],[51.6138,35.79168],[51.61366,35.7921],[51.61326,35.79171],[51.61277,35.79153],[51.61249,35.79195],[51.61245,35.79243],[51.61257,35.79289],[51.61244,35.79346],[51.61221,35.79378],[51.61187,35.79404],[51.61123,35.79394],[51.61083,35.79342],[51.6103,35.79373],[51.61011,35.79439],[51.61,35.79476],[51.60985,35.7955],[51.60976,35.79592],[51.60973,35.7963],[51.6095,35.79682],[51.6088,35.7967],[51.6079,35.79671],[51.60747,35.79686],[51.60697,35.79742],[51.60693,35.79779],[51.6072,35.79847],[51.60684,35.79889],[51.60615,35.79885],[51.60553,35.79917],[51.60495,35.79953],[51.60418,35.79954],[51.60346,35.79963],[51.60296,35.80003],[51.60288,35.80064],[51.6028,35.80127],[51.60238,35.80182],[51.60174,35.80233],[51.60128,35.80254],[51.60086,35.80271],[51.60042,35.80286],[51.59994,35.80297],[51.59935,35.80324],[51.59928,35.80379],[51.59919,35.80444],[51.59896,35.80502],[51.59837,35.80543],[51.59764,35.80527],[51.59677,35.80518],[51.59631,35.80518],[51.59547,35.80531],[51.59471,35.80521],[51.59394,35.80507],[51.59325,35.80494],[51.59321,35.80544],[51.59352,35.80587],[51.59325,35.80636],[51.59331,35.80702],[51.59342,35.80739],[51.5935,35.80779],[51.59358,35.80817],[51.5937,35.80854],[51.59409,35.80911],[51.59382,35.80942],[51.59324,35.80897],[51.59292,35.80865],[51.59265,35.80831],[51.59206,35.80796],[51.59123,35.80806],[51.59081,35.80855],[51.5908,35.80922],[51.59016,35.80958],[51.58994,35.80997],[51.5902,35.81052],[51.58988,35.81105],[51.58955,35.8113],[51.58908,35.81168],[51.58873,35.812],[51.58839,35.81237],[51.58775,35.81278],[51.58729,35.813],[51.58679,35.81325],[51.58627,35.8135],[51.58571,35.81379],[51.58516,35.81407],[51.58458,35.81437],[51.58402,35.81465],[51.58346,35.81493],[51.58296,35.8152],[51.58259,35.81551],[51.58231,35.8162],[51.58223,35.81659],[51.58212,35.81697],[51.58192,35.81737],[51.58166,35.81778],[51.58135,35.8182],[51.58102,35.81864],[51.58071,35.81906],[51.58042,35.81949],[51.58025,35.81994],[51.58005,35.82035],[51.57978,35.82081],[51.57948,35.82127],[51.57913,35.82172],[51.5788,35.82214],[51.57843,35.82257],[51.57804,35.82298],[51.5776,35.82332],[51.57707,35.82357],[51.57646,35.82378],[51.57581,35.82399],[51.57516,35.82422],[51.5745,35.82446],[51.57386,35.8247],[51.57338,35.82503],[51.57298,35.82547],[51.57258,35.82594],[51.57211,35.8264],[51.57158,35.82683],[51.57106,35.82725],[51.57059,35.82776],[51.57024,35.82824],[51.57,35.82878],[51.56985,35.82935],[51.56975,35.82992],[51.56975,35.83049],[51.56971,35.831],[51.56949,35.83146],[51.5692,35.83195],[51.56904,35.83247],[51.56889,35.83295],[51.5686,35.83324],[51.56822,35.83345],[51.56777,35.83366],[51.5673,35.83388],[51.56679,35.83412],[51.56628,35.83436],[51.56577,35.83462],[51.56528,35.83492],[51.56481,35.83526],[51.56433,35.83564],[51.56389,35.83604],[51.56352,35.83646],[51.56323,35.83691],[51.56299,35.83738],[51.56277,35.83788],[51.5626,35.83834],[51.56245,35.83877],[51.56231,35.8392],[51.56216,35.83962],[51.56187,35.84016],[51.56132,35.84044],[51.56092,35.8406],[51.56049,35.84079],[51.56006,35.84103],[51.55963,35.84124],[51.55925,35.84148],[51.55899,35.84179],[51.5589,35.84219],[51.55893,35.84258],[51.55897,35.84299],[51.55894,35.84337],[51.55879,35.84375],[51.5586,35.8441],[51.55792,35.84448],[51.55747,35.84449],[51.55678,35.84487],[51.5566,35.84522],[51.55647,35.84591],[51.55619,35.84656],[51.55575,35.84715],[51.5551,35.84754],[51.55428,35.84761],[51.55365,35.84798],[51.55335,35.84819],[51.55335,35.84819],[51.55334,35.84819],[51.55286,35.84819],[51.55241,35.8484],[51.55239,35.84881],[51.55244,35.84927],[51.55229,35.84963],[51.55205,35.85003],[51.55179,35.85045],[51.55152,35.85081],[51.55127,35.85119],[51.55107,35.85153],[51.551,35.85219],[51.55115,35.85275],[51.55085,35.85337],[51.5506,35.85373],[51.55054,35.8544],[51.55068,35.85506],[51.5503,35.85565],[51.55003,35.85602],[51.5498,35.85639],[51.54954,35.85676],[51.54922,35.85712],[51.54883,35.85744],[51.54847,35.8578],[51.54818,35.85823],[51.54789,35.85868],[51.5476,35.85917],[51.54732,35.85965],[51.54708,35.8601],[51.547,35.86054],[51.54688,35.86094],[51.54664,35.86131],[51.54645,35.8617],[51.54636,35.86212],[51.54633,35.86254],[51.54622,35.86291],[51.546,35.86329],[51.54583,35.86366],[51.54528,35.86408],[51.54446,35.86412],[51.54373,35.86464],[51.54328,35.86497],[51.54282,35.86524],[51.54237,35.86562],[51.54209,35.86601],[51.54198,35.86646],[51.54201,35.86689],[51.54214,35.8673],[51.54228,35.86767],[51.5423,35.86827],[51.54186,35.86857],[51.54121,35.86892],[51.54083,35.86916],[51.54046,35.86942],[51.54023,35.86975],[51.54014,35.87016],[51.54008,35.87058],[51.53985,35.8709],[51.53905,35.87121],[51.53861,35.87143],[51.53828,35.87172],[51.53792,35.87211],[51.53755,35.8725],[51.53719,35.8729],[51.53685,35.87331],[51.53655,35.87372],[51.53639,35.87411],[51.53639,35.87451],[51.53654,35.87488],[51.53673,35.87524],[51.53685,35.87564],[51.53696,35.87605],[51.53703,35.87645],[51.53703,35.87687],[51.53689,35.87729],[51.53662,35.87768],[51.53632,35.87808],[51.5361,35.87851],[51.53594,35.87896],[51.53577,35.87941],[51.53548,35.87983],[51.53506,35.88018],[51.53456,35.88047],[51.53404,35.88073],[51.53351,35.88102],[51.53304,35.88136],[51.53261,35.88175],[51.53226,35.88213],[51.53196,35.88259],[51.53174,35.88304],[51.5315,35.88347],[51.53122,35.88392],[51.53092,35.88434],[51.5306,35.88477],[51.53027,35.8852],[51.52992,35.8856],[51.52952,35.88594],[51.52919,35.88631],[51.52902,35.88675],[51.52882,35.88722],[51.52857,35.88766],[51.52835,35.88809],[51.52821,35.88853],[51.52811,35.88891],[51.52803,35.88927],[51.52799,35.88924],[51.52754,35.88971],[51.52712,35.89028],[51.52703,35.89102],[51.52705,35.89142],[51.52694,35.89192],[51.52689,35.89253],[51.52705,35.89287],[51.52734,35.89348],[51.52722,35.89384],[51.52685,35.89436],[51.52683,35.89473],[51.52675,35.89513],[51.52663,35.89553],[51.5265,35.89594],[51.5264,35.89635],[51.52636,35.89678],[51.52636,35.89718],[51.52628,35.89787],[51.52589,35.89842],[51.52552,35.89871],[51.52497,35.899],[51.52453,35.89943],[51.52432,35.89966],[51.5243,35.8997],[51.5243,35.8997],[51.52429,35.89971],[51.52428,35.89971],[51.52428,35.89971],[51.5245,35.89966],[51.52446,35.89965],[51.52446,35.89964],[51.5244,35.89963],[51.52438,35.89951],[51.52483,35.8992],[51.52526,35.89869],[51.52553,35.8982],[51.52571,35.89767],[51.52585,35.89711],[51.52605,35.89656],[51.52618,35.89611],[51.52634,35.8957],[51.52652,35.89531],[51.52675,35.89483],[51.52684,35.89438],[51.52684,35.89398],[51.52696,35.89361],[51.52687,35.89291],[51.52674,35.89249],[51.52676,35.89207],[51.52692,35.89165],[51.52698,35.89118],[51.52695,35.89072],[51.52706,35.89028],[51.52731,35.88986],[51.52767,35.88947],[51.52795,35.889],[51.52811,35.8885],[51.52827,35.88802],[51.5285,35.88757],[51.52876,35.88709],[51.52896,35.88667],[51.52912,35.8862],[51.52963,35.88564],[51.52999,35.88533],[51.53032,35.88492],[51.53063,35.8845],[51.53094,35.88411],[51.53126,35.88372],[51.53155,35.88333],[51.53175,35.88296],[51.53195,35.88255],[51.53221,35.88215],[51.53252,35.88175],[51.53289,35.88136],[51.53332,35.88098],[51.53383,35.88064],[51.53439,35.88034],[51.53494,35.88006],[51.5354,35.87971],[51.53572,35.87933],[51.53592,35.8789],[51.53608,35.87849],[51.53642,35.87785],[51.53668,35.87749],[51.53692,35.87709],[51.53706,35.87667],[51.5371,35.87621],[51.53701,35.87576],[51.53686,35.87528],[51.5367,35.87482],[51.53652,35.87449],[51.53643,35.87376],[51.53663,35.87337],[51.53694,35.87297],[51.53733,35.87253],[51.53773,35.87208],[51.53812,35.87164],[51.53849,35.87127],[51.53898,35.871],[51.53954,35.8708],[51.54,35.87055],[51.54025,35.87021],[51.54027,35.8698],[51.54035,35.86939],[51.5406,35.86905],[51.54098,35.86876],[51.54135,35.86852],[51.54197,35.86824],[51.54238,35.86797],[51.54242,35.86738],[51.54216,35.86676],[51.54212,35.86614],[51.54234,35.8655],[51.54293,35.86508],[51.54353,35.86471],[51.54408,35.86429],[51.54475,35.864],[51.54555,35.86392],[51.54602,35.86334],[51.5462,35.86295],[51.5464,35.86257],[51.54654,35.86221],[51.54654,35.86185],[51.54654,35.86115],[51.54676,35.86052],[51.54679,35.86014],[51.54695,35.85972],[51.54715,35.8593],[51.54747,35.85888],[51.54773,35.85846],[51.54803,35.85804],[51.54832,35.85765],[51.54863,35.8573],[51.54904,35.857],[51.54939,35.8567],[51.54966,35.85634],[51.5499,35.85597],[51.55015,35.85559],[51.55046,35.85527],[51.55067,35.85494],[51.55063,35.85426],[51.55059,35.85357],[51.55101,35.85297],[51.55121,35.85236],[51.55103,35.85168],[51.55111,35.85131],[51.55132,35.85093],[51.55156,35.85057],[51.55181,35.85021],[51.55203,35.84985],[51.55223,35.84952],[51.55236,35.84917],[51.55237,35.8488],[51.55242,35.84818],[51.55293,35.84789],[51.55368,35.8477],[51.55407,35.8475],[51.55451,35.84738],[51.55497,35.84732],[51.55574,35.84704],[51.55601,35.84673],[51.55622,35.8464],[51.5564,35.84607],[51.55654,35.84538],[51.55677,35.84472],[51.557,35.84441],[51.55784,35.84419],[51.55861,35.84389],[51.55886,35.84353],[51.559,35.84312],[51.55909,35.84271],[51.55906,35.84228],[51.55903,35.84186],[51.55942,35.84122],[51.55983,35.84102],[51.56028,35.84078],[51.56072,35.84054],[51.56119,35.84036],[51.5616,35.84022],[51.56212,35.8398],[51.56224,35.83943],[51.5624,35.839],[51.56254,35.83855],[51.5627,35.83809],[51.56287,35.83761],[51.56307,35.83714],[51.5633,35.83668],[51.56355,35.83626],[51.56389,35.83587],[51.56426,35.83551],[51.5647,35.83518],[51.56515,35.83485],[51.56563,35.83453],[51.56615,35.83424],[51.56671,35.83398],[51.56728,35.83371],[51.56783,35.83345],[51.56834,35.83321],[51.56875,35.83297],[51.56911,35.83232],[51.56922,35.8319],[51.56941,35.83146],[51.56965,35.83103],[51.56979,35.83057],[51.56977,35.83011],[51.56978,35.8296],[51.56988,35.82908],[51.57003,35.82856],[51.57024,35.82805],[51.57056,35.82759],[51.57097,35.82716],[51.57144,35.82675],[51.5719,35.82636],[51.57233,35.82598],[51.57274,35.82556],[51.57308,35.82514],[51.57341,35.82481],[51.57386,35.82453],[51.57439,35.82431],[51.57496,35.8241],[51.57556,35.82391],[51.57612,35.82375],[51.57666,35.82358],[51.57714,35.82341],[51.57761,35.8232],[51.578,35.82289],[51.5783,35.82254],[51.57857,35.82215],[51.57887,35.82176],[51.57919,35.82135],[51.57949,35.82095],[51.57981,35.82054],[51.58008,35.8201],[51.58027,35.81967],[51.58044,35.81929],[51.58069,35.81894],[51.58096,35.81857],[51.58126,35.8182],[51.58156,35.81782],[51.58182,35.81744],[51.58201,35.81686],[51.58171,35.8165],[51.58132,35.81616],[51.58156,35.81581],[51.58228,35.8154],[51.58275,35.81515],[51.58325,35.8149],[51.58375,35.81465],[51.58424,35.81439],[51.58474,35.81413],[51.58522,35.81388],[51.58571,35.81364],[51.5862,35.81339],[51.58667,35.81316],[51.58713,35.81293],[51.58758,35.8127],[51.58817,35.81239],[51.58865,35.81215],[51.58946,35.81183],[51.58993,35.81172],[51.59049,35.81166],[51.59111,35.8116],[51.59173,35.81156],[51.59233,35.81152],[51.5929,35.81149],[51.59346,35.81144],[51.59405,35.81139],[51.59462,35.81135],[51.59516,35.8113],[51.59567,35.81127],[51.59652,35.81141],[51.59717,35.8118],[51.59746,35.81214],[51.59775,35.81254],[51.59804,35.81296],[51.59831,35.81339],[51.5986,35.8138],[51.59885,35.81415],[51.59954,35.81447],[51.60001,35.81445],[51.6005,35.81445],[51.60099,35.81443],[51.6015,35.81441],[51.60202,35.81442],[51.60251,35.8145],[51.60299,35.8146],[51.60344,35.81471],[51.60387,35.81488],[51.60423,35.81512],[51.60457,35.81539],[51.60489,35.81567],[51.60523,35.81595],[51.60561,35.81616],[51.60604,35.81629],[51.60648,35.81642],[51.60689,35.81655],[51.60742,35.81671],[51.60796,35.81684],[51.60876,35.81702],[51.6092,35.81712],[51.60964,35.81719],[51.61007,35.81728],[51.61091,35.8175],[51.61132,35.81766],[51.61209,35.81804],[51.61249,35.81827],[51.61289,35.81848],[51.61359,35.81873],[51.6144,35.81894],[51.61482,35.81906],[51.61527,35.81917],[51.61572,35.8193],[51.61619,35.81942],[51.61666,35.81954],[51.6173,35.81972],[51.61779,35.81988],[51.61838,35.82009],[51.61866,35.82017],[51.61913,35.82029],[51.61962,35.8204],[51.61965,35.82042],[51.61966,35.82043],[51.61965,35.82043],[51.61991,35.82048],[51.61992,35.82046],[51.61993,35.82046],[51.61993,35.82046],[51.61993,35.82046],[51.61993,35.82045],[51.61993,35.82045],[51.61993,35.82045],[51.61993,35.82045],[51.6205,35.82061],[51.62107,35.82074],[51.62174,35.8209],[51.62224,35.82102],[51.62273,35.82115],[51.623,35.82122],[51.62344,35.82131],[51.62395,35.82143],[51.6246,35.82158],[51.62535,35.82175],[51.62595,35.82189],[51.62651,35.82203],[51.62729,35.82221],[51.62797,35.82238],[51.62861,35.82256],[51.62922,35.82269],[51.62977,35.82286],[51.63021,35.82303],[51.63074,35.82319],[51.63119,35.82334],[51.63173,35.82349],[51.63191,35.82356],[51.632,35.82357],[51.63267,35.8238],[51.63316,35.82397],[51.63369,35.82408],[51.63428,35.82447],[51.63498,35.8247],[51.63547,35.82471],[51.63626,35.82468],[51.63671,35.82465],[51.63741,35.82461],[51.6379,35.82456],[51.63879,35.82453],[51.63967,35.82462],[51.64044,35.82473],[51.64093,35.82478],[51.64102,35.8248],[51.64102,35.8248],[51.64102,35.82479],[51.64108,35.82479],[51.6415,35.8246],[51.64154,35.82468],[51.64152,35.8247],[51.64152,35.8247],[51.64151,35.8247],[51.64151,35.8247],[51.64151,35.8247],[51.6415,35.8247],[51.64141,35.82479],[51.64095,35.82482],[51.6404,35.82477],[51.63977,35.82469],[51.63904,35.8246],[51.63834,35.82458],[51.63784,35.82462],[51.63739,35.82475],[51.63737,35.82476],[51.63736,35.82476],[51.6373,35.82476],[51.63682,35.82478],[51.63606,35.8248],[51.63535,35.82483],[51.63469,35.82484],[51.63404,35.82487],[51.63354,35.82476],[51.63313,35.82447],[51.6328,35.82416],[51.63233,35.82395],[51.63192,35.82372],[51.63147,35.82357],[51.63104,35.82341],[51.6306,35.8233],[51.63056,35.8233],[51.63053,35.82327],[51.63052,35.82326],[51.63052,35.82326],[51.63052,35.82326],[51.63052,35.82326],[51.63002,35.82306],[51.62954,35.8229],[51.62904,35.82273],[51.62855,35.8226],[51.62807,35.82249],[51.62754,35.82236],[51.62702,35.82223],[51.62648,35.8221],[51.62587,35.82198],[51.62524,35.82182],[51.62451,35.82164],[51.62373,35.82146],[51.62295,35.82129],[51.62237,35.82115],[51.62192,35.82105],[51.6213,35.82089],[51.62064,35.82074],[51.61998,35.82059],[51.61926,35.8204],[51.61848,35.82017],[51.61768,35.81994],[51.61725,35.81981],[51.61659,35.81963],[51.61616,35.81951],[51.61575,35.81938],[51.6153,35.81925],[51.61487,35.81913],[51.61445,35.81899],[51.61403,35.81886],[51.6136,35.81873],[51.61319,35.81859],[51.61278,35.81842],[51.61239,35.81824],[51.61171,35.81786],[51.61124,35.81767],[51.61082,35.8175],[51.61034,35.81734],[51.60986,35.81724],[51.60935,35.81715],[51.60885,35.81707],[51.60838,35.81699],[51.60777,35.81688],[51.60715,35.81673],[51.60673,35.81662],[51.60612,35.81644],[51.60566,35.81629],[51.60504,35.81598],[51.60472,35.81572],[51.60439,35.81546],[51.60372,35.81501],[51.60293,35.81473],[51.60248,35.81466],[51.602,35.81454],[51.60149,35.81445],[51.60096,35.81445],[51.60042,35.81446],[51.59991,35.81448],[51.5994,35.81454],[51.59878,35.81431],[51.59855,35.814],[51.59831,35.81366],[51.59805,35.8133],[51.59777,35.81291],[51.59746,35.81248],[51.59715,35.81207],[51.59679,35.8117],[51.59633,35.81148],[51.59578,35.81139],[51.59522,35.81139],[51.59466,35.81142],[51.59411,35.81147],[51.59353,35.81154],[51.59293,35.81161],[51.59235,35.81165],[51.59177,35.81171],[51.59119,35.81175],[51.59062,35.81178],[51.59008,35.81184],[51.58927,35.81199],[51.58877,35.81216],[51.58892,35.81175],[51.58939,35.81139],[51.58995,35.81093],[51.59027,35.81041],[51.59,35.80983],[51.59026,35.80944],[51.59083,35.80911],[51.59087,35.80848],[51.59127,35.808],[51.59206,35.8079],[51.59273,35.80822],[51.59321,35.8088],[51.5937,35.80925],[51.59401,35.80899],[51.5937,35.80853],[51.59352,35.80802],[51.59343,35.80745],[51.59329,35.8069],[51.59322,35.80631],[51.5935,35.80582],[51.59326,35.80543],[51.59297,35.80503],[51.59352,35.80491],[51.59429,35.80502],[51.59496,35.80524],[51.59574,35.80523],[51.5966,35.80514],[51.59707,35.80514],[51.59754,35.80517],[51.59796,35.80528],[51.59869,35.80526],[51.59921,35.8047],[51.59926,35.80434],[51.59931,35.80396],[51.59936,35.80359],[51.59951,35.80305],[51.60018,35.80284],[51.60088,35.80262],[51.60158,35.80233],[51.60222,35.80188],[51.60271,35.80139],[51.60292,35.80082],[51.60289,35.80018],[51.60327,35.79967],[51.60406,35.79955],[51.60487,35.79948],[51.60555,35.79922],[51.60612,35.79883],[51.60686,35.79885],[51.60725,35.79854],[51.60707,35.79798],[51.60701,35.79739],[51.60739,35.79682],[51.60813,35.7966],[51.60892,35.79666],[51.60958,35.7967],[51.60975,35.7961],[51.60988,35.79542],[51.61002,35.79475],[51.61019,35.79412],[51.61035,35.79348],[51.61076,35.79324],[51.61115,35.79367],[51.61165,35.79402],[51.61225,35.79371],[51.61259,35.79309],[51.61257,35.79251],[51.61247,35.79198],[51.61272,35.79149],[51.61318,35.7914],[51.6134,35.79182],[51.61382,35.79169],[51.61373,35.79115],[51.61385,35.79061],[51.61406,35.79009],[51.61427,35.78959],[51.61464,35.78924],[51.61535,35.78904],[51.61619,35.78909],[51.61699,35.78924],[51.61771,35.78918],[51.61852,35.789],[51.61894,35.78889],[51.6194,35.78878],[51.6202,35.78856],[51.62099,35.78851],[51.6217,35.7885],[51.62243,35.78822],[51.62266,35.78791],[51.62278,35.78756],[51.62318,35.78704],[51.62395,35.78682],[51.62426,35.78656],[51.62457,35.78625],[51.62487,35.78596],[51.62515,35.78565],[51.62538,35.78532],[51.6259,35.78481],[51.62667,35.78448],[51.62689,35.78416],[51.62713,35.78349],[51.62705,35.78308],[51.62704,35.78269],[51.6271,35.7823],[51.62721,35.7819],[51.62735,35.7815],[51.62742,35.78109],[51.62745,35.78067],[51.62799,35.78006],[51.62826,35.77967],[51.62854,35.77926],[51.62879,35.77884],[51.62904,35.77845],[51.62932,35.77809],[51.62962,35.77773],[51.62993,35.77735],[51.63021,35.77698],[51.63045,35.7766],[51.6306,35.7762],[51.63074,35.77581],[51.63096,35.7755],[51.6313,35.77523],[51.63158,35.77491],[51.63186,35.77458],[51.63218,35.77427],[51.63246,35.77394],[51.63272,35.7736],[51.63289,35.77326],[51.63286,35.77287],[51.63282,35.7725],[51.63281,35.77211],[51.63272,35.77169],[51.6325,35.7713],[51.6323,35.77092],[51.63209,35.77054],[51.6318,35.77021],[51.63145,35.76992],[51.63109,35.76964],[51.63077,35.76931],[51.63039,35.76902],[51.62996,35.76879],[51.62951,35.76857],[51.62905,35.76836],[51.62859,35.76815],[51.62813,35.76801],[51.62766,35.76792],[51.62722,35.76781],[51.62667,35.76743],[51.62678,35.76679],[51.62697,35.76645],[51.62716,35.76608],[51.62705,35.76539],[51.62675,35.76506],[51.62637,35.76473],[51.62596,35.76442],[51.62554,35.76411],[51.62514,35.76378],[51.62477,35.76344],[51.62442,35.76308],[51.62407,35.76272],[51.62373,35.76235],[51.6234,35.762],[51.62306,35.76167],[51.62271,35.76136],[51.62241,35.761],[51.62209,35.76066],[51.62171,35.76035],[51.62124,35.76009],[51.62078,35.75983],[51.62037,35.75955],[51.61994,35.75927],[51.61954,35.75899],[51.61923,35.75865],[51.61901,35.75827],[51.61881,35.75787],[51.61861,35.75748],[51.61835,35.75708],[51.61811,35.75667],[51.61795,35.75626],[51.6178,35.75583],[51.61764,35.75541],[51.61736,35.755],[51.617,35.75463],[51.61666,35.75427],[51.61635,35.75393],[51.61609,35.75354],[51.6159,35.75313],[51.61573,35.75273],[51.6155,35.75236],[51.61522,35.752],[51.61495,35.75167],[51.61462,35.75136],[51.61426,35.75107],[51.61391,35.75083],[51.61328,35.75041],[51.61261,35.7499],[51.61222,35.7496],[51.61179,35.7493],[51.61136,35.74899],[51.61093,35.74866],[51.6105,35.74833],[51.61008,35.74799],[51.60968,35.74766],[51.60927,35.74733],[51.60888,35.74699],[51.60852,35.74665],[51.60819,35.7463],[51.60787,35.74599],[51.60753,35.74571],[51.6072,35.74542],[51.60664,35.74491],[51.60634,35.74447],[51.60612,35.74403],[51.60596,35.74355],[51.60569,35.7431],[51.60542,35.74239],[51.60528,35.74201],[51.60516,35.7416],[51.60501,35.74118],[51.60485,35.74075],[51.60461,35.74033],[51.60431,35.73991],[51.60398,35.73949],[51.60366,35.73905],[51.60333,35.7386],[51.60299,35.73814],[51.60265,35.73768],[51.60232,35.73722],[51.60198,35.73676],[51.60165,35.73632],[51.60128,35.73594],[51.6009,35.73565],[51.6005,35.73535],[51.60004,35.73498],[51.5997,35.73472],[51.59932,35.73443],[51.5989,35.73412],[51.59846,35.73379],[51.59796,35.73346],[51.59744,35.73318],[51.59693,35.73291],[51.59648,35.73265],[51.59596,35.73234],[51.5956,35.73207],[51.59513,35.73168],[51.59456,35.73118],[51.59401,35.73071],[51.59345,35.73022],[51.59314,35.72996],[51.59283,35.7297],[51.59252,35.72942],[51.59193,35.72893],[51.5914,35.72856],[51.59106,35.72831],[51.59054,35.72799],[51.58992,35.72756],[51.58956,35.72733],[51.58919,35.72704],[51.58885,35.7267],[51.58857,35.72632],[51.5883,35.7259],[51.58799,35.7255],[51.58761,35.72514],[51.58716,35.72482],[51.58664,35.72454],[51.58608,35.7243],[51.58549,35.72411],[51.58487,35.72396],[51.58422,35.72385],[51.58356,35.72378],[51.58289,35.72375],[51.58222,35.72375],[51.58156,35.72378],[51.58091,35.7238],[51.58026,35.72382],[51.57964,35.72383],[51.57902,35.72385],[51.57842,35.72388],[51.57781,35.72393],[51.57722,35.72397],[51.57663,35.72398],[51.57603,35.72398],[51.57542,35.724],[51.5748,35.72403],[51.57418,35.72408],[51.57355,35.72413],[51.57293,35.72418],[51.57232,35.72423],[51.57171,35.72429],[51.57109,35.72436],[51.57046,35.72445],[51.56983,35.72455],[51.56922,35.72464],[51.56862,35.72474],[51.56805,35.72483],[51.56749,35.72492],[51.56693,35.72502],[51.56636,35.72514],[51.56576,35.7253],[51.56517,35.72547],[51.5646,35.72564],[51.56405,35.72581],[51.56352,35.72594],[51.56299,35.72603],[51.56242,35.72608],[51.56181,35.7261],[51.56116,35.72614],[51.56053,35.72617],[51.55991,35.72621],[51.55932,35.72625],[51.55876,35.72627],[51.55824,35.72627],[51.55774,35.72627],[51.55703,35.72624],[51.55688,35.72668],[51.55644,35.72709],[51.55605,35.72752],[51.55559,35.72803],[51.55521,35.72848],[51.55489,35.72887],[51.55453,35.7293],[51.55423,35.72959],[51.55415,35.72975],[51.5542,35.7299],[51.55419,35.72988]]]}},{"type":"Feature","properties":{"route":15,"color":"#ca8a04","times":[[22852,22913,22973,23033,23093,23154,23214,23276,23333,23410,23471,23532,23592,23654,23714,23774,23834,23894,23954,24011,24071,24131,24193,24253,24313,24373,24433,24495,24555,24615,24677,24737,24797,24857,24917,24977,25037,25097,25157,25217,25277,25289,25298,25304,25328,25388,25448,25508,25568,25628,25688,25748,25808,25823,25835,25841,25847,25853,25859,25865,25871,25877,25883,25889,25895,25901,25907,25913,25919,25925,25931,25943,25952,25958,25964,25970,25976,25982,25988,26003,26009,26015,26021,26027,26033,26039,26045,26051,26057,26063,26069,26075,26081,26087,26093,26099,26105,26111,26117,26123,26129,26141,26150,26156,26162,26168,26174,26180,26186,26192,26198,26204,26210,26216,26222,26228,26234,26240,26246,26252,26261,26267,26273,26279,26285,26291,26297,26303,26309,26315,26321,26324,26327,26330,26333,26336,26339,26342,26345,26348,26351,26354,26357,26360,26363,26366,26369,26372,26375,26378,26381,26384,26387,26390,26393,26396,26399,26402,26405,26408,26411,26414,26417,26420,26423,26426,26429,26432,26435,26438,26441,26444,26447,26450,26453,26456,26459,26462,26465,26468,26471,26474,26477,26480,26483,26486,26489,26492,26495,26498,26501,26504,26507,26510,26513,26516,26519,26522,26525,26528,26531,26534,26537,26540,26543,26546,26549,26552,26555,26558,26561,26564,26567,26570,26573,26576,26579,26582,26585,26588,26591,26594,26597,26600,26603,26606,26609,26612,26615,26618,26621,26624,26627,26630,26633,26636,26639,26642,26645,26648,26651,26654,26657,26660,26663,26666,26669,26672,26675,26678,26681,26684,26687,26690,26693,26696,26699,26702,26705,26708,26711,26714,26717,26720,26723,26726,26729,26732,26735,26738,26741,26744,26747,26750,26753,26756,26759,26762,26765,26768,26771,26774,26777,26780,26786,26792,26798,26804,26810,26816,26822,26828,26831,26834,26837,26840,26843,26846,26849,26852,26855,26858,26861,26864,26867,26870,26873,26876,26879,26882,26885,26888,26891,26894,26897,26900,26906,26912,26918,26921,26924,26927,26930,26933,26936,26939,26942,26945,26948,26951,26954,26957,26960,26963,26966,26969,26972,26975,26978,26981,26984,26987,26990,26993,26996,26999,27002,27005,27008,27011,27014,27017,27020,27023,27026,27029,27032,27035,27038,27041,27047,27053,27059,27065,27074,27095,27110,27125,27134,27143,27152,27158,27164,27170,27176,27182,27188,27221,27227,27233,27239,27245,27251,27254,27257,27263,27269,27275,27281,27287,27296,27326,27332,27338,27344,27350,27356,27365,27371,27377,27389,27398,27404,27410,27416,27425,27431,27437,27443,27446,27449,27452,27455,27458,27461,27467,27473,27479,27485,27491,27497,27503,27509,27515,27521,27527,27533,27539,27545,27551,27557,27566,27572,27581,27590,27602,27614,27644,27653,27671,27695,27716,27746,27758,27770,27782,27794,27818,27833,27857,27872,27884,27896,27911,27920,27929,27938,27959,27971,27983,27992,28001,28007,28013,28019,28025,28031,28034,28037,28040,28043,28046,28052,28058,28064,28067,28070,28073,28076,28079,28082,28085,28088,28091,28094,28097,28100,28103,28106,28109,28112,28115,28118,28121,28124,28127,28130,28133,28136,28139,28142,28145,28148,28151,28154,28157,28160,28163,28166,28169,28172,28175,28178,28181,28184,28187,28190,28193,28196,28199,28202,28205,28208,28211,28214,28217,28220,28223,28226,28229,28232,28235,28238,28241,28244,28247,28250,28253,28256,28259,28262,28265,28268,28271,28274,28277,28280,28283,28286,28289,28292,28295,28298,28301,28304,28307,28310,28313,28316,28319,28322,28325,28328,28331,28334,28337,28340,28343,28346,28349,28352,28355,28358,28361,28364,28367,28370,28373,28376,28379,28382,28385,28388,28391,28394,28397,28400,28403,28406,28409,28412,28415,28418,28421,28424,28427,28430,28433,28436,28439,28442,28445,28448,28451,28454,28457,28460,28466,28472,28478,28484,28490,28496,28502,28508,28514,28520,28526,28532,28535,28538,28541,28544,28547,28553,28595,28604,28610,28616,28619,28625,28631,28637,28643,28649,28655,28661,28667,28727,28772,28778,28784,28790,28808,28868,28928,28988,29048,29108,29168,29198,29207,29213,29219,29228,29234,29240,29246,29258,29270,29282,29294,29303,29315,29324,29336,29393,29454,29514,29529,29538,29544,29556,29565,29571,29631,29691,29751,29784,29796,29802,29811,29823,29835,29844,29853,29862,29910,29971,30199,30214,30259,30268,30274,30292,30352,30412,30472,30532,30592,30610,30616,30622,30628,30652,30661,30670,30676,30682,30688,30694,30700,30715,30721,30730,30739,30763,30781,30841,30871,31146,31155,31215],[31818,31824,31833,31845,31863,31869,31875,31926,31986,32034,32264,32291,32297,32309,32321,32330,32339,32348,32366,32375,32390,32396,32405,32465,32525,32558,32564,32570,32576,32636,32696,32729,32735,32744,32750,32759,32771,32783,32789,32795,32855,32915,32975,33035,33092,33113,33154,33228,33288,33348,33408,33468,33528,33552,33558,33564,33570,33579,33585,33591,33594,33597,33600,33603,33606,33609,33612,33615,33618,33621,33624,33627,33630,33633,33636,33639,33642,33645,33648,33651,33654,33657,33660,33663,33669,33675,33681,33687,33693,33702,33726,33735,33744,33759,33768,33780,33786,33795,33801,33810,33822,33855,33915,33975,34035,34095,34155,34215,34275,34336,34396,34456,34516,34576,34636,34696,34756,34816,34876,34936,34996,35056,35116,35140,35155,35164,35173,35179,35185,35197,35206,35215,35221,35230,35239,35245,35251,35254,35257,35260,35263,35266,35272,35281,35293,35299,35305,35311,35317,35323,35329,35335,35341,35353,35359,35368,35374,35434,35782,35833,35839,35848,35854,35857,35860,35866,35872,35875,35878,35939,35999,36059,36119,36164,36170,36176,36179,36182,36191,36197,36203,36209,36227,36233,36263,36272,36275,36278,36281,36284,36287,36290,36293,36296,36299,36302,36305,36308,36311,36314,36317,36320,36323,36326,36329,36332,36338,36353,36362,36368,36371,36374,36377,36380,36383,36386,36389,36392,36395,36401,36407,36410,36413,36416,36419,36422,36425,36428,36431,36434,36437,36440,36443,36449,36455,36461,36473,36479,36539,36599,36671,36731,36743,36755,37080,37101,37143,37223,37232,37244,37250,37256,37262,37271,37331,37391,37452,37512,37572,37632,37693,37753,37813,37864,37870,37876,37882,37888,37894,37903,37909,37915,37924,37936,37942,37948,37954,38002,38062,38372,38396,38405,38411,38417,38429,38438,38498,38555,38587,38638,38698,38758,38818,38851,38887,38899,38959,38968,38977,38983,38998,39004,39013,39019,39025,39031,39040,39046,39052,39058,39064,39070,39076,39085,39091,39094,39097,39100,39106,39118,39124,39130,39136,39139,39145,39151,39166,39175,39184,39190,39196,39205,39324,39354,39414,39459,39477,39537,39597,39657,39753,39813,39873,39930,39987,40047,40107,40152,40158,40164,40176,40185,40191,40197,40203,40209,40215,40230,40236,40242,40248,40254,40314,40374,40438,40483,40543,40603,40618,40633,40693,40729,40789,40822,40882,40942,41002,41062,41122,41182,41227,41236,41242,41248,41257,41269,41275,41281,41293,41353,41413,41511,41559,41574,41660,41678,41687,41693,41699,41750,41762,41768,41828,41888,41948,42008,42047,42065,42101,42161,42374,42419,42428,42437,42443,42449,42458,42470,42476,42482,42488,42494,42500,42506,42512,42521,42527,42533,42536,42539,42542,42545,42548,42551,42554,42557,42560,42566,42611,42620,42629,42689,42749,42809,42869,42929,42947,42977,43007,43037,43064,43124,43184,43196,43256,43316,43376,43436,43469,43490,43499,43505,43511,43520,43529,43535,43541,43547,43553,43559,43565,43571,43577,43583,43643,43713,43853,43859,43868,43883,43889,43895,43898,43901,43904,43907,43910,43913,43916,43919,43922,43925,43928,43931,43934,43937,43940,43943,43946,43949,43952,43955,43958,43961,43967,43976,43982,43988,43994,44000,44012,44021,44030,44042,44048,44054,44060,44066,44081,44090,44096,44117,44126,44138,44198,44258,44318,44379,44439,44490,44496,44505,44511,44517,44523,44529,44535,44541,44547,44553,44559,44565,44571,44589,44595,44601,44607,44616,44625,44631,44637,44640,44643,44649,44658,44664,44670,44676,44682,44688,44694,44700,44727,44745,44760,44820,45083,45116,45125,45131,45137,45143,45152,45164,45179,45185,45191,45200,45206,45218,45224,45230,45236,45242,45257,45263,45269,45275,45278,45281,45284,45287,45290,45293,45299,45308,45314,45326,45341,45347,45353,45362,45371,45386,45446,45506,45566,45608,45617,45626,45635,45641,45650,45659,45665,45677,45707,45713,45719,45728,45737,45797,45857,45917,46188,46218,46239,46260,46266,46272,46275,46281,46314,46320,46323,46326,46329,46335,46341,46347,46350,46353,46356,46359,46362,46365,46371,46386,46392,46398,46404,46410,46419,46428,46440,46500,46717,46756,46762,46765,46771,46780,46789,46795,46804,46810,46816,46822,46828,46834,46840,46846,46855,46915,46975,47035,47095,47334,47370,47427,47436,47442,47445,47448,47451,47454,47457,47460,47463,47466,47469,47472,47481,47490,47505,47511,47517,47523,47529,47535,47541,47544,47547,47550,47553,47556,47559,47562,47565,47571,47574,47577,47580,47583,47589,47592,47595,47598,47601,47604,47607,47610,47613,47619,47625,47631,47634,47637,47640,47643,47646,47649,47652,47655,47658,47661,47664,47667,47670,47673,47676,47679,47682,47685,47688,47691,47694,47697,47700,47703,47706,47709,47712,47715,47718,47721,47724,47727,47730,47733,47736,47739,47742,47745,47748,47751,47754,47757,47760,47763,47766,47769,47772,47775,47778,47781,47784,47787,47790,47793,47796,47799,47802,47805,47808,47811,47814,47817,47820,47823,47826,47829,47832,47835,47838,47841,47844,47847,47850,47853,47856,47859,47862,47865,47868,47871,47874,47877,47880,47883,47886,47889,47892,47895,47898,47901,47904,47907,47910,47913,47916,47919,47922,47925,47928,47931,47934,47937,47940,47943,47946,47949,47952,47955,47958,47961,47964,47967,47970,47973,47979,47988,47997,48003,48012,48018,48024,48030,48036,48039,48042,48045,48048,48051,48057,48063,48066,48069,48072,48075,48078,48081,48084,48087,48090,48093,48096,48099,48102,48105,48108,48111,48114,48117,48120,48123,48126,48129,48132,48135,48138,48141,48144,48147,48150,48153,48156,48159,48162,48165,48168,48171,48174,48177,48180,48183,48189,48192,48195,48198,48201,48204,48207,48210,48213,48219,48222,48225,48228,48231,48234,48237,48240,48243,48246,48249,48252,48255,48258,48261,48264,48267,48270,48273,48276,48279,48282,48285,48288,48291,48294,48297,48300,48303,48306,48309,48312,48315,48318,48321,48324,48327,48330,48333,48336,48339,48342,48345,48348,48351,48354,48357,48360,48363,48366,48369,48372,48375,48378,48381,48384,48387,48390,48393,48396,48399,48402,48405,48408,48411,48414,48417,48420,48423,48426,48429,48432,48435,48438,48441,48444,48447,48450,48456,48462,48468,48474,48480,48486,48489,48492,48495,48498,48501,48504,48507,48510,48513,48516,48519,48522,48525,48528,48531,48534,48537,48540,48543,48546,48549,48552,48555,48558,48561,48564,48567,48570,48573,48576,48579,48582,48585,48588,48591,48594,48597,48600,48603,48606,48609,48612,48615,48618,48621,48624,48627,48630,48633,48636,48639,48642,48645,48648,48651,48654,48657,48660,48663,48666,48669,48675,48681,48687,48690,48696,48702,48708,48714,48720,48726,48732,48738,48741,48747,48753,48759,48765,48768,48771,48774,48777,48783,48789,48792,48795,48798,48801,48804,48807,48810,48813,48816,48819,48822,48825,48828,48831,48834,48837,48840,48843,48846,48849,48852,48855,48858,48861,48864,48867,48870,48873,48876,48879,48882,48885,48888,48891,48894,48897,48900,48903,48906,48909,48912,48915,48918,48921,48924,48927,48930,48933,48936,48939,48942,48945,48948,48951,48954,48957,48960,48963,48966,48969,48972,48975,48978,48981,48984,48987,48990,48993,48996,48999,49002,49005,49008,49011,49014,49017,49020,49023,49026,49029,49032,49035,49038,49041,49044,49047,49050,49053,49056,49059,49062,49065,49068,49071,49074,49077,49080,49083,49086,49089,49092,49095,49098,49101,49104,49107,49110,49113,49116,49119,49122,49125,49128,49131,49134,49137,49140,49143,49146,49149,49152,49155,49158,49161,49164,49167,49170,49173,49176,49179,49182,49185,49188,49191,49194,49197,49200,49203,49209,49215,49224,49233,49239,49242,49245,49248,49254,49260,49263,49266,49269,49272,49275,49281,49290,49296,49299,49302,49305,49308,49311,49314,49317,49326,49332,49335,49338,49341,49344,49353,49359,49362,49365,49368,49371,49377,49386,49404,49413,49419,49425,49431,49440,49449,49455,49461,49467,49473,49479,49491,49497,49503,49509,49515,49521,49530,49536,49539,49542,49545,49551,49557,49560,49563,49569,49575,49581,49584,49590,49596,49602,49608,49614,49620,49638,49698]]},"geometry":{"type":"MultiLineString","coordinates":[[[51.55416,35.72991],[51.55412,35.72995],[51.5541,35.72991],[51.55409,35.72988],[51.55416,35.72988],[51.55411,35.72991],[51.55417,35.72999],[51.55419,35.73006],[51.55391,35.72975],[51.5539,35.7298],[51.55416,35.72975],[51.55418,35.72978],[51.55421,35.72981],[51.55416,35.72985],[51.55414,35.72988],[51.55416,35.72987],[51.55421,35.7299],[51.55423,35.72994],[51.55426,35.72995],[51.55384,35.72984],[51.55416,35.72989],[51.55414,35.72997],[51.55417,35.72998],[51.55417,35.72998],[51.55412,35.72994],[51.55429,35.72993],[51.55403,35.72996],[51.55394,35.72991],[51.55405,35.72977],[51.55407,35.72975],[51.55402,35.72974],[51.55402,35.72974],[51.55398,35.72978],[51.55395,35.72976],[51.55397,35.72977],[51.55399,35.72974],[51.55399,35.72977],[51.55402,35.72974],[51.55398,35.72978],[51.55396,35.72976],[51.55398,35.72977],[51.55559,35.72939],[51.55498,35.72958],[51.55456,35.72976],[51.55411,35.72983],[51.55392,35.72977],[51.55388,35.72962],[51.55403,35.72977],[51.55405,35.72983],[51.55402,35.72995],[51.55404,35.72984],[51.55423,35.72995],[51.55404,35.73],[51.55372,35.73027],[51.55409,35.73064],[51.55449,35.73088],[51.55498,35.73117],[51.55548,35.73144],[51.556,35.7317],[51.55655,35.73202],[51.55713,35.73232],[51.55774,35.73264],[51.55835,35.73299],[51.55897,35.73335],[51.55956,35.7337],[51.56016,35.73405],[51.56074,35.73443],[51.56132,35.73477],[51.56191,35.73512],[51.56252,35.73547],[51.56304,35.73575],[51.56349,35.73602],[51.56396,35.73632],[51.56445,35.73662],[51.56504,35.73698],[51.56569,35.73733],[51.5663,35.7377],[51.56687,35.73809],[51.56732,35.73841],[51.56779,35.7387],[51.56824,35.73899],[51.56882,35.73932],[51.56947,35.73969],[51.57014,35.7401],[51.57082,35.74051],[51.57152,35.7409],[51.57216,35.74126],[51.57273,35.74159],[51.57303,35.74204],[51.57284,35.7426],[51.57256,35.74298],[51.57222,35.74339],[51.57202,35.74396],[51.5722,35.74455],[51.57245,35.74512],[51.5727,35.74565],[51.57312,35.74586],[51.57378,35.74569],[51.57455,35.74546],[51.57531,35.74522],[51.57595,35.74503],[51.57643,35.74506],[51.57654,35.74551],[51.57669,35.74589],[51.57688,35.74636],[51.57707,35.7469],[51.57695,35.74753],[51.57655,35.74811],[51.57631,35.74871],[51.57644,35.74918],[51.57674,35.74948],[51.57718,35.74988],[51.57774,35.75031],[51.5783,35.75074],[51.57891,35.75117],[51.57923,35.75166],[51.57874,35.75205],[51.57807,35.75244],[51.57753,35.75287],[51.57739,35.75325],[51.57772,35.75362],[51.57817,35.75391],[51.57839,35.75438],[51.57825,35.75489],[51.57777,35.75537],[51.57736,35.75588],[51.5768,35.75614],[51.57625,35.75634],[51.57592,35.75683],[51.57554,35.75734],[51.57505,35.75792],[51.57474,35.75822],[51.57439,35.7585],[51.57402,35.75878],[51.57365,35.75907],[51.57326,35.75938],[51.57286,35.75969],[51.57245,35.76001],[51.57202,35.76035],[51.57158,35.76069],[51.57112,35.76105],[51.57065,35.7614],[51.57017,35.76177],[51.56968,35.76212],[51.56919,35.76249],[51.56871,35.76284],[51.56824,35.76321],[51.56775,35.76358],[51.56725,35.76393],[51.56673,35.76428],[51.5662,35.76462],[51.56567,35.76494],[51.56514,35.76527],[51.5646,35.76558],[51.56406,35.7659],[51.56354,35.76621],[51.56302,35.76654],[51.56251,35.76689],[51.562,35.76723],[51.5615,35.76759],[51.56098,35.76794],[51.56046,35.76831],[51.55993,35.76865],[51.55939,35.76897],[51.55883,35.76926],[51.55825,35.76953],[51.55766,35.7698],[51.55706,35.77005],[51.55646,35.77026],[51.55584,35.77049],[51.55522,35.77071],[51.55459,35.77093],[51.55394,35.77115],[51.5533,35.77137],[51.55266,35.7716],[51.55202,35.77182],[51.55138,35.77203],[51.55074,35.77226],[51.55011,35.77248],[51.54947,35.7727],[51.54884,35.77293],[51.54821,35.77315],[51.54758,35.77338],[51.54696,35.77362],[51.54633,35.77384],[51.54571,35.77406],[51.54509,35.77428],[51.54447,35.7745],[51.54384,35.77473],[51.54321,35.77494],[51.54258,35.77516],[51.54193,35.77536],[51.54129,35.77555],[51.54066,35.77572],[51.54001,35.77588],[51.53936,35.77604],[51.53869,35.77619],[51.53802,35.77634],[51.53735,35.77648],[51.53668,35.7766],[51.53601,35.77671],[51.53534,35.77681],[51.53465,35.7769],[51.53397,35.77698],[51.53329,35.77703],[51.53261,35.77709],[51.53195,35.77713],[51.5313,35.77717],[51.53065,35.7772],[51.52998,35.77724],[51.52931,35.77728],[51.52863,35.77732],[51.52795,35.77737],[51.52728,35.77742],[51.52662,35.77746],[51.52597,35.7775],[51.52533,35.77754],[51.5247,35.77757],[51.52405,35.77761],[51.5234,35.77765],[51.52276,35.77769],[51.52212,35.77776],[51.5215,35.77788],[51.52088,35.77804],[51.52028,35.77824],[51.51971,35.77849],[51.51915,35.77876],[51.51863,35.77906],[51.51814,35.7794],[51.51766,35.77976],[51.51719,35.78014],[51.51673,35.78048],[51.51627,35.78083],[51.5158,35.78119],[51.51534,35.78152],[51.51485,35.78183],[51.51435,35.78212],[51.51383,35.78236],[51.51329,35.78259],[51.5127,35.78281],[51.51209,35.78301],[51.51147,35.7832],[51.51085,35.78339],[51.51022,35.78359],[51.5096,35.78377],[51.50898,35.78397],[51.50835,35.78414],[51.50772,35.78431],[51.50708,35.78449],[51.50644,35.78467],[51.50579,35.78484],[51.50515,35.78502],[51.50451,35.78519],[51.50387,35.78538],[51.50324,35.78556],[51.50261,35.78572],[51.502,35.78589],[51.50138,35.78606],[51.50075,35.78622],[51.5001,35.78634],[51.49945,35.7864],[51.4988,35.78641],[51.49818,35.78636],[51.49756,35.78628],[51.49692,35.78622],[51.49629,35.78612],[51.49564,35.78601],[51.49498,35.7859],[51.49432,35.7858],[51.49365,35.78573],[51.49299,35.78569],[51.49236,35.78571],[51.49177,35.78577],[51.49124,35.78587],[51.49074,35.78599],[51.49024,35.78615],[51.48976,35.78634],[51.48927,35.78655],[51.48882,35.78676],[51.48839,35.78697],[51.48797,35.78716],[51.48753,35.78737],[51.48706,35.78759],[51.48665,35.78777],[51.4859,35.7881],[51.48521,35.78842],[51.48472,35.7886],[51.48435,35.78887],[51.48446,35.78942],[51.48496,35.78945],[51.48497,35.78899],[51.48469,35.78841],[51.4845,35.78806],[51.48432,35.78769],[51.48413,35.7873],[51.48392,35.78688],[51.4837,35.78645],[51.48345,35.78601],[51.48318,35.78557],[51.48288,35.78513],[51.48259,35.7847],[51.4823,35.78427],[51.48201,35.78383],[51.48172,35.78337],[51.48143,35.7829],[51.48114,35.78242],[51.48083,35.78191],[51.4805,35.7814],[51.4801,35.78093],[51.47967,35.78056],[51.47922,35.78021],[51.47877,35.77988],[51.47833,35.77956],[51.47795,35.77922],[51.47764,35.77888],[51.4774,35.77857],[51.47707,35.77792],[51.47687,35.77723],[51.4767,35.77654],[51.47661,35.77616],[51.47649,35.77574],[51.47633,35.7753],[51.47612,35.77489],[51.47586,35.77448],[51.47559,35.77407],[51.47525,35.77371],[51.47485,35.77337],[51.47441,35.77307],[51.47394,35.77278],[51.47348,35.77245],[51.47306,35.77207],[51.47271,35.77164],[51.47236,35.77121],[51.47198,35.7708],[51.47154,35.77043],[51.47102,35.77011],[51.4705,35.7698],[51.46999,35.76951],[51.46953,35.76918],[51.46915,35.76877],[51.46887,35.76833],[51.46864,35.76785],[51.46839,35.76736],[51.46811,35.76686],[51.46784,35.76634],[51.46757,35.76582],[51.46729,35.76529],[51.46702,35.76476],[51.46676,35.76418],[51.46657,35.76358],[51.4664,35.763],[51.46623,35.76242],[51.46607,35.76187],[51.46594,35.76133],[51.46581,35.76078],[51.46569,35.76024],[51.46559,35.7597],[51.46551,35.75917],[51.46543,35.75868],[51.46536,35.75826],[51.46522,35.75769],[51.465,35.75724],[51.46441,35.75702],[51.46379,35.75693],[51.4633,35.75686],[51.46279,35.75685],[51.46227,35.75682],[51.46173,35.75678],[51.46117,35.75671],[51.46063,35.75666],[51.46009,35.75659],[51.45964,35.75654],[51.45913,35.75646],[51.45857,35.75638],[51.45812,35.7563],[51.45756,35.75617],[51.45701,35.75602],[51.45652,35.75588],[51.45597,35.75572],[51.45536,35.75551],[51.45476,35.75528],[51.4542,35.75503],[51.45349,35.75472],[51.45309,35.75453],[51.45269,35.75432],[51.45211,35.75399],[51.45173,35.75372],[51.45128,35.75343],[51.45083,35.75312],[51.45048,35.75288],[51.45006,35.75263],[51.44951,35.75232],[51.44897,35.75209],[51.4484,35.75187],[51.44784,35.75168],[51.44726,35.75148],[51.44679,35.75135],[51.4462,35.75124],[51.44575,35.75115],[51.44526,35.75108],[51.44468,35.75102],[51.44407,35.75096],[51.44354,35.75093],[51.44301,35.7509],[51.44254,35.75087],[51.44191,35.75085],[51.44136,35.75082],[51.44061,35.75077],[51.43974,35.75062],[51.43929,35.75052],[51.43884,35.75041],[51.43841,35.75029],[51.43795,35.75012],[51.43746,35.74994],[51.437,35.7498],[51.43623,35.74963],[51.43558,35.74951],[51.43509,35.74945],[51.4346,35.7494],[51.4339,35.74938],[51.43326,35.74938],[51.43277,35.74938],[51.43226,35.74938],[51.43168,35.74937],[51.43115,35.74937],[51.43065,35.74938],[51.4302,35.74936],[51.4297,35.74938],[51.42923,35.74939],[51.42873,35.74938],[51.42823,35.74938],[51.42762,35.74937],[51.4271,35.74937],[51.42665,35.74937],[51.42619,35.74934],[51.42572,35.74933],[51.42516,35.74933],[51.42468,35.74934],[51.42419,35.74933],[51.42371,35.74935],[51.42326,35.74939],[51.42275,35.74945],[51.42229,35.74956],[51.4218,35.74969],[51.42126,35.74985],[51.42083,35.75002],[51.42039,35.75024],[51.41999,35.75049],[51.41959,35.75073],[51.41924,35.75096],[51.41876,35.75124],[51.41828,35.75148],[51.41785,35.7517],[51.4174,35.75177],[51.4169,35.75196],[51.41644,35.75213],[51.41598,35.75223],[51.4155,35.75226],[51.41505,35.75228],[51.41444,35.75232],[51.41386,35.75227],[51.41325,35.7522],[51.41281,35.75212],[51.41238,35.75192],[51.41175,35.75179],[51.41116,35.75167],[51.41039,35.75155],[51.40993,35.7515],[51.40946,35.75147],[51.40899,35.75145],[51.40852,35.75145],[51.40801,35.75144],[51.40718,35.75144],[51.40644,35.75143],[51.40559,35.75143],[51.40512,35.75142],[51.40463,35.75142],[51.40417,35.75141],[51.40367,35.75141],[51.40314,35.75139],[51.40262,35.7514],[51.40211,35.75139],[51.40157,35.75139],[51.40102,35.75138],[51.40044,35.75137],[51.39985,35.75136],[51.39924,35.75133],[51.39859,35.75129],[51.39795,35.75125],[51.39728,35.75122],[51.39661,35.75118],[51.39597,35.75115],[51.39536,35.75111],[51.39474,35.75107],[51.39411,35.75103],[51.39346,35.75098],[51.3928,35.75092],[51.39214,35.75087],[51.39146,35.75082],[51.39078,35.75077],[51.3901,35.75073],[51.38942,35.75067],[51.38875,35.75063],[51.38807,35.75058],[51.38739,35.75053],[51.38672,35.75052],[51.38607,35.75047],[51.38543,35.75042],[51.38477,35.75037],[51.3841,35.75032],[51.38344,35.75025],[51.38278,35.7502],[51.38212,35.75016],[51.38144,35.7501],[51.38078,35.75005],[51.38012,35.74999],[51.37947,35.74997],[51.37884,35.74993],[51.37818,35.7499],[51.37753,35.74987],[51.37688,35.74984],[51.37623,35.74981],[51.37556,35.74975],[51.37489,35.74969],[51.37423,35.74962],[51.37356,35.74956],[51.37288,35.74949],[51.37221,35.74943],[51.37154,35.74935],[51.37088,35.7493],[51.37021,35.74926],[51.36957,35.74924],[51.36895,35.74924],[51.36833,35.74924],[51.3677,35.74925],[51.36706,35.74928],[51.3664,35.74932],[51.36574,35.74937],[51.36509,35.74941],[51.36446,35.74945],[51.36387,35.74949],[51.36333,35.74954],[51.36281,35.74959],[51.36231,35.74963],[51.3618,35.74967],[51.3613,35.74971],[51.36078,35.74976],[51.36027,35.74981],[51.35976,35.74985],[51.35929,35.7499],[51.35882,35.74996],[51.35836,35.75001],[51.35788,35.75008],[51.3574,35.75014],[51.35692,35.75022],[51.35641,35.7503],[51.35585,35.7504],[51.35527,35.75049],[51.35466,35.75059],[51.35403,35.75069],[51.35337,35.75078],[51.35269,35.75086],[51.35199,35.75093],[51.35131,35.75099],[51.35065,35.75105],[51.35,35.75109],[51.34935,35.75114],[51.34869,35.75118],[51.34803,35.75121],[51.34737,35.75123],[51.34671,35.75125],[51.34603,35.75126],[51.34534,35.75128],[51.34464,35.75128],[51.34394,35.75128],[51.34323,35.75128],[51.34255,35.75126],[51.34188,35.75124],[51.3412,35.75122],[51.34052,35.7512],[51.33987,35.75117],[51.33922,35.75115],[51.33859,35.75113],[51.33793,35.75111],[51.33726,35.75108],[51.33659,35.75106],[51.33592,35.75105],[51.33525,35.75105],[51.33459,35.75107],[51.33391,35.7511],[51.33324,35.75115],[51.33257,35.7512],[51.3319,35.75124],[51.33125,35.75129],[51.33063,35.75133],[51.33,35.75141],[51.32936,35.75148],[51.32872,35.75155],[51.32806,35.75162],[51.32741,35.75169],[51.32675,35.7518],[51.3261,35.75189],[51.32547,35.75198],[51.32488,35.75207],[51.32433,35.75218],[51.32381,35.7523],[51.32335,35.75244],[51.3229,35.75282],[51.32293,35.75329],[51.3231,35.75387],[51.32327,35.75449],[51.32348,35.75511],[51.32365,35.75571],[51.32378,35.75616],[51.32393,35.75665],[51.32408,35.75721],[51.32427,35.75784],[51.32447,35.75852],[51.32468,35.75923],[51.32478,35.75962],[51.32488,35.75998],[51.325,35.76035],[51.32511,35.76072],[51.32523,35.76108],[51.32543,35.76173],[51.32554,35.7621],[51.3257,35.76263],[51.32586,35.76317],[51.32605,35.76382],[51.32616,35.76418],[51.32637,35.76489],[51.32658,35.76556],[51.32677,35.76623],[51.32699,35.76688],[51.32719,35.76752],[51.32737,35.76817],[51.32758,35.76885],[51.32771,35.76932],[51.32775,35.76949],[51.32741,35.76983],[51.32678,35.76994],[51.32607,35.77005],[51.32541,35.77016],[51.32534,35.77052],[51.32533,35.77048],[51.32534,35.77047],[51.32533,35.77046],[51.32544,35.77048],[51.3255,35.77062],[51.32538,35.77052],[51.3254,35.77089],[51.32589,35.77094],[51.32646,35.77093],[51.3269,35.7709],[51.32749,35.77086],[51.32815,35.77085],[51.32871,35.7708],[51.3292,35.77079],[51.32967,35.7709],[51.32975,35.77133],[51.32973,35.77182],[51.32999,35.77217],[51.33051,35.77209],[51.33063,35.77249],[51.3307,35.77296],[51.33069,35.77337],[51.33061,35.77378],[51.33049,35.77385],[51.33057,35.77384],[51.33077,35.77348],[51.3314,35.77327],[51.33187,35.77316],[51.33242,35.77312],[51.33308,35.77308],[51.33363,35.77304],[51.33375,35.77313],[51.33379,35.77319],[51.33399,35.77324],[51.33388,35.77372],[51.33338,35.77367],[51.33298,35.77394],[51.33293,35.77434],[51.33292,35.77474],[51.33248,35.77498],[51.33179,35.77507],[51.33129,35.77501],[51.33093,35.77522],[51.3308,35.77557],[51.33062,35.7757],[51.33096,35.77535],[51.33067,35.77564],[51.33087,35.77601],[51.33081,35.77645],[51.33088,35.77685],[51.33058,35.77712],[51.33042,35.77722],[51.33041,35.77724],[51.33046,35.77716],[51.33048,35.7771],[51.33065,35.77719],[51.33107,35.7774],[51.33161,35.77753],[51.33217,35.77777],[51.33263,35.77794],[51.33316,35.77798],[51.33362,35.77802],[51.33433,35.77801],[51.33498,35.77812],[51.33568,35.77831],[51.33633,35.77859],[51.33702,35.77894],[51.33771,35.77915],[51.33712,35.77933],[51.33651,35.77913],[51.33621,35.77949],[51.33629,35.77987],[51.33637,35.78025],[51.33638,35.78064],[51.33639,35.78057],[51.33641,35.78099],[51.33662,35.78461],[51.33654,35.785],[51.33684,35.78502]],[[51.33639,35.78613],[51.33644,35.78675],[51.33649,35.78632],[51.33653,35.78592],[51.33698,35.78611],[51.33704,35.78663],[51.33706,35.78719],[51.33688,35.78754],[51.33675,35.78756],[51.33713,35.78735],[51.33729,35.78701],[51.33698,35.7866],[51.33703,35.78616],[51.33686,35.78582],[51.33626,35.78591],[51.33567,35.78593],[51.33507,35.78602],[51.3346,35.78604],[51.33415,35.78601],[51.33367,35.78587],[51.33315,35.78572],[51.3327,35.78567],[51.33224,35.78561],[51.33197,35.78565],[51.33178,35.78529],[51.3322,35.78497],[51.33244,35.78466],[51.33266,35.78433],[51.333,35.78409],[51.33269,35.78386],[51.33267,35.78368],[51.3328,35.78333],[51.33302,35.78293],[51.33321,35.78243],[51.33335,35.78207],[51.33354,35.78171],[51.33323,35.78142],[51.33287,35.78117],[51.33306,35.78057],[51.33306,35.78021],[51.33303,35.78017],[51.33313,35.7801],[51.33324,35.78012],[51.33314,35.78021],[51.33295,35.78053],[51.33241,35.78047],[51.33319,35.7802],[51.33319,35.78025],[51.33314,35.78015],[51.33292,35.78021],[51.3331,35.78023],[51.33332,35.78006],[51.33307,35.78015],[51.33318,35.77979],[51.33342,35.77933],[51.33358,35.77884],[51.33373,35.77841],[51.33325,35.77819],[51.33258,35.77828],[51.33172,35.77835],[51.3312,35.7784],[51.33068,35.77843],[51.33014,35.77846],[51.32957,35.7785],[51.32898,35.77851],[51.32842,35.77853],[51.32786,35.77856],[51.32729,35.77861],[51.32671,35.77865],[51.32613,35.77868],[51.32555,35.7787],[51.32496,35.77871],[51.32439,35.77869],[51.32382,35.77864],[51.32328,35.77857],[51.32277,35.77849],[51.32227,35.77839],[51.32177,35.77831],[51.32121,35.77828],[51.32063,35.77833],[51.32003,35.77838],[51.31948,35.7785],[51.31898,35.77869],[51.31857,35.77894],[51.31799,35.77941],[51.31757,35.77979],[51.31714,35.7802],[51.31671,35.78059],[51.31638,35.78087],[51.31599,35.78116],[51.31568,35.78143],[51.3153,35.78171],[51.31492,35.78204],[51.31502,35.7824],[51.31557,35.78259],[51.31515,35.78288],[51.31472,35.78301],[51.31413,35.78328],[51.31368,35.78353],[51.31327,35.78366],[51.31275,35.78378],[51.31231,35.78388],[51.31241,35.78382],[51.31241,35.78376],[51.31243,35.7838],[51.31242,35.78375],[51.31243,35.78379],[51.31233,35.78372],[51.31238,35.78384],[51.31236,35.78372],[51.31233,35.78395],[51.31231,35.78391],[51.31238,35.78372],[51.31237,35.78392],[51.31236,35.78404],[51.31239,35.78396],[51.31251,35.78378],[51.31243,35.78392],[51.31234,35.78382],[51.31236,35.78389],[51.31239,35.78384],[51.31245,35.78374],[51.31258,35.78387],[51.31301,35.78378],[51.31346,35.78373],[51.31392,35.78353],[51.31445,35.78321],[51.31496,35.78301],[51.31551,35.78283],[51.31522,35.78245],[51.31473,35.78224],[51.31501,35.78185],[51.31535,35.78158],[51.31573,35.78131],[51.31603,35.78097],[51.31644,35.7806],[51.31696,35.78016],[51.31728,35.77987],[51.31769,35.77951],[51.31808,35.77916],[51.31846,35.77885],[51.3188,35.77858],[51.31928,35.77825],[51.31895,35.77779],[51.31939,35.77747],[51.32021,35.77753],[51.32096,35.77773],[51.32156,35.77804],[51.32215,35.77819],[51.32269,35.7783],[51.32344,35.77842],[51.3243,35.7785],[51.32491,35.77855],[51.3249,35.77793],[51.32485,35.77739],[51.32479,35.77686],[51.32481,35.7765],[51.325,35.77636],[51.32462,35.77621],[51.32488,35.77581],[51.3249,35.77532],[51.32472,35.77487],[51.32402,35.77457],[51.32358,35.77442],[51.32316,35.77428],[51.32238,35.774],[51.32162,35.77361],[51.32115,35.77336],[51.32071,35.77313],[51.32049,35.77333],[51.32052,35.77349],[51.32057,35.77348],[51.32054,35.77342],[51.32041,35.77306],[51.32005,35.77284],[51.3195,35.77249],[51.31913,35.77225],[51.31878,35.77198],[51.31853,35.77164],[51.31855,35.77111],[51.31914,35.77073],[51.31976,35.77067],[51.31932,35.77051],[51.3186,35.77048],[51.31817,35.77035],[51.31822,35.76973],[51.31831,35.76937],[51.31841,35.76892],[51.31851,35.76842],[51.3186,35.76791],[51.3187,35.76736],[51.31878,35.7668],[51.31888,35.76624],[51.31895,35.76571],[51.31908,35.76517],[51.31916,35.76463],[51.31918,35.7641],[51.31908,35.76356],[51.31894,35.76301],[51.31878,35.76244],[51.31861,35.76185],[51.31842,35.76125],[51.31827,35.76067],[51.31812,35.76011],[51.31795,35.75956],[51.31784,35.75914],[51.3177,35.75865],[51.31754,35.75816],[51.31734,35.75756],[51.31711,35.757],[51.31697,35.75662],[51.31683,35.75621],[51.31663,35.75576],[51.31643,35.75532],[51.31625,35.75492],[51.31588,35.75465],[51.31539,35.75449],[51.3149,35.75434],[51.31454,35.75409],[51.31432,35.75356],[51.31361,35.75333],[51.31314,35.75331],[51.31261,35.7533],[51.31204,35.75327],[51.31146,35.75326],[51.31084,35.75328],[51.31017,35.75328],[51.30946,35.75329],[51.30875,35.75329],[51.30805,35.75329],[51.30732,35.7533],[51.30665,35.7533],[51.30611,35.7533],[51.30537,35.75331],[51.3048,35.75332],[51.30428,35.75348],[51.30411,35.75402],[51.30409,35.75441],[51.30394,35.75439],[51.30382,35.75439],[51.30379,35.75431],[51.30401,35.7544],[51.30354,35.75443],[51.30303,35.7544],[51.30294,35.75448],[51.30352,35.75446],[51.30306,35.75435],[51.30442,35.75416],[51.3039,35.75444],[51.30393,35.75486],[51.304,35.75525],[51.30405,35.75571],[51.30409,35.75619],[51.30412,35.75658],[51.30412,35.7565],[51.30412,35.75648],[51.30405,35.75654],[51.30402,35.7566],[51.30393,35.7565],[51.30408,35.75648],[51.304,35.75649],[51.30409,35.75657],[51.304,35.75634],[51.30404,35.75683],[51.30406,35.75728],[51.30407,35.75766],[51.30405,35.75808],[51.30415,35.75869],[51.3042,35.75912],[51.30452,35.75943],[51.30499,35.75945],[51.30568,35.75946],[51.30615,35.75948],[51.30625,35.75994],[51.30632,35.76049],[51.30635,35.76103],[51.30637,35.76148],[51.30623,35.76182],[51.30592,35.76202],[51.30616,35.76207],[51.30649,35.76239],[51.30701,35.76242],[51.30771,35.76243],[51.3082,35.76248],[51.30842,35.76284],[51.30851,35.76324],[51.3086,35.76342],[51.30903,35.76326],[51.30883,35.76366],[51.30839,35.76357],[51.30862,35.76363],[51.30861,35.76379],[51.30836,35.76354],[51.3079,35.76364],[51.30795,35.76325],[51.30825,35.76297],[51.30836,35.76253],[51.30844,35.76209],[51.30846,35.76145],[51.30844,35.76095],[51.30837,35.76036],[51.30832,35.75995],[51.30862,35.75962],[51.3093,35.75958],[51.31,35.75956],[51.3106,35.75944],[51.31095,35.759],[51.31097,35.75856],[51.31096,35.75806],[51.31094,35.75763],[51.31093,35.75709],[51.31094,35.75655],[51.31092,35.75615],[51.31089,35.75574],[51.31089,35.75515],[51.31087,35.75475],[51.31085,35.75436],[51.31079,35.75398],[51.31073,35.75349],[51.31093,35.75397],[51.31095,35.75456],[51.31099,35.75525],[51.31097,35.756],[51.311,35.75638],[51.31103,35.75702],[51.31107,35.75756],[51.31153,35.75758],[51.31227,35.75755],[51.31279,35.75749],[51.31325,35.75742],[51.3138,35.75736],[51.31424,35.75747],[51.31435,35.7577],[51.31389,35.75767],[51.31377,35.75771],[51.31372,35.75809],[51.31373,35.75772],[51.31372,35.75767],[51.3137,35.75774],[51.31373,35.75774],[51.3137,35.75769],[51.31378,35.75757],[51.31371,35.75768],[51.31307,35.75763],[51.31265,35.75776],[51.31274,35.75758],[51.31293,35.75772],[51.31245,35.75756],[51.3119,35.75759],[51.31135,35.75765],[51.31102,35.75806],[51.31101,35.75867],[51.31104,35.75919],[51.31106,35.75978],[51.31102,35.76023],[51.31107,35.76081],[51.3111,35.76127],[51.31156,35.76137],[51.31207,35.76133],[51.31269,35.76128],[51.31329,35.76131],[51.31392,35.76136],[51.31419,35.76132],[51.31409,35.76131],[51.31437,35.76141],[51.3139,35.76135],[51.31399,35.7614],[51.31417,35.76152],[51.31463,35.76149],[51.31424,35.76132],[51.31417,35.76134],[51.31372,35.76151],[51.31393,35.76134],[51.31443,35.76132],[51.31419,35.76136],[51.31392,35.76149],[51.31395,35.76155],[51.31412,35.76138],[51.31408,35.76141],[51.31435,35.76127],[51.31389,35.7612],[51.31314,35.76125],[51.31245,35.76129],[51.31177,35.76132],[51.31129,35.76136],[51.31119,35.76187],[51.3112,35.76239],[51.31122,35.76294],[51.31129,35.7633],[51.31155,35.76316],[51.31141,35.76321],[51.3116,35.76337],[51.31128,35.76364],[51.31146,35.76402],[51.3113,35.76344],[51.31167,35.76312],[51.31218,35.76304],[51.31271,35.76304],[51.3133,35.76304],[51.31377,35.76315],[51.31436,35.76306],[51.315,35.76304],[51.3151,35.7632],[51.31514,35.76306],[51.31502,35.76313],[51.31505,35.7632],[51.31534,35.76267],[51.31497,35.76293],[51.31509,35.7633],[51.31501,35.76299],[51.31513,35.76337],[51.31458,35.76321],[51.31397,35.76323],[51.31337,35.76321],[51.31273,35.76324],[51.31204,35.76327],[51.31144,35.76329],[51.31123,35.76368],[51.31124,35.76411],[51.31125,35.76463],[51.31124,35.76521],[51.31126,35.76581],[51.31124,35.76642],[51.31126,35.76703],[51.31124,35.76743],[51.31109,35.76779],[51.31063,35.76762],[51.30994,35.76727],[51.30953,35.76705],[51.30909,35.76683],[51.30863,35.7666],[51.30813,35.76637],[51.30762,35.76612],[51.30714,35.76584],[51.30661,35.76561],[51.3061,35.76538],[51.30564,35.76516],[51.30506,35.76488],[51.30457,35.76472],[51.30427,35.76439],[51.30414,35.76391],[51.30418,35.76363],[51.3042,35.76365],[51.30439,35.76377],[51.3042,35.7639],[51.3041,35.76393],[51.30421,35.76353],[51.30416,35.76317],[51.30417,35.76281],[51.30418,35.76243],[51.30399,35.7621],[51.30415,35.76196],[51.30411,35.7618],[51.30391,35.76143],[51.30383,35.76157],[51.30365,35.76158],[51.30379,35.76139],[51.30343,35.76156],[51.30298,35.76154],[51.30245,35.76152],[51.30273,35.76112],[51.30326,35.76061],[51.30377,35.76022],[51.304,35.75987],[51.30405,35.75944],[51.30405,35.75901],[51.30409,35.75846],[51.30408,35.75788],[51.30406,35.75731],[51.30404,35.75672],[51.30402,35.75609],[51.30399,35.75561],[51.30397,35.75507],[51.30396,35.75456],[51.30404,35.7544],[51.30375,35.75438],[51.3071,35.75495],[51.30723,35.75453],[51.30385,35.75422],[51.30384,35.75374],[51.3034,35.75343],[51.30267,35.75338],[51.30222,35.75339],[51.30175,35.75341],[51.30127,35.75341],[51.30077,35.75343],[51.30025,35.75345],[51.29973,35.75345],[51.29919,35.75348],[51.29864,35.75356],[51.29806,35.7536],[51.29746,35.75361],[51.29688,35.75361],[51.29629,35.75361],[51.29572,35.75362],[51.29512,35.75363],[51.29452,35.75364],[51.29388,35.75365],[51.29321,35.75367],[51.29251,35.75369],[51.2918,35.75371],[51.2911,35.75373],[51.29047,35.75373],[51.29001,35.75374],[51.28958,35.75388],[51.28946,35.75431],[51.28949,35.75478],[51.28961,35.7554],[51.28968,35.75608],[51.28974,35.75666],[51.28987,35.75715],[51.29001,35.7576],[51.29005,35.75809],[51.29042,35.75834],[51.29088,35.75839],[51.29152,35.75841],[51.29225,35.75839],[51.29275,35.75839],[51.29315,35.75819],[51.29303,35.75771],[51.2929,35.75722],[51.29345,35.75703],[51.29401,35.7569],[51.29416,35.75655],[51.29419,35.75672],[51.29418,35.75674],[51.29433,35.75662],[51.29417,35.75664],[51.29414,35.75662],[51.29349,35.75681],[51.29298,35.75706],[51.29308,35.75753],[51.2932,35.75799],[51.29339,35.7585],[51.29354,35.75904],[51.29364,35.75944],[51.29374,35.75987],[51.29332,35.76001],[51.29283,35.76011],[51.29226,35.76008],[51.2915,35.76014],[51.29067,35.76023],[51.29014,35.76024],[51.28995,35.76072],[51.29012,35.76127],[51.29024,35.7619],[51.2903,35.76247],[51.29039,35.76287],[51.29008,35.76332],[51.28968,35.76381],[51.28931,35.76443],[51.28913,35.76476],[51.28898,35.7651],[51.28879,35.76569],[51.28894,35.7662],[51.28921,35.76662],[51.2895,35.7672],[51.29002,35.76764],[51.29066,35.76806],[51.29128,35.7685],[51.2919,35.76888],[51.29239,35.76916],[51.29189,35.76901],[51.29143,35.7689],[51.29084,35.76884],[51.29062,35.769],[51.29099,35.76902],[51.29055,35.7689],[51.29008,35.76853],[51.28966,35.76823],[51.28902,35.7678],[51.28847,35.76738],[51.28839,35.76697],[51.28789,35.76702],[51.28738,35.76736],[51.28691,35.76745],[51.28634,35.76754],[51.28571,35.76762],[51.28514,35.76761],[51.28457,35.76767],[51.28415,35.76792],[51.2837,35.76799],[51.28319,35.76772],[51.28276,35.76734],[51.28228,35.7676],[51.28203,35.76801],[51.28164,35.76848],[51.2811,35.76896],[51.28078,35.76926],[51.28042,35.76951],[51.28004,35.76978],[51.27965,35.77006],[51.27927,35.77032],[51.27891,35.77056],[51.27838,35.77093],[51.27799,35.77115],[51.27756,35.77143],[51.27714,35.77168],[51.27672,35.7715],[51.27618,35.77152],[51.27569,35.77158],[51.27524,35.77145],[51.27453,35.77149],[51.27407,35.77162],[51.27394,35.7715],[51.27372,35.7712],[51.27372,35.77153],[51.27421,35.77149],[51.27469,35.77145],[51.27519,35.77156],[51.27584,35.77151],[51.27637,35.77153],[51.277,35.77157],[51.27756,35.77132],[51.27793,35.77109],[51.27832,35.77088],[51.2785,35.77041],[51.27848,35.76998],[51.27856,35.76956],[51.27858,35.76898],[51.27834,35.76866],[51.27826,35.76848],[51.27832,35.76842],[51.27822,35.76838],[51.27711,35.7689],[51.27732,35.76857],[51.27745,35.76821],[51.27828,35.76884],[51.27854,35.76933],[51.27846,35.76986],[51.27857,35.77024],[51.27871,35.77064],[51.27929,35.77022],[51.27991,35.76972],[51.28027,35.76943],[51.28067,35.76917],[51.28102,35.76892],[51.28138,35.76866],[51.28171,35.76834],[51.28218,35.76776],[51.28238,35.76729],[51.28258,35.76687],[51.28275,35.7664],[51.28293,35.76589],[51.28311,35.76546],[51.28326,35.76507],[51.28346,35.76454],[51.28414,35.76463],[51.28473,35.7649],[51.28545,35.76504],[51.28603,35.76512],[51.28668,35.76531],[51.28724,35.76544],[51.28791,35.76564],[51.28838,35.76563],[51.28832,35.76575],[51.28836,35.76581],[51.28865,35.76552],[51.28888,35.76508],[51.28906,35.76471],[51.28932,35.76423],[51.28958,35.76379],[51.2897,35.76331],[51.2895,35.76298],[51.28984,35.76255],[51.2901,35.76224],[51.29006,35.76172],[51.28999,35.76115],[51.28993,35.76057],[51.28987,35.75991],[51.28983,35.75935],[51.28981,35.75886],[51.28974,35.75847],[51.28974,35.75841],[51.28975,35.75845],[51.28976,35.75859],[51.28978,35.75858],[51.29002,35.75852],[51.28974,35.75822],[51.29023,35.75807],[51.29066,35.75779],[51.29081,35.75711],[51.29081,35.75668],[51.29066,35.75603],[51.29064,35.75545],[51.29048,35.75475],[51.29032,35.75413],[51.29022,35.7536],[51.29014,35.75313],[51.28988,35.75244],[51.28957,35.75194],[51.28932,35.75155],[51.28888,35.75121],[51.28901,35.75083],[51.28936,35.75119],[51.28934,35.75165],[51.28934,35.75215],[51.28938,35.75277],[51.28957,35.75323],[51.29024,35.75335],[51.29111,35.75327],[51.29157,35.75323],[51.29207,35.7532],[51.29258,35.75318],[51.29313,35.75314],[51.29368,35.75312],[51.29426,35.7531],[51.29475,35.75307],[51.2952,35.75306],[51.29612,35.75309],[51.29667,35.75308],[51.29726,35.75308],[51.29786,35.75308],[51.29841,35.75308],[51.29926,35.75313],[51.2997,35.75315],[51.3002,35.75316],[51.30074,35.75317],[51.30133,35.75317],[51.30192,35.75316],[51.30254,35.75316],[51.30315,35.75315],[51.30362,35.75314],[51.30422,35.75311],[51.30475,35.75315],[51.30557,35.75315],[51.30606,35.75315],[51.30658,35.75314],[51.30715,35.75313],[51.30776,35.75314],[51.30839,35.75314],[51.30905,35.75318],[51.30974,35.75319],[51.31042,35.75319],[51.31109,35.75319],[51.31177,35.75317],[51.31244,35.75315],[51.31311,35.75315],[51.31376,35.75315],[51.31441,35.75313],[51.31506,35.7531],[51.31573,35.75305],[51.31638,35.75301],[51.31705,35.75296],[51.31771,35.75291],[51.31836,35.75284],[51.31899,35.75277],[51.31964,35.75269],[51.32028,35.75259],[51.32091,35.75249],[51.32153,35.7524],[51.32217,35.75229],[51.32281,35.75219],[51.32345,35.75208],[51.32407,35.75196],[51.32469,35.75188],[51.32528,35.75179],[51.32583,35.7517],[51.32635,35.75164],[51.3269,35.75157],[51.32745,35.75149],[51.32797,35.75142],[51.32847,35.75134],[51.329,35.75126],[51.32954,35.75119],[51.33008,35.75112],[51.33061,35.75105],[51.33117,35.751],[51.33176,35.751],[51.33235,35.751],[51.33296,35.75097],[51.33354,35.75094],[51.33416,35.75091],[51.33479,35.7509],[51.33542,35.75091],[51.33604,35.75091],[51.33662,35.75092],[51.33722,35.75093],[51.33782,35.75097],[51.33843,35.75101],[51.33904,35.75104],[51.33962,35.75108],[51.34018,35.75108],[51.34078,35.75111],[51.34136,35.75113],[51.34197,35.75115],[51.34257,35.75118],[51.34313,35.75117],[51.34369,35.75117],[51.34427,35.75115],[51.34487,35.75115],[51.34547,35.75112],[51.34611,35.75111],[51.34677,35.75108],[51.34743,35.75106],[51.34808,35.75102],[51.3487,35.75097],[51.34932,35.75093],[51.34992,35.7509],[51.35057,35.7509],[51.35128,35.75083],[51.35196,35.75072],[51.35266,35.75062],[51.35335,35.7505],[51.35404,35.7504],[51.35471,35.7503],[51.35538,35.7502],[51.35601,35.75013],[51.35669,35.75001],[51.35737,35.7499],[51.35809,35.7498],[51.3588,35.74971],[51.35949,35.74963],[51.36016,35.74956],[51.36083,35.74952],[51.36153,35.74948],[51.36222,35.74944],[51.36292,35.74941],[51.36361,35.74937],[51.3643,35.74931],[51.36496,35.74927],[51.36561,35.74923],[51.36626,35.7492],[51.36692,35.74916],[51.36759,35.74912],[51.36826,35.74909],[51.3689,35.74908],[51.36951,35.74908],[51.37017,35.7491],[51.37082,35.74914],[51.3715,35.74919],[51.37219,35.74924],[51.37285,35.7493],[51.37352,35.74937],[51.37419,35.74943],[51.37483,35.74948],[51.37545,35.74954],[51.37609,35.74958],[51.37669,35.7496],[51.3772,35.74965],[51.37783,35.7497],[51.37838,35.74971],[51.37888,35.74979],[51.37933,35.7498],[51.37998,35.74986],[51.38058,35.74988],[51.3813,35.7499],[51.38209,35.74992],[51.38299,35.74999],[51.38349,35.75002],[51.38401,35.75006],[51.38452,35.7501],[51.38506,35.75014],[51.38554,35.7502],[51.3863,35.75028],[51.38706,35.75033],[51.38753,35.75036],[51.38803,35.75039],[51.38853,35.75042],[51.38906,35.75048],[51.3896,35.75053],[51.39012,35.75057],[51.39067,35.75064],[51.39122,35.75069],[51.39175,35.7507],[51.3923,35.75071],[51.39287,35.75076],[51.39344,35.75082],[51.394,35.7509],[51.39461,35.75093],[51.3952,35.75096],[51.39583,35.75098],[51.39644,35.75103],[51.39701,35.75105],[51.39756,35.75107],[51.39811,35.75112],[51.39872,35.75118],[51.3993,35.7512],[51.39997,35.75122],[51.40062,35.75126],[51.40131,35.75128],[51.402,35.7513],[51.40268,35.75133],[51.40334,35.75135],[51.40398,35.75136],[51.40463,35.75138],[51.40531,35.75139],[51.40602,35.75138],[51.40676,35.75139],[51.40744,35.75136],[51.40814,35.75137],[51.4088,35.75135],[51.40946,35.75138],[51.41011,35.75145],[51.41075,35.75159],[51.41128,35.75169],[51.41208,35.75185],[51.41255,35.75195],[51.41304,35.75205],[51.41352,35.75211],[51.41401,35.7522],[51.41446,35.75221],[51.41492,35.75222],[51.41537,35.75219],[51.41583,35.75215],[51.41671,35.75198],[51.41723,35.75184],[51.41772,35.75166],[51.41822,35.75142],[51.41874,35.75112],[51.41929,35.75079],[51.41979,35.75041],[51.42033,35.75009],[51.42091,35.7498],[51.42155,35.74956],[51.4222,35.74938],[51.42286,35.74926],[51.42352,35.74918],[51.4242,35.74916],[51.42488,35.74914],[51.42556,35.74913],[51.42625,35.74913],[51.42694,35.74914],[51.42761,35.74914],[51.42829,35.74911],[51.42898,35.7491],[51.42966,35.7491],[51.43036,35.74911],[51.43107,35.74913],[51.43177,35.74914],[51.43245,35.74915],[51.43315,35.74915],[51.43384,35.74917],[51.43455,35.74921],[51.43519,35.74927],[51.43579,35.74939],[51.43639,35.74952],[51.43698,35.74968],[51.43758,35.74986],[51.4382,35.75007],[51.43884,35.7503],[51.4395,35.75048],[51.44019,35.75062],[51.44092,35.75071],[51.44167,35.75075],[51.4424,35.75078],[51.44315,35.7508],[51.44391,35.75083],[51.44461,35.75088],[51.44533,35.75095],[51.44602,35.75104],[51.44671,35.75117],[51.4474,35.75136],[51.44813,35.75158],[51.44886,35.75185],[51.44957,35.75213],[51.45022,35.75247],[51.45085,35.75286],[51.45143,35.75325],[51.45197,35.75363],[51.45252,35.75397],[51.45309,35.75426],[51.45364,35.75456],[51.4542,35.75483],[51.45479,35.75511],[51.45536,35.75534],[51.45594,35.75555],[51.45656,35.75574],[51.45717,35.75592],[51.45781,35.75608],[51.45846,35.75621],[51.45914,35.75633],[51.45983,35.75642],[51.46055,35.75648],[51.46126,35.75653],[51.46191,35.75658],[51.4625,35.7566],[51.46308,35.75664],[51.46368,35.75666],[51.46427,35.75668],[51.46482,35.75668],[51.46536,35.75669],[51.46587,35.75669],[51.4666,35.75662],[51.46689,35.75629],[51.46654,35.75592],[51.4659,35.75612],[51.4657,35.75656],[51.46567,35.75717],[51.46568,35.75753],[51.46568,35.7579],[51.46567,35.75828],[51.46568,35.75866],[51.46572,35.75906],[51.46576,35.75947],[51.46584,35.7599],[51.46593,35.76029],[51.46598,35.76072],[51.46606,35.76116],[51.46616,35.76163],[51.4663,35.7621],[51.46644,35.76258],[51.46658,35.76304],[51.46671,35.76353],[51.46687,35.76406],[51.46707,35.76458],[51.46729,35.76507],[51.46753,35.76554],[51.46786,35.76608],[51.46813,35.7666],[51.46837,35.76707],[51.46859,35.76751],[51.46887,35.76797],[51.46912,35.76839],[51.4694,35.7688],[51.46972,35.76917],[51.47016,35.76949],[51.47068,35.76981],[51.47118,35.77006],[51.4717,35.7704],[51.47216,35.77074],[51.47255,35.77112],[51.4729,35.77156],[51.47327,35.77202],[51.47372,35.77243],[51.47423,35.7728],[51.47477,35.77315],[51.4753,35.77349],[51.47576,35.77388],[51.47615,35.77429],[51.47646,35.77472],[51.47668,35.77523],[51.4768,35.77573],[51.47692,35.77623],[51.47704,35.77672],[51.47713,35.77721],[51.47724,35.77767],[51.47739,35.77814],[51.47764,35.7786],[51.47796,35.77904],[51.47835,35.77943],[51.47877,35.77975],[51.47921,35.78006],[51.47968,35.78041],[51.48013,35.78077],[51.48055,35.78119],[51.48089,35.78164],[51.4812,35.78213],[51.48149,35.78259],[51.48176,35.78303],[51.48209,35.7837],[51.4824,35.78421],[51.48282,35.78484],[51.48304,35.78516],[51.4834,35.78573],[51.48374,35.78619],[51.48406,35.78672],[51.48439,35.78742],[51.48456,35.78807],[51.48523,35.78814],[51.48601,35.78796],[51.48669,35.78755],[51.4871,35.78738],[51.48777,35.78707],[51.48845,35.78677],[51.48912,35.78645],[51.48992,35.78618],[51.49041,35.78604],[51.49093,35.78591],[51.49142,35.78583],[51.49186,35.78575],[51.49264,35.78566],[51.49355,35.78565],[51.49407,35.78569],[51.49465,35.78576],[51.4952,35.78584],[51.49579,35.78593],[51.49637,35.78601],[51.49697,35.78609],[51.49758,35.78616],[51.49821,35.78622],[51.49887,35.78628],[51.49955,35.78629],[51.5002,35.78624],[51.50085,35.78613],[51.50148,35.78597],[51.5021,35.7858],[51.5027,35.78564],[51.50327,35.78546],[51.50388,35.78527],[51.50448,35.78505],[51.50511,35.78488],[51.50574,35.7847],[51.50634,35.78452],[51.50693,35.78436],[51.50756,35.78418],[51.50823,35.78402],[51.50891,35.78383],[51.50957,35.78365],[51.51024,35.78345],[51.51092,35.78323],[51.51161,35.78303],[51.51228,35.78281],[51.51295,35.78257],[51.51359,35.78231],[51.51421,35.78203],[51.51481,35.7817],[51.51538,35.78131],[51.51597,35.78089],[51.51655,35.78049],[51.51708,35.78006],[51.51763,35.77963],[51.51817,35.77922],[51.51872,35.77884],[51.51931,35.77848],[51.51993,35.7782],[51.52057,35.77798],[51.52123,35.77778],[51.52192,35.77766],[51.52261,35.77758],[51.52333,35.77753],[51.52405,35.77747],[51.52476,35.77741],[51.52548,35.77738],[51.52621,35.77737],[51.52695,35.77733],[51.52769,35.77729],[51.52842,35.77723],[51.52916,35.77719],[51.52987,35.77715],[51.53058,35.77711],[51.53127,35.77708],[51.53194,35.77703],[51.53258,35.777],[51.53319,35.77692],[51.53385,35.77686],[51.5345,35.77679],[51.53512,35.77671],[51.53571,35.77663],[51.53634,35.77652],[51.53696,35.77643],[51.53764,35.7763],[51.53828,35.77616],[51.53891,35.77602],[51.53954,35.77586],[51.54017,35.77573],[51.5408,35.7756],[51.54147,35.77542],[51.54211,35.77523],[51.54274,35.77502],[51.54336,35.77483],[51.54398,35.77462],[51.54462,35.7744],[51.54525,35.77416],[51.5459,35.77391],[51.54656,35.77368],[51.5472,35.77343],[51.5478,35.77321],[51.54842,35.77295],[51.54906,35.77273],[51.54969,35.77249],[51.55032,35.77227],[51.55096,35.77204],[51.55161,35.7718],[51.55225,35.77159],[51.55292,35.77134],[51.55359,35.77111],[51.55426,35.77088],[51.55489,35.77067],[51.55555,35.77044],[51.55622,35.7702],[51.5569,35.76997],[51.55754,35.76969],[51.55812,35.76941],[51.55873,35.7691],[51.55934,35.76877],[51.55991,35.76843],[51.56044,35.76808],[51.56097,35.76775],[51.5615,35.76741],[51.56204,35.76703],[51.56261,35.76665],[51.56316,35.76628],[51.56374,35.76591],[51.56432,35.76554],[51.56488,35.76519],[51.56543,35.76484],[51.56596,35.7645],[51.56648,35.76417],[51.56703,35.76381],[51.56756,35.76344],[51.56807,35.76308],[51.56859,35.76269],[51.56911,35.76229],[51.56963,35.76191],[51.57016,35.76153],[51.57068,35.76113],[51.57119,35.76075],[51.5717,35.76035],[51.57224,35.75996],[51.5727,35.75954],[51.57318,35.75916],[51.57366,35.75877],[51.57413,35.75836],[51.57455,35.75789],[51.57496,35.75743],[51.57534,35.75694],[51.57568,35.75645],[51.57599,35.75594],[51.57624,35.75548],[51.57643,35.75509],[51.57663,35.75441],[51.5768,35.75382],[51.57704,35.75339],[51.57737,35.75293],[51.57794,35.75246],[51.57831,35.75223],[51.57872,35.75202],[51.5791,35.7518],[51.57914,35.75136],[51.57859,35.75096],[51.57819,35.7507],[51.57778,35.75043],[51.57739,35.75014],[51.57698,35.74979],[51.57666,35.74946],[51.57638,35.74916],[51.57627,35.74869],[51.5765,35.74811],[51.57676,35.74775],[51.57699,35.74737],[51.57708,35.74697],[51.57697,35.74655],[51.57679,35.74608],[51.57656,35.74562],[51.57638,35.74527],[51.57565,35.74527],[51.57486,35.74552],[51.57439,35.74566],[51.5739,35.74582],[51.57341,35.74596],[51.57295,35.74605],[51.57256,35.74575],[51.57232,35.74511],[51.57215,35.74469],[51.57196,35.74427],[51.5719,35.74389],[51.57197,35.74352],[51.57227,35.74318],[51.57257,35.74283],[51.57284,35.74245],[51.57297,35.74202],[51.57272,35.7417],[51.57211,35.74134],[51.57145,35.74102],[51.57109,35.74081],[51.5705,35.74049],[51.56986,35.74013],[51.56923,35.73978],[51.56859,35.73939],[51.56802,35.739],[51.56765,35.73875],[51.56723,35.73853],[51.56679,35.73822],[51.56613,35.73782],[51.56547,35.73741],[51.56476,35.737],[51.56424,35.73668],[51.56372,35.73639],[51.56308,35.73598],[51.56272,35.73577],[51.56235,35.73555],[51.56198,35.73534],[51.56137,35.73498],[51.56072,35.7346],[51.56034,35.73439],[51.55995,35.73415],[51.55929,35.73374],[51.55858,35.73336],[51.55789,35.73297],[51.55753,35.73274],[51.55681,35.7323],[51.55604,35.7319],[51.55539,35.73157],[51.55496,35.73128],[51.5543,35.7309],[51.55379,35.7306],[51.55387,35.73014],[51.55402,35.72989]]]}}]}
