{"type":"FeatureCollection","features":[{"type":"Feature","properties":{"route":1,"color":"#2563eb","kind":"routed_access_not_recorded_gps","duration":5.1,"distance":35.4,"type":"access_route","source":"computed_road_network"},"geometry":{"type":"LineString","coordinates":[[51.554142,35.729941],[51.55385,35.73016]]}},{"type":"Feature","properties":{"route":2,"color":"#0d9488","kind":"routed_access_not_recorded_gps","duration":723.9,"distance":7183.6,"type":"access_route","source":"computed_road_network"},"geometry":{"type":"LineString","coordinates":[[51.554142,35.729941],[51.554103,35.729736],[51.554805,35.728981],[51.554889,35.72889],[51.556695,35.72688],[51.556716,35.726823],[51.556716,35.726762],[51.556682,35.726687],[51.556629,35.72661],[51.556542,35.72652],[51.556248,35.726421],[51.555962,35.72632],[51.555727,35.726265],[51.554782,35.726096],[51.554043,35.726043],[51.553962,35.726038],[51.553566,35.726009],[51.553146,35.725984],[51.552861,35.725968],[51.55168,35.725891],[51.551582,35.725884],[51.550088,35.725772],[51.549714,35.725748],[51.548165,35.725626],[51.546526,35.725503],[51.545845,35.725472],[51.543374,35.725332],[51.54285,35.725292],[51.540668,35.725129],[51.540012,35.725079],[51.539264,35.725025],[51.539008,35.725072],[51.538914,35.725118],[51.53882,35.725203],[51.538748,35.725308],[51.538713,35.725495],[51.538595,35.726464],[51.538503,35.727141],[51.538466,35.727335],[51.538349,35.727485],[51.538327,35.727664],[51.5383,35.727796],[51.538266,35.72797],[51.538207,35.728201],[51.53813,35.728461],[51.537898,35.728837],[51.537512,35.729318],[51.537369,35.729455],[51.537061,35.72972],[51.536738,35.729964],[51.536609,35.730049],[51.536246,35.730234],[51.536122,35.73028],[51.536037,35.730127],[51.536157,35.730077],[51.536698,35.729801],[51.537065,35.729535],[51.53735,35.729282],[51.537751,35.728747],[51.53795,35.728412],[51.538062,35.727977],[51.538114,35.727815],[51.538139,35.727708],[51.538161,35.727506],[51.538381,35.725276],[51.538449,35.724441],[51.538544,35.723604],[51.53862,35.722902],[51.538659,35.722556],[51.538684,35.722416],[51.538711,35.722307],[51.538745,35.722214],[51.538789,35.72212],[51.538837,35.722036],[51.538899,35.721951],[51.538986,35.721837],[51.539081,35.721747],[51.539193,35.721656],[51.539307,35.721587],[51.539414,35.721526],[51.539559,35.721479],[51.53971,35.721428],[51.539867,35.721397],[51.540035,35.721379],[51.540188,35.721377],[51.54034,35.721388],[51.540477,35.721404],[51.540622,35.721438],[51.540726,35.72147],[51.540831,35.721511],[51.540919,35.721554],[51.541006,35.721602],[51.541105,35.72166],[51.541206,35.721729],[51.541319,35.721806],[51.541454,35.721902],[51.541595,35.721989],[51.541742,35.722077],[51.541884,35.722153],[51.542015,35.72222],[51.542166,35.722278],[51.542328,35.722332],[51.542457,35.722365],[51.542611,35.722394],[51.542747,35.722411],[51.542887,35.722422],[51.543022,35.722426],[51.543167,35.722426],[51.543329,35.722419],[51.544158,35.722357],[51.545271,35.722303],[51.54625,35.722182],[51.54673,35.722149],[51.547386,35.722166],[51.54799,35.722202],[51.548625,35.722298],[51.549108,35.722409],[51.549406,35.722362],[51.549512,35.722369],[51.549598,35.72239],[51.550168,35.722591],[51.550299,35.722648],[51.550749,35.722849],[51.550943,35.722856],[51.551102,35.722848],[51.551223,35.72282],[51.551332,35.72278],[51.551422,35.722753],[51.551562,35.722726],[51.551684,35.722727],[51.552223,35.72273],[51.552546,35.722784],[51.552891,35.722789],[51.55364,35.722792],[51.554677,35.722937],[51.554811,35.722968],[51.555241,35.723242],[51.555592,35.723454],[51.555793,35.723575],[51.555961,35.723657],[51.556252,35.723779],[51.556864,35.723407],[51.556959,35.723164],[51.557049,35.722851],[51.557086,35.722519],[51.557075,35.722245],[51.557017,35.721992],[51.556959,35.721861],[51.556758,35.72167],[51.556589,35.721535],[51.555752,35.72098],[51.555491,35.720894],[51.555029,35.720828],[51.554118,35.720779],[51.552309,35.720517],[51.552042,35.720436],[51.551876,35.72038],[51.551609,35.720333],[51.551182,35.720277],[51.550907,35.720264],[51.550662,35.720318],[51.550052,35.720611],[51.549822,35.720729],[51.549587,35.720834],[51.549302,35.720929],[51.549035,35.720986],[51.548784,35.721012],[51.548618,35.720999],[51.548486,35.720926],[51.54833,35.720753],[51.548227,35.720691],[51.548084,35.720682],[51.547706,35.720774],[51.547415,35.720663],[51.547223,35.720544],[51.54713,35.720445],[51.546955,35.720232],[51.546792,35.720052],[51.546739,35.72001],[51.546663,35.719991],[51.546564,35.72001],[51.546413,35.720038],[51.54629,35.720038],[51.546162,35.719967],[51.546047,35.719835],[51.546008,35.719677],[51.545922,35.719639],[51.545806,35.719604],[51.545712,35.719589],[51.545579,35.719585],[51.545428,35.719711],[51.545247,35.719849],[51.545107,35.719868],[51.544979,35.719849],[51.544833,35.719768],[51.544705,35.719636],[51.544594,35.719489],[51.544431,35.719252],[51.544285,35.719158],[51.543865,35.719025],[51.543364,35.718964],[51.542985,35.718968],[51.542437,35.71893],[51.542303,35.718902],[51.542227,35.718845],[51.54184,35.7191]]}},{"type":"Feature","properties":{"route":3,"color":"#7c3aed","kind":"routed_access_not_recorded_gps","duration":156.8,"distance":1120.2,"type":"access_route","source":"computed_road_network"},"geometry":{"type":"LineString","coordinates":[[51.554142,35.729941],[51.553566,35.730314],[51.553468,35.730426],[51.552721,35.731272],[51.552089,35.731981],[51.551337,35.732826],[51.550679,35.733556],[51.550164,35.734154],[51.550091,35.734236],[51.549365,35.735059],[51.549038,35.735429],[51.548987,35.735486],[51.54859,35.735936],[51.547927,35.7356],[51.547815,35.735541],[51.547783,35.735595],[51.547746,35.735644],[51.547704,35.735692],[51.547657,35.735734],[51.547597,35.735752],[51.54754,35.735762],[51.547455,35.735769],[51.547336,35.735773],[51.546232,35.735939],[51.546132,35.735923],[51.546043,35.73591],[51.54576,35.73612]]}},{"type":"Feature","properties":{"route":4,"color":"#d97706","kind":"routed_access_not_recorded_gps","duration":1.9,"distance":13.8,"type":"access_route","source":"computed_road_network"},"geometry":{"type":"LineString","coordinates":[[51.554142,35.729941],[51.55415,35.7301]]}},{"type":"Feature","properties":{"route":5,"color":"#0891b2","kind":"routed_access_not_recorded_gps","duration":1,"distance":7.2,"type":"access_route","source":"computed_road_network"},"geometry":{"type":"LineString","coordinates":[[51.554142,35.729941],[51.55396,35.72991]]}},{"type":"Feature","properties":{"route":6,"color":"#e11d48","kind":"routed_access_not_recorded_gps","duration":96.3,"distance":681.4,"type":"access_route","source":"computed_road_network"},"geometry":{"type":"LineString","coordinates":[[51.554142,35.729941],[51.553566,35.730314],[51.554904,35.731073],[51.555566,35.731449],[51.556105,35.73174],[51.557483,35.732488],[51.557399,35.732571],[51.556813,35.732254],[51.55636,35.732003],[51.55585,35.73241]]}},{"type":"Feature","properties":{"route":7,"color":"#4f46e5","kind":"routed_access_not_recorded_gps","duration":157.3,"distance":1414.3,"type":"access_route","source":"computed_road_network"},"geometry":{"type":"LineString","coordinates":[[51.554142,35.729941],[51.554103,35.729736],[51.554805,35.728981],[51.554889,35.72889],[51.556695,35.72688],[51.556716,35.726823],[51.556716,35.726762],[51.556682,35.726687],[51.556629,35.72661],[51.556542,35.72652],[51.556248,35.726421],[51.555962,35.72632],[51.555727,35.726265],[51.554782,35.726096],[51.554043,35.726043],[51.553962,35.726038],[51.553566,35.726009],[51.553146,35.725984],[51.552861,35.725968],[51.55168,35.725891],[51.551582,35.725884],[51.551091,35.725998],[51.550837,35.726095],[51.550674,35.726176],[51.550513,35.726344],[51.549462,35.727531],[51.549181,35.727826],[51.548406,35.728709],[51.5482,35.72932]]}},{"type":"Feature","properties":{"route":8,"color":"#65a30d","kind":"routed_access_not_recorded_gps","duration":196.3,"distance":1823.8,"type":"access_route","source":"computed_road_network"},"geometry":{"type":"LineString","coordinates":[[51.554142,35.729941],[51.553566,35.730314],[51.554904,35.731073],[51.555566,35.731449],[51.555374,35.731473],[51.554659,35.732309],[51.553772,35.733344],[51.553273,35.733928],[51.55261,35.734706],[51.552129,35.73524],[51.552675,35.735545],[51.5531,35.735779],[51.553589,35.736045],[51.554139,35.736337],[51.554756,35.73668],[51.554806,35.736709],[51.555166,35.736922],[51.555506,35.737136],[51.556188,35.737513],[51.556444,35.737656],[51.556705,35.737797],[51.557021,35.737984],[51.55748,35.73825],[51.558142,35.73863],[51.558572,35.73886],[51.558918,35.739056],[51.559276,35.739269],[51.55962,35.739472],[51.560105,35.739769],[51.560507,35.739998],[51.561073,35.74032],[51.56135,35.74038]]}},{"type":"Feature","properties":{"route":9,"color":"#ea580c","kind":"routed_access_not_recorded_gps","duration":1.4,"distance":10.2,"type":"access_route","source":"computed_road_network"},"geometry":{"type":"LineString","coordinates":[[51.554142,35.729941],[51.55397,35.72995]]}},{"type":"Feature","properties":{"route":10,"color":"#0284c7","kind":"routed_access_not_recorded_gps","duration":498.2,"distance":5656.1,"type":"access_route","source":"computed_road_network"},"geometry":{"type":"LineString","coordinates":[[51.554142,35.729941],[51.554103,35.729736],[51.554805,35.728981],[51.554889,35.72889],[51.556695,35.72688],[51.556716,35.726823],[51.556716,35.726762],[51.556682,35.726687],[51.556629,35.72661],[51.556542,35.72652],[51.556248,35.726421],[51.555962,35.72632],[51.555727,35.726265],[51.554782,35.726096],[51.554043,35.726043],[51.553962,35.726038],[51.553566,35.726009],[51.553146,35.725984],[51.552861,35.725968],[51.55168,35.725891],[51.551582,35.725884],[51.550088,35.725772],[51.549714,35.725748],[51.548165,35.725626],[51.546526,35.725503],[51.545845,35.725472],[51.543374,35.725332],[51.54285,35.725292],[51.540668,35.725129],[51.540012,35.725079],[51.539264,35.725025],[51.539008,35.725072],[51.538914,35.725118],[51.53882,35.725203],[51.538748,35.725308],[51.538713,35.725495],[51.538595,35.726464],[51.538503,35.727141],[51.538466,35.727335],[51.538349,35.727485],[51.538327,35.727664],[51.5383,35.727796],[51.538266,35.72797],[51.538207,35.728201],[51.53813,35.728461],[51.537898,35.728837],[51.537512,35.729318],[51.537369,35.729455],[51.537061,35.72972],[51.536738,35.729964],[51.536609,35.730049],[51.536246,35.730234],[51.536122,35.73028],[51.536037,35.730127],[51.536157,35.730077],[51.536698,35.729801],[51.537065,35.729535],[51.53735,35.729282],[51.537751,35.728747],[51.53795,35.728412],[51.538062,35.727977],[51.538114,35.727815],[51.538139,35.727708],[51.538161,35.727506],[51.538381,35.725276],[51.538449,35.724441],[51.538544,35.723604],[51.53862,35.722902],[51.538659,35.722556],[51.538684,35.722416],[51.538711,35.722307],[51.538745,35.722214],[51.538789,35.72212],[51.538837,35.722036],[51.538899,35.721951],[51.538986,35.721837],[51.539081,35.721747],[51.539193,35.721656],[51.539307,35.721587],[51.539414,35.721526],[51.539559,35.721479],[51.53971,35.721428],[51.539867,35.721397],[51.540035,35.721379],[51.540188,35.721377],[51.54034,35.721388],[51.540477,35.721404],[51.540622,35.721438],[51.540726,35.72147],[51.540831,35.721511],[51.540919,35.721554],[51.541006,35.721602],[51.541105,35.72166],[51.541206,35.721729],[51.541319,35.721806],[51.541454,35.721902],[51.541595,35.721989],[51.541742,35.722077],[51.541884,35.722153],[51.542015,35.72222],[51.542166,35.722278],[51.542328,35.722332],[51.542457,35.722365],[51.542611,35.722394],[51.542747,35.722411],[51.542887,35.722422],[51.543022,35.722426],[51.543167,35.722426],[51.543329,35.722419],[51.544158,35.722357],[51.545271,35.722303],[51.54625,35.722182],[51.54673,35.722149],[51.547386,35.722166],[51.54799,35.722202],[51.548625,35.722298],[51.549108,35.722409],[51.549406,35.722362],[51.549512,35.722369],[51.549598,35.72239],[51.550168,35.722591],[51.550299,35.722648],[51.550749,35.722849],[51.550943,35.722856],[51.551102,35.722848],[51.551223,35.72282],[51.551332,35.72278],[51.551422,35.722753],[51.551562,35.722726],[51.551684,35.722727],[51.552223,35.72273],[51.552546,35.722784],[51.552891,35.722789],[51.55364,35.722792],[51.554677,35.722937],[51.554811,35.722968],[51.555241,35.723242],[51.555592,35.723454],[51.555793,35.723575],[51.555961,35.723657],[51.556252,35.723779],[51.556864,35.723407],[51.556959,35.723164],[51.557049,35.722851],[51.557086,35.722519],[51.557075,35.722245],[51.557017,35.721992],[51.556959,35.721861],[51.55734,35.72151]]}},{"type":"Feature","properties":{"route":11,"color":"#9333ea","kind":"routed_access_not_recorded_gps","duration":9.8,"distance":32.1,"type":"access_route","source":"computed_road_network"},"geometry":{"type":"LineString","coordinates":[[51.554142,35.729941],[51.554103,35.729736],[51.554212,35.729798],[51.55417,35.72991]]}},{"type":"Feature","properties":{"route":1,"color":"#2563eb","times":[[25726,25738,25798,25858,25918,25978,26038,26110,26170,26230,26290,26323,26332,26344,26350,26356,26362,26368,26374,26389,26395,26401,26410,26425,26434,26443,26461,26521,26581,26641,26701,26761,26841,26907,26961,27021,27095,27155,27215,27275,27335,27395,27455,27515,27575,27635,27695,27755,27815,27866,27872,27887,27899,27923,27929,27938,27950,27959,27968,27977,27983,27992,28052,28112,28172,28232,28250,28265,28280,28304,28313,28322,28373,28379,28394,28400,28409,28421,28427,28436,28442,28448,28463,28475,28589,28595,28631,28652,28754,28793,28799,28805,28811,28817,28823,28832,28844,28853,28904,28910,28916,28922,28928,28934,28940,28946,28952,28958,28967,28976,28985,28997,29015,29030,29090,29150,29210,29270,29327,29387,29408,29420,29447,29507,29534,29594,29654,29681,29711,29720,29726,29732,29738,29744,29750,29765,29771,29777,29783,29843,29903,29963,30023,30056,30116,30176,30236,30296,30356,30389,30425,30434,30440,30452,30467,30479,30485,30491,30497,30551,30560,30569,30578,30638,30677,30695,30707,30716,30722,30728,30737,30746,30752,30758,30767,30788,30800,30809,30818,30827,30833,30842,30869,30881,30899,30908,30917,30929,30938,30944,30953,30959,30965,30998,31058,31118,31172,31226,31253,31313,31373,31433,31493,31538,31550,31556,31562,31568,31574,31634,31688,31700,31718,31745,31805,31865,31925,31985,32045,32099,32135,32195,32255,32315,32348,32408,32423,32429,32435,32441,32447,32456,32465,32471,32477,32483,32492,32501,32510,32519,32528,32537,32543,32549,32558,32573,32582,32588,32594,32642,32702,32762,32822,32882,32942,33002,33062,33122,33182,33191,33206,33221,33227,33236,33245,33251,33257,33263,33272,33281,33287,33293,33299,33305,33311,33317,33329,33341,33350,33359,33368,33377,33386,33392,33410,33422,33428,33434,33440,33500,33560,33620,33680,33722,33737,33755,33815,33875,33935,33950,33959,33965,33971,33986,33995,34001,34007,34016,34022,34028,34034,34040,34046,34052,34109,34121,34127,34151,34211,34271,34289,34295,34301,34310,34316,34322,34367,34427,34490,34547,34556,34568,34586,34592,34598,34610,34616,34625,34631,34640,34646,34652,34658,34667,34694,34721,34781,34841,34901,34961,35006,35015,35024,35054,35114,35174,35234,35294,35354,35414,35474,35534,35594,35654,35714,35774,35834,35876,35891,35906,35918,35924,35930,35936,35942,35948,35954,35960,36020,36080,36140,36200,36254,36278,36338,36398,36458,36509,36518,36527,36566,36626,36686,36728,36776,36785,36800,36806,36815,36824,36833,36851,36860,36866,36869,36875,36881,36905,36914,36932,36956,36971,36989,37019,37025,37037,37064,37079,37097,37106]],"type":"operational_gps","source":"recorded_gps"},"geometry":{"type":"MultiLineString","coordinates":[[[51.39839,35.71029],[51.39819,35.71063],[51.39811,35.71077],[51.39814,35.71071],[51.39812,35.71066],[51.39817,35.7106],[51.39813,35.71052],[51.39815,35.7105],[51.39806,35.71062],[51.39808,35.71057],[51.39809,35.71066],[51.39798,35.71114],[51.39773,35.71161],[51.39814,35.71187],[51.39857,35.712],[51.39914,35.71222],[51.39975,35.71237],[51.40025,35.71253],[51.40073,35.71269],[51.40137,35.71247],[51.40152,35.71208],[51.40173,35.7117],[51.40193,35.71137],[51.40251,35.71147],[51.40299,35.71165],[51.40344,35.7118],[51.40339,35.71217],[51.40326,35.71246],[51.40311,35.71234],[51.40317,35.71237],[51.40315,35.71243],[51.40332,35.71226],[51.40291,35.71232],[51.40321,35.71247],[51.40314,35.71211],[51.40323,35.71226],[51.40308,35.71217],[51.40333,35.71236],[51.40336,35.71228],[51.40336,35.71239],[51.40336,35.71236],[51.40336,35.71234],[51.40331,35.71251],[51.40336,35.71245],[51.40336,35.71242],[51.40332,35.71243],[51.4033,35.71252],[51.40332,35.71243],[51.40328,35.7124],[51.40374,35.71258],[51.40422,35.71269],[51.40459,35.71242],[51.40464,35.71205],[51.40443,35.71149],[51.40432,35.71103],[51.4043,35.71059],[51.4042,35.71012],[51.40419,35.70973],[51.40418,35.70935],[51.40401,35.70893],[51.40359,35.7087],[51.40317,35.70847],[51.40302,35.70848],[51.40314,35.70832],[51.40304,35.70812],[51.40293,35.70786],[51.4025,35.70797],[51.4021,35.70818],[51.40158,35.70831],[51.40147,35.70795],[51.40211,35.7082],[51.4026,35.70826],[51.40201,35.70809],[51.40156,35.70793],[51.40159,35.70741],[51.40169,35.70702],[51.40183,35.70662],[51.40143,35.7063],[51.40094,35.70596],[51.40036,35.70568],[51.39972,35.70544],[51.39926,35.70531],[51.39889,35.70511],[51.39892,35.70468],[51.39879,35.70461],[51.39831,35.70454],[51.39882,35.70446],[51.39843,35.70426],[51.39916,35.70458],[51.39943,35.70416],[51.39969,35.7036],[51.39991,35.7032],[51.40013,35.7028],[51.40029,35.70229],[51.40046,35.70191],[51.40058,35.70143],[51.39999,35.70131],[51.39945,35.70129],[51.39884,35.70121],[51.39839,35.70126],[51.39778,35.70132],[51.39709,35.70135],[51.39647,35.70135],[51.39592,35.70136],[51.39528,35.70134],[51.39475,35.70134],[51.39424,35.70135],[51.39366,35.70132],[51.39317,35.70125],[51.3926,35.70124],[51.3921,35.70124],[51.39155,35.70141],[51.39119,35.70167],[51.39098,35.70203],[51.39103,35.70193],[51.39106,35.70188],[51.3911,35.7018],[51.39119,35.70152],[51.39119,35.70189],[51.39108,35.70207],[51.39108,35.70248],[51.39097,35.70292],[51.39083,35.70334],[51.39076,35.70364],[51.39045,35.7039],[51.39017,35.70381],[51.39024,35.70381],[51.39072,35.7037],[51.39071,35.70407],[51.39071,35.70445],[51.39074,35.70482],[51.39072,35.70522],[51.39057,35.70574],[51.39045,35.70631],[51.39043,35.70667],[51.38989,35.70688],[51.38942,35.7069],[51.38875,35.70704],[51.38826,35.70712],[51.38818,35.70717],[51.38811,35.70702],[51.38815,35.70718],[51.38836,35.70705],[51.38823,35.70667],[51.38829,35.70675],[51.38835,35.70671],[51.38819,35.70662],[51.38807,35.70661],[51.38819,35.70673],[51.38809,35.7071],[51.38761,35.70708],[51.38699,35.70693],[51.38652,35.70685],[51.38607,35.70701],[51.38584,35.70737],[51.386,35.7078],[51.38661,35.70789],[51.3873,35.70794],[51.38782,35.70795],[51.38829,35.70796],[51.38885,35.70812],[51.38935,35.7081],[51.38983,35.70796],[51.38988,35.70785],[51.39041,35.70776],[51.39097,35.70766],[51.39137,35.70746],[51.39165,35.70706],[51.39183,35.70667],[51.39203,35.70616],[51.39223,35.70581],[51.39238,35.70538],[51.39253,35.70496],[51.39268,35.70452],[51.39282,35.70412],[51.39299,35.70376],[51.3932,35.7034],[51.39343,35.70298],[51.39359,35.70259],[51.39376,35.70216],[51.3939,35.70179],[51.39408,35.70141],[51.39364,35.70113],[51.39314,35.70117],[51.39263,35.70112],[51.39202,35.70117],[51.39154,35.70128],[51.39109,35.70125],[51.39052,35.70112],[51.39008,35.70106],[51.38963,35.70099],[51.38906,35.70097],[51.38847,35.70099],[51.38804,35.70109],[51.3879,35.70113],[51.388,35.70114],[51.38796,35.70153],[51.38785,35.7019],[51.38765,35.70227],[51.3875,35.70233],[51.38755,35.70221],[51.38758,35.70208],[51.38761,35.70208],[51.38764,35.70245],[51.38739,35.70293],[51.38726,35.70329],[51.38716,35.70368],[51.387,35.70415],[51.38692,35.70456],[51.38685,35.70461],[51.38726,35.70479],[51.38767,35.70496],[51.38719,35.70488],[51.38679,35.70471],[51.38665,35.70464],[51.38678,35.7048],[51.3867,35.70504],[51.3867,35.70504],[51.38649,35.70529],[51.38638,35.70568],[51.38634,35.70607],[51.38628,35.70587],[51.38655,35.70584],[51.38653,35.70562],[51.38663,35.70525],[51.38659,35.70519],[51.3862,35.7055],[51.38571,35.70556],[51.38514,35.70538],[51.38435,35.7054],[51.3838,35.70537],[51.38339,35.70553],[51.3828,35.70567],[51.38213,35.70571],[51.38143,35.70571],[51.38088,35.70564],[51.3804,35.70556],[51.37989,35.70558],[51.37942,35.7056],[51.37895,35.70565],[51.37835,35.70566],[51.3782,35.70532],[51.37842,35.70495],[51.37869,35.70458],[51.37896,35.70419],[51.37928,35.70388],[51.37964,35.70348],[51.37994,35.70314],[51.38022,35.70278],[51.3805,35.70249],[51.38065,35.70258],[51.38058,35.70271],[51.38052,35.70279],[51.38055,35.70274],[51.38055,35.70254],[51.38054,35.7026],[51.38058,35.70254],[51.38055,35.70265],[51.38071,35.70268],[51.3808,35.70314],[51.38086,35.70354],[51.38081,35.704],[51.38068,35.70437],[51.3801,35.70463],[51.37959,35.7047],[51.379,35.70474],[51.37847,35.70523],[51.3781,35.7056],[51.378,35.70603],[51.37805,35.70657],[51.37814,35.70692],[51.37816,35.70739],[51.37816,35.70789],[51.37816,35.70841],[51.37811,35.70891],[51.37805,35.70929],[51.37806,35.7097],[51.37827,35.71008],[51.37877,35.71017],[51.37927,35.71021],[51.37992,35.71026],[51.38049,35.71027],[51.38106,35.71025],[51.38159,35.71028],[51.38202,35.71034],[51.38267,35.71039],[51.38321,35.71034],[51.38369,35.71037],[51.38422,35.71041],[51.38444,35.71072],[51.38459,35.71062],[51.38456,35.71073],[51.3847,35.71069],[51.38435,35.71106],[51.38426,35.71146],[51.38417,35.71184],[51.38442,35.71165],[51.38442,35.71164],[51.38431,35.7118],[51.38403,35.71223],[51.38393,35.71259],[51.38434,35.71279],[51.38477,35.71296],[51.38475,35.7134],[51.38463,35.71376],[51.38448,35.71419],[51.38433,35.71455],[51.38422,35.71495],[51.38407,35.71539],[51.38391,35.71587],[51.38374,35.71633],[51.3836,35.71676],[51.38349,35.71727],[51.38331,35.71779],[51.38372,35.71808],[51.38439,35.71816],[51.38487,35.71818],[51.3853,35.71841],[51.3854,35.71848],[51.38538,35.71841],[51.38554,35.71805],[51.38567,35.7176],[51.38584,35.71717],[51.386,35.7168],[51.38621,35.71633],[51.38635,35.71596],[51.38637,35.71558],[51.38647,35.71554],[51.38626,35.71558],[51.38574,35.71556],[51.38521,35.71549],[51.38467,35.71533],[51.38417,35.71542],[51.38401,35.7158],[51.38385,35.71617],[51.38407,35.71654],[51.38451,35.71657],[51.3852,35.71671],[51.38572,35.7169],[51.38626,35.71709],[51.3869,35.71725],[51.38754,35.71736],[51.38802,35.71744],[51.38851,35.71751],[51.38899,35.71754],[51.38923,35.71788],[51.38921,35.71807],[51.38931,35.71805],[51.38927,35.71779],[51.3893,35.71778],[51.38925,35.71822],[51.38904,35.71866],[51.38895,35.71905],[51.38892,35.71941],[51.38895,35.71955],[51.38892,35.71961],[51.38894,35.71955],[51.38902,35.71941],[51.38907,35.71953],[51.38898,35.71946],[51.38897,35.71952],[51.38895,35.71957],[51.38902,35.71972],[51.38915,35.71969],[51.38919,35.7197],[51.38915,35.71966],[51.38914,35.71967],[51.38898,35.7201],[51.38897,35.72048],[51.3889,35.72099],[51.38948,35.7211],[51.39019,35.72109],[51.39085,35.7211],[51.39141,35.72115],[51.39187,35.72119],[51.39259,35.72119],[51.39316,35.72123],[51.39375,35.72127],[51.39409,35.72134],[51.3944,35.72133],[51.39434,35.72124],[51.39433,35.72122],[51.39437,35.72081],[51.39417,35.72049],[51.39399,35.72019],[51.39395,35.72022],[51.39396,35.72016],[51.39338,35.72017],[51.3928,35.72007],[51.39234,35.72005],[51.39189,35.71977],[51.39175,35.71961],[51.39188,35.71949],[51.39165,35.71982],[51.39168,35.72022],[51.39167,35.72064],[51.3919,35.72099],[51.39237,35.72108],[51.39292,35.72111],[51.39339,35.72116],[51.39385,35.72127],[51.39422,35.72154],[51.39467,35.72175],[51.39527,35.72215],[51.39622,35.72192],[51.39675,35.72198],[51.39711,35.72223],[51.39742,35.7219],[51.39779,35.72149],[51.39822,35.72124],[51.39847,35.72088],[51.39855,35.72051],[51.39864,35.72016],[51.39895,35.71985],[51.39954,35.71945],[51.39979,35.71913],[51.39937,35.719],[51.39888,35.71907],[51.39816,35.71928],[51.39768,35.71899]]]}},{"type":"Feature","properties":{"route":1,"color":"#2563eb","times":[[23311,23323,23332,23341,23347,23353,23359,23365,23371,23377,23386,23395,23404,23410,23416,23422,23428,23434,23440,23446,23452,23458,23464,23470,23476,23482,23485,23488,23491,23494,23497,23503,23563,23572,23581,23587,23593,23599,23605,23608,23614,23662,23671,23677,23683,23689,23695,23701,23707,23710,23716,23722,23728,23734,23740,23746,23752,23758,23764,23770,23776,23782,23791,23800,23809,23818,23827,23833,23836,23839,23842,23845,23851,23857,23875,23881,23887,23893,23902,23908,23914,23926,23935,23941,23944,23947,23950,23953,23956,23959,23962,23965,23968,23971,23974,23977,23980,23986,23992,23995,23998,24001,24004,24007,24010,24013,24016,24019,24022,24025,24028,24031,24034,24037,24040,24043,24046,24049,24052,24058,24091,24100,24106,24109,24112,24115,24118,24121,24124,24127,24130,24133,24136,24139,24145,24154,24169,24181,24187,24193,24199,24205,24211,24220,24226,24232,24241,24295,24310,24316,24322,24328,24331,24334,24337,24340,24343,24346,24352,24361,24367,24373,24379,24385,24388,24391,24394,24397,24400,24403,24409,24415,24421,24427,24433,24439,24445,24454,24460,24466,24472,24478,24484,24487,24490,24493,24499,24505,24511,24517,24523,24529,24538,24547,24556,24562,24568,24574,24580,24586,24592,24598,24604,24610,24622,24628,24634,24640,24646,24652,24676,24703,24715,24745,24772,24814,24829,24838,24847,24856,24862,24868,24874,24880,24886,24892,24898,24907,24919,24931,24940,24952,24958,24964,24970,24976,24982,24991,24997,25003,25009,25015,25021,25054,25066,25078,25084,25090,25096,25105,25114,25120,25126,25132,25138,25192,25201,25207,25213,25219,25225,25231,25240,25246,25252,25261,25267,25276,25282,25288,25294,25309,25321,25327,25336,25342,25348,25363,25372,25384,25390,25396,25402,25408,25414,25420,25426,25432,25438,25444,25456,25465,25471,25477,25498,25528,25540,25546,25552,25558,25567,25573,25579,25585,25591,25600,25612,25621,25630,25639,25645,25651,25657,25663,25666,25669,25672,25675,25678,25681,25687,25693,25705,25717,25726]],"type":"access_route","source":"recorded_gps_prefix"},"geometry":{"type":"MultiLineString","coordinates":[[[51.55385,35.73016],[51.5535,35.73047],[51.55318,35.73082],[51.55282,35.73121],[51.55253,35.73151],[51.55222,35.73184],[51.55188,35.7322],[51.55155,35.7326],[51.55122,35.73297],[51.55088,35.73334],[51.55054,35.73369],[51.55015,35.73409],[51.54952,35.73406],[51.54907,35.73407],[51.54856,35.73395],[51.54805,35.73361],[51.54751,35.73327],[51.54696,35.73295],[51.54641,35.7326],[51.54583,35.73228],[51.54538,35.73218],[51.54492,35.73253],[51.54432,35.73296],[51.54381,35.7332],[51.54321,35.7333],[51.54236,35.73338],[51.5419,35.73344],[51.54142,35.73349],[51.54094,35.73356],[51.54048,35.73362],[51.54003,35.73368],[51.53932,35.73378],[51.5389,35.73385],[51.53845,35.73392],[51.53796,35.73378],[51.53775,35.73333],[51.53745,35.73277],[51.53713,35.73213],[51.53678,35.73147],[51.53659,35.7311],[51.53631,35.7306],[51.53611,35.73024],[51.53581,35.72979],[51.53553,35.72933],[51.53518,35.72906],[51.53457,35.72911],[51.53395,35.72916],[51.53344,35.72895],[51.53274,35.72861],[51.53236,35.7284],[51.53181,35.72813],[51.53143,35.72793],[51.53084,35.72763],[51.53015,35.72729],[51.52944,35.72696],[51.52879,35.7266],[51.52824,35.7263],[51.52773,35.72607],[51.52724,35.72608],[51.52665,35.72617],[51.52606,35.72626],[51.52557,35.72636],[51.52558,35.72673],[51.52552,35.72719],[51.52504,35.72718],[51.52481,35.72676],[51.52438,35.72646],[51.52365,35.72653],[51.52319,35.72659],[51.52273,35.72666],[51.52228,35.72673],[51.52185,35.7268],[51.52098,35.72688],[51.52037,35.72693],[51.51999,35.72671],[51.51992,35.72634],[51.51983,35.72583],[51.51973,35.72539],[51.51965,35.72492],[51.51948,35.72447],[51.5194,35.72403],[51.51933,35.72361],[51.5188,35.72348],[51.51806,35.72326],[51.51763,35.72312],[51.51715,35.72297],[51.51664,35.72281],[51.51609,35.72263],[51.51552,35.72246],[51.51495,35.72228],[51.51439,35.72211],[51.51384,35.72194],[51.5133,35.72177],[51.51276,35.7216],[51.51223,35.72143],[51.51172,35.72129],[51.51129,35.72116],[51.51079,35.72105],[51.51018,35.72085],[51.50977,35.72072],[51.50933,35.72058],[51.50887,35.72042],[51.50839,35.72025],[51.50788,35.72008],[51.50733,35.7199],[51.50676,35.71973],[51.5062,35.71956],[51.50564,35.71937],[51.5051,35.71921],[51.50456,35.71905],[51.50402,35.71888],[51.50349,35.71873],[51.50296,35.71855],[51.50245,35.7184],[51.50196,35.71826],[51.50149,35.71811],[51.50102,35.71797],[51.50055,35.71784],[51.50012,35.71772],[51.4995,35.71753],[51.49909,35.7174],[51.49851,35.71723],[51.49783,35.71701],[51.49741,35.71686],[51.49693,35.71671],[51.4964,35.71656],[51.49587,35.71642],[51.49535,35.71625],[51.49479,35.71608],[51.49424,35.7159],[51.49373,35.71576],[51.49322,35.71559],[51.49274,35.71542],[51.49229,35.71528],[51.49159,35.71507],[51.4911,35.71493],[51.49066,35.71482],[51.49013,35.71464],[51.4896,35.71445],[51.48908,35.7143],[51.48854,35.71413],[51.48796,35.71391],[51.48749,35.71378],[51.4868,35.71358],[51.48625,35.71343],[51.48577,35.71323],[51.48522,35.71306],[51.48468,35.71291],[51.48408,35.71272],[51.48352,35.71255],[51.48279,35.71231],[51.48204,35.71207],[51.48162,35.71193],[51.48116,35.71181],[51.48072,35.71169],[51.4803,35.71158],[51.47987,35.71148],[51.47944,35.71136],[51.47879,35.71116],[51.47828,35.71098],[51.47778,35.71082],[51.47722,35.71063],[51.47653,35.71042],[51.47577,35.71019],[51.47534,35.71006],[51.47486,35.70992],[51.47438,35.70978],[51.47392,35.70963],[51.47347,35.7095],[51.47305,35.70937],[51.47239,35.70917],[51.47195,35.70902],[51.47145,35.70885],[51.47081,35.70864],[51.47015,35.7084],[51.46973,35.70825],[51.46929,35.70815],[51.46886,35.70801],[51.46834,35.70785],[51.46763,35.70764],[51.46696,35.70744],[51.46629,35.70726],[51.46562,35.70706],[51.46517,35.70696],[51.46471,35.70684],[51.46428,35.7067],[51.46353,35.7065],[51.46283,35.70629],[51.46232,35.70614],[51.46175,35.70597],[51.46118,35.70582],[51.46072,35.70569],[51.46016,35.70554],[51.4597,35.7054],[51.45914,35.70522],[51.45856,35.70506],[51.45802,35.7049],[51.45742,35.70471],[51.45674,35.70454],[51.456,35.70434],[51.45525,35.70412],[51.4545,35.7039],[51.45385,35.70372],[51.45341,35.7036],[51.45298,35.7035],[51.45252,35.70332],[51.45179,35.70308],[51.45102,35.70287],[51.45031,35.70265],[51.44986,35.70253],[51.44937,35.70241],[51.44888,35.70226],[51.4484,35.70245],[51.44795,35.70247],[51.44766,35.70219],[51.44712,35.70208],[51.44657,35.70212],[51.44612,35.70211],[51.44557,35.7021],[51.44497,35.70209],[51.44443,35.70209],[51.44384,35.70207],[51.4432,35.70203],[51.44253,35.70202],[51.44194,35.70201],[51.44131,35.702],[51.44078,35.70197],[51.44027,35.70196],[51.43976,35.70199],[51.43929,35.70204],[51.4388,35.70198],[51.43827,35.70204],[51.43778,35.70222],[51.43717,35.70238],[51.43663,35.70257],[51.43605,35.70273],[51.43559,35.70293],[51.43505,35.70322],[51.43462,35.70346],[51.43417,35.70368],[51.43376,35.70388],[51.4333,35.70409],[51.43285,35.70429],[51.43247,35.70451],[51.43211,35.70473],[51.43145,35.70487],[51.43083,35.70498],[51.43023,35.70506],[51.42967,35.70515],[51.42918,35.70533],[51.4286,35.70544],[51.42806,35.70562],[51.42742,35.70569],[51.42674,35.70582],[51.42622,35.70592],[51.42574,35.70588],[51.42511,35.7058],[51.42445,35.70584],[51.42374,35.70576],[51.42311,35.70569],[51.42241,35.70569],[51.42169,35.70562],[51.42113,35.70554],[51.42061,35.70552],[51.42007,35.70547],[51.41937,35.70547],[51.41883,35.70544],[51.41813,35.70533],[51.41748,35.70532],[51.41677,35.70527],[51.41614,35.7052],[51.41565,35.70514],[51.41506,35.70511],[51.41459,35.70508],[51.41412,35.70502],[51.41347,35.70506],[51.41283,35.70502],[51.41251,35.70538],[51.41247,35.70579],[51.41197,35.70589],[51.41139,35.70584],[51.41071,35.70564],[51.41018,35.7055],[51.4097,35.70537],[51.40915,35.70522],[51.4086,35.70504],[51.40805,35.7049],[51.40751,35.70477],[51.40682,35.70454],[51.40626,35.70442],[51.40582,35.70457],[51.4059,35.7051],[51.40598,35.70553],[51.40607,35.70597],[51.40605,35.70633],[51.40606,35.70669],[51.40621,35.70705],[51.4063,35.70748],[51.40635,35.70796],[51.40642,35.70832],[51.40654,35.70874],[51.40662,35.70933],[51.40666,35.70993],[51.4067,35.7104],[51.40678,35.7108],[51.40724,35.71116],[51.40744,35.71154],[51.40722,35.71201],[51.40674,35.71187],[51.40634,35.71166],[51.40577,35.71147],[51.40501,35.71123],[51.40433,35.71104],[51.40352,35.71079],[51.40306,35.71067],[51.40261,35.71055],[51.40218,35.71042],[51.40174,35.71029],[51.40132,35.71015],[51.40091,35.71002],[51.40017,35.70978],[51.39949,35.70963],[51.39901,35.70956],[51.39855,35.70984],[51.39839,35.71029]]]}},{"type":"Feature","properties":{"route":2,"color":"#0d9488","times":[[22935,22983,23043,23088,23148,23163,23169,23184,23193,23199,23208,23217,23277,23337,23397,23458,23482,23542,23551,23560,23575,23587,23647,23695,23755,23815,23875,23935,23977,24007,24010,24013,24073,24129,24189,24249,24264,24273,24296,24357,24417,24477,24537,24597,24657,24717,24777,24837,24897,24917,24954,25017,25077,25095,25155,25176,25236,25245,25272,25320,25380,25440,25500,25560,25620,25680,25740,25800,25860,25920,25980,26040,26100,26160,26220,26280,26340,26400,26460,26520,26580,26631,26691,26751,26811,26871,26931,26991,27051,27111,27148,27156,27165,27210,27228,27237,27243,27249,27255,27261,27267,27273,27279,27285,27291,27297,27303,27309,27315,27321,27327,27333,27339,27345,27354,27360,27366,27372,27378,27384,27390,27396,27402,27408,27414,27420,27426,27432,27438,27444,27450,27456,27462,27468,27474,27480,27486,27492,27498,27504,27510,27516,27522,27528,27534,27540,27546,27558,27564,27570,27576,27582,27588,27594,27600,27609,27615,27621,27627,27633,27639,27645,27651,27657,27663,27678,27687,27693,27699,27705,27711,27717,27723,27729,27735,27741,27747,27753,27756,27759,27762,27765,27768,27771,27774,27777,27780,27783,27786,27789,27792,27795,27798,27801,27804,27807,27810,27813,27816,27819,27822,27825,27828,27831,27834,27837,27840,27843,27846,27849,27852,27855,27858,27861,27864,27867,27870,27873,27876,27879,27882,27885,27888,27891,27894,27897,27900,27903,27906,27909,27912,27915,27918,27921,27924,27927,27930,27933,27936,27939,27942,27945,27948,27951,27954,27957,27960,27963,27966,27969,27972,27975,27978,27981,27984,27987,27990,27993,27996,27999,28002,28005,28008,28011,28014,28017,28020,28023,28026,28029,28032,28035,28038,28041,28044,28047,28050,28053,28056,28059,28062,28065,28068,28071,28074,28077,28080,28083,28086,28089,28092,28095,28098,28101,28104,28107,28110,28113,28116,28119,28122,28125,28128,28131,28134,28137,28140,28143,28146,28149,28152,28155,28158,28161,28164,28167,28170,28173,28176,28179,28182,28185,28188,28194,28200,28206,28212,28218,28221,28224,28227,28230,28233,28236,28239,28242,28245,28248,28251,28254,28257,28260,28263,28266,28269,28272,28275,28278,28281,28284,28287,28290,28293,28296,28299,28302,28305,28308,28311,28314,28317,28320,28323,28326,28329,28332,28335,28338,28341,28344,28347,28350,28353,28356,28359,28362,28365,28368,28371,28374,28377,28380,28383,28386,28389,28392,28395,28398,28401,28404,28407,28410,28413,28416,28419,28422,28425,28428,28431,28434,28437,28440,28443,28446,28449,28452,28455,28458,28461,28464,28467,28470,28473,28476,28479,28482,28485,28488,28491,28494,28497,28500,28506,28512,28521,28530,28536,28542,28554,28566,28581,28596,28614,28623,28632,28641,28650,28656,28662,28668,28683,28689,28695,28704,28710,28716,28722,28728,28734,28740,28746,28752,28758,28761,28764,28767,28770,28773,28776,28779,28782,28785,28788,28791,28794,28797,28800,28803,28806,28809,28812,28815,28818,28821,28824,28827,28830,28833,28836,28839,28842,28845,28848,28851,28854,28857,28860,28863,28869,28875,28890,28908,28923,28944,28959,28974,28995,29007,29019,29034,29043,29052,29061,29067,29076,29088,29097,29106,29118,29130,29136,29224,29230,29236,29242,29248,29257,29260,29266,29272,29278,29281,29284,29287,29290,29293,29296,29299,29302,29305,29308,29311,29314,29317,29320,29323,29326,29329,29332,29335,29338,29341,29344,29347,29350,29353,29356,29359,29362,29365,29368,29371,29374,29377,29380,29383,29386,29389,29392,29395,29398,29401,29404,29407,29410,29413,29416,29419,29422,29425,29428,29431,29434,29437,29440,29446,29461,29467,29473,29479,29485,29491,29497,29503,29509,29515,29521,29527,29533,29539,29545,29551,29557,29572,29587,29605,29626,29638,29653,29668,29680,29692,29701,29710,29719,29728,29734,29740,29746,29752,29758,29761,29764,29767,29773,29776,29779,29782,29785,29791,29797,29803,29809,29815,29821,29824,29827,29830,29833,29836,29839,29842,29845,29848,29851,29854,29857,29860,29863,29866,29869,29872,29875,29878,29881,29884,29887,29890,29893,29896,29899,29902,29905,29911,29917,29923,29929,29932,29935,29938,29941,29944,29947,29950,29956,29962,29968,29974,30034,30094,30154,30214,30274,30334,30394,30454,30514,30574,30634,30694,30754,30814,30874,30910,30916,30922,30928,30934,30940,30946,30952,31012,31072,31132,31189,31210,31270,31330,31366,31390,31450,31510,31570,31630,31690,31708,31714,31720,31740,31800,31860,31899,31959,32019,32034,32043,32049,32055,32064,32070,32076,32082,32088,32097,32157,32217,32277,32289,32301,32310,32316,32322,32328,32334,32340,32349,32409,32479,32683,32743,32764,32773,32785]],"type":"operational_gps","source":"recorded_gps"},"geometry":{"type":"MultiLineString","coordinates":[[[51.54314,35.72026],[51.54361,35.72036],[51.54367,35.72026],[51.54349,35.72071],[51.54382,35.72057],[51.54392,35.72101],[51.54405,35.72153],[51.54426,35.72186],[51.5446,35.72228],[51.54486,35.7226],[51.5452,35.72298],[51.5454,35.72332],[51.54537,35.72356],[51.54545,35.72357],[51.5456,35.72386],[51.54523,35.72373],[51.54532,35.72461],[51.54543,35.72487],[51.54598,35.72572],[51.54589,35.72614],[51.54635,35.72618],[51.54671,35.72641],[51.54699,35.72641],[51.5473,35.72668],[51.54745,35.72682],[51.54779,35.72702],[51.54807,35.72718],[51.54789,35.72711],[51.54906,35.73265],[51.54935,35.73298],[51.55067,35.73305],[51.55126,35.73307],[51.55144,35.73294],[51.55313,35.73198],[51.55345,35.73197],[51.55331,35.7321],[51.55373,35.73228],[51.55397,35.73177],[51.55227,35.72262],[51.55236,35.72292],[51.55232,35.72279],[51.55229,35.72299],[51.55231,35.72328],[51.55258,35.72354],[51.55248,35.72358],[51.55254,35.72378],[51.55261,35.72375],[51.55248,35.72373],[51.55264,35.72412],[51.55304,35.72709],[51.55325,35.72743],[51.55314,35.72771],[51.55316,35.72801],[51.55329,35.72761],[51.5534,35.72753],[51.55345,35.72716],[51.55374,35.72696],[51.55381,35.72651],[51.55403,35.72575],[51.55408,35.72537],[51.55412,35.72541],[51.55403,35.72545],[51.554,35.72557],[51.55402,35.72571],[51.55397,35.72602],[51.55407,35.72586],[51.55412,35.72584],[51.55398,35.72614],[51.55389,35.72627],[51.55394,35.72632],[51.55394,35.72643],[51.55388,35.72662],[51.55386,35.72672],[51.55381,35.72683],[51.5538,35.72693],[51.55376,35.72697],[51.55379,35.72709],[51.55363,35.7272],[51.5535,35.72738],[51.55347,35.72724],[51.5534,35.72721],[51.55339,35.72758],[51.55337,35.72752],[51.5535,35.72771],[51.55354,35.72769],[51.55334,35.72773],[51.55352,35.72782],[51.55371,35.72792],[51.55389,35.728],[51.55388,35.72795],[51.55386,35.72749],[51.55238,35.72756],[51.55347,35.72744],[51.55357,35.72782],[51.55354,35.72836],[51.55359,35.72876],[51.55389,35.72963],[51.55424,35.73011],[51.5547,35.7305],[51.55516,35.7308],[51.55562,35.73107],[51.55608,35.73134],[51.5566,35.73161],[51.5571,35.73195],[51.55761,35.73225],[51.55811,35.73255],[51.55862,35.73284],[51.55907,35.73313],[51.55949,35.73338],[51.55996,35.73368],[51.5605,35.73399],[51.56107,35.73434],[51.56166,35.73471],[51.56223,35.73503],[51.56271,35.73531],[51.56312,35.73562],[51.56361,35.73596],[51.56412,35.73628],[51.56466,35.73661],[51.56514,35.73692],[51.56559,35.73725],[51.56619,35.73766],[51.56676,35.73804],[51.56733,35.73839],[51.56789,35.73875],[51.56842,35.7391],[51.56898,35.73942],[51.56943,35.73967],[51.5699,35.73996],[51.57043,35.74023],[51.57094,35.74055],[51.57144,35.74087],[51.57198,35.74115],[51.57253,35.74145],[51.57298,35.74182],[51.57299,35.74242],[51.57255,35.74303],[51.57208,35.74367],[51.57209,35.74434],[51.57235,35.74488],[51.5726,35.74539],[51.5729,35.74579],[51.57348,35.74572],[51.5742,35.7455],[51.575,35.74526],[51.57583,35.74504],[51.57625,35.74492],[51.57655,35.74525],[51.57662,35.74566],[51.5768,35.7461],[51.57703,35.74664],[51.57713,35.74721],[51.5768,35.74784],[51.57646,35.74841],[51.57637,35.74902],[51.57672,35.74944],[51.57707,35.74976],[51.57749,35.75015],[51.57802,35.75055],[51.57858,35.75094],[51.5791,35.75129],[51.57918,35.75178],[51.5786,35.75215],[51.57796,35.75256],[51.57748,35.75296],[51.57744,35.75335],[51.57787,35.75366],[51.57824,35.75403],[51.57843,35.75446],[51.57829,35.75491],[51.5778,35.75537],[51.5774,35.75582],[51.57709,35.75611],[51.57659,35.75615],[51.57617,35.75646],[51.57592,35.75688],[51.57556,35.75738],[51.57508,35.75795],[51.57478,35.75824],[51.57445,35.75851],[51.57409,35.75878],[51.57373,35.75907],[51.57336,35.75938],[51.57296,35.75969],[51.57254,35.76001],[51.57211,35.76034],[51.57168,35.76069],[51.57122,35.76104],[51.57076,35.76139],[51.57028,35.76175],[51.56981,35.76212],[51.56933,35.76249],[51.56884,35.76286],[51.56835,35.76325],[51.56785,35.76363],[51.56733,35.764],[51.56678,35.76436],[51.56621,35.76471],[51.56562,35.76504],[51.56504,35.76537],[51.56445,35.76571],[51.56387,35.76604],[51.56329,35.7664],[51.56272,35.76677],[51.56217,35.76714],[51.56161,35.76752],[51.56105,35.76789],[51.5605,35.76826],[51.55992,35.76864],[51.55933,35.76898],[51.55871,35.76932],[51.55807,35.76963],[51.55742,35.76992],[51.55678,35.77016],[51.55611,35.77041],[51.55544,35.77066],[51.55475,35.77089],[51.55407,35.77109],[51.55339,35.7713],[51.5527,35.77152],[51.55201,35.77175],[51.55132,35.77199],[51.55063,35.77224],[51.54994,35.77252],[51.54926,35.77275],[51.5486,35.773],[51.54793,35.77323],[51.54726,35.77348],[51.54658,35.7737],[51.5459,35.77393],[51.54522,35.77417],[51.54452,35.77442],[51.54384,35.77465],[51.54315,35.77488],[51.54246,35.77512],[51.54178,35.77533],[51.54109,35.77553],[51.54039,35.77573],[51.53968,35.77591],[51.53897,35.77607],[51.53825,35.77624],[51.53753,35.77638],[51.53679,35.77652],[51.53605,35.77664],[51.53532,35.77675],[51.53456,35.77685],[51.5338,35.77693],[51.53301,35.77699],[51.53221,35.77705],[51.53142,35.7771],[51.53063,35.77714],[51.52984,35.7772],[51.52904,35.77726],[51.52823,35.77731],[51.52745,35.77736],[51.52668,35.77741],[51.52594,35.77746],[51.5252,35.77751],[51.52447,35.77756],[51.52373,35.77761],[51.523,35.77766],[51.52224,35.77773],[51.52149,35.77786],[51.52077,35.77809],[51.52007,35.77835],[51.51942,35.77862],[51.51878,35.77896],[51.5182,35.77933],[51.51764,35.77974],[51.51711,35.78017],[51.51657,35.78058],[51.51602,35.78101],[51.51548,35.78142],[51.51492,35.7818],[51.51432,35.78215],[51.51369,35.78245],[51.51304,35.7827],[51.51236,35.78293],[51.51166,35.78315],[51.51095,35.78337],[51.51024,35.78362],[51.50953,35.78384],[51.50882,35.78404],[51.50812,35.78424],[51.50742,35.78442],[51.50672,35.78461],[51.50602,35.7848],[51.50529,35.78498],[51.5046,35.78518],[51.50389,35.78537],[51.50318,35.78557],[51.50247,35.78576],[51.50176,35.78595],[51.50102,35.78614],[51.50026,35.78631],[51.49949,35.78641],[51.49873,35.78642],[51.49801,35.78637],[51.49733,35.78632],[51.49667,35.78625],[51.49599,35.78616],[51.49534,35.78604],[51.49468,35.78592],[51.49401,35.78581],[51.49339,35.78576],[51.49286,35.78574],[51.49238,35.78574],[51.49192,35.78578],[51.49146,35.78585],[51.491,35.78596],[51.49053,35.7861],[51.49005,35.78627],[51.48954,35.78648],[51.48904,35.7867],[51.48856,35.78697],[51.48808,35.78719],[51.48763,35.78737],[51.48715,35.78757],[51.48667,35.78778],[51.48619,35.78798],[51.48572,35.78822],[51.48523,35.78842],[51.48478,35.78866],[51.4843,35.78905],[51.4845,35.78952],[51.48499,35.78934],[51.48486,35.78883],[51.48457,35.78819],[51.48438,35.78784],[51.48419,35.78744],[51.48398,35.78702],[51.48374,35.78656],[51.48349,35.78606],[51.48318,35.78557],[51.48284,35.78506],[51.4825,35.7846],[51.48221,35.78414],[51.48191,35.78369],[51.48163,35.78321],[51.48132,35.78272],[51.48099,35.78224],[51.48067,35.78176],[51.4803,35.78131],[51.4799,35.78087],[51.47942,35.78039],[51.47892,35.78],[51.47841,35.77962],[51.47796,35.77922],[51.47758,35.77879],[51.47729,35.77832],[51.47708,35.77778],[51.47693,35.77721],[51.47677,35.77663],[51.4766,35.77607],[51.47643,35.77558],[51.47623,35.7751],[51.47595,35.77461],[51.47563,35.77416],[51.4753,35.77379],[51.47489,35.77343],[51.47441,35.77309],[51.47391,35.77277],[51.47344,35.77241],[51.47301,35.77199],[51.47265,35.77151],[51.47228,35.77108],[51.47182,35.77065],[51.47128,35.77028],[51.47073,35.76995],[51.4702,35.76966],[51.46973,35.76933],[51.46931,35.76895],[51.46898,35.76852],[51.46872,35.76806],[51.46847,35.7676],[51.46822,35.76715],[51.46797,35.7667],[51.46775,35.76626],[51.46752,35.76581],[51.46728,35.76532],[51.46704,35.76483],[51.46679,35.76433],[51.46663,35.76377],[51.46646,35.7632],[51.46629,35.76261],[51.46614,35.76209],[51.46601,35.76161],[51.46589,35.76117],[51.46579,35.76073],[51.46569,35.76024],[51.4656,35.75972],[51.46553,35.75919],[51.46546,35.75864],[51.4654,35.75809],[51.46535,35.75753],[51.46532,35.75695],[51.4653,35.75635],[51.4653,35.75573],[51.46528,35.75514],[51.46526,35.75453],[51.46523,35.75394],[51.46521,35.75336],[51.46518,35.75279],[51.46516,35.75223],[51.46513,35.75168],[51.46509,35.75111],[51.46504,35.75055],[51.46496,35.74998],[51.46486,35.7494],[51.46475,35.74885],[51.4646,35.74838],[51.4644,35.74793],[51.46417,35.74745],[51.464,35.74695],[51.46388,35.7464],[51.46374,35.74587],[51.46347,35.7454],[51.46316,35.74495],[51.46287,35.74456],[51.46253,35.7442],[51.46217,35.74383],[51.46185,35.74349],[51.4614,35.74299],[51.46095,35.74287],[51.4605,35.74306],[51.46009,35.74262],[51.45988,35.74207],[51.45958,35.74168],[51.4592,35.74143],[51.45873,35.74137],[51.4583,35.7413],[51.45772,35.74128],[51.45715,35.74124],[51.45671,35.74124],[51.45626,35.74133],[51.45576,35.74136],[51.45512,35.74147],[51.45453,35.7415],[51.45391,35.74152],[51.45341,35.74158],[51.45291,35.74163],[51.45235,35.74169],[51.45176,35.74174],[51.45108,35.74181],[51.45057,35.74186],[51.45003,35.74192],[51.44936,35.74199],[51.4487,35.74204],[51.44804,35.74206],[51.44739,35.74207],[51.44666,35.74211],[51.44595,35.7422],[51.44517,35.74236],[51.44471,35.74249],[51.44424,35.74262],[51.44376,35.74271],[51.44328,35.74275],[51.44277,35.74277],[51.44226,35.74277],[51.44176,35.74279],[51.44124,35.74278],[51.44073,35.74278],[51.44022,35.74278],[51.43972,35.74277],[51.4392,35.74278],[51.43867,35.74278],[51.43814,35.74278],[51.43759,35.74279],[51.43704,35.74278],[51.43648,35.74276],[51.43596,35.7427],[51.4355,35.74259],[51.43502,35.74244],[51.43454,35.74224],[51.43405,35.74202],[51.43354,35.74177],[51.43307,35.74152],[51.43261,35.74129],[51.43215,35.7411],[51.43167,35.74094],[51.43113,35.74081],[51.43054,35.74069],[51.42995,35.74061],[51.42939,35.74058],[51.42891,35.74056],[51.42843,35.74054],[51.42794,35.74053],[51.42745,35.74051],[51.42678,35.7405],[51.42634,35.74051],[51.42587,35.74051],[51.42535,35.7405],[51.42486,35.7405],[51.42437,35.74049],[51.42389,35.74043],[51.42344,35.74038],[51.42289,35.74036],[51.42239,35.74034],[51.42176,35.74033],[51.42127,35.7403],[51.42079,35.74027],[51.42026,35.74025],[51.41967,35.74024],[51.4192,35.74022],[51.41858,35.74021],[51.41806,35.74019],[51.4175,35.74019],[51.41698,35.74032],[51.41652,35.74044],[51.41607,35.74064],[51.41571,35.74099],[51.40757,35.7439],[51.40679,35.74405],[51.40624,35.74413],[51.40576,35.74411],[51.40532,35.74403],[51.40445,35.74398],[51.40396,35.74397],[51.40313,35.74385],[51.40235,35.74364],[51.40158,35.7433],[51.40116,35.74307],[51.40071,35.74283],[51.40028,35.74257],[51.39983,35.7423],[51.39933,35.74206],[51.39879,35.74184],[51.39824,35.74165],[51.3977,35.74151],[51.39721,35.7414],[51.39672,35.74133],[51.3962,35.7413],[51.39564,35.74129],[51.39507,35.74133],[51.39448,35.74142],[51.39391,35.74156],[51.39333,35.74174],[51.39276,35.74195],[51.3922,35.74217],[51.39164,35.74239],[51.39107,35.7426],[51.39053,35.7428],[51.39001,35.743],[51.38947,35.74317],[51.38892,35.74332],[51.38839,35.74342],[51.38785,35.74349],[51.3873,35.74352],[51.38671,35.74353],[51.38613,35.7435],[51.38555,35.7434],[51.38495,35.74327],[51.38434,35.74311],[51.38369,35.74294],[51.38301,35.74279],[51.3823,35.74263],[51.38159,35.74247],[51.38088,35.7423],[51.3802,35.74215],[51.37953,35.74201],[51.37887,35.74189],[51.37823,35.74177],[51.37759,35.74165],[51.37693,35.74154],[51.37626,35.74144],[51.37559,35.74133],[51.37492,35.74122],[51.37429,35.74114],[51.37369,35.74106],[51.37316,35.74102],[51.37268,35.7411],[51.37223,35.74126],[51.37179,35.74147],[51.37135,35.74172],[51.37096,35.74192],[51.37052,35.74216],[51.37009,35.7425],[51.36986,35.74286],[51.36978,35.74341],[51.36985,35.74402],[51.36996,35.74452],[51.37007,35.74501],[51.37024,35.74553],[51.37049,35.74598],[51.37079,35.7465],[51.37117,35.74699],[51.37161,35.74742],[51.37216,35.74787],[51.37271,35.74825],[51.3733,35.74859],[51.37394,35.74887],[51.37455,35.74907],[51.37499,35.74921],[51.37542,35.74933],[51.37591,35.74941],[51.37637,35.74946],[51.37696,35.74954],[51.3775,35.7496],[51.37802,35.74964],[51.37857,35.74971],[51.37907,35.7497],[51.37956,35.74974],[51.38016,35.74979],[51.38078,35.7498],[51.3813,35.74984],[51.38186,35.7499],[51.38249,35.74995],[51.38327,35.75],[51.38407,35.75006],[51.38474,35.74998],[51.38529,35.74952],[51.38548,35.74916],[51.38564,35.74875],[51.38575,35.74835],[51.38577,35.74767],[51.38571,35.7473],[51.38559,35.74689],[51.38544,35.74648],[51.38528,35.74612],[51.38496,35.74556],[51.38463,35.74501],[51.38434,35.74441],[51.38397,35.74393],[51.38345,35.74359],[51.38296,35.74314],[51.3826,35.74291],[51.38216,35.74273],[51.38169,35.74262],[51.38123,35.7425],[51.38078,35.74239],[51.38035,35.74229],[51.37991,35.74219],[51.37947,35.74209],[51.37903,35.74198],[51.37858,35.74188],[51.37813,35.74179],[51.37766,35.74171],[51.37716,35.74163],[51.37665,35.74155],[51.37612,35.74146],[51.37558,35.74136],[51.37499,35.74126],[51.37439,35.74116],[51.3738,35.74104],[51.37324,35.74092],[51.37268,35.7408],[51.3721,35.74068],[51.37153,35.74055],[51.37096,35.74041],[51.37038,35.74027],[51.36981,35.74015],[51.3693,35.74006],[51.36885,35.74005],[51.36826,35.74045],[51.36849,35.74107],[51.36932,35.74111],[51.36975,35.7405],[51.36984,35.74014],[51.36991,35.73975],[51.37,35.73932],[51.37008,35.7389],[51.37016,35.73847],[51.37022,35.73803],[51.37029,35.73764],[51.37041,35.73702],[51.37054,35.73639],[51.37054,35.73593],[51.37011,35.73582],[51.36993,35.73588],[51.37009,35.73592],[51.37017,35.7359],[51.37009,35.73592],[51.37004,35.7359],[51.36998,35.73593],[51.36997,35.73592],[51.36997,35.73593],[51.36991,35.73593],[51.3699,35.73593],[51.3699,35.73593],[51.3699,35.73591],[51.3699,35.73591],[51.3699,35.7359],[51.36989,35.73594],[51.36929,35.73594],[51.36881,35.73596],[51.36832,35.73598],[51.36781,35.73599],[51.36715,35.73602],[51.36635,35.73602],[51.36565,35.73608],[51.36505,35.73612],[51.36477,35.73629],[51.36473,35.7363],[51.36449,35.73631],[51.36402,35.73629],[51.36352,35.73628],[51.36326,35.73644],[51.36326,35.7363],[51.36373,35.73621],[51.36419,35.7362],[51.36434,35.73636],[51.36439,35.73634],[51.36441,35.73632],[51.36422,35.73629],[51.3642,35.73627],[51.36357,35.7364],[51.36294,35.73637],[51.36219,35.73635],[51.3617,35.73641],[51.36162,35.73644],[51.36165,35.73635],[51.36171,35.73671],[51.36173,35.73636],[51.36155,35.73636],[51.36162,35.73597],[51.36165,35.73558],[51.36173,35.73507],[51.36183,35.73461],[51.36136,35.73443],[51.36071,35.73438],[51.36002,35.73438],[51.35926,35.7344],[51.35857,35.73446],[51.35839,35.73486],[51.35831,35.73492],[51.35834,35.7349],[51.35838,35.73492],[51.35822,35.73534],[51.35807,35.73573],[51.35779,35.73609],[51.35753,35.7364],[51.3572,35.7367],[51.35681,35.73703],[51.35634,35.7372],[51.35587,35.73721],[51.35532,35.73726],[51.35538,35.7375],[51.35579,35.73765],[51.35526,35.73786],[51.35532,35.73779],[51.35494,35.73756],[51.3543,35.73745],[51.35386,35.73747]]]}},{"type":"Feature","properties":{"route":2,"color":"#0d9488","times":[[22776,22797,22839,22863,22875,22908,22935]],"type":"access_route","source":"recorded_gps_prefix"},"geometry":{"type":"MultiLineString","coordinates":[[[51.54184,35.7191],[51.54215,35.71874],[51.54246,35.71904],[51.54239,35.71947],[51.54249,35.71986],[51.54297,35.71987],[51.54314,35.72026]]]}},{"type":"Feature","properties":{"route":3,"color":"#7c3aed","times":[[29850,29904,29964,30024,30086,30146,30208,30268,30328,30390,30450,30512,30574,30635,30697,30757,30950,31012,31072,31132,31192,31252,31312,31372,31432,31492,31552,31612,31669,31675,31681,31690,31702,31714,31723,31735,31744,31753,31813,31873,31933,31993,32053,32080,32089,32095,32104,32110,32116,32122,32134,32143,32161,32170,32176,32185,32197,32206,32212,32218,32233,32293,32353,32413,32473,32533,32593,32653,32677,32683,32695,32704,32761,32821,32980,33097,33136,33151,33178,33187,33193,33205,33241,33301,33361,33421,33475,33490,33505,33508,33520,33523,33529,33541,33589,33604,33664,33724,33784,33844,33868,33877,33886,33895,33901,33907,33913,33922,33931,33937,33943,33949,33955,33961,33979,33988,33997,34006,34012,34018,34030,34042,34102,34162]],"type":"operational_gps","source":"recorded_gps"},"geometry":{"type":"MultiLineString","coordinates":[[[51.53171,35.72951],[51.53124,35.72963],[51.53107,35.72957],[51.53107,35.72953],[51.53102,35.72954],[51.53115,35.7295],[51.53102,35.72946],[51.53105,35.72944],[51.53108,35.72951],[51.53112,35.72963],[51.53107,35.72955],[51.53117,35.7296],[51.531,35.72973],[51.53099,35.72968],[51.53099,35.72972],[51.53094,35.72956],[51.53106,35.72951],[51.53108,35.72965],[51.53108,35.72969],[51.53108,35.72969],[51.53108,35.72969],[51.53111,35.72975],[51.53109,35.72982],[51.53109,35.72982],[51.53108,35.72981],[51.53108,35.7298],[51.53108,35.7298],[51.53108,35.72979],[51.53062,35.72956],[51.53017,35.72968],[51.52971,35.72978],[51.52927,35.72974],[51.5292,35.72935],[51.52917,35.72889],[51.52908,35.72852],[51.52896,35.72805],[51.52892,35.7276],[51.52885,35.72719],[51.52887,35.72718],[51.52884,35.72701],[51.5288,35.72689],[51.5288,35.72705],[51.5288,35.72711],[51.52863,35.7267],[51.52819,35.72638],[51.52781,35.72617],[51.5272,35.72608],[51.52663,35.72613],[51.52608,35.72626],[51.52562,35.72635],[51.52567,35.72688],[51.52521,35.7272],[51.52465,35.7272],[51.52398,35.7273],[51.52343,35.72739],[51.52293,35.72752],[51.52239,35.72775],[51.52177,35.72783],[51.52135,35.72794],[51.52087,35.72786],[51.52042,35.72789],[51.52034,35.72809],[51.52009,35.72787],[51.51994,35.72789],[51.52021,35.72794],[51.52015,35.72792],[51.52001,35.72787],[51.52019,35.7281],[51.5204,35.7285],[51.52048,35.72887],[51.52054,35.72935],[51.52062,35.72987],[51.52082,35.73023],[51.5207,35.73029],[51.52073,35.73026],[51.52076,35.73029],[51.52091,35.73074],[51.521,35.73111],[51.52145,35.73135],[51.52206,35.73129],[51.52262,35.73134],[51.52311,35.73149],[51.52347,35.73127],[51.52333,35.7312],[51.52333,35.73119],[51.52323,35.73103],[51.52374,35.73105],[51.52414,35.73088],[51.52452,35.73048],[51.5248,35.73097],[51.52535,35.73101],[51.52587,35.73097],[51.52633,35.73078],[51.52642,35.73031],[51.52657,35.72993],[51.52659,35.72954],[51.52652,35.7293],[51.52651,35.72911],[51.5264,35.72925],[51.52645,35.72928],[51.52634,35.72893],[51.52619,35.72857],[51.52597,35.72816],[51.52574,35.72777],[51.52542,35.72746],[51.52508,35.72717],[51.52484,35.72684],[51.52456,35.72644],[51.52384,35.72654],[51.52312,35.72662],[51.52243,35.72672],[51.52168,35.72682],[51.52093,35.72693],[51.5203,35.72702],[51.51996,35.72673],[51.51992,35.72625],[51.51983,35.72583],[51.51972,35.72536],[51.5197,35.72495],[51.51961,35.72454],[51.51924,35.72424],[51.51877,35.72429],[51.51875,35.72427],[51.51875,35.7242]]]}},{"type":"Feature","properties":{"route":3,"color":"#7c3aed","times":[[26189,26213,26273,26333,26393,26453,26513,26573,26633,26693,26753,26813,26873,26934,26994,27054,27114,27174,27234,27294,27354,27405,27465,27525,27585,27615,27675,27735,27795,27855,27915,27975,28035,28077,28137,28155,28215,28275,28335,28395,28455,28515,28575,28635,28695,28755,28815,28875,28935,28995,29055,29115,29175,29235,29280,29340,29364,29400,29460,29487,29514,29535,29541,29547,29556,29562,29568,29574,29580,29589,29598,29604,29610,29616,29622,29628,29634,29637,29640,29643,29646,29649,29652,29655,29658,29661,29664,29667,29670,29673,29676,29679,29682,29685,29688,29691,29697,29703,29706,29712,29715,29718,29721,29724,29727,29730,29736,29742,29748,29754,29757,29760,29763,29766,29769,29772,29775,29778,29781,29787,29805,29811,29817,29823,29829,29835,29844,29850]],"type":"access_route","source":"recorded_gps_prefix"},"geometry":{"type":"MultiLineString","coordinates":[[[51.54576,35.73612],[51.55425,35.73017],[51.55423,35.73007],[51.5542,35.73007],[51.55418,35.73007],[51.55408,35.72995],[51.55408,35.72988],[51.55408,35.72988],[51.55408,35.72988],[51.55408,35.72988],[51.55409,35.72989],[51.55417,35.72997],[51.55412,35.72998],[51.55417,35.72998],[51.55417,35.72996],[51.55417,35.72995],[51.55416,35.72992],[51.55421,35.72991],[51.55419,35.72995],[51.55419,35.72995],[51.55424,35.72991],[51.55381,35.73007],[51.5537,35.73019],[51.55371,35.73031],[51.55379,35.73016],[51.55404,35.72978],[51.55401,35.72979],[51.55401,35.72981],[51.554,35.72981],[51.55399,35.72983],[51.55418,35.72991],[51.55421,35.72988],[51.55421,35.72998],[51.55454,35.73029],[51.5544,35.73021],[51.55411,35.7299],[51.55423,35.72978],[51.55422,35.7298],[51.55423,35.72981],[51.55425,35.72981],[51.55421,35.72985],[51.55421,35.72985],[51.55419,35.72981],[51.55424,35.72986],[51.55425,35.72982],[51.55416,35.72984],[51.55413,35.7298],[51.55414,35.72978],[51.55422,35.72975],[51.55418,35.72979],[51.55416,35.72979],[51.55403,35.72984],[51.55412,35.72981],[51.55416,35.72982],[51.55434,35.72948],[51.55433,35.72954],[51.55411,35.72987],[51.55452,35.72972],[51.55459,35.72998],[51.55417,35.72983],[51.55378,35.73017],[51.55419,35.72976],[51.55448,35.72939],[51.55475,35.72907],[51.55512,35.72871],[51.55545,35.72831],[51.5559,35.72781],[51.55629,35.72737],[51.55661,35.72694],[51.55685,35.72657],[51.55618,35.72635],[51.55553,35.72625],[51.55492,35.72617],[51.55427,35.72612],[51.55362,35.7261],[51.55298,35.72602],[51.55214,35.72596],[51.55168,35.72592],[51.55119,35.72588],[51.55068,35.72584],[51.5502,35.72581],[51.54976,35.72577],[51.54929,35.72573],[51.54877,35.72569],[51.54822,35.72565],[51.54763,35.72562],[51.54704,35.72557],[51.54645,35.72555],[51.54584,35.72553],[51.54525,35.7255],[51.54467,35.72549],[51.54413,35.72546],[51.54362,35.72542],[51.54313,35.72538],[51.54265,35.72534],[51.54219,35.7253],[51.54141,35.72525],[51.54057,35.72518],[51.54013,35.72515],[51.53928,35.72507],[51.53885,35.72501],[51.53837,35.72498],[51.53787,35.72496],[51.53737,35.72494],[51.53685,35.72492],[51.53636,35.72489],[51.53557,35.72483],[51.53503,35.72485],[51.53477,35.72515],[51.53468,35.72576],[51.53463,35.72613],[51.53462,35.72653],[51.53464,35.72695],[51.53471,35.72738],[51.53487,35.72781],[51.53509,35.72823],[51.53531,35.72863],[51.53551,35.729],[51.5357,35.72939],[51.53598,35.72989],[51.53559,35.72953],[51.5353,35.72913],[51.5347,35.72912],[51.534,35.72919],[51.53341,35.72917],[51.53287,35.72926],[51.53221,35.72934],[51.53171,35.72951]]]}},{"type":"Feature","properties":{"route":4,"color":"#d97706","times":[[24111,24171,24231,24291,24303,24309,24312,24315,24318,24321,24324,24327,24330,24333,24336,24339,24342,24345,24348,24351,24354,24357,24360,24363,24366,24369,24375,24384,24390,24396,24402,24408,24414,24423,24429,24435,24441,24444,24447,24450,24453,24456,24459,24462,24465,24468,24471,24474,24477,24480,24483,24486,24489,24492,24495,24498,24501,24504,24507,24510,24513,24516,24519,24522,24528,24534,24540,24558,24564,24567,24570,24573,24576,24579,24585,24591,24597,24603,24609,24615,24621,24627,24630,24636,24642,24648,24654,24666,24672,24678,24684,24693,24699,24702,24705,24711,24720,24726,24732,24735,24738,24741,24744,24747,24750,24753,24756,24759,24762,24765,24768,24771,24774,24777,24780,24783,24786,24789,24792,24795,24798,24801,24804,24807,24810,24816,24876,24936,24996,25056,25098,25107,25113,25119,25125,25131,25137,25140,25143,25149,25155,25161,25167,25227,25287,25347,25407,25443,25449,25455,25461,25467,25473,25479,25485,25491,25497,25506,25515,25533,25593,25653,25713,25737,25743,25749,25752,25758,25764,25776,25782,25788,25794,25803,25815,25821,25827,25887,25947,26007,26019,26025,26031,26043,26049,26055,26064,26076,26136,26196,26256,26265,26274,26283,26289,26298,26307,26322,26328,26334,26340,26346,26349,26352,26355,26358,26361,26364,26367,26373,26385,26391,26397,26403,26409,26421,26427,26487,26547,26607,26625,26631,26643,26649,26655,26661,26676,26685,26691,26697,26703,26709,26715,26718,26724,26733,26745,26754,26763,26772,26781,26787,26793,26799,26805,26865,26925,26985,27045,27096,27102,27108,27114,27120,27126,27132,27138,27144,27150,27156,27162,27168,27174,27180,27186,27195,27201,27207,27213,27219,27225,27228,27231,27234,27237,27240,27243,27249,27252,27255,27258,27261,27264,27267,27270,27273,27276,27282,27288,27291,27294,27297,27300,27303,27306,27309,27312,27318,27324,27330,27336,27342,27351,27357,27360,27363,27366,27369,27372,27375,27378,27381,27384,27387,27390,27393,27396,27399,27402,27405,27408,27411,27414,27417,27420,27423,27426,27429,27432,27435,27438,27444,27450,27456,27462,27468,27474,27489,27498,27507,27525,27531,27537,27543,27549,27555,27561,27564,27567,27570,27576,27582,27594,27654,27687,27693,27702,27723,27735,27744,27804,27864,27924,27984,27996,28011,28026,28035,28050,28059,28119,28140,28152,28158,28170,28179,28185,28191,28197,28203,28209,28224,28233,28239,28245,28251,28257,28263,28269,28278,28290,28302,28311,28353,28413,28473,28533,28563,28569,28584,28596,28656,28716,28776,28788,28794,28800,28806,28812,28818,28827,28887,28932,28944,28953,28962,28974,29016,29076,29136,29142,29151,29163,29169,29175,29184,29193,29202,29211,29220,29226,29232,29238,29247,29307,29367,29427,29487,29547,29592,29613,29619,29625,29631,29637,29697,29757,29817,29877,29901,29907,29916,29925,29931,29937,29946,29952,29967,29976,29982,29988,30048,30108,30168,30174,30180,30192,30204,30213,30219,30225,30231,30237,30243,30249,30255,30315,30375,30435,30495,30555,30561,30567,30579,30594,30600,30612,30618,30636,30645,30657,30666,30675,30684,30744,30804,30858,30867,30873,30882,30891,30906,30912,30921,30981,31041,31101,31161,31221,31281,31341,31401,31455,31461,31467,31473,31482,31494,31554,31614,31674,31734,31794,31824,31836,31896,31956,31989,32001,32061,32121,32145,32154,32214,32274,32334,32394,32454,32463,32469,32478,32487,32493,32499,32511,32571,32631,32691,32730,32736,32742,32748,32757,32817,32877,32937,32952,33012,33072,33132,33147,33153,33159,33165,33171,33183,33192,33198,33204,33210,33219,33279,33336,33351,33357,33366,33426,33486,33546,33606,33666,33726,33786,33795,33801,33807,33819,33831,33840,33849,33855,33864,33873,33882,33888,33894,33897,33900,33906,33912,33921,33927,33936,33996,34056,34116,34146,34152,34158,34164,34170,34182,34188,34194,34200,34203,34206,34209,34212,34215,34218,34221,34224,34230,34251,34266,34281,34287,34293,34302,34308,34323,34329,34335,34344,34356,34380,34401,34461,34521,34581,34641,34701,34722,34728,34737,34746,34758,34773,34779,34785,34791,34797,34803,34809,34815,34821,34827,34836,34845,34851,34857,34863,34869,34881,34887,34896,34902,34911,34932,34992,35052,35112,35172,35232,35292,35352,35412,35472,35502,35508,35514,35520,35526,35535,35547,35553,35562,35571,35580,35586,35592,35601,35610,35616,35622,35628,35634,35640,35646,35655,35664,35670,35676,35712,35772,35832,35892,35952,36012,36072,36132,36192,36252,36312,36357,36375,36381,36387,36393,36399,36405,36411,36420,36426,36435,36444,36450,36462,36468,36474,36480,36495,36555,36615,36675,36705,36711,36717,36723,36738,36750,36759,36768,36828,36888,36948,37008,37068,37128,37188,37212,37272,37332,37392,37452,37500,37512,37524,37548,37557,37566,37581,37590,37596,37602,37611,37617,37626,37638,37647,37653,37665,37677,37698,37704,37710,37716,37725,37734,37740,37746,37752,37761,37767,37776,37785,37791,37800,37815,37821,37830,37839,37848,37857,37917,37923,37926,37929,37935,37941,37947,37953,37959,37965,37971,37974,37977,37983,38001,38004,38007,38010,38016,38022,38028,38034,38040,38049,38058,38067,38091,38100,38160,38220,38232,38241,38256,38265,38271,38277,38283,38289,38301,38310,38322,38328,38334,38340,38346,38352,38358,38364,38370,38376,38382,38388,38394,38400,38406,38412,38418,38427,38433,38439,38442,38445,38448,38454,38457,38460,38463,38466,38469,38472,38478,38484,38490,38493,38496,38499,38502,38505,38508,38514,38532,38544,38550,38556,38562,38568,38574,38583,38589,38595,38598,38601,38604,38607,38610,38613,38616,38619,38625,38631,38634,38637,38640,38643,38646,38649,38652,38655,38658,38664,38673,38679,38685,38691,38697,38703,38709,38715,38721,38727,38733,38739,38745,38751,38754,38757,38763,38769,38772,38775,38781,38787,38793,38796,38799,38802,38808,38820,38880,38940,39000,39060,39120,39180,39201,39210,39219,39228,39264,39270,39276,39282,39288,39294,39300,39306,39312,39318,39324,39330,39336,39342,39348,39354,39360,39366,39372,39378,39384,39390,39396,39402,39408,39414,39420,39429,39438,39444,39453,39459,39465,39474,39486,39498,39510,39525,39585,39627,39672,39732,39789,39798,39807,39816,39825,39834,39843,39849,39855,39864,39873,39885,39891,39897,39903,39909,39915,39921,39930,39939,39945,39951,39957,39963,39972,39978,39984,39990,39996,40002,40008,40014,40017,40020,40023,40026,40029,40032,40035,40041,40047,40056,40083,40089,40101,40161,40221,40281,40341,40401,40461,40521,40581,40641,40653,40662,40668,40674,40683,40689,40695,40701,40713,40722,40728,40737,40743,40746,40749,40752,40755,40758,40761,40764,40767,40770,40773,40776,40779,40782,40788,40794,40854,40866,40878,40884,40887,40893,40896,40902,40905,40908,40911,40917,40923,40929,40932,40935,40938,40941,40944,40947,40950,40953,40956,40959,40962,40965,40968,40971,40974,40977,40980,40983,40986,40989,40992,40995,40998,41004,41016,41022,41028,41031,41037,41043,41049,41055,41061,41067,41070,41073,41076,41079,41082,41085,41088,41094,41109,41115,41121,41124,41127,41130,41133,41136,41139,41142,41145,41148,41151,41154,41157,41160,41163,41166,41169,41172,41175,41178,41181,41184,41187,41190,41193,41196,41199,41202,41205,41208,41211,41214,41217,41220,41226,41229,41232,41235,41238,41241,41244,41247,41250,41253,41256,41259,41262,41265,41268,41271,41274,41277,41280,41283,41286,41289,41349,41409,41469,41475,41478,41481,41484,41487,41490,41493,41496,41499,41502,41505,41508,41511,41514,41517,41520,41523,41526,41529,41532,41535,41538,41541,41544,41547,41550,41553,41556,41559,41562,41565,41568,41571,41574,41577,41580,41583,41586,41589,41592,41595,41598,41601,41604,41607,41610,41613,41616,41619,41622,41625,41628,41631,41634,41637,41640,41643,41649,41655,41661,41667,41673,41679,41685,41688,41694,41700,41706,41712,41715,41718,41721,41724,41730,41736,41742,41748,41751,41754,41757,41760,41763,41769,41772,41775,41778,41781,41784,41787,41790,41793,41796,41799,41802,41805,41808,41811,41814,41817,41820,41823,41826,41829,41832,41835,41838,41841,41844,41847,41850,41853,41856,41859,41862,41865,41868,41871,41874,41877,41880,41883,41886,41889,41892,41895,41898,41901,41904,41907,41910,41913,41916,41919,41922,41925,41928,41931,41934,41937,41940,41943,41946,41949,41955,41958,41964,41970,41976,41982,41991,41997,42000,42003,42006,42009,42015,42021,42024,42027,42030,42033,42036,42039,42042,42045,42048,42051,42054,42057,42060,42063,42066,42069,42072,42075,42078,42081,42084,42087,42090,42093,42096,42156,42216,42276,42294,42297,42300,42303,42306,42309,42312,42315,42318,42321,42324,42327,42330,42333,42336,42342,42402,42462,42468,42471,42474,42477,42480,42483,42486,42489,42492,42495,42498,42501,42504,42507,42510,42513,42516,42519,42522,42525,42528,42531,42534,42537,42540,42543,42546,42549,42552,42555,42558,42561,42567,42573,42579,42588,42594,42603,42663,42723,42783,42822,42828,42834,42837,42840,42843,42846,42849,42852,42855,42858,42861,42864,42867,42870,42873,42876,42879,42882,42885,42888,42891,42894,42897,42900,42903,42906,42909,42912,42915,42918,42921,42924,42927,42930,42933,42936,42939,42942,42945,42948,42951,42954,42957,42960,42963,42966,42969,42972,42975,42978,42981,42984,42987,42990,42993,42996,42999,43002,43005,43008,43011,43014,43017,43020,43023,43026,43029,43032,43035,43038,43041,43044,43047,43050,43056,43116,43158,43164,43170,43176,43182,43242,43302,43362,43386,43392,43395,43398,43401,43404,43407,43410,43413,43416,43419,43422,43425,43428,43431,43434,43437,43440,43443,43446,43449,43452,43455,43458,43461,43464,43467,43470,43473,43476,43479,43482,43485,43488,43491,43494,43497,43500,43503,43506,43509,43512,43515,43518,43521,43524,43527,43530,43533,43536,43539,43542,43545,43548,43551,43554,43557,43560,43563,43566,43569,43572,43575,43578,43581,43584,43587,43590,43593,43596,43599,43602,43605,43608,43611,43614,43617,43620,43623,43626,43629,43632,43635,43638,43641,43644,43647,43650,43653,43656,43659,43662,43665,43668,43671,43674,43677,43680,43683,43686,43689,43692,43695,43698,43704,43710,43716,43722,43728,43734,43740,43746,43752,43758,43764,43770,43776,43782,43788,43794,43800,43806,43812,43818,43824,43830,43836,43842,43848,43854,43860,43863,43866,43869,43872,43875,43878,43881,43884,43887,43890,43893,43896,43902,43908,43914,43920,43923,43926,43929,43932,43935,43938,43941,43944,43947,43950,43953,43956,43959,43962,43965,43968,43971,43974,43977,43980,43983,43986,43989,43992,43995,43998,44001,44004,44007,44010,44013,44016,44019,44022,44025,44028,44031,44034,44037,44040,44043,44046,44049,44052,44055,44058,44061,44064,44067,44070,44073,44076,44079,44082,44085,44088,44091,44094,44097,44100,44103,44106,44109,44112,44115,44118,44121,44124,44127,44130,44133,44136,44139,44142,44145,44148,44151,44154,44157,44160,44163,44166,44169,44172,44175,44178,44181,44184,44187,44190,44193,44196,44199,44202,44205,44208,44211,44214,44217,44220,44223,44226,44229,44232,44235,44238,44241,44244,44247,44250,44253,44256,44259,44262,44265,44268,44271,44274,44277,44280,44283,44286,44292,44298,44304,44310,44316,44322,44328,44334,44340,44346,44352,44358,44364,44370,44373,44376,44379,44382,44385,44388,44394,44400,44406,44412,44418,44424,44427,44430,44433,44436,44442,44448,44454,44460,44466,44472,44478,44487,44493,44499,44505,44514,44523,44532,44538,44544,44550,44556,44559,44562,44565,44568,44571,44574,44577,44580,44583,44586,44589,44592,44595,44598,44601,44604,44607,44610,44613,44616,44619,44622,44625,44628,44631,44634,44637,44640,44643,44646,44649,44652,44655,44658,44661,44664,44667,44670,44673,44676,44679,44682,44685,44688,44691,44694,44697,44700,44703,44706,44709,44712,44715,44718,44721,44724,44727,44730,44733,44736,44739,44742,44745,44748,44751,44754,44757,44760,44763,44766,44769,44772,44775,44778,44781,44784,44787,44790,44793,44796,44799,44802,44805,44808,44811,44814,44817,44820,44823,44826,44829,44832,44835,44838,44841,44844,44847,44850,44853,44859,44865,44868,44871,44874,44880,44886,44892,44898,44904,44910,44916,44922,44925,44928,44934,44937,44940,44943,44946,44949,44952,44955,44958,44961,44964,44967,44970,44973,44976,44979,44982,44985,44988,44991,44994,44997,45000,45003,45006,45009,45012,45015,45018,45021,45024,45027,45030,45033,45036,45039,45042,45045,45048,45051,45054,45057,45060,45063,45066,45069,45072,45075,45078,45084,45090,45096,45102,45105,45108,45111,45117,45126,45132,45141,45147,45153,45159,45165,45171,45174,45177,45180,45183,45186,45189,45192,45195,45198,45201,45204,45207,45210,45213,45216,45219,45222,45225,45228,45231,45234,45237,45240,45243,45246,45249,45252,45255,45258,45261,45264,45267,45270,45273,45276,45279,45282,45285,45288,45291,45294,45297,45300,45303,45306,45309,45312,45315,45318,45321,45324,45327,45330,45333,45336,45339,45342,45345,45348,45351,45354,45357,45360,45363,45366,45369,45372,45375,45378,45381,45384,45387,45390,45393,45396,45399,45402,45405,45408,45411,45414,45417,45420,45423,45426,45429,45432,45435,45438,45441,45444,45447,45450,45453,45456,45459,45462,45465,45468,45471,45474,45477,45480,45483,45486,45489,45492,45495,45498,45504,45525,45558,45597,45648,45681,45702,45717,45729,45738,45744,45750,45759,45765,45771,45777,45783,45789,45795,45801,45804,45807,45810,45816,45822,45834,45840,45843,45846,45849,45855,45861,45867,45876,45882,45888,45891,45894,45900,45912,45918,45921,45924,45927,45933,45942,45948,45957,45963,45969,45972,45978,45990,45996,46002,46008,46014,46020,46026,46035,46044,46050,46056,46062,46068,46077,46086,46092,46098,46104,46113,46119,46125,46131,46140,46146,46152,46158,46173,46179,46185,46191,46197,46203,46209,46215,46224,46284,46344,46404,46464,46515,46575,46635,46695,46755,46815,46875,46935,46995,47055,47115,47175,47235,47295,47355,47415,47475,47535,47595,47655,47715,47775,47835,47895,47955,48015,48075,48135,48195,48255,48315,48360,48369,48486,48492,48552,48612,48672,48690,48714,48774,48834,48894,48954,49014]],"type":"operational_gps","source":"recorded_gps"},"geometry":{"type":"MultiLineString","coordinates":[[[51.03084,35.77822],[51.03061,35.77848],[51.03061,35.77848],[51.03061,35.77848],[51.03017,35.77891],[51.0297,35.77939],[51.02943,35.77968],[51.02914,35.78001],[51.02882,35.78037],[51.02846,35.78073],[51.02807,35.7811],[51.02767,35.78145],[51.02725,35.78182],[51.02685,35.78215],[51.02648,35.78246],[51.0261,35.78277],[51.02571,35.7831],[51.02535,35.7834],[51.02498,35.78372],[51.02461,35.78405],[51.02423,35.78437],[51.02385,35.78471],[51.02348,35.78505],[51.02311,35.78539],[51.02277,35.78571],[51.02248,35.78602],[51.02209,35.78645],[51.02175,35.78686],[51.02143,35.78711],[51.02107,35.7874],[51.02069,35.78778],[51.02042,35.78811],[51.02016,35.78843],[51.0198,35.7889],[51.0195,35.78919],[51.01893,35.7894],[51.0181,35.78949],[51.01763,35.7895],[51.01713,35.78954],[51.01663,35.78962],[51.01616,35.78973],[51.01568,35.78985],[51.01518,35.78995],[51.01467,35.79002],[51.01413,35.7901],[51.01356,35.79016],[51.01297,35.79021],[51.01234,35.79027],[51.01171,35.79032],[51.01107,35.79036],[51.01044,35.7904],[51.00984,35.79043],[51.00927,35.79047],[51.00873,35.79051],[51.00815,35.79057],[51.00755,35.79061],[51.0069,35.79065],[51.00628,35.7907],[51.00574,35.79084],[51.00531,35.79112],[51.00495,35.79146],[51.00454,35.7918],[51.00408,35.79207],[51.0037,35.79231],[51.00326,35.79274],[51.00304,35.79316],[51.0028,35.79377],[51.00282,35.79315],[51.00315,35.79251],[51.0033,35.79215],[51.00339,35.79176],[51.0034,35.79134],[51.00337,35.79089],[51.00332,35.79046],[51.00334,35.7898],[51.00354,35.78923],[51.00381,35.78884],[51.00411,35.78848],[51.00436,35.78818],[51.00466,35.78782],[51.00508,35.78725],[51.00547,35.78661],[51.00565,35.78626],[51.00585,35.78567],[51.00599,35.78512],[51.00613,35.78452],[51.00623,35.78403],[51.00627,35.7835],[51.00626,35.78295],[51.00623,35.78236],[51.0062,35.78192],[51.00617,35.78147],[51.00613,35.78089],[51.0061,35.7805],[51.00607,35.78011],[51.00603,35.77944],[51.00597,35.77893],[51.00592,35.77836],[51.00582,35.77767],[51.00576,35.77729],[51.0057,35.77689],[51.00565,35.77647],[51.00558,35.77603],[51.00553,35.77559],[51.0055,35.77516],[51.00548,35.77472],[51.00545,35.77428],[51.00543,35.77385],[51.00541,35.77344],[51.00539,35.77303],[51.00537,35.77262],[51.00535,35.77223],[51.00531,35.77185],[51.00529,35.77146],[51.00525,35.77107],[51.00518,35.77069],[51.00502,35.77031],[51.00485,35.76994],[51.00467,35.76955],[51.00449,35.76917],[51.00431,35.76877],[51.00414,35.76839],[51.00395,35.76798],[51.00377,35.7676],[51.00361,35.76724],[51.0033,35.76668],[51.00314,35.76637],[51.00314,35.76638],[51.00315,35.76639],[51.00314,35.7664],[51.00306,35.76593],[51.00301,35.76549],[51.00294,35.765],[51.00288,35.76445],[51.00275,35.76386],[51.00264,35.76326],[51.00252,35.76259],[51.00246,35.76222],[51.00241,35.76185],[51.00232,35.76115],[51.00217,35.76053],[51.00186,35.75995],[51.00164,35.75958],[51.00146,35.7593],[51.00146,35.7593],[51.00146,35.7593],[51.00147,35.7593],[51.00122,35.75877],[51.00092,35.75821],[51.00061,35.75761],[51.0003,35.75701],[51.0,35.75644],[50.99968,35.75581],[50.99936,35.75523],[50.99911,35.75468],[50.99894,35.75404],[50.99884,35.75358],[50.99872,35.75309],[50.99861,35.75266],[50.99831,35.75237],[50.9983,35.75236],[50.9983,35.75235],[50.99829,35.75235],[50.99788,35.75258],[50.99726,35.75293],[50.99656,35.75332],[50.9962,35.75354],[50.99552,35.75394],[50.99506,35.75421],[50.99468,35.75394],[50.99441,35.75357],[50.99409,35.75314],[50.99376,35.75269],[50.9934,35.75226],[50.9928,35.7524],[50.99231,35.75264],[50.99176,35.75289],[50.99149,35.7529],[50.9915,35.7529],[50.99164,35.75292],[50.99212,35.75272],[50.99273,35.75247],[50.99323,35.75222],[50.99315,35.75177],[50.99291,35.75144],[50.99264,35.7511],[50.9924,35.75073],[50.99234,35.75036],[50.9921,35.75023],[50.99205,35.75022],[50.99213,35.75034],[50.99266,35.75033],[50.99317,35.75002],[50.99371,35.74975],[50.99412,35.74956],[50.99456,35.74935],[50.995,35.7491],[50.99486,35.74864],[50.99464,35.74825],[50.9944,35.74784],[50.99409,35.74731],[50.99376,35.7467],[50.99358,35.74637],[50.99337,35.74602],[50.99317,35.74564],[50.99296,35.74527],[50.99276,35.74491],[50.99257,35.74457],[50.99235,35.74424],[50.99199,35.74362],[50.99157,35.74345],[50.99105,35.74351],[50.99048,35.74358],[50.98997,35.74367],[50.98942,35.74378],[50.98898,35.74351],[50.98888,35.74315],[50.98872,35.74284],[50.98869,35.74283],[50.98884,35.74293],[50.98899,35.74335],[50.98908,35.74371],[50.98969,35.74374],[50.99028,35.74363],[50.99092,35.74352],[50.99149,35.74341],[50.99197,35.74334],[50.99221,35.74378],[50.99244,35.74429],[50.99281,35.74488],[50.99314,35.74549],[50.99348,35.7461],[50.99385,35.74675],[50.99404,35.74709],[50.99439,35.74769],[50.99486,35.74771],[50.99539,35.74761],[50.99589,35.74753],[50.99651,35.74741],[50.99705,35.74729],[50.99711,35.74693],[50.99701,35.74656],[50.9969,35.74615],[50.9967,35.74558],[50.9965,35.74497],[50.99646,35.74486],[50.99646,35.74486],[50.99646,35.74485],[50.99646,35.74486],[50.99634,35.74437],[50.99623,35.74393],[50.99608,35.74339],[50.99593,35.74275],[50.99582,35.74219],[50.99578,35.74176],[50.99574,35.74135],[50.99567,35.74095],[50.99565,35.74039],[50.99559,35.73979],[50.99554,35.73925],[50.99549,35.73883],[50.99543,35.73829],[50.99536,35.73764],[50.99529,35.73694],[50.99521,35.7363],[50.99515,35.73575],[50.99511,35.73517],[50.99507,35.73456],[50.99498,35.73391],[50.99484,35.73325],[50.9948,35.73264],[50.9948,35.73227],[50.99481,35.73188],[50.99479,35.73147],[50.99475,35.73107],[50.99471,35.73068],[50.99468,35.73032],[50.99462,35.7296],[50.99458,35.72923],[50.99455,35.72884],[50.99451,35.72842],[50.99446,35.72799],[50.99441,35.72755],[50.99437,35.7271],[50.99433,35.72665],[50.99429,35.72621],[50.99424,35.72583],[50.99418,35.7252],[50.99412,35.72449],[50.99408,35.7241],[50.99405,35.7237],[50.99402,35.72328],[50.99398,35.72283],[50.99393,35.72239],[50.99388,35.72195],[50.99384,35.72152],[50.9938,35.72113],[50.99373,35.72052],[50.99369,35.71996],[50.99363,35.71929],[50.99354,35.71861],[50.99348,35.71814],[50.99344,35.71751],[50.99336,35.7168],[50.99332,35.7164],[50.99327,35.71597],[50.99322,35.71554],[50.9932,35.71511],[50.99316,35.71465],[50.99311,35.71418],[50.99305,35.71372],[50.993,35.71328],[50.99294,35.71285],[50.9929,35.71247],[50.99286,35.71208],[50.99282,35.71168],[50.99276,35.71124],[50.99266,35.71078],[50.99251,35.71029],[50.99236,35.70979],[50.99218,35.70931],[50.99202,35.70882],[50.99186,35.7083],[50.9917,35.70781],[50.99155,35.70736],[50.9914,35.70693],[50.99123,35.70654],[50.99102,35.70618],[50.99086,35.70581],[50.99079,35.70543],[50.99078,35.70505],[50.99062,35.70439],[50.99041,35.70377],[50.9902,35.70314],[50.98999,35.70254],[50.9898,35.70196],[50.98965,35.70159],[50.98904,35.70148],[50.98843,35.70159],[50.98795,35.70169],[50.98738,35.70178],[50.98676,35.7019],[50.98593,35.70206],[50.98522,35.7022],[50.98455,35.70235],[50.98386,35.70246],[50.98304,35.70261],[50.9826,35.70269],[50.98214,35.70277],[50.9817,35.70284],[50.98104,35.70298],[50.98053,35.7031],[50.98009,35.7032],[50.98008,35.70321],[50.97947,35.70327],[50.97896,35.70333],[50.97847,35.70341],[50.97903,35.70322],[50.97888,35.70287],[50.97885,35.7025],[50.97883,35.70241],[50.97882,35.70241],[50.97881,35.70241],[50.97877,35.70234],[50.97869,35.70193],[50.97843,35.70158],[50.97796,35.70167],[50.9774,35.70179],[50.97689,35.70186],[50.97638,35.70192],[50.97631,35.70193],[50.97683,35.70187],[50.97747,35.70174],[50.97803,35.70162],[50.9785,35.70155],[50.97901,35.70147],[50.97957,35.70136],[50.98009,35.70125],[50.98056,35.70115],[50.98109,35.70108],[50.98157,35.701],[50.98215,35.70089],[50.98264,35.70081],[50.9831,35.70072],[50.98366,35.7006],[50.98428,35.7005],[50.98485,35.70042],[50.98531,35.70033],[50.98582,35.70022],[50.98631,35.70014],[50.98677,35.70007],[50.9873,35.69991],[50.98784,35.69975],[50.98828,35.69975],[50.98831,35.69976],[50.98816,35.69984],[50.98809,35.69969],[50.98755,35.69987],[50.98707,35.70002],[50.98666,35.6997],[50.9863,35.69949],[50.986,35.69947],[50.98595,35.69947],[50.98595,35.69947],[50.98551,35.69949],[50.98494,35.69951],[50.98437,35.69951],[50.9838,35.69949],[50.98321,35.69955],[50.98251,35.69958],[50.98197,35.69958],[50.98164,35.69963],[50.9811,35.69958],[50.98076,35.69929],[50.9806,35.69894],[50.98055,35.69843],[50.98018,35.69821],[50.97973,35.69821],[50.97969,35.69815],[50.97951,35.69821],[50.97907,35.6983],[50.97845,35.69838],[50.97787,35.6985],[50.97738,35.69853],[50.97693,35.69864],[50.97631,35.69869],[50.97575,35.69868],[50.97516,35.69875],[50.97469,35.6988],[50.97411,35.69887],[50.9737,35.69901],[50.97318,35.69904],[50.97269,35.69913],[50.97213,35.6992],[50.97189,35.69938],[50.97186,35.69942],[50.97187,35.69937],[50.97188,35.6993],[50.97186,35.69937],[50.97193,35.69974],[50.97172,35.70008],[50.97184,35.70066],[50.97196,35.70139],[50.97216,35.70211],[50.97234,35.70258],[50.97231,35.70265],[50.97231,35.70265],[50.97231,35.70265],[50.97231,35.70266],[50.97185,35.70271],[50.97131,35.70283],[50.9708,35.70287],[50.97042,35.70235],[50.97033,35.70191],[50.97026,35.70155],[50.97022,35.70108],[50.97016,35.7007],[50.96963,35.70068],[50.96902,35.70088],[50.96849,35.70107],[50.96809,35.70123],[50.96811,35.70121],[50.96821,35.70121],[50.96849,35.70114],[50.96895,35.70101],[50.96944,35.70089],[50.97005,35.70069],[50.97019,35.7002],[50.97007,35.69969],[50.96999,35.69933],[50.96992,35.69895],[50.96989,35.69858],[50.96981,35.69806],[50.96956,35.69742],[50.96884,35.69708],[50.96831,35.69659],[50.96811,35.69638],[50.96812,35.6964],[50.96811,35.69639],[50.96816,35.69638],[50.96806,35.69616],[50.96785,35.69572],[50.96763,35.69526],[50.96741,35.6949],[50.96749,35.69443],[50.96751,35.69407],[50.96736,35.6936],[50.96716,35.69324],[50.96671,35.69305],[50.96626,35.69315],[50.96579,35.69332],[50.96528,35.69353],[50.96475,35.69367],[50.96424,35.69389],[50.96407,35.69393],[50.96406,35.69396],[50.96468,35.69394],[50.96525,35.69375],[50.96567,35.69356],[50.96625,35.69335],[50.96663,35.69315],[50.96691,35.69275],[50.96678,35.6924],[50.96657,35.69191],[50.96653,35.69185],[50.96651,35.69189],[50.96651,35.69189],[50.96652,35.69188],[50.96653,35.69185],[50.96663,35.69171],[50.96671,35.69161],[50.96665,35.69153],[50.96638,35.69108],[50.96614,35.69067],[50.96591,35.69021],[50.96568,35.68984],[50.96521,35.68989],[50.9648,35.69013],[50.9648,35.69024],[50.9648,35.69029],[50.96481,35.6903],[50.9648,35.6903],[50.96472,35.6904],[50.96417,35.69047],[50.96366,35.69067],[50.96357,35.69075],[50.96363,35.69076],[50.96401,35.69058],[50.96399,35.69018],[50.96398,35.69009],[50.96398,35.69012],[50.9638,35.68975],[50.9636,35.68929],[50.96355,35.68917],[50.96355,35.68917],[50.96356,35.68916],[50.96359,35.68914],[50.96357,35.68911],[50.96343,35.68868],[50.96331,35.68827],[50.96339,35.68782],[50.96365,35.68738],[50.96383,35.687],[50.96406,35.6866],[50.9641,35.68624],[50.96407,35.68613],[50.96405,35.6861],[50.96402,35.68607],[50.96384,35.68571],[50.96372,35.68535],[50.96354,35.68496],[50.96334,35.68457],[50.96315,35.68413],[50.96333,35.68406],[50.96301,35.68395],[50.96293,35.68397],[50.9628,35.68352],[50.96276,35.68335],[50.96276,35.68335],[50.96276,35.68335],[50.96254,35.68299],[50.96233,35.68257],[50.96207,35.68207],[50.96179,35.68155],[50.96154,35.68106],[50.96105,35.68117],[50.96053,35.6816],[50.96007,35.68197],[50.95958,35.68236],[50.95913,35.68275],[50.9588,35.68307],[50.95879,35.68307],[50.95835,35.68329],[50.95877,35.6829],[50.95909,35.68263],[50.95942,35.68238],[50.95946,35.68238],[50.95947,35.68238],[50.95949,35.6824],[50.95948,35.68242],[50.95947,35.68242],[50.95947,35.68242],[50.9595,35.68236],[50.95986,35.68206],[50.96016,35.68176],[50.9605,35.68151],[50.96097,35.68127],[50.96137,35.68106],[50.96174,35.68078],[50.96219,35.68045],[50.96265,35.68009],[50.96299,35.67977],[50.96332,35.67946],[50.96379,35.67913],[50.96439,35.67869],[50.96489,35.67824],[50.96523,35.67793],[50.96554,35.67766],[50.96601,35.67722],[50.96634,35.67693],[50.96683,35.67696],[50.96721,35.67722],[50.96751,35.67751],[50.96751,35.6775],[50.96744,35.67744],[50.96747,35.67747],[50.96773,35.67802],[50.96781,35.67861],[50.96787,35.67923],[50.96791,35.67992],[50.96792,35.68039],[50.96797,35.68089],[50.968,35.68139],[50.96803,35.68194],[50.96801,35.68254],[50.96801,35.6829],[50.968,35.68331],[50.96802,35.68373],[50.96805,35.68413],[50.96809,35.68454],[50.96814,35.68496],[50.96818,35.6854],[50.96822,35.68578],[50.96826,35.6863],[50.9678,35.68651],[50.96738,35.68671],[50.96693,35.68684],[50.96638,35.68702],[50.96573,35.68718],[50.96541,35.68758],[50.96541,35.68799],[50.96607,35.688],[50.96654,35.68785],[50.96696,35.68773],[50.96753,35.6875],[50.96808,35.68731],[50.96822,35.68773],[50.96809,35.68814],[50.96785,35.68836],[50.96777,35.68841],[50.96779,35.68844],[50.96779,35.68844],[50.96782,35.68859],[50.96719,35.68866],[50.96677,35.68878],[50.96617,35.68889],[50.96563,35.68904],[50.96569,35.68949],[50.96525,35.68935],[50.96513,35.68877],[50.96518,35.68833],[50.96521,35.68795],[50.96537,35.6874],[50.96519,35.68684],[50.96493,35.6863],[50.96468,35.6858],[50.96447,35.68542],[50.9645,35.68505],[50.96477,35.68459],[50.96503,35.68408],[50.96519,35.68373],[50.96538,35.68332],[50.96532,35.68294],[50.96514,35.68259],[50.96457,35.6827],[50.96391,35.68285],[50.96332,35.68308],[50.96281,35.68328],[50.96294,35.68377],[50.96331,35.68398],[50.96343,35.68399],[50.96354,35.68403],[50.96356,35.68402],[50.9637,35.6838],[50.96379,35.68392],[50.96359,35.68397],[50.96361,35.68402],[50.96358,35.68397],[50.96336,35.68396],[50.9632,35.68433],[50.96337,35.68468],[50.96362,35.68515],[50.96389,35.68567],[50.96417,35.68613],[50.96464,35.68625],[50.96508,35.68658],[50.96531,35.687],[50.96542,35.68746],[50.96545,35.68791],[50.9654,35.68828],[50.96539,35.68876],[50.96551,35.68934],[50.96585,35.68975],[50.966,35.69028],[50.96627,35.69083],[50.96657,35.69143],[50.96681,35.6919],[50.9671,35.69244],[50.96729,35.69279],[50.96746,35.69315],[50.96777,35.69352],[50.96838,35.6934],[50.96889,35.69324],[50.96934,35.69304],[50.96924,35.69266],[50.96923,35.69253],[50.96918,35.69261],[50.9692,35.69261],[50.96921,35.69259],[50.96922,35.69259],[50.96922,35.69258],[50.96922,35.69255],[50.96922,35.69253],[50.96923,35.69252],[50.9693,35.6925],[50.96904,35.69219],[50.96926,35.69187],[50.96977,35.69181],[50.97031,35.69172],[50.97083,35.69161],[50.97131,35.69153],[50.97178,35.69148],[50.97223,35.6914],[50.97274,35.69134],[50.97329,35.6912],[50.97377,35.69105],[50.97447,35.69097],[50.97505,35.69088],[50.97541,35.69117],[50.97553,35.69156],[50.9757,35.6921],[50.97586,35.69255],[50.97598,35.69297],[50.97601,35.69301],[50.97601,35.69301],[50.97601,35.69301],[50.97528,35.69324],[50.97461,35.69341],[50.97399,35.69356],[50.97348,35.69373],[50.97296,35.69386],[50.97238,35.69396],[50.97187,35.6941],[50.97136,35.69418],[50.97112,35.69417],[50.97108,35.69422],[50.97073,35.69425],[50.97042,35.69438],[50.9704,35.69438],[50.97036,35.69451],[50.97039,35.69452],[50.97065,35.69481],[50.97066,35.69481],[50.97074,35.6948],[50.97079,35.69486],[50.97087,35.69486],[50.97108,35.69527],[50.97127,35.69565],[50.97137,35.69604],[50.97202,35.69604],[50.97249,35.69597],[50.97298,35.69599],[50.97347,35.69593],[50.97404,35.69585],[50.9745,35.69571],[50.97492,35.6956],[50.97551,35.69555],[50.97595,35.69545],[50.97657,35.69538],[50.97711,35.69533],[50.97764,35.69522],[50.97809,35.69518],[50.97863,35.69511],[50.97914,35.69499],[50.97969,35.69492],[50.98026,35.69487],[50.98088,35.69478],[50.98153,35.69471],[50.98216,35.69465],[50.98269,35.69457],[50.98316,35.69454],[50.98361,35.69448],[50.98414,35.69437],[50.98465,35.69425],[50.98509,35.69416],[50.9856,35.69406],[50.98622,35.69394],[50.98667,35.69381],[50.98713,35.69389],[50.98706,35.69334],[50.98695,35.69297],[50.98683,35.69253],[50.98673,35.69212],[50.98657,35.69167],[50.9864,35.69126],[50.98628,35.6908],[50.9861,35.69019],[50.986,35.68982],[50.98589,35.68943],[50.9857,35.68884],[50.98555,35.68835],[50.98541,35.68786],[50.98524,35.68734],[50.98506,35.68677],[50.98488,35.68621],[50.98469,35.68559],[50.98457,35.68524],[50.98445,35.68488],[50.98434,35.68448],[50.98463,35.68509],[50.98473,35.68544],[50.98484,35.68585],[50.98495,35.68625],[50.98516,35.68686],[50.9853,35.68735],[50.98549,35.68788],[50.98569,35.68841],[50.98583,35.68882],[50.98599,35.68931],[50.98614,35.68973],[50.9863,35.69011],[50.98637,35.69052],[50.98652,35.69092],[50.98659,35.69115],[50.98673,35.69159],[50.98681,35.69197],[50.98693,35.69237],[50.98706,35.69273],[50.98722,35.69321],[50.98738,35.69381],[50.98757,35.69443],[50.98781,35.69511],[50.98792,35.69548],[50.98806,35.69588],[50.98819,35.69624],[50.98831,35.69666],[50.98844,35.69705],[50.98856,35.69758],[50.9887,35.69803],[50.98886,35.69854],[50.98904,35.69914],[50.98924,35.6997],[50.98942,35.70027],[50.98961,35.70095],[50.98982,35.70159],[50.99004,35.70226],[50.99025,35.70292],[50.99046,35.70357],[50.9907,35.70426],[50.99091,35.70486],[50.99108,35.70539],[50.9912,35.70586],[50.99132,35.70626],[50.99152,35.70685],[50.99173,35.70755],[50.99184,35.7079],[50.99195,35.70827],[50.99206,35.70863],[50.99231,35.70934],[50.99245,35.70975],[50.99258,35.71016],[50.99271,35.7106],[50.99283,35.71104],[50.99292,35.71152],[50.99299,35.71198],[50.99306,35.71252],[50.99307,35.71301],[50.99316,35.71371],[50.99321,35.71414],[50.99327,35.71457],[50.9933,35.71498],[50.99333,35.71538],[50.99338,35.71577],[50.99342,35.71615],[50.99346,35.7168],[50.99355,35.71718],[50.99356,35.71761],[50.9936,35.71798],[50.99361,35.71844],[50.99367,35.71893],[50.99372,35.71953],[50.99379,35.72003],[50.99382,35.72041],[50.99387,35.72084],[50.99393,35.72155],[50.99397,35.72194],[50.994,35.72234],[50.99405,35.72277],[50.99411,35.72322],[50.99416,35.72369],[50.9942,35.72417],[50.99425,35.72464],[50.99429,35.72506],[50.99437,35.72563],[50.99442,35.72629],[50.99445,35.72667],[50.99449,35.72706],[50.99454,35.72746],[50.99458,35.72788],[50.99462,35.7283],[50.99467,35.72874],[50.99471,35.72917],[50.99473,35.72959],[50.99477,35.72998],[50.99484,35.73037],[50.99492,35.73098],[50.99498,35.73154],[50.99504,35.73203],[50.99511,35.7325],[50.99513,35.73297],[50.99515,35.73348],[50.99517,35.73384],[50.9952,35.73429],[50.99524,35.73477],[50.99529,35.7352],[50.99533,35.73565],[50.99538,35.73614],[50.99543,35.73665],[50.99549,35.73739],[50.99554,35.73784],[50.99557,35.73826],[50.99563,35.73885],[50.9957,35.73944],[50.99572,35.73982],[50.99574,35.74022],[50.99582,35.74075],[50.99589,35.74127],[50.99596,35.74201],[50.99601,35.74242],[50.99609,35.74283],[50.99618,35.74321],[50.99635,35.74373],[50.99648,35.74415],[50.99644,35.74425],[50.99639,35.74428],[50.99639,35.74428],[50.99639,35.74428],[50.99639,35.74428],[50.99639,35.74428],[50.99649,35.74464],[50.99662,35.74503],[50.99678,35.74542],[50.99687,35.74579],[50.99741,35.74581],[50.99788,35.74571],[50.99836,35.74558],[50.99902,35.74542],[50.99973,35.74522],[51.00049,35.74501],[51.00125,35.7448],[51.002,35.74459],[51.00276,35.74441],[51.00352,35.74421],[51.00424,35.74401],[51.00502,35.74384],[51.00559,35.74369],[51.00618,35.74354],[51.00682,35.74341],[51.00745,35.7433],[51.00798,35.74318],[51.00847,35.74303],[51.00892,35.7429],[51.00939,35.74281],[51.00991,35.74267],[51.01044,35.74254],[51.01099,35.7424],[51.01156,35.74223],[51.01205,35.74211],[51.01258,35.74197],[51.01318,35.74181],[51.01369,35.74164],[51.01416,35.74158],[51.01466,35.74144],[51.01527,35.74133],[51.0159,35.74116],[51.01647,35.741],[51.0169,35.74083],[51.01674,35.74043],[51.01654,35.7401],[51.01615,35.73991],[51.0157,35.74005],[51.01541,35.73998],[51.01552,35.74036],[51.01555,35.74],[51.01554,35.74029],[51.01599,35.73994],[51.01642,35.73977],[51.01663,35.74016],[51.01684,35.74059],[51.01678,35.74095],[51.01623,35.7411],[51.0157,35.74124],[51.01523,35.74138],[51.01476,35.74148],[51.01416,35.74166],[51.01374,35.74178],[51.01314,35.74191],[51.01265,35.74203],[51.01214,35.74213],[51.01161,35.74226],[51.0111,35.74239],[51.01056,35.74253],[51.01002,35.74267],[51.00943,35.74283],[51.00877,35.743],[51.00821,35.74316],[51.00768,35.74327],[51.00718,35.74339],[51.00673,35.7435],[51.0061,35.74368],[51.00558,35.7438],[51.00506,35.74393],[51.00458,35.74405],[51.00403,35.74419],[51.00339,35.74433],[51.00291,35.74445],[51.0022,35.74462],[51.00178,35.74473],[51.00134,35.74485],[51.00088,35.74497],[51.00041,35.74511],[50.99995,35.74524],[50.99949,35.74534],[50.99905,35.74544],[50.99825,35.74563],[50.99768,35.74579],[50.99721,35.74591],[50.99709,35.74635],[50.99726,35.74682],[50.99736,35.74719],[50.99735,35.74718],[50.99736,35.74723],[50.99736,35.74723],[50.99735,35.74723],[50.99735,35.74723],[50.99735,35.74723],[50.99735,35.74723],[50.99734,35.74723],[50.99734,35.74723],[50.99742,35.74766],[50.99758,35.7482],[50.99773,35.74876],[50.99793,35.74935],[50.99805,35.74975],[50.99819,35.75021],[50.99837,35.7508],[50.99849,35.75133],[50.99856,35.75181],[50.99874,35.75236],[50.99888,35.75286],[50.999,35.75342],[50.99912,35.75408],[50.99924,35.75451],[50.99942,35.75493],[50.99962,35.75535],[50.99984,35.75577],[51.00004,35.75618],[51.00024,35.75657],[51.00045,35.75695],[51.00064,35.75735],[51.00085,35.75776],[51.00109,35.75817],[51.00132,35.75858],[51.00155,35.75898],[51.00174,35.75937],[51.00201,35.75999],[51.00216,35.76044],[51.00233,35.76058],[51.00252,35.76093],[51.00255,35.76146],[51.00263,35.76207],[51.00268,35.76243],[51.0028,35.76308],[51.00285,35.76345],[51.00299,35.76415],[51.00305,35.76452],[51.00312,35.7649],[51.00319,35.76529],[51.00325,35.76576],[51.00336,35.76624],[51.00366,35.76697],[51.00386,35.7674],[51.00406,35.76784],[51.00427,35.76827],[51.00449,35.76873],[51.0047,35.76918],[51.0049,35.76962],[51.00511,35.77007],[51.00531,35.77051],[51.00544,35.77097],[51.00549,35.77147],[51.00552,35.77199],[51.00554,35.77253],[51.00555,35.77305],[51.00557,35.77361],[51.0056,35.77418],[51.00562,35.77473],[51.00565,35.77528],[51.00569,35.77584],[51.00577,35.7764],[51.00584,35.7769],[51.00591,35.77737],[51.00597,35.77778],[51.00602,35.77815],[51.00608,35.77856],[51.00616,35.77915],[51.00621,35.7798],[51.00623,35.78054],[51.00626,35.78093],[51.00629,35.78152],[51.0063,35.78191],[51.00638,35.78247],[51.0064,35.78292],[51.0064,35.78338],[51.00632,35.78412],[51.00624,35.78458],[51.00617,35.78506],[51.00614,35.78553],[51.00612,35.78599],[51.00608,35.78646],[51.00598,35.78684],[51.00572,35.78714],[51.00528,35.78753],[51.00523,35.78797],[51.00547,35.78829],[51.00592,35.78878],[51.00628,35.78913],[51.00671,35.78952],[51.00724,35.78979],[51.00786,35.78993],[51.00856,35.78995],[51.00931,35.78995],[51.01008,35.78996],[51.01087,35.78999],[51.01165,35.79001],[51.01245,35.78996],[51.01325,35.78985],[51.01405,35.78972],[51.01488,35.78955],[51.01572,35.7894],[51.01655,35.78922],[51.0174,35.78902],[51.0182,35.7888],[51.0189,35.78859],[51.01945,35.78838],[51.01996,35.78809],[51.02042,35.78768],[51.0209,35.78729],[51.02139,35.78688],[51.02188,35.78642],[51.02231,35.78602],[51.0227,35.78566],[51.02303,35.78536],[51.02338,35.78504],[51.02378,35.78468],[51.02424,35.78431],[51.02476,35.78389],[51.02524,35.78348],[51.0256,35.78316],[51.02617,35.78264],[51.02649,35.78234],[51.02686,35.78203],[51.02725,35.78168],[51.02767,35.78125],[51.02811,35.78086],[51.02859,35.78044],[51.02905,35.77996],[51.0295,35.77945],[51.02995,35.77899],[51.0304,35.77851],[51.03087,35.778],[51.03138,35.77746],[51.03187,35.7769],[51.03233,35.77634],[51.0328,35.77581],[51.03326,35.77529],[51.03374,35.77474],[51.03427,35.77418],[51.0348,35.7736],[51.03524,35.77306],[51.03561,35.77262],[51.03577,35.77236],[51.03579,35.77258],[51.03601,35.77229],[51.03661,35.77172],[51.03696,35.77134],[51.03732,35.77092],[51.03768,35.7705],[51.03809,35.77006],[51.03851,35.76963],[51.03891,35.76923],[51.0393,35.76886],[51.0397,35.76847],[51.04012,35.76805],[51.04054,35.76762],[51.04098,35.76719],[51.04144,35.76678],[51.04187,35.76634],[51.0423,35.76593],[51.04274,35.76549],[51.04324,35.76506],[51.04377,35.76468],[51.04436,35.76435],[51.045,35.76404],[51.04566,35.76376],[51.04634,35.76346],[51.04704,35.76314],[51.04772,35.76282],[51.04838,35.76251],[51.04905,35.76218],[51.04975,35.76185],[51.05045,35.76152],[51.05113,35.76118],[51.05176,35.76086],[51.05239,35.76054],[51.05304,35.76021],[51.05365,35.7599],[51.05422,35.75959],[51.05479,35.75928],[51.05538,35.75899],[51.05602,35.75867],[51.05666,35.75839],[51.05729,35.7581],[51.05791,35.75782],[51.05852,35.75754],[51.05911,35.75727],[51.05971,35.75701],[51.06032,35.75673],[51.06095,35.75644],[51.06156,35.75616],[51.06215,35.75588],[51.06271,35.75559],[51.0633,35.75534],[51.06392,35.75505],[51.06451,35.75477],[51.0651,35.75448],[51.06569,35.75421],[51.0662,35.75399],[51.06664,35.75379],[51.06707,35.75359],[51.06746,35.75342],[51.06813,35.75313],[51.06883,35.75284],[51.06948,35.75257],[51.07013,35.75233],[51.07083,35.75207],[51.07162,35.75173],[51.07239,35.75139],[51.07277,35.7512],[51.07339,35.75082],[51.0739,35.75046],[51.0746,35.75011],[51.07541,35.74975],[51.07586,35.74956],[51.07632,35.74933],[51.07676,35.74913],[51.07718,35.74894],[51.07789,35.74861],[51.07846,35.74831],[51.07915,35.7479],[51.07982,35.74746],[51.08021,35.74723],[51.08063,35.74699],[51.08106,35.74671],[51.0815,35.74642],[51.08187,35.74616],[51.08259,35.74581],[51.08305,35.74562],[51.08351,35.74538],[51.08399,35.74508],[51.08447,35.74476],[51.08505,35.74439],[51.08569,35.74406],[51.08643,35.74373],[51.0872,35.74347],[51.08801,35.74324],[51.08883,35.74302],[51.08968,35.74281],[51.09054,35.74262],[51.09143,35.74244],[51.09233,35.74227],[51.09321,35.74208],[51.09409,35.74191],[51.09497,35.74173],[51.09584,35.74155],[51.0967,35.74136],[51.09753,35.74119],[51.09835,35.741],[51.09918,35.74082],[51.09998,35.74066],[51.1008,35.7405],[51.10159,35.74037],[51.10238,35.74028],[51.10315,35.74019],[51.10396,35.74009],[51.1048,35.73999],[51.10561,35.73985],[51.10639,35.73964],[51.10717,35.73937],[51.10798,35.73911],[51.1088,35.73886],[51.10961,35.73861],[51.11041,35.73835],[51.11122,35.73809],[51.11202,35.73785],[51.11283,35.73763],[51.11362,35.7374],[51.11441,35.73717],[51.11514,35.73689],[51.11584,35.73658],[51.11656,35.73622],[51.11728,35.73588],[51.11802,35.73551],[51.11875,35.73515],[51.11945,35.73482],[51.12014,35.73448],[51.1208,35.73416],[51.12143,35.73385],[51.12202,35.73356],[51.12255,35.73332],[51.12306,35.73307],[51.12354,35.73282],[51.12397,35.73255],[51.12435,35.7322],[51.12468,35.73182],[51.125,35.73144],[51.12522,35.73113],[51.12557,35.7306],[51.12578,35.73027],[51.12618,35.72965],[51.12658,35.729],[51.12699,35.72842],[51.12735,35.72805],[51.12776,35.72841],[51.12809,35.72897],[51.12831,35.72933],[51.12852,35.72973],[51.12875,35.73014],[51.12899,35.73053],[51.12957,35.73091],[51.1303,35.73085],[51.13077,35.73078],[51.13129,35.73069],[51.13187,35.73057],[51.13248,35.73045],[51.13312,35.73033],[51.13381,35.73021],[51.1345,35.73008],[51.13525,35.72994],[51.136,35.72981],[51.13678,35.72966],[51.13757,35.7295],[51.13836,35.72936],[51.13915,35.72922],[51.13991,35.72908],[51.14066,35.72891],[51.1414,35.72874],[51.14213,35.72861],[51.14286,35.72848],[51.14358,35.72834],[51.14429,35.72819],[51.14501,35.72805],[51.14571,35.72791],[51.14639,35.72779],[51.14707,35.72765],[51.14759,35.72754],[51.14796,35.72745],[51.14797,35.72744],[51.14797,35.72744],[51.14857,35.72725],[51.14905,35.72715],[51.14958,35.72704],[51.15013,35.72695],[51.15075,35.72682],[51.1515,35.72668],[51.15224,35.72659],[51.15306,35.72649],[51.15381,35.72638],[51.15457,35.72624],[51.15533,35.72609],[51.15606,35.72597],[51.15675,35.72586],[51.15736,35.72576],[51.15789,35.72566],[51.15863,35.72554],[51.15882,35.7255],[51.15924,35.72541],[51.15991,35.72527],[51.16037,35.72517],[51.16088,35.72506],[51.16144,35.72494],[51.16204,35.72482],[51.16267,35.72471],[51.16335,35.72459],[51.16405,35.72445],[51.1648,35.72431],[51.16557,35.72416],[51.16639,35.72401],[51.16723,35.72385],[51.16809,35.72367],[51.16896,35.72349],[51.16985,35.72333],[51.17072,35.72317],[51.17155,35.72302],[51.17237,35.72287],[51.1732,35.72275],[51.17402,35.7226],[51.17485,35.72243],[51.17568,35.72227],[51.17648,35.72213],[51.1773,35.72198],[51.17811,35.72182],[51.17891,35.72167],[51.17969,35.72151],[51.18042,35.72135],[51.18111,35.72122],[51.18175,35.72109],[51.18229,35.72099],[51.18274,35.72091],[51.18353,35.72075],[51.18424,35.72059],[51.18482,35.72049],[51.18544,35.72039],[51.1859,35.72033],[51.18647,35.72022],[51.18653,35.7202],[51.18651,35.72021],[51.18652,35.72022],[51.187,35.72015],[51.18763,35.72006],[51.18831,35.71993],[51.18875,35.71986],[51.18923,35.71976],[51.18974,35.71964],[51.19026,35.71954],[51.19081,35.71943],[51.1914,35.71932],[51.19195,35.71921],[51.19248,35.71913],[51.19301,35.71903],[51.19358,35.71893],[51.19418,35.71882],[51.19481,35.7187],[51.19545,35.71858],[51.1961,35.71845],[51.19684,35.71832],[51.1976,35.71815],[51.19839,35.71798],[51.19916,35.71784],[51.19988,35.71771],[51.20058,35.7176],[51.20128,35.71746],[51.20198,35.71732],[51.20267,35.71719],[51.20336,35.71704],[51.20404,35.71692],[51.20473,35.71679],[51.20542,35.71666],[51.20609,35.71652],[51.20674,35.71641],[51.20737,35.7163],[51.20804,35.71615],[51.20871,35.71603],[51.20939,35.7159],[51.21002,35.71578],[51.21065,35.71566],[51.21132,35.71553],[51.21204,35.71539],[51.2128,35.71525],[51.21358,35.7151],[51.21438,35.71493],[51.21514,35.71478],[51.21584,35.71466],[51.21658,35.71452],[51.21733,35.71437],[51.21812,35.71422],[51.21893,35.71406],[51.21978,35.71387],[51.22064,35.71372],[51.22149,35.71356],[51.22232,35.71341],[51.22317,35.71327],[51.22402,35.71313],[51.22489,35.71298],[51.22572,35.71281],[51.22656,35.71265],[51.22737,35.7125],[51.22818,35.71236],[51.22898,35.71222],[51.22975,35.71208],[51.23049,35.71195],[51.23125,35.71182],[51.23201,35.71166],[51.23275,35.7115],[51.23346,35.71135],[51.23413,35.71122],[51.23481,35.7111],[51.23547,35.71097],[51.23599,35.71088],[51.23644,35.71079],[51.23687,35.7107],[51.23736,35.71064],[51.23785,35.71057],[51.23835,35.71049],[51.23859,35.71044],[51.23896,35.71094],[51.23921,35.71153],[51.23948,35.71219],[51.23984,35.7128],[51.24008,35.71313],[51.24009,35.71313],[51.2401,35.71312],[51.24008,35.71314],[51.24034,35.71365],[51.24057,35.7142],[51.24072,35.71456],[51.24091,35.71491],[51.24117,35.71523],[51.24154,35.71548],[51.24202,35.71558],[51.24252,35.71561],[51.24301,35.71556],[51.24349,35.71548],[51.24398,35.7154],[51.24452,35.71529],[51.24513,35.71514],[51.24576,35.71503],[51.24643,35.71493],[51.24712,35.71484],[51.2478,35.71476],[51.24848,35.71469],[51.24915,35.71462],[51.24985,35.71456],[51.25055,35.71453],[51.25122,35.71451],[51.25187,35.71451],[51.25252,35.7145],[51.25321,35.7145],[51.25393,35.71451],[51.25467,35.71454],[51.25542,35.71459],[51.25619,35.71464],[51.25695,35.71468],[51.25773,35.71471],[51.25851,35.71475],[51.2593,35.71478],[51.26007,35.71481],[51.26082,35.71486],[51.26156,35.71489],[51.26228,35.71492],[51.26299,35.71495],[51.26366,35.71498],[51.2643,35.71502],[51.26493,35.71506],[51.26557,35.71508],[51.26624,35.7151],[51.26691,35.71513],[51.26762,35.71517],[51.26833,35.71518],[51.26904,35.71521],[51.26972,35.71526],[51.27045,35.7153],[51.27117,35.71532],[51.27191,35.71536],[51.27264,35.71541],[51.27336,35.71545],[51.27406,35.71548],[51.27475,35.71552],[51.27541,35.71555],[51.27607,35.71558],[51.27674,35.71561],[51.27742,35.71565],[51.27812,35.71569],[51.27879,35.71572],[51.27946,35.71575],[51.28009,35.71579],[51.28075,35.71582],[51.28143,35.71585],[51.28211,35.71587],[51.28281,35.71591],[51.28352,35.71594],[51.28429,35.71598],[51.28508,35.71601],[51.28589,35.71604],[51.2867,35.71605],[51.28747,35.71607],[51.28822,35.71612],[51.28897,35.71616],[51.28971,35.7162],[51.29043,35.71626],[51.29117,35.71628],[51.29192,35.71632],[51.29268,35.71635],[51.29347,35.7164],[51.29424,35.71644],[51.295,35.71647],[51.29575,35.7165],[51.2965,35.71654],[51.29722,35.71658],[51.29792,35.71662],[51.29864,35.71666],[51.29934,35.71671],[51.30006,35.71675],[51.30077,35.71678],[51.30147,35.71682],[51.30216,35.71685],[51.30285,35.71689],[51.30349,35.71693],[51.3041,35.71696],[51.30466,35.71699],[51.30523,35.71702],[51.30581,35.71705],[51.30636,35.71706],[51.30687,35.71706],[51.30732,35.71704],[51.30776,35.71698],[51.30822,35.71697],[51.30892,35.71683],[51.30905,35.71626],[51.30853,35.71582],[51.30795,35.71564],[51.30753,35.71589],[51.30747,35.71637],[51.30744,35.71686],[51.30743,35.71746],[51.30741,35.71802],[51.30757,35.71853],[51.30777,35.71915],[51.30795,35.71975],[51.30816,35.72038],[51.30834,35.72102],[51.30852,35.7216],[51.30868,35.72204],[51.30886,35.72259],[51.30903,35.72322],[51.30917,35.72389],[51.30931,35.72452],[51.30943,35.72497],[51.3096,35.72551],[51.30975,35.72601],[51.3099,35.72653],[51.31006,35.7271],[51.31025,35.72768],[51.31042,35.72836],[51.31051,35.72871],[51.31061,35.72908],[51.3107,35.72947],[51.31081,35.72987],[51.31091,35.73029],[51.31103,35.73075],[51.31115,35.73122],[51.31127,35.7317],[51.31139,35.7322],[51.31154,35.73271],[51.31167,35.73313],[51.31179,35.73349],[51.31202,35.73408],[51.31235,35.73449],[51.31285,35.7349],[51.31348,35.73538],[51.31384,35.7356],[51.31422,35.73578],[51.31464,35.73595],[51.3151,35.73609],[51.31559,35.73624],[51.31611,35.73637],[51.31666,35.73652],[51.31724,35.73667],[51.31783,35.7368],[51.31846,35.73693],[51.31907,35.73709],[51.31971,35.73723],[51.32037,35.73738],[51.32104,35.73753],[51.32173,35.73769],[51.32243,35.73784],[51.32312,35.73799],[51.32379,35.73816],[51.32448,35.73832],[51.32517,35.73848],[51.32585,35.73863],[51.32654,35.73877],[51.32722,35.73893],[51.32791,35.73909],[51.32859,35.73926],[51.32928,35.73943],[51.32997,35.73959],[51.33066,35.73975],[51.33134,35.7399],[51.332,35.74005],[51.33269,35.74016],[51.33339,35.74025],[51.33409,35.74033],[51.33485,35.7404],[51.33563,35.74048],[51.33646,35.74054],[51.33731,35.74057],[51.33811,35.74056],[51.3389,35.74053],[51.33966,35.74048],[51.34041,35.74045],[51.34114,35.74043],[51.34182,35.74044],[51.34247,35.74047],[51.3431,35.74053],[51.34374,35.74057],[51.34438,35.74063],[51.34505,35.74069],[51.34573,35.74075],[51.3464,35.74079],[51.34707,35.74081],[51.3477,35.74079],[51.34828,35.74076],[51.34885,35.74071],[51.34945,35.74063],[51.35006,35.74052],[51.35071,35.74041],[51.35138,35.7403],[51.35206,35.74018],[51.35274,35.74007],[51.3534,35.73996],[51.35408,35.73985],[51.35476,35.73974],[51.35543,35.73962],[51.35609,35.73951],[51.35675,35.7394],[51.35741,35.73928],[51.35808,35.73916],[51.35873,35.73906],[51.35938,35.73896],[51.36,35.73889],[51.36057,35.73885],[51.36111,35.73881],[51.36165,35.73879],[51.36219,35.73878],[51.36273,35.7388],[51.3633,35.73883],[51.3639,35.73887],[51.36454,35.73893],[51.36521,35.73901],[51.36591,35.7391],[51.36662,35.73922],[51.36737,35.73939],[51.36815,35.73958],[51.36895,35.73978],[51.36977,35.73999],[51.3706,35.74021],[51.37144,35.74041],[51.37229,35.74061],[51.37306,35.74077],[51.37378,35.74091],[51.37449,35.74104],[51.37517,35.74115],[51.37583,35.74127],[51.3765,35.7414],[51.37717,35.74151],[51.37785,35.74164],[51.37857,35.74177],[51.37936,35.7419],[51.38018,35.74206],[51.381,35.74224],[51.38182,35.74243],[51.38264,35.74263],[51.3834,35.74281],[51.38416,35.74299],[51.3849,35.74318],[51.38558,35.74332],[51.38622,35.74341],[51.38686,35.74347],[51.38749,35.74346],[51.3881,35.74338],[51.38867,35.74326],[51.38921,35.74314],[51.38977,35.74297],[51.39031,35.74276],[51.39084,35.74255],[51.39133,35.74236],[51.3918,35.74216],[51.39224,35.742],[51.39267,35.74182],[51.3931,35.74164],[51.39354,35.74149],[51.3943,35.74131],[51.39478,35.74122],[51.39529,35.74115],[51.39583,35.74115],[51.3965,35.74115],[51.39713,35.74116],[51.39777,35.74126],[51.39845,35.74146],[51.39912,35.74166],[51.39989,35.74188],[51.40073,35.74189],[51.40147,35.74181],[51.40204,35.742],[51.40225,35.7425],[51.40221,35.74288],[51.40211,35.74328],[51.40201,35.7437],[51.4019,35.74414],[51.40181,35.74458],[51.40172,35.74503],[51.40164,35.74568],[51.40164,35.74608],[51.40167,35.74644],[51.40182,35.74691],[51.40215,35.74749],[51.40269,35.74805],[51.40302,35.74833],[51.40336,35.74861],[51.40369,35.74892],[51.404,35.74924],[51.40453,35.74972],[51.40503,35.75029],[51.40537,35.75085],[51.40591,35.75117],[51.40667,35.75119],[51.40742,35.75117],[51.40797,35.75116],[51.40856,35.75117],[51.40904,35.75116],[51.40959,35.75117],[51.41006,35.75122],[51.41063,35.75137],[51.4112,35.75151],[51.41189,35.75168],[51.41259,35.75186],[51.41335,35.75212],[51.4141,35.7523],[51.41492,35.75228],[51.41547,35.75213],[51.41602,35.75203],[51.41664,35.75188],[51.41725,35.75169],[51.41791,35.75145],[51.41857,35.75113],[51.4192,35.75076],[51.41982,35.75035],[51.42047,35.74999],[51.42117,35.74968],[51.42192,35.74941],[51.42265,35.74925],[51.4234,35.74917],[51.42418,35.74916],[51.42498,35.74918],[51.42574,35.74922],[51.42647,35.74923],[51.42721,35.74923],[51.42794,35.74923],[51.42869,35.74924],[51.42944,35.74925],[51.43018,35.74925],[51.43094,35.74926],[51.43173,35.74927],[51.43251,35.74928],[51.43331,35.74929],[51.43413,35.74931],[51.43495,35.74934],[51.43571,35.74945],[51.43646,35.7496],[51.43718,35.74979],[51.43783,35.74999],[51.43841,35.75019],[51.43901,35.75038],[51.43962,35.75051],[51.44028,35.75062],[51.44091,35.75072],[51.44154,35.75075],[51.44217,35.75077],[51.4428,35.7508],[51.44345,35.75084],[51.44406,35.75086],[51.44464,35.7509],[51.4452,35.75096],[51.44576,35.75104],[51.44631,35.75115],[51.44687,35.75126],[51.44747,35.75141],[51.4481,35.7516],[51.44871,35.75183],[51.4494,35.7521],[51.45006,35.75238],[51.45065,35.75274],[51.45126,35.75313],[51.45183,35.75349],[51.45237,35.75385],[51.45293,35.7542],[51.4535,35.75453],[51.45407,35.75482],[51.45463,35.75509],[51.45523,35.75534],[51.45589,35.75554],[51.45655,35.75574],[51.45723,35.75593],[51.45791,35.7561],[51.45859,35.75624],[51.45929,35.75636],[51.45998,35.75649],[51.46065,35.75658],[51.46136,35.75665],[51.46207,35.7567],[51.46275,35.75673],[51.46342,35.75676],[51.46408,35.75679],[51.46476,35.7568],[51.46551,35.75681],[51.46626,35.75685],[51.46703,35.75684],[51.46781,35.75682],[51.46863,35.75677],[51.46948,35.75674],[51.47034,35.75675],[51.47118,35.75682],[51.472,35.75695],[51.47281,35.75713],[51.47363,35.75734],[51.47444,35.75757],[51.47521,35.75787],[51.47595,35.75815],[51.47669,35.75843],[51.47741,35.75865],[51.47812,35.75885],[51.47885,35.759],[51.47958,35.75913],[51.48029,35.75921],[51.48099,35.75924],[51.48164,35.75924],[51.48223,35.75919],[51.4827,35.75914],[51.48336,35.75904],[51.48418,35.75888],[51.48461,35.75881],[51.4851,35.75866],[51.48556,35.75854],[51.48625,35.75834],[51.48669,35.75813],[51.48669,35.75764],[51.48597,35.75733],[51.48543,35.75768],[51.48525,35.75831],[51.485,35.75887],[51.48472,35.75944],[51.48457,35.75981],[51.48446,35.76016],[51.48425,35.76087],[51.48421,35.7613],[51.48423,35.76168],[51.48433,35.7621],[51.4845,35.76255],[51.48473,35.76298],[51.48501,35.76343],[51.48528,35.76391],[51.48553,35.76445],[51.48572,35.76501],[51.48589,35.76556],[51.48601,35.76613],[51.4861,35.7667],[51.48619,35.76725],[51.48625,35.76783],[51.4863,35.76841],[51.48636,35.76898],[51.48642,35.76955],[51.48647,35.77012],[51.48649,35.77071],[51.48649,35.77128],[51.48649,35.77187],[51.48654,35.77244],[51.48663,35.773],[51.48678,35.77355],[51.48698,35.77409],[51.48725,35.77465],[51.4876,35.77518],[51.48799,35.77567],[51.48843,35.77615],[51.48888,35.77665],[51.48932,35.77714],[51.48975,35.77764],[51.49009,35.77817],[51.49035,35.77871],[51.49046,35.77927],[51.4905,35.77979],[51.49052,35.7803],[51.4905,35.78082],[51.49048,35.78137],[51.49048,35.7819],[51.49048,35.78243],[51.49052,35.78294],[51.49063,35.78339],[51.49081,35.78379],[51.49106,35.78412],[51.49142,35.78439],[51.49188,35.78454],[51.49234,35.78455],[51.49311,35.78471],[51.49365,35.7851],[51.49437,35.78546],[51.49523,35.78565],[51.49574,35.78574],[51.49627,35.78583],[51.49672,35.7859],[51.49732,35.78583],[51.49748,35.78529],[51.49756,35.78488],[51.49804,35.78492],[51.49848,35.78519],[51.49907,35.78555],[51.49977,35.78592],[51.50053,35.78598],[51.50142,35.78581],[51.50189,35.78568],[51.50236,35.78556],[51.50287,35.78541],[51.5034,35.78526],[51.50395,35.78511],[51.50454,35.78493],[51.50517,35.78476],[51.50581,35.78458],[51.50645,35.78443],[51.50706,35.78426],[51.50768,35.78409],[51.50834,35.78392],[51.50898,35.78373],[51.50964,35.78354],[51.51027,35.78334],[51.5109,35.78316],[51.51153,35.78299],[51.51218,35.78279],[51.51283,35.78258],[51.51347,35.78234],[51.51412,35.78206],[51.51472,35.78173],[51.51528,35.78134],[51.51582,35.78095],[51.51633,35.78055],[51.51683,35.78017],[51.51733,35.77978],[51.51785,35.77939],[51.51841,35.77901],[51.51899,35.77865],[51.5196,35.77834],[51.52026,35.77809],[51.52096,35.77786],[51.52166,35.7777],[51.52239,35.77759],[51.52315,35.77755],[51.52387,35.77751],[51.52461,35.77746],[51.52538,35.77742],[51.52615,35.77736],[51.52693,35.7773],[51.52773,35.77725],[51.52853,35.77719],[51.52936,35.77714],[51.53016,35.77709],[51.53095,35.77703],[51.53172,35.77699],[51.5325,35.77693],[51.53328,35.77686],[51.53406,35.77678],[51.53481,35.7767],[51.53558,35.77661],[51.5363,35.77652],[51.53702,35.77642],[51.53775,35.77629],[51.53849,35.77613],[51.53921,35.77597],[51.53996,35.7758],[51.54073,35.7756],[51.54152,35.77536],[51.54231,35.77512],[51.54308,35.77487],[51.54387,35.77459],[51.54465,35.7743],[51.54544,35.77401],[51.54623,35.77374],[51.54704,35.77347],[51.54785,35.77317],[51.54865,35.7729],[51.54944,35.77262],[51.55022,35.77236],[51.55098,35.77208],[51.55176,35.77181],[51.55252,35.77152],[51.55326,35.77124],[51.554,35.77098],[51.5547,35.77072],[51.55539,35.77047],[51.5561,35.77022],[51.5568,35.76998],[51.55747,35.76972],[51.55814,35.76942],[51.55882,35.76907],[51.55947,35.7687],[51.56014,35.76828],[51.56081,35.76786],[51.56147,35.7674],[51.56214,35.76692],[51.5628,35.76646],[51.56349,35.76601],[51.5642,35.76559],[51.56493,35.76519],[51.56562,35.76478],[51.56629,35.76436],[51.56694,35.76391],[51.56756,35.76346],[51.56815,35.76303],[51.56875,35.76257],[51.56933,35.76212],[51.5699,35.7617],[51.57047,35.76127],[51.57102,35.76084],[51.57154,35.76045],[51.57202,35.76008],[51.57244,35.75973],[51.57284,35.75943],[51.57322,35.75911],[51.5736,35.7588],[51.57397,35.75849],[51.57441,35.75808],[51.57468,35.7578],[51.57497,35.75746],[51.5752,35.75714],[51.57543,35.75682],[51.57564,35.7565],[51.57586,35.75618],[51.57607,35.75579],[51.57626,35.75541],[51.57644,35.75486],[51.57663,35.75426],[51.57678,35.75385],[51.57705,35.75341],[51.57739,35.75296],[51.57785,35.75258],[51.57828,35.75227],[51.57871,35.752],[51.57912,35.75175],[51.57913,35.75135],[51.57856,35.75098],[51.5782,35.75074],[51.57784,35.75049],[51.57749,35.75025],[51.57696,35.74977],[51.57657,35.74937],[51.57628,35.74892],[51.57639,35.74833],[51.57659,35.74797],[51.57681,35.74761],[51.57701,35.74728],[51.57696,35.74663],[51.57669,35.74596],[51.57645,35.7454],[51.57601,35.74512],[51.57533,35.7453],[51.57444,35.74557],[51.57393,35.74571],[51.57345,35.74585],[51.57284,35.74603],[51.57249,35.7457],[51.57218,35.74499],[51.57201,35.74456],[51.57186,35.74415],[51.57185,35.74375],[51.57212,35.7432],[51.57238,35.7429],[51.57267,35.74255],[51.57292,35.74223],[51.57288,35.74184],[51.57232,35.74144],[51.57196,35.74122],[51.57132,35.7409],[51.57073,35.74055],[51.57013,35.74025],[51.5695,35.73987],[51.56911,35.7396],[51.56865,35.73934],[51.56827,35.73908],[51.5678,35.73876],[51.5674,35.73851],[51.56677,35.73814],[51.56611,35.73774],[51.56552,35.73739],[51.56493,35.73705],[51.56431,35.73665],[51.5639,35.73643],[51.56347,35.7362],[51.56303,35.73592],[51.56253,35.73564],[51.56201,35.73533],[51.56143,35.73499],[51.56082,35.73464],[51.56022,35.73425],[51.55973,35.73396],[51.55922,35.73361],[51.55877,35.73334],[51.55828,35.73311],[51.55788,35.7329],[51.55739,35.73266],[51.55694,35.73239],[51.55646,35.73212],[51.55598,35.73188],[51.5555,35.7316],[51.55515,35.73137],[51.55464,35.73109],[51.55416,35.73083],[51.55377,35.73061],[51.55369,35.73059],[51.55356,35.73063],[51.55327,35.73047],[51.55334,35.73066],[51.55366,35.73091],[51.5535,35.73074],[51.55336,35.73068],[51.55348,35.7307],[51.55339,35.73069],[51.55342,35.73071],[51.55344,35.73072],[51.55351,35.73074],[51.55348,35.73076],[51.55337,35.7307],[51.55346,35.7307],[51.55357,35.73094],[51.55358,35.73094],[51.55364,35.73094],[51.55347,35.73079],[51.55353,35.73089],[51.55345,35.73071],[51.55352,35.73076],[51.55353,35.73073],[51.55357,35.7308],[51.55349,35.73074],[51.55351,35.73079],[51.55354,35.73076],[51.5535,35.73088],[51.55349,35.73085],[51.55342,35.7308],[51.55349,35.73077],[51.55344,35.73075],[51.5535,35.73078],[51.55348,35.73092],[51.55353,35.73077],[51.55311,35.73058],[51.55299,35.73023],[51.55385,35.7311],[51.55352,35.73083],[51.55353,35.73078],[51.55364,35.73061],[51.55357,35.73052],[51.55383,35.73013],[51.55423,35.72997],[51.55428,35.73002],[51.5543,35.73001],[51.55422,35.73003],[51.55432,35.73006],[51.55396,35.72989]]]}},{"type":"Feature","properties":{"route":4,"color":"#d97706","times":[[18329,18884],[20434,20778,20787,20793,20799,20805,20814,20829,20835,20841,20847,20853,20859,20865,20889,20898,20919,20931,20940,20946,20955,20973,20982,20991,21003,21024,21030,21039,21051,21084,21096,21114,21120,21129,21135,21141,21144,21147,21150,21153,21156,21159,21165,21171,21177,21183,21189,21192,21195,21198,21201,21204,21210,21216,21225,21231,21237,21243,21249,21255,21261,21267,21273,21279,21282,21285,21288,21291,21294,21297,21300,21303,21306,21309,21312,21315,21318,21321,21324,21330,21333,21336,21339,21342,21345,21348,21351,21354,21357,21360,21363,21366,21369,21372,21375,21378,21381,21384,21387,21390,21393,21396,21399,21402,21405,21408,21411,21414,21417,21420,21423,21426,21429,21432,21435,21438,21441,21444,21447,21450,21453,21456,21459,21462,21465,21468,21471,21474,21477,21480,21483,21486,21489,21492,21495,21498,21501,21504,21507,21510,21513,21516,21519,21522,21525,21528,21531,21534,21537,21540,21543,21546,21549,21552,21555,21558,21561,21564,21567,21570,21573,21576,21579,21582,21585,21588,21591,21594,21597,21600,21603,21606,21609,21612,21615,21618,21621,21624,21627,21630,21633,21636,21639,21642,21645,21648,21651,21654,21657,21660,21663,21666,21669,21672,21675,21678,21681,21684,21687,21690,21693,21696,21699,21702,21705,21708,21711,21714,21717,21720,21723,21726,21729,21732,21735,21738,21741,21744,21747,21750,21753,21756,21759,21762,21765,21768,21771,21774,21777,21780,21783,21786,21789,21792,21795,21798,21801,21804,21807,21810,21813,21816,21819,21822,21825,21828,21831,21834,21837,21840,21843,21846,21849,21852,21855,21858,21861,21864,21867,21870,21873,21876,21879,21882,21885,21888,21891,21894,21897,21900,21903,21906,21909,21912,21915,21918,21921,21924,21927,21930,21933,21936,21939,21942,21945,21948,21951,21954,21957,21960,21963,21966,21969,21972,21975,21978,21981,21984,21987,21990,21993,21996,21999,22002,22005,22008,22011,22014,22017,22020,22023,22026,22029,22032,22035,22038,22041,22044,22047,22050,22053,22056,22059,22062,22065,22068,22071,22074,22077,22080,22083,22086,22089,22092,22095,22098,22101,22104,22107,22110,22113,22116,22119,22122,22125,22128,22131,22134,22137,22140,22143,22146,22149,22152,22155,22158,22161,22164,22167,22170,22173,22176,22179,22182,22185,22188,22191,22194,22197,22200,22203,22206,22209,22212,22215,22218,22221,22224,22227,22230,22236,22242,22245,22248,22251,22254,22257,22260,22263,22266,22269,22272,22275,22278,22281,22284,22287,22290,22293,22296,22299,22302,22305,22308,22311,22314,22317,22320,22323,22326,22329,22332,22335,22338,22341,22344,22347,22350,22353,22356,22359,22362,22365,22368,22371,22374,22377,22380,22383,22386,22389,22392,22395,22398,22401,22404,22407,22410,22413,22416,22419,22422,22425,22428,22431,22434,22437,22440,22443,22446,22449,22452,22455,22458,22461,22464,22467,22470,22473,22476,22479,22482,22485,22488,22491,22494,22497,22500,22503,22506,22509,22512,22515,22518,22521,22524,22527,22530,22533,22536,22539,22542,22545,22548,22551,22554,22557,22560,22563,22566,22569,22572,22575,22578,22581,22584,22587,22590,22593,22596,22599,22602,22605,22608,22611,22614,22617,22620,22623,22626,22632,22647,22653,22665,22698,22707,22719,22725,22734,22743,22752,22779,22785,22791,22800,22806,22815,22824,22833,22842,22860,22875,22884,22890,22896,22902,22911,22917,22923,22929,22935,22941,22947,22956,22962,22968,22974,22977,22980,22983,22986,22989,22992,22995,22998,23001,23004,23007,23010,23013,23016,23019,23022,23025,23028,23031,23034,23037,23040,23043,23046,23049,23052,23055,23058,23061,23064,23067,23070,23073,23076,23079,23082,23085,23088,23091,23094,23097,23100,23103,23106,23109,23112,23115,23118,23121,23124,23127,23130,23133,23136,23139,23142,23145,23148,23151,23154,23157,23160,23163,23166,23169,23172,23175,23178,23181,23184,23187,23190,23193,23196,23199,23202,23205,23211,23217,23223,23232,23238,23241,23244,23247,23250,23253,23256,23259,23262,23265,23268,23271,23274,23277,23280,23283,23286,23289,23292,23295,23298,23301,23304,23307,23310,23313,23316,23319,23322,23325,23328,23331,23334,23337,23340,23343,23346,23349,23352,23355,23358,23361,23364,23367,23370,23373,23376,23379,23382,23385,23388,23391,23394,23397,23400,23403,23406,23409,23412,23415,23418,23421,23424,23427,23430,23433,23436,23439,23442,23445,23448,23451,23454,23457,23460,23463,23466,23469,23472,23475,23478,23481,23484,23487,23490,23493,23496,23499,23502,23505,23508,23511,23514,23517,23520,23523,23526,23529,23532,23535,23538,23541,23547,23553,23559,23565,23571,23577,23580,23583,23586,23589,23592,23595,23598,23601,23604,23607,23610,23613,23616,23619,23622,23625,23628,23631,23634,23637,23640,23643,23646,23649,23652,23655,23658,23661,23664,23667,23670,23673,23676,23679,23682,23685,23688,23691,23694,23697,23700,23703,23706,23709,23712,23715,23718,23721,23724,23727,23730,23733,23736,23739,23742,23745,23748,23751,23754,23757,23760,23763,23766,23769,23772,23775,23778,23781,23784,23787,23790,23793,23796,23799,23802,23805,23808,23811,23814,23817,23820,23823,23826,23829,23832,23835,23838,23841,23844,23847,23850,23853,23856,23859,23862,23865,23868,23871,23874,23877,23880,23883,23886,23889,23892,23895,23898,23901,23904,23907,23910,23913,23916,23919,23922,23925,23928,23931,23934,23937,23940,23943,23946,23949,23952,23955,23958,23961,23964,23967,23970,23973,23976,23979,23982,23985,23988,23991,23994,23997,24000,24003,24006,24009,24012,24015,24018,24021,24024,24027,24030,24033,24036,24039,24042,24045,24048,24051,24054,24057,24060,24063,24066,24069,24072,24075,24078,24081,24084,24087,24090,24093,24099,24105,24111]],"type":"access_route","source":"recorded_gps_prefix"},"geometry":{"type":"MultiLineString","coordinates":[[[51.55415,35.7301],[51.55674,35.72737]],[[51.5927,35.77831],[51.49182,35.66677],[51.49167,35.66627],[51.49154,35.66575],[51.49134,35.66515],[51.4912,35.6648],[51.49109,35.66444],[51.49092,35.66399],[51.49081,35.66362],[51.49061,35.66323],[51.49048,35.66276],[51.49036,35.6623],[51.49023,35.66184],[51.4901,35.66145],[51.49001,35.66107],[51.48985,35.6607],[51.48969,35.66031],[51.48955,35.65991],[51.48937,35.65948],[51.48926,35.65899],[51.48916,35.65861],[51.48895,35.65814],[51.4887,35.65769],[51.48835,35.65725],[51.48811,35.65695],[51.48788,35.65651],[51.4878,35.65608],[51.4878,35.65569],[51.4878,35.65533],[51.48775,35.65496],[51.48765,35.65457],[51.48757,35.6541],[51.48743,35.65375],[51.48728,35.65315],[51.48707,35.65253],[51.48683,35.65189],[51.48674,35.65152],[51.48662,35.65117],[51.48652,35.6508],[51.48638,35.6504],[51.48622,35.64998],[51.48606,35.6496],[51.48585,35.64903],[51.48564,35.64844],[51.48544,35.64785],[51.4852,35.64721],[51.48502,35.64648],[51.48496,35.64608],[51.4849,35.64569],[51.48484,35.6453],[51.48479,35.6449],[51.48473,35.6445],[51.48466,35.64391],[51.48459,35.64355],[51.48454,35.64311],[51.48447,35.64268],[51.48438,35.64218],[51.48432,35.64164],[51.48425,35.64108],[51.48415,35.64047],[51.48408,35.6399],[51.48401,35.63923],[51.48391,35.63852],[51.48368,35.63794],[51.48345,35.63762],[51.48315,35.63729],[51.48277,35.63697],[51.48227,35.63668],[51.48171,35.6364],[51.48115,35.63619],[51.48057,35.63616],[51.48001,35.6362],[51.47946,35.63627],[51.47893,35.63647],[51.47843,35.63674],[51.47793,35.63697],[51.47748,35.63717],[51.47706,35.63743],[51.47666,35.63796],[51.47588,35.63818],[51.47541,35.63823],[51.47493,35.6382],[51.47444,35.63813],[51.47397,35.63798],[51.47353,35.63776],[51.47307,35.63746],[51.47273,35.63696],[51.47236,35.63651],[51.47195,35.63602],[51.47146,35.63562],[51.4709,35.63526],[51.47033,35.63489],[51.46971,35.63456],[51.46911,35.63429],[51.46851,35.63408],[51.46792,35.63387],[51.46738,35.63362],[51.46685,35.63336],[51.46631,35.63314],[51.46578,35.63291],[51.46527,35.63272],[51.46482,35.63255],[51.46438,35.63237],[51.46392,35.63221],[51.46345,35.63205],[51.46297,35.63189],[51.46248,35.63173],[51.46196,35.63157],[51.46142,35.6314],[51.46086,35.63124],[51.46027,35.63109],[51.45967,35.63094],[51.45903,35.63079],[51.45837,35.63066],[51.45769,35.63051],[51.45697,35.63035],[51.45625,35.63018],[51.45547,35.62999],[51.4547,35.62987],[51.45389,35.6298],[51.4531,35.62975],[51.4523,35.62971],[51.45148,35.62968],[51.45065,35.62965],[51.44983,35.62966],[51.44901,35.62966],[51.44819,35.62963],[51.44738,35.62961],[51.44655,35.62955],[51.44565,35.62945],[51.44477,35.62935],[51.44391,35.62925],[51.44305,35.62913],[51.4422,35.62901],[51.44131,35.62884],[51.44044,35.62866],[51.43957,35.62848],[51.4388,35.62828],[51.43798,35.62807],[51.43718,35.62785],[51.43641,35.62759],[51.43567,35.62733],[51.43496,35.62705],[51.43425,35.62678],[51.43356,35.62652],[51.43287,35.62623],[51.43218,35.62593],[51.43148,35.6256],[51.43079,35.62525],[51.4301,35.6249],[51.42942,35.62453],[51.42875,35.62414],[51.42807,35.62374],[51.42742,35.62334],[51.42678,35.62289],[51.42612,35.62243],[51.42548,35.62199],[51.42488,35.62154],[51.4243,35.6211],[51.42376,35.62066],[51.42328,35.6202],[51.42281,35.61975],[51.42231,35.6193],[51.4218,35.61888],[51.42127,35.61846],[51.42072,35.61806],[51.42015,35.61767],[51.41959,35.61728],[51.41898,35.61692],[51.41834,35.61659],[51.41771,35.61631],[51.41712,35.61608],[51.41654,35.61589],[51.41588,35.61568],[51.4152,35.61546],[51.41453,35.61527],[51.41386,35.61513],[51.41324,35.61504],[51.41259,35.61494],[51.41192,35.61484],[51.41126,35.61478],[51.4106,35.61472],[51.40993,35.61465],[51.40929,35.61461],[51.40867,35.61455],[51.40805,35.61451],[51.40747,35.6145],[51.40691,35.6145],[51.40639,35.61449],[51.40584,35.61449],[51.40525,35.6145],[51.40467,35.61451],[51.40412,35.61452],[51.40362,35.61453],[51.40313,35.61452],[51.40268,35.61452],[51.40217,35.61453],[51.40167,35.61453],[51.40113,35.61451],[51.40056,35.61449],[51.39997,35.61449],[51.39934,35.6145],[51.3987,35.6145],[51.39805,35.61449],[51.3974,35.61448],[51.39677,35.61448],[51.39613,35.61448],[51.39547,35.61448],[51.39481,35.61447],[51.39414,35.61447],[51.39348,35.61446],[51.39278,35.61448],[51.39206,35.61449],[51.39134,35.61448],[51.39061,35.61447],[51.3899,35.61446],[51.38918,35.61444],[51.38849,35.61444],[51.38784,35.61444],[51.38717,35.61446],[51.38647,35.61445],[51.38575,35.61445],[51.38504,35.61445],[51.38434,35.61445],[51.38363,35.61444],[51.38293,35.61443],[51.38223,35.61443],[51.38154,35.61444],[51.38087,35.61445],[51.38022,35.61443],[51.37961,35.61442],[51.37898,35.6144],[51.37834,35.61437],[51.37772,35.61434],[51.37706,35.6143],[51.37642,35.61427],[51.37588,35.61422],[51.37542,35.61415],[51.37493,35.61408],[51.37443,35.61402],[51.37389,35.61395],[51.37331,35.61388],[51.3727,35.61379],[51.37209,35.61368],[51.37146,35.61356],[51.3708,35.61343],[51.37013,35.61329],[51.36945,35.61314],[51.36877,35.61299],[51.36811,35.6128],[51.36744,35.61261],[51.36678,35.61241],[51.36614,35.61223],[51.36552,35.61206],[51.36489,35.61189],[51.36426,35.61173],[51.36366,35.61157],[51.36307,35.6114],[51.36246,35.61126],[51.36188,35.6111],[51.36129,35.61101],[51.36068,35.61092],[51.36008,35.61079],[51.35948,35.61062],[51.35888,35.61047],[51.35826,35.61033],[51.35765,35.6102],[51.35705,35.61003],[51.35644,35.60985],[51.35584,35.60968],[51.3553,35.60952],[51.35483,35.60938],[51.35437,35.60927],[51.35387,35.60914],[51.35337,35.60902],[51.35289,35.60892],[51.35239,35.60882],[51.35189,35.60872],[51.35136,35.60864],[51.35082,35.60856],[51.35027,35.60849],[51.34974,35.60844],[51.34921,35.60839],[51.34869,35.60834],[51.34807,35.60833],[51.34743,35.60834],[51.34678,35.60836],[51.3461,35.60839],[51.34542,35.60845],[51.34477,35.6085],[51.34411,35.60857],[51.3434,35.60866],[51.34273,35.60878],[51.34206,35.60892],[51.34141,35.60907],[51.34075,35.60924],[51.34012,35.60941],[51.33947,35.60958],[51.33885,35.60981],[51.33825,35.61004],[51.33765,35.61027],[51.33708,35.61052],[51.33653,35.61078],[51.33599,35.61106],[51.33546,35.61135],[51.33493,35.61166],[51.33442,35.61197],[51.33392,35.6123],[51.33344,35.61261],[51.33298,35.61295],[51.33252,35.6133],[51.33209,35.61367],[51.33165,35.61405],[51.3312,35.61443],[51.33075,35.61484],[51.33031,35.61528],[51.32987,35.61575],[51.32943,35.61625],[51.32901,35.61675],[51.32858,35.61727],[51.32815,35.6178],[51.32772,35.61831],[51.32729,35.6188],[51.32687,35.61927],[51.32647,35.61973],[51.32611,35.62019],[51.32577,35.62062],[51.32546,35.62104],[51.32509,35.62153],[51.32467,35.62203],[51.32425,35.62253],[51.32383,35.62299],[51.32341,35.62347],[51.32298,35.62398],[51.32252,35.62448],[51.32208,35.625],[51.32163,35.62552],[51.32117,35.62605],[51.3207,35.62656],[51.32019,35.62703],[51.31968,35.62751],[51.31914,35.62798],[51.3186,35.62845],[51.31806,35.6289],[51.31751,35.62929],[51.31699,35.62967],[51.31646,35.63002],[51.31595,35.63034],[51.31543,35.63066],[51.31491,35.63098],[51.3144,35.63128],[51.31386,35.63157],[51.31332,35.63188],[51.31278,35.63219],[51.31225,35.63249],[51.31178,35.63274],[51.31131,35.63297],[51.31083,35.63323],[51.31035,35.63349],[51.30986,35.63374],[51.30935,35.634],[51.30882,35.63427],[51.30825,35.63456],[51.30768,35.63486],[51.30711,35.63516],[51.30656,35.63545],[51.30599,35.63571],[51.30543,35.63598],[51.30484,35.63627],[51.30425,35.63656],[51.30367,35.63686],[51.30313,35.63714],[51.30255,35.63744],[51.30197,35.63774],[51.30138,35.63804],[51.30081,35.63831],[51.30027,35.63858],[51.29982,35.63881],[51.29941,35.63902],[51.29902,35.6392],[51.29839,35.63953],[51.29764,35.63994],[51.29719,35.64015],[51.29672,35.64039],[51.29622,35.64063],[51.29572,35.64088],[51.29522,35.64115],[51.2947,35.6414],[51.29419,35.64164],[51.29371,35.64188],[51.29326,35.64211],[51.29276,35.64235],[51.29224,35.64257],[51.29169,35.64281],[51.29113,35.64305],[51.29056,35.64333],[51.28999,35.64359],[51.28943,35.64384],[51.28889,35.64408],[51.28833,35.64436],[51.28776,35.64462],[51.28721,35.64487],[51.28665,35.64513],[51.28607,35.64539],[51.2855,35.64565],[51.28494,35.64591],[51.28438,35.64617],[51.28384,35.64642],[51.2833,35.64666],[51.28274,35.64691],[51.28216,35.64715],[51.28157,35.64741],[51.28098,35.64766],[51.28041,35.6479],[51.27982,35.64814],[51.27922,35.6484],[51.27861,35.64865],[51.278,35.6489],[51.27738,35.64917],[51.27674,35.64944],[51.27611,35.64971],[51.27551,35.64998],[51.27492,35.65022],[51.27436,35.65044],[51.27378,35.65066],[51.27319,35.65088],[51.27262,35.65112],[51.27208,35.65135],[51.27158,35.65156],[51.27107,35.65176],[51.27061,35.65195],[51.27015,35.65212],[51.26966,35.6523],[51.26921,35.65247],[51.26872,35.65264],[51.26822,35.65283],[51.26769,35.65301],[51.26716,35.65322],[51.26665,35.65341],[51.26616,35.6536],[51.2657,35.65378],[51.26527,35.65394],[51.26483,35.6541],[51.26439,35.65427],[51.26395,35.65444],[51.26349,35.65461],[51.26301,35.65479],[51.26251,35.65498],[51.26197,35.65517],[51.26143,35.65536],[51.26087,35.65557],[51.26029,35.65577],[51.2597,35.65597],[51.25909,35.65617],[51.25848,35.65637],[51.25787,35.6566],[51.25725,35.65684],[51.2566,35.65708],[51.25595,35.65732],[51.25533,35.65757],[51.25471,35.6578],[51.25408,35.65801],[51.25346,35.65825],[51.25284,35.6585],[51.25223,35.65873],[51.25162,35.65896],[51.251,35.65918],[51.25037,35.65941],[51.24973,35.65962],[51.2491,35.65984],[51.24847,35.66008],[51.24784,35.66031],[51.24719,35.66054],[51.24655,35.66077],[51.24589,35.66101],[51.24523,35.66125],[51.24456,35.66148],[51.2439,35.66171],[51.24326,35.66194],[51.24262,35.6622],[51.24198,35.66248],[51.24136,35.66276],[51.24071,35.66306],[51.24009,35.66337],[51.23947,35.66371],[51.23886,35.66407],[51.2383,35.66445],[51.23776,35.66487],[51.23725,35.66526],[51.23676,35.66566],[51.23628,35.66608],[51.23585,35.6665],[51.23546,35.6669],[51.23509,35.66732],[51.23472,35.66776],[51.23439,35.66819],[51.23408,35.66862],[51.23379,35.66905],[51.23352,35.66949],[51.23326,35.66991],[51.23302,35.67034],[51.23282,35.67079],[51.23263,35.67125],[51.23245,35.67168],[51.23229,35.67209],[51.23216,35.67252],[51.23204,35.67294],[51.23192,35.67337],[51.23183,35.67379],[51.23177,35.67417],[51.23169,35.67474],[51.23166,35.67512],[51.23165,35.67551],[51.23165,35.67589],[51.2316,35.67628],[51.23159,35.67671],[51.23163,35.6771],[51.23165,35.67748],[51.23169,35.67796],[51.23176,35.67834],[51.23185,35.67873],[51.23197,35.67925],[51.23206,35.67964],[51.23215,35.67999],[51.23231,35.68045],[51.23245,35.68081],[51.23264,35.68124],[51.23284,35.68168],[51.23309,35.68219],[51.23333,35.68258],[51.2335,35.68291],[51.23377,35.68333],[51.23408,35.68371],[51.23447,35.68423],[51.23487,35.68468],[51.23517,35.68495],[51.2357,35.68522],[51.23619,35.68523],[51.23665,35.68497],[51.23681,35.68448],[51.23656,35.68387],[51.23614,35.68329],[51.23569,35.68307],[51.23517,35.68308],[51.23469,35.68321],[51.23397,35.68342],[51.23315,35.68368],[51.2327,35.68382],[51.23226,35.68395],[51.23181,35.6841],[51.23137,35.68425],[51.2309,35.68442],[51.23039,35.68461],[51.22987,35.68482],[51.22934,35.68502],[51.22877,35.68523],[51.22819,35.68547],[51.22759,35.6857],[51.22696,35.68594],[51.22634,35.6862],[51.22569,35.68647],[51.22503,35.68672],[51.22435,35.68698],[51.22366,35.68724],[51.22296,35.68752],[51.22228,35.68779],[51.2216,35.68806],[51.22093,35.68833],[51.22027,35.68859],[51.21961,35.68885],[51.21895,35.68911],[51.2183,35.68938],[51.21765,35.68965],[51.21697,35.68994],[51.21628,35.69022],[51.21562,35.69049],[51.21496,35.69077],[51.21428,35.69105],[51.21357,35.69133],[51.21287,35.69162],[51.21218,35.69191],[51.21149,35.69218],[51.21086,35.69245],[51.21024,35.69269],[51.20965,35.69293],[51.20906,35.69318],[51.20845,35.69344],[51.20784,35.6937],[51.20721,35.69396],[51.2066,35.69422],[51.20598,35.69447],[51.20537,35.69473],[51.20475,35.695],[51.20411,35.69525],[51.20345,35.69551],[51.20279,35.69576],[51.20214,35.69602],[51.2015,35.69629],[51.20088,35.69656],[51.20024,35.69681],[51.19962,35.69706],[51.19899,35.6973],[51.19837,35.69753],[51.19778,35.69774],[51.19719,35.69796],[51.19662,35.69819],[51.19603,35.69842],[51.19543,35.69866],[51.19482,35.69891],[51.1942,35.69917],[51.19357,35.69942],[51.19292,35.69968],[51.19229,35.69994],[51.19166,35.70019],[51.19104,35.70045],[51.19044,35.70069],[51.18986,35.70094],[51.1893,35.70117],[51.18874,35.70141],[51.18819,35.70163],[51.18763,35.70185],[51.18709,35.70206],[51.18657,35.70227],[51.1861,35.70247],[51.18542,35.70278],[51.18469,35.70306],[51.184,35.70333],[51.18339,35.70354],[51.18268,35.7038],[51.18226,35.70395],[51.18179,35.7041],[51.18129,35.70425],[51.18077,35.7044],[51.18021,35.70456],[51.17962,35.7047],[51.17901,35.70484],[51.1784,35.70499],[51.1778,35.70514],[51.17719,35.70528],[51.17661,35.70541],[51.176,35.70556],[51.17537,35.70571],[51.17475,35.70587],[51.17414,35.70603],[51.1735,35.7062],[51.17284,35.70636],[51.17217,35.70652],[51.17151,35.70667],[51.17084,35.70684],[51.17019,35.70698],[51.16956,35.70712],[51.16895,35.70729],[51.16832,35.70745],[51.16768,35.70759],[51.16703,35.70773],[51.16636,35.70786],[51.16566,35.708],[51.16497,35.70817],[51.16428,35.70835],[51.1636,35.70856],[51.16291,35.70879],[51.16222,35.70901],[51.16154,35.70925],[51.16086,35.70947],[51.16018,35.7097],[51.15949,35.70992],[51.15884,35.71014],[51.15824,35.71034],[51.15766,35.71053],[51.15705,35.71073],[51.15642,35.71095],[51.15578,35.71115],[51.15513,35.71136],[51.15447,35.71158],[51.15382,35.7118],[51.15316,35.71201],[51.15252,35.71221],[51.15189,35.71241],[51.15126,35.71258],[51.15059,35.7128],[51.14992,35.71304],[51.14924,35.71327],[51.14855,35.7135],[51.14785,35.71373],[51.14715,35.71399],[51.14647,35.71425],[51.14578,35.71452],[51.14509,35.71478],[51.14439,35.71503],[51.14371,35.71529],[51.14306,35.71557],[51.1424,35.71586],[51.14177,35.71618],[51.14113,35.71652],[51.1405,35.71687],[51.13987,35.71725],[51.13925,35.71765],[51.13865,35.71806],[51.13807,35.71847],[51.13751,35.7189],[51.13697,35.71932],[51.13642,35.71974],[51.13587,35.72016],[51.13532,35.72058],[51.13476,35.72102],[51.1342,35.72146],[51.13365,35.7219],[51.1331,35.72235],[51.13255,35.72281],[51.13203,35.72325],[51.13152,35.72372],[51.13106,35.72415],[51.13065,35.72456],[51.13032,35.72488],[51.13001,35.72517],[51.12971,35.72551],[51.12938,35.72586],[51.12904,35.72621],[51.12867,35.72656],[51.1283,35.72692],[51.12798,35.72729],[51.12775,35.72766],[51.1277,35.72804],[51.12783,35.72841],[51.12798,35.72877],[51.12814,35.72914],[51.12832,35.72953],[51.12855,35.72992],[51.12875,35.73029],[51.1289,35.73063],[51.12877,35.73103],[51.12813,35.73121],[51.12735,35.73138],[51.12687,35.73151],[51.12643,35.73165],[51.12564,35.7319],[51.12517,35.73205],[51.12471,35.73225],[51.12429,35.73249],[51.1239,35.73272],[51.1235,35.73292],[51.12308,35.73314],[51.12266,35.73336],[51.12222,35.73357],[51.12176,35.7338],[51.1213,35.73404],[51.12083,35.73428],[51.12036,35.7345],[51.11988,35.73476],[51.11947,35.73504],[51.11904,35.73531],[51.11859,35.73553],[51.11809,35.73575],[51.11762,35.73598],[51.11711,35.73624],[51.11659,35.73651],[51.11606,35.73676],[51.11552,35.737],[51.11494,35.73721],[51.11436,35.73741],[51.11376,35.73761],[51.11313,35.73778],[51.1125,35.73797],[51.11186,35.73816],[51.11123,35.73835],[51.11058,35.73853],[51.10992,35.73873],[51.10924,35.73892],[51.10856,35.73912],[51.10787,35.73932],[51.10719,35.73952],[51.10651,35.73973],[51.1058,35.73994],[51.10509,35.74009],[51.10437,35.74023],[51.10365,35.74032],[51.10291,35.74042],[51.10219,35.74053],[51.10146,35.74064],[51.10074,35.74075],[51.10005,35.74089],[51.09937,35.74103],[51.09871,35.74117],[51.09807,35.74129],[51.09742,35.74142],[51.09678,35.74156],[51.09616,35.7417],[51.09554,35.74184],[51.09492,35.74198],[51.0943,35.74212],[51.09368,35.74225],[51.09306,35.74236],[51.09243,35.74249],[51.0918,35.74263],[51.09117,35.74275],[51.09051,35.74288],[51.08985,35.74301],[51.0892,35.74316],[51.08854,35.74332],[51.08791,35.74351],[51.08728,35.74369],[51.08665,35.74389],[51.08605,35.74412],[51.0855,35.74441],[51.08497,35.74473],[51.08445,35.74508],[51.08393,35.74542],[51.0834,35.74576],[51.08287,35.74611],[51.08232,35.74645],[51.08177,35.74681],[51.08121,35.74717],[51.08064,35.74753],[51.08006,35.74788],[51.0795,35.74823],[51.07896,35.74854],[51.07842,35.74883],[51.07789,35.7491],[51.07734,35.74938],[51.07677,35.74964],[51.07615,35.74989],[51.07555,35.75014],[51.07502,35.75038],[51.07456,35.75057],[51.07411,35.75071],[51.07364,35.75089],[51.07315,35.75106],[51.07265,35.75127],[51.07213,35.75148],[51.07161,35.75173],[51.07108,35.75198],[51.07052,35.75221],[51.06993,35.75245],[51.06934,35.75268],[51.06874,35.75292],[51.06813,35.75319],[51.06751,35.75345],[51.0669,35.75372],[51.06629,35.75399],[51.0657,35.75427],[51.06512,35.75456],[51.06454,35.75483],[51.06396,35.7551],[51.06337,35.75537],[51.0628,35.75564],[51.06223,35.75593],[51.06164,35.75621],[51.06104,35.7565],[51.06045,35.75677],[51.05984,35.75705],[51.05923,35.75731],[51.05861,35.7576],[51.05801,35.75788],[51.0574,35.75816],[51.05678,35.75844],[51.05616,35.75872],[51.05558,35.75903],[51.05504,35.75933],[51.05452,35.75965],[51.05405,35.76001],[51.05357,35.76035],[51.05311,35.76071],[51.05263,35.76106],[51.0521,35.76138],[51.05155,35.76167],[51.051,35.76194],[51.05042,35.76221],[51.04985,35.76248],[51.04926,35.76275],[51.04868,35.76303],[51.04809,35.76331],[51.04751,35.7636],[51.04693,35.76388],[51.04635,35.76415],[51.04576,35.76443],[51.04518,35.76473],[51.04457,35.76501],[51.04397,35.76528],[51.04337,35.76555],[51.04283,35.76587],[51.04233,35.76627],[51.04185,35.76672],[51.04139,35.76718],[51.04095,35.76764],[51.04054,35.7681],[51.04013,35.76852],[51.03973,35.76891],[51.03933,35.76929],[51.03897,35.76962],[51.03866,35.76988],[51.03831,35.77015],[51.03796,35.77045],[51.03761,35.7708],[51.03725,35.77115],[51.03688,35.77154],[51.03653,35.77196],[51.03614,35.77239],[51.03572,35.77282],[51.03531,35.77326],[51.03492,35.77371],[51.03454,35.77414],[51.03421,35.77455],[51.0339,35.77497],[51.03365,35.7754],[51.03338,35.77577],[51.03304,35.77606],[51.03271,35.77631],[51.0324,35.77659],[51.03183,35.77715],[51.03131,35.7777],[51.03084,35.77822]]]}},{"type":"Feature","properties":{"route":5,"color":"#0891b2","times":[[24942,25002,25062,25122,25182,25242,25302,25362,25422,25482,25542,25563,25572,25590,25650,25710,25770,25830,25890,25950,26010,26022,26052,26061,26121,26181,26241,26301,26361,26421,26481,26541,26550,26595,26655,26715,26775,26835,26895,26955,27017,27053,27062,27068,27074,27101,27110,27116,27128,27188,27248,27308,27368,27419,27452,27473,27533,27593,27653,27713,27773,27833,27893,27953,28013,28073,28133,28193,28253,28313,28373,28427,28487,28547,28607,28667,28727,28787,28841,28900,28915,28975,29032,29041,29047,29059,29071,29080,29092,29101,29113,29128,29134,29140,29146,29155,29164,29176,29182,29191,29206,29224,29284,29344,29404,29446,29455,29464,29488,29518,29533,29542,29545,29551,29557,29563,29569,29575,29584,29596,29602,29608,29668,29728,29788,29849,29909,29969,30029,30089,30149,30209,30269,30329,30374,30434,30496,30505,30514,30523,30535,30541,30544,30547,30550,30556,30571,30580,30592,30601,30607,30613,30619,30628,30649,30661,30673,30676,30706,30766,30826,30886,30934,30946,30955,30973,30982,30991,30997,31054,31087,31108,31168,31180,31192,31201,31207,31213,31222,31228,31234,31261,31321,31363,31369,31378,31417,31459,31519,31555,31606,31667,31676,31703,31712,31718,31779,31839,31899,31959,31968,32001,32016,32025,32085,32115,32175,32235,32295,32357,32408,32420,32444,32480,32540,32600,32645,32672,32681,32693,32708,32768,32828,32861,32867,32873,32885,32900,32906,32912,32918,32927,32933,32939,32951,32957,32966,32981,32987,32993,33005,33017,33026,33050,33110,33170,33227,33281,33296,33305,33314,33323,33383,33443,33503,33563,33623,33656,33668,33677,33683,33689,33698,33710,33770,33830,33857,34121,34367,34427,34618,34678,34786,34795,34855,34915,34975,35035,35095,35155,35357,35417,35447,35453,35459,35468,35480,35492,35501,35507,35513,35519,35525,35531,35540,35546,35552,35561,35567,35573,35582,35591,35600,35606,35612,35618,35624,35630,35651,35660,35666,35672,35678,35687,35693,35699,35705,35708,35714,35723,35732,35744,35750,35756,35762,35807,35822,35834,35843,35858,35867,35879,35915,35924,35930,35936,35957,35966,36020,36029,36038,36044,36053,36068,36077,36086,36101,36113,36122,36128,36137,36146,36152,36161,36173,36185,36194,36209,36224,36233,36239,36299,36359,36419,36479,36539,36599,36611,36617,36626,36632,36638,36644,36650,36656,36665,36671,36680,36695,36704,36716,36725,36737,36764,36776,36785,36803,36830,36836,36845,36851,36857,36863,36878,36893,36902,36917,36932,36953,36962,36998,37004,37010,37016,37022,37028,37046,37067,37091,37097,37103,37112,37118,37124,37133,37142,37202,37262,37322,37337,37349,37361,37373,37382,37391,37397,37409,37415,37430,37445,37454,37466,37472,37478,37487,37493,37502,37514,37532,37577,37637,37697,37757,37817,37877,37937,37997,38015,38024,38030,38036,38042,38048,38060,38075,38084,38096,38120,38126,38144,38153,38162,38171,38180,38189,38201,38234,38243,38249,38261,38303,38318,38354,38414,38465,38525,38585,38645,38663,38669,38675,38687,38699,38711,38717,38723,38729,38738,38756,38765,38771,38777,38783,38822,38831,38837,38843,38849,38858,38873,38879,38885,38891,38900,38924,38933,38945,38966,38990,38999,39005,39011,39017,39029,39038,39047,39053,39059,39065,39074,39080,39086,39095,39101,39107,39116,39131,39137,39143,39149,39158,39173,39188,39212,39272,39308,39368,39441,39468,39528,39576,39588,39609,39624,39657,39675,39735,39762,39810,39825,39885,39945,40005,40065,40125,40185,40245,40305,40365,40425,40564,40600,40849,40909,40918,40930,40939,40975,41035,41095,41155,41182,41194,41206,41218,41233,41257,41275,41281,41287,41293,41302,41362,41389,41538,41541,41544,41550,41583,41622,41658,41703,41712,41766,41957,42457,42567,42627,42675,42812,42815,42818,42821,42827,42833,43006,43012,43039,43048,43054,43066,43072,43078,43087,43093,43099,43114,43126,43132,43144,43153,43162,43177,43186,43192,43252,43529,43568,43595,43655,43715,43745,43789,43834,43894,43954,44014,44026,44032,44041,44047,44056,44068,44128,44167,44227,44287,44347,44407,44467,44527,44536,44542,44548,44554,44563,44569,44578,44584,44590,44599,44614,44620,44626,44632,44647,44662,44680,44701,44761,44821,44881,44941,45001,45062,45131,45191,45251,45311,45371,45404,45446,45506,45567,45603,45612,45618,45624,45636,45645,45654,45666,45675,45684,45690,45699,45705,45717,45729,45735,45744,45753,45759,45780,45792,45801,45813,45828,45834,45849,45858,45864,45876,45882,45888,45900,45906,45924,45930,45939,45996,46329,46332,46360,46387,46393,46402,46408,46414,46420,46438,46444,46462,46522],[47158,47218,47230,47236,47245,47277,47283,47292,47301,47307,47313,47352,47412,47472,47532,47592,47613,47619,47625,47631,47640,47661,47682,47706,47751,47763,47808,47856,47892,47907,47913,47919,47925,47949,47955,47961,47967,47973,47979,47985,47991,48003,48012,48018,48024,48030,48036,48042,48048,48051,48054,48057,48060,48063,48069,48078,48084,48090,48096,48102,48111,48120,48147,48153,48159,48165,48171,48177,48183,48189,48198,48207,48213,48219,48225,48231,48237,48243,48273,48279,48285,48291,48303,48312,48318,48324,48330,48336,48342,48348,48354,48360,48366,48372,48378,48384,48402,48411,48417,48423,48429,48435,48474,48480,48486,48492,48498,48504,48510,48516,48522,48528,48537,48546,48561,48567,48573,48579,48585,48591,48597,48609,48615,48621,48627,48633,48639,48669,48681,48693,48699,48705,48711,48717,48723,48729,48735,48741,48747,48753,48759,48774,48804,48816,48822,48831,48837,48843,48849,48855,48864,48870,48876,48882,48888,48894,48900,48909,48915,48921,48927,48933,48948,48954,48966,48975,48984,48990,48996,49002,49011,49029,49035,49041,49047,49053,49062,49077,49083,49089,49095,49101,49107,49122,49128,49134,49140,49146,49152,49158,49167,49173,49179,49185,49188]],"type":"operational_gps","source":"recorded_gps"},"geometry":{"type":"MultiLineString","coordinates":[[[51.40579,35.689],[51.40582,35.68929],[51.40579,35.68947],[51.4058,35.68933],[51.40588,35.68939],[51.40589,35.68934],[51.40595,35.68929],[51.40591,35.68947],[51.40591,35.68983],[51.40583,35.69018],[51.40591,35.69038],[51.40597,35.69088],[51.406,35.69135],[51.40605,35.69172],[51.40608,35.69179],[51.40624,35.69169],[51.40608,35.69181],[51.40617,35.69193],[51.40617,35.69185],[51.40613,35.69175],[51.40598,35.69185],[51.40553,35.69189],[51.40532,35.69239],[51.40538,35.69287],[51.4052,35.69318],[51.40488,35.69322],[51.40506,35.69312],[51.40501,35.6932],[51.40496,35.69317],[51.40496,35.69311],[51.40519,35.69309],[51.40546,35.69308],[51.40601,35.69311],[51.40633,35.69284],[51.40626,35.69282],[51.40627,35.69283],[51.40635,35.69319],[51.40652,35.69343],[51.40654,35.69345],[51.40656,35.69347],[51.40654,35.69352],[51.40646,35.6939],[51.40649,35.69432],[51.40661,35.69479],[51.40676,35.69524],[51.40679,35.69564],[51.4068,35.69609],[51.40688,35.69648],[51.40694,35.69687],[51.40676,35.69717],[51.40676,35.69712],[51.40675,35.69713],[51.40676,35.69716],[51.40704,35.69745],[51.40712,35.69783],[51.40723,35.69826],[51.40731,35.69819],[51.40739,35.69809],[51.40736,35.69816],[51.40736,35.69817],[51.40733,35.69822],[51.40731,35.69823],[51.40733,35.69825],[51.40736,35.69821],[51.40732,35.69824],[51.40731,35.69825],[51.40736,35.69828],[51.40731,35.69827],[51.40729,35.69828],[51.4072,35.69827],[51.40722,35.69847],[51.40718,35.69883],[51.40736,35.69895],[51.40735,35.69873],[51.40743,35.69896],[51.40735,35.69913],[51.40736,35.69889],[51.40731,35.69889],[51.40721,35.69847],[51.40702,35.69884],[51.40733,35.69915],[51.40745,35.69879],[51.40754,35.69918],[51.40762,35.6997],[51.40767,35.70011],[51.40794,35.7004],[51.40841,35.70039],[51.40898,35.70031],[51.40948,35.70026],[51.41,35.70021],[51.41015,35.6998],[51.41003,35.69928],[51.40993,35.69888],[51.40989,35.6985],[51.40982,35.69814],[51.40973,35.69758],[51.40976,35.69721],[51.40982,35.69666],[51.40988,35.69618],[51.40992,35.69581],[51.40993,35.69545],[51.41022,35.69517],[51.41036,35.69526],[51.41065,35.69544],[51.41034,35.69544],[51.41078,35.69533],[51.41122,35.69523],[51.41166,35.69507],[51.41155,35.69472],[51.41145,35.69435],[51.41153,35.69398],[51.41135,35.69348],[51.41129,35.69304],[51.41118,35.69244],[51.4111,35.69189],[51.41106,35.69139],[51.41101,35.69095],[51.41088,35.69051],[51.41078,35.69015],[51.4102,35.69005],[51.40951,35.69007],[51.40902,35.69007],[51.4088,35.69011],[51.40874,35.69004],[51.40846,35.6903],[51.40867,35.69047],[51.40859,35.69046],[51.40867,35.69038],[51.40846,35.69038],[51.40857,35.69041],[51.40836,35.69048],[51.40855,35.69044],[51.40879,35.69036],[51.40866,35.69039],[51.4082,35.69022],[51.40845,35.69034],[51.40835,35.69012],[51.4079,35.69002],[51.40722,35.69005],[51.40677,35.69008],[51.40625,35.69008],[51.40566,35.69005],[51.4052,35.68999],[51.40478,35.69029],[51.40434,35.69029],[51.40384,35.69042],[51.40365,35.69085],[51.40355,35.6912],[51.40363,35.69165],[51.40383,35.69205],[51.4039,35.6926],[51.40405,35.69328],[51.40419,35.69387],[51.40427,35.69425],[51.40379,35.69427],[51.4033,35.69441],[51.40293,35.69525],[51.40237,35.69548],[51.40192,35.69537],[51.4017,35.69543],[51.4017,35.69553],[51.4018,35.69536],[51.40164,35.69503],[51.4012,35.69507],[51.40069,35.69522],[51.40021,35.69535],[51.39975,35.69532],[51.39925,35.69555],[51.39879,35.69552],[51.39829,35.69556],[51.39785,35.69541],[51.39749,35.69519],[51.39758,35.69512],[51.39738,35.69471],[51.39731,35.69435],[51.39675,35.6944],[51.39616,35.69437],[51.39565,35.69447],[51.39512,35.69447],[51.39461,35.69441],[51.39405,35.69437],[51.39363,35.69462],[51.39363,35.69474],[51.3934,35.69508],[51.39323,35.69544],[51.39301,35.69583],[51.39273,35.69613],[51.39304,35.69586],[51.39304,35.69589],[51.39308,35.69626],[51.39343,35.69653],[51.39325,35.69687],[51.39288,35.69787],[51.39301,35.69837],[51.393,35.6988],[51.39294,35.69922],[51.39296,35.69912],[51.39276,35.69923],[51.39306,35.69908],[51.39301,35.69917],[51.39294,35.69954],[51.39289,35.69994],[51.39335,35.70029],[51.3939,35.70041],[51.39404,35.70068],[51.39445,35.70043],[51.39455,35.70012],[51.39433,35.7001],[51.39428,35.70014],[51.39453,35.70007],[51.39491,35.70028],[51.3953,35.70047],[51.39576,35.70045],[51.39599,35.70013],[51.39596,35.69981],[51.39594,35.69962],[51.39609,35.69996],[51.39663,35.70002],[51.39721,35.70007],[51.39772,35.7001],[51.39816,35.70022],[51.39807,35.70005],[51.39805,35.7],[51.39847,35.70018],[51.39894,35.70021],[51.39941,35.70029],[51.4,35.70031],[51.40022,35.69994],[51.40025,35.69954],[51.40019,35.6991],[51.40013,35.69871],[51.4001,35.69835],[51.4,35.69787],[51.39995,35.69739],[51.39946,35.69722],[51.39886,35.6972],[51.3983,35.69717],[51.39773,35.69722],[51.39729,35.69721],[51.39669,35.69718],[51.39622,35.69713],[51.39563,35.69714],[51.39514,35.69715],[51.39497,35.69681],[51.39499,35.69672],[51.39502,35.6968],[51.39512,35.69642],[51.39516,35.69605],[51.39516,35.69566],[51.39523,35.6951],[51.39528,35.69472],[51.39532,35.69425],[51.3954,35.694],[51.39552,35.69391],[51.39559,35.69393],[51.39563,35.69394],[51.39546,35.69395],[51.3956,35.69356],[51.39561,35.69305],[51.3956,35.69258],[51.39549,35.69222],[51.39541,35.69183],[51.39523,35.69131],[51.39512,35.69088],[51.39509,35.69084],[51.395,35.6907],[51.39546,35.69083],[51.39533,35.69081],[51.39534,35.69075],[51.39533,35.69082],[51.39499,35.69052],[51.39504,35.69065],[51.3956,35.6908],[51.39511,35.69072],[51.39497,35.69073],[51.39501,35.69083],[51.39509,35.69075],[51.395,35.69072],[51.39487,35.69084],[51.39519,35.69094],[51.39523,35.69096],[51.39503,35.69078],[51.39454,35.69082],[51.39398,35.69087],[51.39328,35.69084],[51.3928,35.69097],[51.39226,35.69094],[51.39176,35.69089],[51.39104,35.69093],[51.39035,35.69098],[51.3898,35.69097],[51.38927,35.69102],[51.38865,35.69106],[51.38818,35.69108],[51.38753,35.69116],[51.38711,35.69131],[51.38662,35.69147],[51.38607,35.69161],[51.38553,35.69168],[51.38503,35.69173],[51.38456,35.6918],[51.38404,35.69178],[51.38411,35.69127],[51.38415,35.6907],[51.38424,35.69006],[51.38424,35.68952],[51.3841,35.68899],[51.38388,35.68847],[51.38359,35.68811],[51.38309,35.68807],[51.38248,35.68802],[51.382,35.68799],[51.38154,35.68797],[51.38085,35.68791],[51.38022,35.6879],[51.37951,35.68785],[51.37879,35.68784],[51.37834,35.68779],[51.37755,35.68774],[51.37703,35.68776],[51.37659,35.68767],[51.37601,35.68759],[51.37553,35.6876],[51.37496,35.6876],[51.37438,35.68756],[51.3739,35.68758],[51.3735,35.68742],[51.37286,35.68744],[51.37235,35.68736],[51.37179,35.68732],[51.37134,35.68729],[51.37087,35.68731],[51.37038,35.68721],[51.36976,35.68721],[51.3692,35.68712],[51.36867,35.68709],[51.36813,35.68711],[51.36762,35.68711],[51.36717,35.68706],[51.36669,35.68706],[51.366,35.68697],[51.36549,35.68693],[51.36504,35.68691],[51.36454,35.68687],[51.36431,35.68641],[51.36431,35.68602],[51.36429,35.68559],[51.36431,35.68513],[51.3643,35.68464],[51.36432,35.68424],[51.36432,35.68382],[51.36433,35.68332],[51.36435,35.68288],[51.36439,35.68247],[51.36446,35.68204],[51.36446,35.68163],[51.36449,35.68123],[51.36449,35.68085],[51.36503,35.68068],[51.36561,35.68067],[51.36608,35.68068],[51.36619,35.68072],[51.36625,35.68065],[51.36654,35.68087],[51.36646,35.68078],[51.36653,35.6807],[51.36634,35.68084],[51.3668,35.68083],[51.36725,35.68082],[51.36776,35.68086],[51.36834,35.6809],[51.36903,35.68095],[51.36967,35.681],[51.37032,35.68107],[51.37078,35.68111],[51.37145,35.68117],[51.37199,35.68121],[51.3725,35.68127],[51.3728,35.68097],[51.37291,35.68056],[51.37275,35.68007],[51.37259,35.67965],[51.37251,35.67926],[51.37251,35.67883],[51.37244,35.67846],[51.3723,35.67805],[51.37241,35.6777],[51.37284,35.6775],[51.37327,35.67739],[51.37388,35.67733],[51.37441,35.6773],[51.37502,35.67726],[51.3755,35.67723],[51.37588,35.67701],[51.37614,35.67661],[51.37669,35.67665],[51.37712,35.67671],[51.37764,35.67673],[51.37817,35.67679],[51.37861,35.67682],[51.37897,35.67659],[51.37901,35.67617],[51.37921,35.67563],[51.37935,35.67501],[51.37947,35.6744],[51.37955,35.67384],[51.3791,35.67364],[51.37867,35.67372],[51.37816,35.6738],[51.37769,35.67386],[51.37722,35.674],[51.37674,35.67399],[51.3763,35.67399],[51.37581,35.67399],[51.37536,35.67397],[51.37492,35.67401],[51.37452,35.67409],[51.37448,35.67396],[51.37456,35.67404],[51.37401,35.67409],[51.37358,35.67426],[51.37322,35.67447],[51.37283,35.67465],[51.37276,35.67516],[51.3727,35.6756],[51.37266,35.67598],[51.37258,35.67648],[51.37259,35.67685],[51.37276,35.67721],[51.37325,35.67732],[51.37387,35.67733],[51.37427,35.67768],[51.37449,35.67811],[51.37442,35.67853],[51.37443,35.67897],[51.3744,35.67939],[51.37429,35.67988],[51.37425,35.68028],[51.37406,35.68079],[51.37411,35.68115],[51.37403,35.68148],[51.37408,35.6816],[51.37418,35.68166],[51.37408,35.68156],[51.37415,35.68163],[51.37412,35.6814],[51.37414,35.68133],[51.37412,35.6817],[51.37405,35.68207],[51.37403,35.68244],[51.37397,35.68287],[51.37393,35.68323],[51.37393,35.68361],[51.37382,35.68404],[51.37341,35.68422],[51.37295,35.68428],[51.37246,35.68425],[51.37192,35.68412],[51.37141,35.68391],[51.37086,35.68387],[51.37019,35.68391],[51.36973,35.68381],[51.36909,35.68375],[51.3686,35.68365],[51.36803,35.68353],[51.36754,35.68346],[51.36731,35.68382],[51.3672,35.68434],[51.36714,35.68474],[51.36716,35.6853],[51.36674,35.68517],[51.36622,35.68498],[51.36527,35.68493],[51.36525,35.68522],[51.36506,35.68489],[51.36522,35.68521],[51.36503,35.6854],[51.36495,35.68537],[51.36543,35.68523],[51.3659,35.68525],[51.36637,35.68521],[51.36682,35.68523],[51.36726,35.68539],[51.36775,35.68552],[51.36838,35.68569],[51.36886,35.68578],[51.36943,35.68595],[51.37003,35.686],[51.3705,35.68609],[51.3712,35.68623],[51.37194,35.6864],[51.37254,35.68648],[51.37304,35.68653],[51.37352,35.68659],[51.37404,35.68669],[51.37473,35.68676],[51.37537,35.6869],[51.37589,35.68714],[51.3763,35.68741],[51.3768,35.68746],[51.37724,35.68746],[51.37782,35.68742],[51.37835,35.68744],[51.37883,35.68744],[51.37817,35.68755],[51.37759,35.68758],[51.3774,35.68794],[51.37699,35.68814],[51.37648,35.68809],[51.3764,35.68868],[51.37628,35.68921],[51.37624,35.68971],[51.37619,35.69027],[51.37614,35.69071],[51.37606,35.69118],[51.37604,35.69162],[51.37599,35.69208],[51.37592,35.69258],[51.37581,35.69297],[51.37574,35.69343],[51.3757,35.6938],[51.37565,35.69416],[51.37557,35.69463],[51.37551,35.69506],[51.37544,35.69555],[51.37554,35.69597],[51.37604,35.69578],[51.37648,35.69565],[51.37709,35.69542],[51.3778,35.69529],[51.37823,35.69511],[51.3784,35.69472],[51.37842,35.69436],[51.37816,35.69401],[51.37792,35.69389],[51.37781,35.69427],[51.37802,35.69418],[51.3783,35.69394],[51.37831,35.69436],[51.37813,35.69441],[51.37786,35.69403],[51.37739,35.69384],[51.37694,35.6938],[51.37646,35.69379],[51.37602,35.69368],[51.37557,35.69372],[51.37517,35.69374],[51.37471,35.69365],[51.37426,35.69362],[51.3738,35.69357],[51.37334,35.69358],[51.37324,35.69377],[51.37325,35.69376],[51.37342,35.69358],[51.37338,35.69363],[51.37337,35.69364],[51.37344,35.6935],[51.3734,35.69352],[51.37333,35.69363],[51.37328,35.69363],[51.37328,35.69359],[51.37284,35.69344],[51.3725,35.69356],[51.372,35.69333],[51.37134,35.69331],[51.37085,35.69336],[51.37033,35.69331],[51.36989,35.69329],[51.36965,35.69318],[51.36956,35.69321],[51.36986,35.6933],[51.36942,35.69314],[51.36887,35.69311],[51.36838,35.69311],[51.36794,35.69305],[51.36745,35.6931],[51.367,35.69311],[51.36671,35.69349],[51.36665,35.69402],[51.36664,35.69463],[51.36662,35.69503],[51.3666,35.69544],[51.36658,35.69558],[51.36648,35.69596],[51.36783,35.69308],[51.36748,35.69425],[51.36732,35.69467],[51.36706,35.69508],[51.36678,35.69545],[51.36692,35.69495],[51.36673,35.69545],[51.36663,35.69589],[51.36654,35.69631],[51.36655,35.69668],[51.36653,35.69701],[51.36667,35.69668],[51.36311,35.6967],[51.36299,35.69667],[51.36309,35.69703],[51.36239,35.69921],[51.36259,35.69814],[51.36284,35.69742],[51.363,35.69707],[51.36321,35.69669],[51.36342,35.69637],[51.36315,35.6972],[51.36337,35.69667],[51.36329,35.69624],[51.36324,35.69582],[51.36328,35.6954],[51.36357,35.69511],[51.36405,35.69514],[51.36466,35.69521],[51.36514,35.69525],[51.36559,35.69527],[51.36613,35.69527],[51.3665,35.69555],[51.36641,35.69595],[51.3664,35.69636],[51.3665,35.69681],[51.36646,35.69718],[51.36642,35.69754],[51.36636,35.69794],[51.36628,35.6985],[51.36625,35.69893],[51.36629,35.69929],[51.36663,35.69896],[51.36667,35.69933],[51.36648,35.69968],[51.36648,35.69985],[51.3663,35.69986],[51.36644,35.6995],[51.36628,35.69994],[51.36644,35.69959],[51.36639,35.69972],[51.36648,35.69936],[51.36639,35.69938],[51.36686,35.69935],[51.3673,35.6992],[51.36782,35.69903],[51.36825,35.69888],[51.36877,35.69868],[51.36921,35.69852],[51.36942,35.69838],[51.36975,35.69813],[51.36973,35.69833],[51.36977,35.69823],[51.36971,35.69809],[51.3696,35.69833],[51.36968,35.6982],[51.36973,35.69841],[51.37025,35.69819],[51.37087,35.69794],[51.37152,35.69774],[51.37212,35.69754],[51.37271,35.69731],[51.37312,35.69717],[51.37364,35.69693],[51.37431,35.6967],[51.37492,35.69648],[51.37537,35.69634],[51.37588,35.69642],[51.37649,35.69658],[51.37731,35.69665],[51.378,35.6967],[51.37846,35.69669],[51.37861,35.69704],[51.37848,35.69741],[51.37857,35.69781],[51.37824,35.69793],[51.37817,35.69791],[51.37823,35.69812],[51.37815,35.69801],[51.37821,35.69778],[51.37826,35.69792],[51.37807,35.69815],[51.37798,35.69819],[51.37791,35.69799],[51.37808,35.69809],[51.37801,35.69805],[51.37788,35.69841],[51.37808,35.69808],[51.37803,35.69815],[51.37833,35.69807],[51.37878,35.698],[51.37933,35.69803],[51.37996,35.69802],[51.38043,35.69799],[51.3809,35.69803],[51.38142,35.69808],[51.3821,35.69806],[51.38262,35.698],[51.38312,35.6977],[51.38358,35.69779],[51.38411,35.69791],[51.38473,35.69792],[51.38524,35.698],[51.38582,35.6981],[51.38632,35.698],[51.38702,35.69802],[51.38752,35.69797],[51.38819,35.6981],[51.3888,35.69813],[51.38916,35.69835],[51.38971,35.69848],[51.39009,35.6987],[51.39073,35.69885],[51.39125,35.69878],[51.39134,35.69842],[51.39143,35.69795],[51.39193,35.69791],[51.39241,35.69805],[51.39303,35.69813],[51.39364,35.69818],[51.39416,35.69819],[51.39454,35.69791],[51.39472,35.69744],[51.39509,35.69703],[51.39515,35.69656],[51.39517,35.696],[51.3952,35.69564],[51.38124,35.69849],[51.38175,35.69842],[51.39499,35.69563],[51.39511,35.69526],[51.39523,35.69488],[51.39543,35.69454],[51.39588,35.6944],[51.39648,35.69436],[51.39706,35.69429],[51.39745,35.69397],[51.39716,35.69319],[51.39668,35.693],[51.3963,35.69293]],[[51.39641,35.69318],[51.39598,35.69316],[51.39563,35.69346],[51.39524,35.69375],[51.39491,35.69405],[51.39444,35.69425],[51.39487,35.69438],[51.3954,35.69447],[51.39594,35.69446],[51.39655,35.69445],[51.39713,35.69452],[51.39735,35.69488],[51.39754,35.69513],[51.39751,35.69517],[51.39745,35.69511],[51.39746,35.69511],[51.39793,35.69517],[51.39848,35.69521],[51.39903,35.6953],[51.39946,35.6955],[51.40001,35.69552],[51.40041,35.69572],[51.40091,35.69574],[51.40138,35.69569],[51.40188,35.69565],[51.40239,35.69568],[51.40284,35.69577],[51.4033,35.69572],[51.40379,35.69565],[51.40435,35.69565],[51.4049,35.69558],[51.40568,35.69556],[51.40619,35.69551],[51.40673,35.69529],[51.40733,35.69535],[51.40793,35.69534],[51.40866,35.69537],[51.40929,35.69528],[51.40976,35.69521],[51.41033,35.69518],[51.41083,35.69513],[51.41141,35.69516],[51.41207,35.69514],[51.4126,35.69511],[51.41328,35.69509],[51.41387,35.69506],[51.41439,35.69497],[51.41512,35.69485],[51.41599,35.69471],[51.4165,35.69467],[51.41701,35.69465],[51.41754,35.69462],[51.41808,35.69462],[51.41857,35.69464],[51.41924,35.69468],[51.41985,35.69451],[51.42035,35.69436],[51.42099,35.69426],[51.4216,35.69398],[51.42223,35.69366],[51.42268,35.69357],[51.42314,35.69334],[51.42362,35.69315],[51.42404,35.69296],[51.42446,35.69279],[51.42504,35.6926],[51.42585,35.69244],[51.42663,35.69218],[51.42735,35.69194],[51.42802,35.69173],[51.42842,35.69157],[51.42882,35.69138],[51.42933,35.69121],[51.42982,35.69102],[51.4303,35.69081],[51.43082,35.69059],[51.43152,35.6904],[51.43207,35.69025],[51.43241,35.68997],[51.43242,35.6896],[51.43246,35.68915],[51.43251,35.68876],[51.43281,35.68842],[51.43347,35.68832],[51.43418,35.68828],[51.43498,35.68823],[51.43558,35.68823],[51.43575,35.68862],[51.43583,35.68919],[51.43591,35.6896],[51.43609,35.68999],[51.43635,35.69052],[51.43666,35.69118],[51.43687,35.69163],[51.4371,35.6921],[51.43731,35.69245],[51.43785,35.69245],[51.43842,35.69234],[51.439,35.69227],[51.43966,35.69227],[51.44039,35.69213],[51.441,35.69208],[51.44155,35.69197],[51.44222,35.69185],[51.44288,35.69177],[51.44342,35.69171],[51.44401,35.69145],[51.44433,35.69118],[51.44467,35.69082],[51.44511,35.69044],[51.44555,35.6901],[51.44613,35.68984],[51.44659,35.68969],[51.4471,35.68964],[51.44765,35.68955],[51.44831,35.68959],[51.44903,35.68971],[51.44985,35.68981],[51.45067,35.68995],[51.45121,35.69001],[51.45171,35.69003],[51.45229,35.68999],[51.45291,35.68999],[51.45365,35.69005],[51.45454,35.69013],[51.45532,35.69021],[51.45583,35.69023],[51.45639,35.69027],[51.45687,35.69023],[51.45734,35.69024],[51.45778,35.69032],[51.45841,35.69036],[51.45921,35.6904],[51.4597,35.69045],[51.46024,35.69049],[51.46092,35.69055],[51.46145,35.69059],[51.462,35.69059],[51.46269,35.69068],[51.4633,35.69075],[51.46396,35.69087],[51.46441,35.69086],[51.46492,35.69093],[51.46554,35.69098],[51.46601,35.69098],[51.4666,35.69102],[51.46726,35.69109],[51.46789,35.6911],[51.46852,35.69111],[51.4692,35.6912],[51.46985,35.69126],[51.47047,35.6913],[51.47123,35.69136],[51.47199,35.69141],[51.47248,35.69146],[51.47294,35.69148],[51.47344,35.69152],[51.4739,35.69158],[51.47439,35.69162],[51.475,35.69164],[51.47571,35.6917],[51.47623,35.69173],[51.47671,35.69181],[51.47734,35.69188],[51.47786,35.69199],[51.47846,35.69202],[51.47914,35.69202],[51.47979,35.69205],[51.48049,35.69207],[51.48111,35.69212],[51.48158,35.69217],[51.48209,35.69224],[51.48254,35.69231],[51.48313,35.69233],[51.48385,35.69235],[51.48452,35.69243],[51.48496,35.69251],[51.48552,35.69246],[51.48604,35.69249],[51.48661,35.69254],[51.48712,35.69257],[51.48764,35.69262],[51.48813,35.69267],[51.48871,35.69269],[51.4893,35.69273],[51.48995,35.69279],[51.49048,35.69282],[51.49108,35.69285],[51.49172,35.69288],[51.49231,35.69292],[51.49282,35.69281],[51.4931,35.69247],[51.49348,35.69206],[51.49419,35.692],[51.49455,35.69221]]]}},{"type":"Feature","properties":{"route":5,"color":"#0891b2","times":[[23382,23552,23558,23570,23582,23597,23603,23609,23621,23630,23636,23642,23648,23654,23660,23666,23672,23678,23684,23687,23690,23693,23696,23702,23708,23714,23720,23726,23729,23732,23738,23744,23753,23765,23774,23780,23786,23792,23795,23798,23801,23804,23807,23810,23813,23816,23819,23822,23825,23828,23831,23834,23837,23840,23847,23853,23913,23925,23931,23934,23940,23946,23952,23958,23961,23964,23967,23973,23979,23985,23991,23997,24003,24009,24015,24021,24027,24033,24039,24042,24045,24051,24063,24069,24075,24081,24087,24090,24096,24102,24105,24108,24111,24114,24117,24120,24123,24126,24129,24132,24138,24141,24144,24147,24150,24153,24156,24159,24165,24171,24174,24177,24183,24189,24195,24201,24207,24213,24219,24225,24231,24237,24243,24249,24255,24261,24276,24282,24288,24294,24300,24306,24312,24318,24324,24330,24336,24360,24372,24378,24384,24390,24396,24402,24408,24414,24420,24426,24432,24438,24444,24450,24456,24462,24468,24474,24480,24489,24498,24507,24519,24525,24531,24537,24543,24549,24555,24561,24567,24573,24579,24588,24597,24606,24612,24618,24624,24630,24636,24645,24654,24660,24666,24672,24678,24687,24693,24699,24705,24711,24717,24723,24729,24735,24741,24753,24759,24765,24771,24777,24789,24795,24801,24807,24813,24819,24825,24831,24837,24846,24852,24858,24864,24870,24876,24882,24900,24909,24918,24927,24936,24942]],"type":"access_route","source":"recorded_gps_prefix"},"geometry":{"type":"MultiLineString","coordinates":[[[51.55396,35.72991],[51.49218,35.68352],[51.49215,35.68308],[51.49155,35.683],[51.49109,35.68299],[51.49079,35.68266],[51.49075,35.68225],[51.49082,35.68189],[51.49077,35.68144],[51.49079,35.68099],[51.49074,35.68059],[51.49075,35.68014],[51.4907,35.67957],[51.4905,35.67886],[51.49,35.67821],[51.48965,35.67775],[51.4893,35.67741],[51.48886,35.67695],[51.4883,35.6764],[51.48801,35.67609],[51.48774,35.67572],[51.48755,35.67535],[51.48742,35.675],[51.48732,35.67464],[51.48725,35.67421],[51.48714,35.67362],[51.48705,35.67298],[51.4869,35.67226],[51.48678,35.67189],[51.48662,35.67153],[51.48649,35.67087],[51.48658,35.67051],[51.48646,35.67003],[51.48609,35.66976],[51.48532,35.66986],[51.48452,35.66995],[51.48365,35.67005],[51.48274,35.67014],[51.48222,35.67019],[51.48166,35.67025],[51.48117,35.6703],[51.48071,35.67038],[51.48019,35.67043],[51.47967,35.67048],[51.47911,35.67055],[51.47852,35.67061],[51.47796,35.67067],[51.47741,35.67073],[51.47689,35.6708],[51.47633,35.67088],[51.47576,35.67095],[51.47513,35.67099],[51.47455,35.67107],[51.474,35.67115],[51.47291,35.67093],[51.47229,35.67082],[51.47277,35.66994],[51.4723,35.66986],[51.47141,35.6698],[51.47094,35.66978],[51.47011,35.66979],[51.46939,35.66986],[51.46859,35.66994],[51.46771,35.67005],[51.46725,35.67011],[51.46678,35.67019],[51.46635,35.67029],[51.4657,35.67055],[51.46511,35.67095],[51.46455,35.67122],[51.46387,35.67133],[51.46325,35.67122],[51.46257,35.6711],[51.4618,35.67114],[51.46097,35.67125],[51.46049,35.67132],[51.46,35.67141],[51.45929,35.67152],[51.45849,35.67165],[51.45805,35.67171],[51.4576,35.67176],[51.45694,35.67182],[51.45634,35.67186],[51.45574,35.67194],[51.45504,35.67199],[51.45425,35.67207],[51.45338,35.67222],[51.45293,35.67233],[51.45216,35.67252],[51.45131,35.67271],[51.45086,35.67281],[51.45037,35.67291],[51.44985,35.67302],[51.44929,35.67312],[51.44872,35.67322],[51.44814,35.67334],[51.44755,35.67343],[51.44698,35.67354],[51.44645,35.67364],[51.44597,35.67375],[51.44513,35.67391],[51.44466,35.67398],[51.44414,35.67403],[51.4436,35.67408],[51.44309,35.6741],[51.44259,35.6741],[51.4421,35.67411],[51.44161,35.67411],[51.44079,35.67413],[51.43996,35.67416],[51.43952,35.67418],[51.43907,35.67422],[51.43834,35.67432],[51.43782,35.67444],[51.43728,35.67453],[51.43665,35.67464],[51.43602,35.67474],[51.43538,35.67484],[51.43465,35.67497],[51.43394,35.67509],[51.43346,35.67519],[51.43284,35.6753],[51.43214,35.67543],[51.43155,35.67554],[51.43093,35.67565],[51.43043,35.67571],[51.43012,35.67528],[51.43,35.67472],[51.42991,35.67407],[51.42985,35.67352],[51.42977,35.67298],[51.42966,35.67248],[51.42961,35.67208],[51.42951,35.67156],[51.42941,35.67102],[51.4293,35.67045],[51.42919,35.66994],[51.42913,35.66957],[51.42867,35.66923],[51.4282,35.6692],[51.42758,35.66912],[51.42691,35.66902],[51.42635,35.66895],[51.42588,35.66892],[51.42528,35.66883],[51.42462,35.66874],[51.42387,35.66866],[51.42319,35.66858],[51.42255,35.66851],[51.42187,35.66843],[51.4212,35.66834],[51.42046,35.66826],[51.41979,35.66817],[51.41918,35.66809],[51.4185,35.66801],[51.41799,35.66796],[51.41746,35.6679],[51.41696,35.66783],[51.4165,35.66781],[51.41612,35.6681],[51.41592,35.66852],[51.41596,35.66892],[51.41602,35.66947],[51.41608,35.67005],[51.41616,35.67062],[51.41622,35.6712],[51.41629,35.67173],[51.41635,35.67217],[51.41642,35.67265],[51.41649,35.67316],[51.41656,35.6737],[51.41662,35.67422],[51.41671,35.67468],[51.41679,35.67526],[51.41687,35.6758],[51.41697,35.67645],[51.41707,35.67707],[51.41713,35.67762],[51.41717,35.67799],[51.41723,35.6784],[51.4173,35.67877],[51.41737,35.67927],[51.41745,35.67984],[51.41753,35.68044],[51.41762,35.6809],[51.41765,35.68141],[51.41772,35.68183],[51.41777,35.68234],[51.41785,35.68285],[51.41791,35.68326],[51.41798,35.68373],[51.41805,35.68417],[51.41814,35.68462],[51.41819,35.68518],[51.41826,35.6856],[51.4179,35.68585],[51.41729,35.68585],[51.41669,35.68584],[51.41602,35.68583],[51.41528,35.68583],[51.41472,35.68582],[51.41427,35.68584],[51.41365,35.68582],[51.41295,35.68585],[51.41249,35.68588],[51.41182,35.68594],[51.41107,35.68603],[51.41038,35.6861],[51.4098,35.68617],[51.40924,35.68624],[51.40862,35.68632],[51.40791,35.68641],[51.40718,35.6865],[51.40669,35.68655],[51.40621,35.68662],[51.40568,35.6867],[51.40542,35.68704],[51.4055,35.68742],[51.40549,35.68779],[51.40563,35.68819],[51.40577,35.68859],[51.40579,35.689]]]}},{"type":"Feature","properties":{"route":6,"color":"#e11d48","times":[[26658,26670,26730,26790,26850,26910,26970,26985,26991,26997,27003,27009,27018,27030,27042,27054,27066,27081,27096,27105,27114,27135,27147,27156,27165,27174,27183,27195,27201,27207,27213,27222,27234,27252,27261,27270,27330,27390,27414,27432,27441,27447,27453,27459,27465,27474,27483,27492,27552,27576,27588,27594,27603,27612,27618,27624,27630,27636,27645,27651,27657,27663,27672,27681,27690,27699,27759,27819,27879,27900,27909,27918,27927,27933,27939,27948,27954,27960,27975,28035,28095,28116,28125,28134,28143,28155,28173,28179,28185,28191,28200,28212,28218,28224,28230,28239,28251,28266,28275,28284,28293,28302,28311,28320,28329,28338,28362,28371,28380,28392,28452,28494,28527,28560,28620,28656,28677,28704,28743,28752,28809,28818,28836,28848,28866,28926,28986,29046,29106,29166,29226,29286,29346,29364,29379,29406,29424,29433,29445,29463,29472,29484,29493,29502,29526,29544,29568,29580,29616,29628,29637,29646,29667,29685,29712,29730,29748,29766,29772,29778,29790,29796,29808,29817,29823,29832,29841,29850,29856,29862,29868,29874,29880,29889,29898,29907,29913,29919,29925,29931,29934,29937,29940,29943,29946,29952,29958,29964,29970,29976,29982,29985,29991,30006,30012,30018,30024,30030,30036,30045,30051,30057,30063,30075,30081,30087,30093,30096,30099,30102,30105,30108,30114,30120,30126,30141,30147,30153,30159,30162,30165,30168,30171,30174,30177,30180,30183,30186,30189,30192,30195,30198,30201,30204,30207,30210,30216,30222,30231,30237,30243,30246,30249,30252,30255,30258,30261,30267,30273,30276,30279,30282,30285,30288,30291,30294,30297,30300,30303,30306,30309,30312,30315,30318,30321,30324,30327,30330,30333,30336,30339,30342,30345,30348,30351,30354,30357,30360,30363,30366,30369,30372,30375,30378,30381,30387,30393,30399,30402,30405,30408,30411,30414,30417,30420,30423,30426,30429,30432,30438,30444,30450,30459,30465,30471,30477,30480,30483,30486,30489,30495,30504,30513,30519,30525,30531,30537,30543,30549,30555,30558,30561,30564,30567,30570,30573,30576,30579,30582,30585,30588,30591,30594,30597,30600,30603,30606,30609,30612,30615,30618,30621,30624,30630,30636,30645,30651,30657,30663,30669,30675,30681,30687,30693,30696,30699,30702,30705,30708,30711,30717,30723,30729,30735,30741,30744,30747,30750,30756,30765,30774,30783,30792,30798,30804,30807,30810,30813,30816,30819,30825,30837,30876,30885,30891,30906,30921,30936,30954,30969,30975,30981,30987,30993,30999,31002,31005,31008,31014,31032,31068,31077,31089,31101,31107,31113,31119,31125,31131,31140,31146,31155,31167,31176,31182,31188,31194,31200,31209,31215,31221,31224,31227,31230,31233,31236,31239,31242,31245,31248,31251,31254,31257,31260,31263,31269,31278,31284,31293,31299,31305,31311,31317,31323,31329,31335,31341,31344,31347,31350,31356,31365,31371,31377,31380,31383,31389,31392,31395,31398,31401,31404,31407,31410,31413,31416,31419,31422,31428,31434,31440,31449,31458,31467,31473,31479,31485,31491,31497,31503,31509,31515,31524,31545,31563,31578,31596,31608,31623,31635,31653,31662,31674,31689,31707,31719,31731,31740,31752,31812,31873,31933,31993,32053,32113,32173,32233,32293,32353,32413,32473,32533,32593,32653,32713,32773,32833,32893,32953,33013,33073,33133,33193,33253,33313,33373,33433,33493,33553,33613,33673,33733,33793,33853,33913,33973,34033,34093,34153,34213,34273,34333,34393,34453,34513,34573,34633,34693,34753,34813,34873,34903,34927,34942,34951,34960,34969,34978,34987,35047,35065,35074,35083,35092,35098,35104,35110,35119,35125,35134,35149,35158,35185,35197,35206,35215,35227,35287,35347,35371,35383,35395,35419,35440,35500,35530,35536,35545,35551,35566,35575,35581,35587,35593,35602,35608,35614,35617,35623,35629,35635,35644,35653,35659,35665,35668,35671,35677,35683,35689,35692,35695,35701,35707,35713,35719,35722,35725,35731,35734,35737,35740,35743,35746,35752,35758,35761,35764,35767,35770,35773,35776,35779,35782,35785,35788,35791,35794,35797,35800,35803,35806,35809,35812,35815,35818,35821,35824,35827,35830,35833,35836,35839,35842,35845,35848,35851,35854,35857,35860,35863,35866,35869,35872,35875,35878,35881,35884,35887,35893,35899,35905,35911,35917,35923,35929,35941,35950,35956,35962,35968,35974,35980,35986,35992,35998,36004,36010,36016,36022,36028,36034,36040,36046,36067,36073,36079,36082,36085,36088,36094,36097,36103,36106,36112,36118,36127,36136,36145,36154,36163,36172,36184,36193,36199,36205,36211,36217,36226,36235,36244,36304,36364,36424,36448,36454,36475,36523,36583,36643,36685,36691,36694,36700,36709,36715,36721,36727,36739,36745,36751,36757,36760,36763,36766,36769,36775,36781,36787,36793,36799,36808,36814,36823,36829,36835,36841,36850,36877,36886,36895,36904,36910,36919,36928,36937,36949,37009,37069,37129,37189,37225,37237,37264,37273,37285,37345,37405,37465,37525,37585,37645,37705,37765,37795,37807,37816,37825,37834,37840,37855,37873,37912,37948,37999,38005,38014,38023,38032,38041,38050,38059,38068,38125,38185,38245,38305,38365,38380,38386,38392,38407,38419,38425,38431,38443,38452,38464,38473,38488,38497,38506,38512,38518,38527,38542,38563,38572,38587,38599,38659,38719,38779,38839,38899,38959,39019,39055,39070,39082,39094,39103,39133,39193,39205,39214,39226,39286,39346,39406,39466,39526,39586,39646,39706,39742,39802,39862,39922,39973,40033,40069,40093,40153,40213,40267,40291,40312,40318,40327,40333,40342,40354,40363,40372,40393,40402,40414,40420,40426,40444,40450,40465,40471,40480,40489,40495,40501,40510,40516,40525,40531,40540,40549,40555,40585,40645,40705,40765,40783,40815,40875,40935,40995,41055,41115,41175,41235,41295,41355,41415,41463,41472,41487,41496,41502,41508,41514,41520,41526,41532,41550,41556,41562,41568,41574,41580,41586,41595,41604,41610,41616,41622,41628,41634,41640,41646,41652,41658,41667,41673,41679,41682,41685,41691,41703,41712,41718,41724,41730,41757,41763,41769,41778,41787,41793,41799,41805,41811,41817,41835,41856,41862,41868,41871,41874,41877,41880,41883,41886,41889,41892,41895,41898,41901,41904,41907,41910,41916,41922,41928,41937,41955,41964,41970,41976,41982,41991,41997,42003,42009,42018,42033,42042,42048,42054,42060,42066,42072,42081,42087,42093,42099,42105,42117,42129,42138,42144,42150,42156,42165,42171,42177,42186,42240,42300,42360,42381,42393,42402,42411,42420,42432,42441,42450,42465,42480,42489,42495,42501,42510,42519,42525,42534,42543,42549,42555,42561,42567,42573,42579,42585,42591,42597,42603,42615,42636,42642,42648,42654,42660,42678,42687,42693,42699,42705,42708,42711,42714,42717,42720,42723,42729,42735,42741,42747,42750,42753,42756,42759,42762,42768,42774,42777,42783,42789,42792,42795,42798,42801,42807,42810,42813,42816,42819,42822,42825,42828,42831,42834,42837,42840,42843,42846,42849,42852,42855,42858,42861,42864,42867,42870,42876,42882,42891,42903,42912,42918,42924,42930,42936,42939,42942,42945,42951,42957,42963,42972,42978,42987,43008,43020,43026,43032,43038,43044,43053,43071,43080,43089,43098,43107,43116,43122,43128,43131,43137,43140,43146,43152,43158,43164,43170,43176,43182,43188,43194,43203,43212,43224,43269,43284,43335,43344,43353,43374,43386,43434,43786,43846,43861,43873,43882,43891,43900,43921,43981,44041,44101,44161,44221,44281,44320,44332,44341,44359,44365,44371,44377,44383,44389,44398,44413,44434,44452,44461,44467,44473,44479,44485,44491,44497,44506,44515,44524,44530,44536,44542,44548,44554,44563,44572,44584,44593,44599,44605,44611,44617,44623,44629,44638,44644,44653,44659,44668,44683,44692,44701,44707,44713,44722,44728,44734,44740,44746,44749,44752,44755,44758,44764,44767,44770,44773,44776,44782,44788,44794,44797,44800,44806,44812,44815,44818,44821,44824,44827,44830,44833,44839,44842,44845,44848,44851,44854,44857,44860,44863,44866,44869,44872,44875,44878,44881,44884,44887,44890,44893,44896,44899,44902,44905,44908,44911,44914,44917,44923,44983,44998,45004,45007,45010,45013,45016,45019,45022,45025,45028,45031,45034,45037,45040,45043,45046,45049,45052,45055,45061,45067,45076,45082,45085,45088,45091,45094,45097,45100,45103,45106,45109,45115,45139,45151,45157,45160,45163,45166,45169,45175,45181,45187,45193,45196,45199,45202,45205,45208,45211,45214,45220,45229,45235,45241,45247,45250,45253,45256,45259,45265,45271,45280,45292,45301,45307,45313,45322,45334,45343,45352,45358,45364,45370,45379,45385,45391,45397,45403,45409,45415,45421,45427,45433,45442,45448,45454,45460,45466,45472,45478,45484,45493,45505,45514,45523,45532,45544,45550,45556,45565,45571,45574,45577,45580,45583,45586,45589,45592,45595,45598,45601,45604,45607,45610,45613,45616,45622,45628,45634,45640,45646,45649,45652,45655,45658,45661,45664,45667,45670,45673,45679,45688,45703,45715,45721,45727,45736,45742,45748,45751,45754,45757,45760,45763,45766,45769,45775,45781,45787,45790,45793,45796,45799,45802,45805,45808,45811,45814,45817,45820,45823,45826,45829,45832,45838,45847,45853,45859,45865,45874,45880,45886,45898,45904,45910,45913,45916,45919,45922,45925,45928,45931,45934,45937,45940,45943,45949,45955,45958,45964,45970,45973,45976,45982,45988,45994,46000,46015,46033,46042,46048,46054,46063,46069,46075,46081,46087,46093,46099,46105,46108,46111,46114,46117,46120,46123,46126,46129,46132,46135,46138,46144,46150,46156,46162,46165,46168,46171,46174,46177,46180,46183,46186,46189,46192,46195,46198,46201,46204,46207,46210,46213,46216,46219,46222,46228,46234,46249,46255,46261,46267,46276,46285,46291,46297,46303,46312,46321,46327,46339,46345,46357,46363,46369,46429,46489,46551,46611,46671,46731,46791,46851,46911,46971,47031,47091,47151,47184,47244,47305,47383]],"type":"operational_gps","source":"recorded_gps"},"geometry":{"type":"MultiLineString","coordinates":[[[51.35237,35.6435],[51.35268,35.64376],[51.35303,35.64382],[51.35298,35.6438],[51.35292,35.64389],[51.35302,35.64386],[51.35299,35.64383],[51.35352,35.64406],[51.35394,35.64428],[51.35436,35.64445],[51.3548,35.64462],[51.35532,35.6447],[51.35585,35.64464],[51.35638,35.64477],[51.35688,35.64492],[51.3574,35.64514],[51.35782,35.64532],[51.35829,35.64549],[51.35816,35.64597],[51.3577,35.64634],[51.35725,35.64663],[51.35686,35.6469],[51.35663,35.64728],[51.35656,35.64768],[51.35658,35.64809],[51.35666,35.64846],[51.35673,35.64896],[51.35681,35.64947],[51.35682,35.64985],[51.35648,35.65013],[51.35599,35.65024],[51.35551,35.65037],[51.35516,35.65064],[51.35513,35.65028],[51.35561,35.65017],[51.35616,35.65002],[51.35624,35.65003],[51.35623,35.65003],[51.35661,35.64978],[51.35671,35.64938],[51.35667,35.64893],[51.35659,35.64857],[51.35651,35.64817],[51.35646,35.64776],[51.35649,35.64738],[51.35675,35.64689],[51.35715,35.64658],[51.35758,35.64632],[51.35771,35.64624],[51.35804,35.64599],[51.35768,35.64635],[51.3573,35.64658],[51.35684,35.64695],[51.35659,35.64731],[51.35651,35.64772],[51.35657,35.64815],[51.35666,35.64864],[51.35668,35.6491],[51.35677,35.64955],[51.35669,35.64992],[51.35626,35.65014],[51.35579,35.65023],[51.3554,35.65048],[51.35504,35.65077],[51.35488,35.65121],[51.35476,35.65158],[51.35462,35.65177],[51.35457,35.65167],[51.35444,35.65169],[51.35432,35.65211],[51.3542,35.65258],[51.35417,35.65311],[51.35405,35.65348],[51.35395,35.65384],[51.35385,35.65422],[51.3537,35.65469],[51.35356,35.65507],[51.35345,35.65543],[51.35328,35.65583],[51.35323,35.65601],[51.35323,35.65606],[51.35308,35.65653],[51.35302,35.65704],[51.35308,35.65744],[51.3532,35.65791],[51.35343,35.65824],[51.35391,35.65838],[51.35442,35.65834],[51.35506,35.65827],[51.35558,35.65822],[51.35604,35.6582],[51.35661,35.65817],[51.35713,35.65812],[51.35771,35.65806],[51.35832,35.65799],[51.35891,35.65793],[51.35937,35.65791],[51.35986,35.6579],[51.36042,35.65785],[51.36089,35.6578],[51.36146,35.65773],[51.36209,35.65764],[51.36256,35.65751],[51.36305,35.65755],[51.3635,35.6575],[51.36404,35.65744],[51.36458,35.65738],[51.36508,35.65735],[51.36558,35.6573],[51.36611,35.65723],[51.36598,35.65719],[51.3656,35.65738],[51.36512,35.65753],[51.36465,35.65753],[51.36464,35.65734],[51.36509,35.65734],[51.36552,35.65722],[51.36598,35.65721],[51.3665,35.65713],[51.36699,35.65706],[51.36647,35.65727],[51.36599,35.65735],[51.36602,35.65778],[51.36614,35.65819],[51.36625,35.65855],[51.36623,35.65844],[51.36617,35.6584],[51.36618,35.65841],[51.36617,35.65843],[51.3662,35.65849],[51.36623,35.6587],[51.36619,35.6587],[51.36631,35.65883],[51.36677,35.65873],[51.36726,35.65865],[51.36772,35.65868],[51.36768,35.65827],[51.36758,35.65792],[51.36744,35.65744],[51.36704,35.65719],[51.36636,35.65727],[51.36587,35.65733],[51.36539,35.65737],[51.36494,35.65745],[51.36441,35.6575],[51.36392,35.65756],[51.36339,35.6576],[51.36285,35.65767],[51.36333,35.65756],[51.36395,35.65753],[51.36444,35.65746],[51.36497,35.65739],[51.36546,35.65739],[51.36593,35.65733],[51.36647,35.65739],[51.36694,35.65737],[51.36739,35.65733],[51.36796,35.65722],[51.36854,35.65712],[51.36903,35.65707],[51.36951,35.65704],[51.36995,35.65701],[51.37056,35.65708],[51.37115,35.65727],[51.37166,35.65737],[51.37222,35.65758],[51.37274,35.65767],[51.37335,35.65787],[51.37379,35.65803],[51.37429,35.65823],[51.37482,35.65842],[51.37524,35.65854],[51.37586,35.65866],[51.37645,35.65884],[51.37692,35.65894],[51.37724,35.65869],[51.37752,35.65825],[51.37774,35.65767],[51.37793,35.65701],[51.37766,35.65632],[51.37733,35.65601],[51.3769,35.65575],[51.37648,35.6555],[51.37602,35.65521],[51.37558,35.65494],[51.3751,35.65463],[51.37471,35.65436],[51.37413,35.65402],[51.37372,35.65374],[51.37333,35.65348],[51.37273,35.65308],[51.37238,35.65286],[51.37174,35.65248],[51.37227,35.65209],[51.37268,35.6518],[51.37254,35.65145],[51.37214,35.65094],[51.37174,35.65031],[51.37152,35.64995],[51.37119,35.6495],[51.37077,35.64902],[51.37029,35.64852],[51.36997,35.64813],[51.37024,35.64775],[51.37034,35.64739],[51.37018,35.64686],[51.36988,35.64615],[51.3697,35.64577],[51.36951,35.64541],[51.36931,35.64507],[51.36906,35.64473],[51.36878,35.64445],[51.36823,35.64395],[51.36768,35.64342],[51.36717,35.64301],[51.36768,35.64334],[51.36813,35.64376],[51.36868,35.64425],[51.36932,35.6448],[51.36963,35.64514],[51.36993,35.64552],[51.37017,35.64593],[51.3704,35.64636],[51.37059,35.64682],[51.37076,35.64732],[51.37093,35.64783],[51.37108,35.64831],[51.37126,35.64875],[51.37145,35.6492],[51.37164,35.64963],[51.37185,35.65004],[51.37208,35.65045],[51.37236,35.65088],[51.3727,35.65127],[51.37306,35.65162],[51.3734,35.65193],[51.37388,35.65235],[51.37416,35.65263],[51.37456,35.65288],[51.37498,35.65311],[51.37571,35.65344],[51.37614,35.6536],[51.37656,35.65376],[51.37703,35.65391],[51.37747,35.65404],[51.37791,35.65414],[51.37837,35.65422],[51.37892,35.65427],[51.37957,35.65432],[51.38002,35.65435],[51.38051,35.6544],[51.38097,35.65444],[51.38143,35.65445],[51.38185,35.65429],[51.38221,35.65398],[51.38252,35.65369],[51.38289,35.6534],[51.38332,35.6531],[51.38382,35.65284],[51.38434,35.65261],[51.38488,35.65236],[51.38542,35.6521],[51.38594,35.65184],[51.38647,35.65153],[51.38697,35.65123],[51.38747,35.65088],[51.38796,35.65054],[51.3884,35.65019],[51.38881,35.64984],[51.38921,35.6495],[51.38958,35.64917],[51.38992,35.64883],[51.39025,35.64845],[51.39059,35.64808],[51.39093,35.64767],[51.39126,35.64727],[51.39155,35.64687],[51.39182,35.64649],[51.39208,35.64614],[51.3923,35.6458],[51.39249,35.64544],[51.3927,35.6451],[51.39283,35.64472],[51.39288,35.64432],[51.39285,35.64394],[51.3927,35.6433],[51.39244,35.64267],[51.3921,35.64203],[51.39189,35.64167],[51.39166,35.64132],[51.39144,35.64094],[51.39127,35.64057],[51.39112,35.64017],[51.39098,35.63974],[51.39087,35.63927],[51.39082,35.63881],[51.39081,35.63841],[51.39075,35.63804],[51.39062,35.63768],[51.38999,35.63721],[51.38918,35.63707],[51.38854,35.63704],[51.38857,35.63663],[51.38899,35.63681],[51.3896,35.637],[51.39047,35.63719],[51.3909,35.63727],[51.39136,35.63736],[51.39183,35.63746],[51.3923,35.63757],[51.39304,35.63764],[51.39346,35.63781],[51.39293,35.63788],[51.39234,35.63777],[51.39176,35.63782],[51.39131,35.63814],[51.39114,35.63855],[51.3911,35.6391],[51.39115,35.63967],[51.39131,35.64037],[51.39146,35.64073],[51.3916,35.64112],[51.39181,35.6415],[51.39209,35.64187],[51.39231,35.6422],[51.3925,35.64256],[51.39267,35.64293],[51.39287,35.64334],[51.3931,35.64374],[51.39334,35.64415],[51.39356,35.64455],[51.39375,35.64495],[51.39392,35.64535],[51.39411,35.64573],[51.39434,35.64607],[51.39461,35.64642],[51.39491,35.64674],[51.39524,35.64708],[51.39561,35.64742],[51.39601,35.64774],[51.39644,35.64805],[51.39691,35.64836],[51.39734,35.64859],[51.39793,35.64894],[51.39833,35.64927],[51.3989,35.64948],[51.39951,35.64942],[51.40005,35.64935],[51.40054,35.6493],[51.40121,35.64924],[51.4019,35.64918],[51.40248,35.64908],[51.40312,35.64902],[51.404,35.64892],[51.40448,35.64887],[51.40497,35.64881],[51.40544,35.64876],[51.40592,35.64869],[51.40639,35.64865],[51.40683,35.64861],[51.40759,35.6485],[51.40823,35.64843],[51.40892,35.64835],[51.40971,35.64828],[51.41057,35.64819],[51.41102,35.64813],[51.41149,35.64808],[51.41193,35.64804],[51.41266,35.64796],[51.4133,35.64791],[51.41379,35.64786],[51.41444,35.64782],[51.41507,35.64778],[51.41561,35.64773],[51.41644,35.64762],[51.4169,35.64756],[51.41736,35.64753],[51.41788,35.64751],[51.41841,35.64744],[51.41891,35.64737],[51.41969,35.64725],[51.42013,35.64722],[51.42059,35.64717],[51.42115,35.64712],[51.4216,35.64704],[51.42213,35.64698],[51.42265,35.64688],[51.42312,35.64681],[51.42358,35.64675],[51.42407,35.64671],[51.42468,35.64661],[51.4254,35.64652],[51.42596,35.64648],[51.4266,35.64642],[51.42751,35.64634],[51.42802,35.6463],[51.42853,35.64623],[51.42901,35.64617],[51.42957,35.64607],[51.43005,35.64601],[51.43049,35.64597],[51.43097,35.6459],[51.43147,35.6458],[51.43206,35.64579],[51.43258,35.64571],[51.43304,35.64563],[51.43349,35.64554],[51.43383,35.64531],[51.43409,35.64494],[51.43426,35.64453],[51.43432,35.64417],[51.43452,35.64369],[51.43504,35.64359],[51.43564,35.64366],[51.43611,35.6437],[51.43665,35.64379],[51.43716,35.64386],[51.43762,35.64392],[51.43819,35.64389],[51.43833,35.64344],[51.43852,35.64282],[51.43863,35.64247],[51.43871,35.64209],[51.43881,35.64157],[51.43894,35.64108],[51.43908,35.64061],[51.4392,35.64016],[51.43933,35.63968],[51.43945,35.63919],[51.43959,35.63868],[51.43975,35.63816],[51.4399,35.63763],[51.44,35.63712],[51.44014,35.63664],[51.44029,35.63623],[51.44047,35.63563],[51.44061,35.63518],[51.44071,35.63476],[51.44084,35.63423],[51.44097,35.63382],[51.44109,35.63338],[51.44123,35.63276],[51.44141,35.63207],[51.44158,35.63139],[51.44176,35.6307],[51.44193,35.63003],[51.44213,35.6293],[51.44225,35.6289],[51.44235,35.6285],[51.44244,35.62814],[51.44257,35.62767],[51.44271,35.6272],[51.44282,35.62672],[51.443,35.62601],[51.4431,35.62561],[51.44319,35.62523],[51.44337,35.62454],[51.44348,35.62419],[51.4436,35.62383],[51.44371,35.62345],[51.44384,35.62306],[51.44395,35.62269],[51.44402,35.62232],[51.44413,35.62191],[51.44424,35.62147],[51.44435,35.62105],[51.44445,35.62062],[51.44456,35.6202],[51.44472,35.61961],[51.44467,35.61917],[51.44462,35.61875],[51.44505,35.6184],[51.44547,35.61851],[51.44596,35.61863],[51.44643,35.61866],[51.44689,35.6185],[51.44707,35.61816],[51.44714,35.61773],[51.4472,35.61735],[51.44734,35.61691],[51.44759,35.61639],[51.44779,35.61585],[51.44796,35.61544],[51.44842,35.61553],[51.44879,35.61581],[51.44926,35.61588],[51.44937,35.61548],[51.44986,35.61545],[51.45031,35.61552],[51.45077,35.61575],[51.4512,35.61586],[51.45159,35.61603],[51.45212,35.61617],[51.45258,35.61619],[51.45319,35.61627],[51.4537,35.61629],[51.45414,35.61615],[51.45418,35.61578],[51.45443,35.61548],[51.45478,35.61529],[51.45487,35.6153],[51.45492,35.61529],[51.45498,35.61527],[51.45506,35.61522],[51.45514,35.61519],[51.45522,35.61515],[51.45528,35.6151],[51.45534,35.61506],[51.45537,35.61502],[51.45539,35.61498],[51.45543,35.61494],[51.45545,35.61491],[51.45549,35.61491],[51.45551,35.61489],[51.45554,35.61483],[51.45563,35.61477],[51.45558,35.61465],[51.45558,35.61462],[51.45561,35.61462],[51.4557,35.61464],[51.45593,35.61472],[51.45628,35.61478],[51.45621,35.61462],[51.45624,35.61467],[51.45619,35.61467],[51.45618,35.61467],[51.45617,35.61468],[51.45613,35.61466],[51.45606,35.61465],[51.45611,35.61466],[51.45614,35.61467],[51.45615,35.61468],[51.45607,35.61468],[51.45603,35.61468],[51.456,35.61464],[51.45596,35.6146],[51.45601,35.61456],[51.45594,35.61457],[51.45597,35.61454],[51.45601,35.61451],[51.45599,35.61451],[51.45591,35.61454],[51.45595,35.61453],[51.45601,35.61457],[51.45602,35.6146],[51.45603,35.61462],[51.45602,35.61458],[51.45603,35.61463],[51.45603,35.61462],[51.45604,35.61464],[51.45606,35.61475],[51.45609,35.61437],[51.45621,35.61476],[51.4563,35.6152],[51.45633,35.61563],[51.45639,35.61615],[51.45648,35.61668],[51.45651,35.61713],[51.45658,35.61748],[51.4565,35.61763],[51.4565,35.618],[51.45605,35.61813],[51.4556,35.61815],[51.45491,35.61829],[51.45433,35.61833],[51.45384,35.6183],[51.45334,35.61827],[51.45276,35.61818],[51.45229,35.6182],[51.45182,35.61816],[51.45136,35.61834],[51.45102,35.61859],[51.45053,35.61864],[51.44998,35.61865],[51.44931,35.61857],[51.44879,35.6185],[51.44833,35.61845],[51.44796,35.6185],[51.44786,35.61843],[51.44733,35.61847],[51.44719,35.6181],[51.44762,35.6182],[51.44736,35.61856],[51.44723,35.61892],[51.44726,35.61901],[51.44739,35.61946],[51.44749,35.61982],[51.44768,35.62021],[51.44783,35.62056],[51.44736,35.62082],[51.44661,35.62081],[51.44596,35.62079],[51.44528,35.62076],[51.44475,35.62071],[51.44452,35.6211],[51.44437,35.62166],[51.44416,35.62237],[51.44407,35.62274],[51.44391,35.62337],[51.44375,35.62385],[51.44362,35.62433],[51.44356,35.62474],[51.44335,35.62526],[51.44317,35.62583],[51.44299,35.62654],[51.44289,35.62692],[51.44279,35.6273],[51.44267,35.6279],[51.44257,35.62855],[51.4424,35.62925],[51.44231,35.62963],[51.44222,35.63],[51.44217,35.63054],[51.44269,35.63076],[51.44358,35.63075],[51.44412,35.63023],[51.44407,35.62986],[51.44379,35.62957],[51.443,35.62935],[51.44254,35.62928],[51.44205,35.6292],[51.44152,35.6291],[51.44098,35.62898],[51.44048,35.62886],[51.43972,35.62866],[51.4389,35.62846],[51.43843,35.62834],[51.43794,35.6282],[51.43748,35.62808],[51.437,35.62793],[51.43652,35.62778],[51.43602,35.62761],[51.43549,35.62743],[51.43493,35.62723],[51.43436,35.627],[51.43379,35.62677],[51.43321,35.62653],[51.43265,35.62629],[51.43208,35.62604],[51.43149,35.62577],[51.43091,35.62549],[51.43033,35.62519],[51.42977,35.62489],[51.42922,35.62459],[51.4287,35.62429],[51.42821,35.62399],[51.42777,35.62369],[51.42735,35.62339],[51.42694,35.62308],[51.42651,35.62276],[51.42606,35.62244],[51.42563,35.62213],[51.42528,35.62186],[51.42494,35.62159],[51.42457,35.62132],[51.42421,35.62104],[51.42385,35.62076],[51.42351,35.62047],[51.42318,35.62018],[51.42282,35.61988],[51.42245,35.61956],[51.42208,35.61926],[51.42172,35.61896],[51.42137,35.61868],[51.42103,35.61842],[51.42066,35.61817],[51.4203,35.61793],[51.41992,35.6177],[51.41956,35.61748],[51.41886,35.61715],[51.41813,35.6169],[51.41741,35.61673],[51.41654,35.61676],[51.41571,35.61701],[51.4149,35.61712],[51.41428,35.61709],[51.41399,35.61747],[51.4139,35.61789],[51.41383,35.61825],[51.41372,35.61867],[51.41357,35.61923],[51.41339,35.61987],[51.41322,35.62049],[51.41305,35.62115],[51.41289,35.62176],[51.41278,35.62215],[51.41269,35.62254],[51.41256,35.62294],[51.41244,35.6235],[51.41227,35.62404],[51.41209,35.62469],[51.41197,35.62518],[51.41186,35.62561],[51.4117,35.62603],[51.41159,35.6265],[51.41146,35.62702],[51.41128,35.62772],[51.41118,35.62808],[51.41116,35.62862],[51.41106,35.629],[51.41081,35.62971],[51.41069,35.63007],[51.41049,35.63074],[51.4104,35.6311],[51.41022,35.63172],[51.41016,35.63212],[51.41029,35.63257],[51.41037,35.63298],[51.41047,35.63337],[51.41103,35.63352],[51.41156,35.63353],[51.41219,35.63354],[51.41253,35.63329],[51.41267,35.6329],[51.41273,35.63247],[51.41285,35.63206],[51.41289,35.63167],[51.41298,35.63127],[51.41305,35.63086],[51.41314,35.63039],[51.41327,35.62996],[51.41337,35.62968],[51.41321,35.62949],[51.41326,35.62984],[51.41342,35.62937],[51.41352,35.62889],[51.41359,35.62849],[51.41351,35.62889],[51.41353,35.62888],[51.41355,35.62885],[51.41365,35.62827],[51.41371,35.62765],[51.41374,35.62728],[51.41372,35.62689],[51.4134,35.62659],[51.41293,35.62652],[51.41225,35.6264],[51.41179,35.6263],[51.41154,35.62676],[51.41139,35.62727],[51.41123,35.62787],[51.41103,35.62854],[51.41091,35.62893],[51.41081,35.62935],[51.41071,35.62972],[51.41061,35.6301],[51.41047,35.63063],[51.41039,35.63099],[51.41026,35.63146],[51.41016,35.63195],[51.4102,35.6324],[51.41033,35.63293],[51.41034,35.63332],[51.41028,35.63384],[51.41034,35.63427],[51.41042,35.6348],[51.4105,35.63529],[51.41058,35.6357],[51.41064,35.63611],[51.41072,35.6365],[51.41079,35.63699],[51.41089,35.63751],[51.41094,35.63788],[51.41102,35.63836],[51.4111,35.63882],[51.41118,35.6393],[51.41128,35.63975],[51.41154,35.63976],[51.41152,35.63996],[51.41155,35.6399],[51.41159,35.63979],[51.41117,35.63967],[51.41113,35.6393],[51.41106,35.63891],[51.41097,35.63843],[51.4109,35.63803],[51.41083,35.63784],[51.41083,35.63795],[51.41088,35.638],[51.41092,35.63812],[51.41078,35.63798],[51.41086,35.63796],[51.41087,35.63793],[51.41087,35.63788],[51.41074,35.63751],[51.41026,35.63755],[51.40967,35.63762],[51.40921,35.6377],[51.40857,35.63777],[51.40811,35.63786],[51.40765,35.63791],[51.40719,35.63788],[51.40675,35.63783],[51.40632,35.6379],[51.40571,35.63796],[51.40524,35.638],[51.40455,35.63806],[51.40409,35.63815],[51.40403,35.63851],[51.40408,35.63905],[51.40407,35.63945],[51.40407,35.63984],[51.40421,35.64019],[51.40429,35.64059],[51.40423,35.64077],[51.40418,35.64073],[51.40404,35.64085],[51.40414,35.6407],[51.40365,35.64073],[51.40317,35.64081],[51.40266,35.64092],[51.4022,35.64086],[51.40153,35.64095],[51.4008,35.64098],[51.4002,35.64103],[51.39973,35.6411],[51.39925,35.64121],[51.39866,35.6414],[51.39812,35.64134],[51.3976,35.6414],[51.39708,35.64149],[51.39641,35.64158],[51.39588,35.64157],[51.39534,35.64155],[51.39487,35.64164],[51.39437,35.64169],[51.39413,35.64131],[51.3941,35.64082],[51.39388,35.64049],[51.39343,35.64042],[51.39317,35.64047],[51.39304,35.64055],[51.39311,35.64052],[51.39304,35.64045],[51.39297,35.64042],[51.39303,35.64046],[51.39309,35.64039],[51.39341,35.64005],[51.39369,35.63976],[51.39379,35.63936],[51.39377,35.63881],[51.39374,35.63834],[51.39395,35.638],[51.39441,35.63789],[51.39489,35.63784],[51.39532,35.63768],[51.39586,35.63762],[51.39625,35.63762],[51.39598,35.63772],[51.39603,35.63765],[51.39602,35.63757],[51.39612,35.63757],[51.39599,35.63774],[51.39639,35.63759],[51.39662,35.63741],[51.39698,35.63763],[51.39707,35.63752],[51.39711,35.63747],[51.39713,35.63743],[51.39691,35.63775],[51.39684,35.63791],[51.3971,35.6376],[51.39721,35.63725],[51.39707,35.63758],[51.39715,35.63746],[51.3976,35.6375],[51.39809,35.6375],[51.39845,35.63723],[51.3986,35.63687],[51.399,35.63652],[51.39949,35.6364],[51.40008,35.63622],[51.40054,35.636],[51.40111,35.63574],[51.40157,35.63563],[51.40195,35.63537],[51.40206,35.635],[51.40207,35.63457],[51.40162,35.63404],[51.40133,35.63373],[51.40159,35.63326],[51.40194,35.633],[51.4024,35.63285],[51.40287,35.63279],[51.40334,35.6327],[51.40384,35.63276],[51.40431,35.63265],[51.4048,35.63243],[51.40536,35.6322],[51.40599,35.63223],[51.40662,35.63231],[51.40713,35.63228],[51.4076,35.63213],[51.40795,35.6319],[51.40826,35.63228],[51.40841,35.63267],[51.40817,35.63296],[51.40805,35.63307],[51.40822,35.63283],[51.40791,35.63315],[51.40845,35.63292],[51.40803,35.63297],[51.40792,35.63297],[51.40825,35.63281],[51.40841,35.63278],[51.40847,35.63284],[51.40846,35.63284],[51.40843,35.63285],[51.40844,35.63284],[51.40842,35.63289],[51.40844,35.63293],[51.40902,35.63281],[51.40952,35.63271],[51.41011,35.63264],[51.41031,35.63318],[51.4103,35.63354],[51.41031,35.63391],[51.41037,35.63435],[51.41043,35.63489],[51.4105,35.63532],[51.41056,35.63571],[51.41062,35.63614],[51.41065,35.63652],[51.41075,35.63709],[51.41085,35.63765],[51.41094,35.63821],[51.41101,35.63869],[51.41107,35.63906],[51.41116,35.63951],[51.41124,35.63995],[51.41134,35.64041],[51.41145,35.64095],[51.41154,35.64148],[51.4116,35.64191],[51.41165,35.64233],[51.41172,35.64273],[51.41181,35.64331],[51.41193,35.64401],[51.41203,35.64463],[51.41211,35.6451],[51.41221,35.64547],[51.41232,35.64605],[51.41239,35.64642],[51.41246,35.64682],[51.41257,35.64747],[51.41287,35.64774],[51.4134,35.64769],[51.41393,35.64763],[51.41449,35.64763],[51.41495,35.6476],[51.41431,35.64786],[51.41364,35.64795],[51.41314,35.64799],[51.41269,35.64805],[51.41204,35.64811],[51.41152,35.64816],[51.41098,35.64822],[51.4104,35.64828],[51.40983,35.64835],[51.40932,35.6484],[51.40889,35.64848],[51.40838,35.64857],[51.40781,35.64862],[51.40699,35.64869],[51.40653,35.64872],[51.40606,35.64877],[51.40557,35.64882],[51.40504,35.64889],[51.40449,35.64894],[51.40396,35.64899],[51.40343,35.64905],[51.4029,35.6491],[51.40238,35.64916],[51.40188,35.64921],[51.4014,35.64927],[51.40091,35.64932],[51.40044,35.64937],[51.39998,35.64942],[51.39919,35.64952],[51.39852,35.64959],[51.39797,35.64963],[51.39765,35.64933],[51.39718,35.64964],[51.3968,35.65015],[51.39646,35.65059],[51.39613,35.65102],[51.39587,35.6514],[51.39557,35.65183],[51.39525,35.65221],[51.39503,35.65255],[51.39479,35.65288],[51.39448,35.65329],[51.39417,35.65357],[51.39386,35.65392],[51.39361,35.65429],[51.39334,35.65471],[51.39301,35.65517],[51.39275,35.65555],[51.39249,35.65594],[51.39223,35.6563],[51.392,35.65662],[51.39171,35.65697],[51.39146,35.65729],[51.39127,35.65764],[51.39117,35.658],[51.39076,35.65814],[51.39014,35.65818],[51.38963,35.65807],[51.38908,35.65787],[51.38862,35.65777],[51.38796,35.65775],[51.38737,35.65774],[51.38678,35.65764],[51.38627,35.6576],[51.38635,35.65724],[51.38659,35.65715],[51.38639,35.65721],[51.38667,35.65684],[51.3869,35.6565],[51.38716,35.65617],[51.3874,35.65573],[51.38766,35.65537],[51.38797,35.65499],[51.38824,35.65462],[51.38846,35.65428],[51.38875,35.65396],[51.38898,35.65358],[51.38924,35.65319],[51.38952,35.65283],[51.38976,35.65251],[51.39001,35.65212],[51.39023,35.65179],[51.39044,35.65147],[51.39074,35.65112],[51.39101,35.65076],[51.39128,35.65036],[51.39155,35.64997],[51.39177,35.64962],[51.39211,35.64923],[51.39239,35.64889],[51.39268,35.64851],[51.39295,35.64811],[51.39328,35.64764],[51.39361,35.64716],[51.3939,35.64688],[51.3944,35.6471],[51.39455,35.64668],[51.39426,35.64633],[51.39391,35.6459],[51.39366,35.64542],[51.39346,35.645],[51.39382,35.64531],[51.3941,35.64575],[51.39441,35.64616],[51.39482,35.64664],[51.39536,35.64711],[51.39568,35.64736],[51.39604,35.64763],[51.39643,35.6479],[51.39684,35.64817],[51.39726,35.64846],[51.39763,35.64871],[51.39804,35.64899],[51.39837,35.64929],[51.39878,35.64947],[51.39957,35.64942],[51.40004,35.64937],[51.40054,35.64932],[51.40106,35.64925],[51.40159,35.64918],[51.40205,35.64913],[51.4029,35.64903],[51.40376,35.6489],[51.4042,35.64885],[51.40501,35.64878],[51.40585,35.64869],[51.40634,35.64864],[51.40687,35.64858],[51.40738,35.64851],[51.40785,35.64844],[51.40867,35.64834],[51.40912,35.64829],[51.40959,35.64824],[51.41008,35.64819],[51.41056,35.64815],[51.41105,35.6481],[51.41152,35.64805],[51.412,35.64801],[51.41248,35.64795],[51.41294,35.64789],[51.41345,35.64783],[51.41399,35.64777],[51.41453,35.64771],[51.4151,35.64765],[51.41563,35.64759],[51.41613,35.64753],[51.41665,35.64748],[51.41714,35.64745],[51.41761,35.64745],[51.41805,35.64742],[51.4185,35.64737],[51.41895,35.64729],[51.41968,35.64716],[51.42034,35.64708],[51.42081,35.64703],[51.42135,35.64695],[51.42192,35.6469],[51.42247,35.64684],[51.42311,35.64678],[51.42371,35.64673],[51.42445,35.64663],[51.4249,35.64658],[51.42535,35.64654],[51.42579,35.64649],[51.42661,35.64641],[51.42735,35.64632],[51.42804,35.64626],[51.42865,35.6462],[51.42912,35.64613],[51.42964,35.64607],[51.4301,35.64601],[51.43058,35.64591],[51.43113,35.64584],[51.43172,35.6458],[51.43233,35.64572],[51.43287,35.64567],[51.43349,35.6456],[51.43305,35.64583],[51.43243,35.6459],[51.43182,35.64601],[51.43119,35.64608],[51.4306,35.64614],[51.43015,35.6463],[51.4302,35.64667],[51.43024,35.64729],[51.43027,35.64766],[51.4303,35.64837],[51.43031,35.64874],[51.43032,35.64941],[51.43033,35.64999],[51.43035,35.65047],[51.43036,35.65092],[51.43043,35.65135],[51.43045,35.65196],[51.43046,35.65257],[51.43048,35.65303],[51.43053,35.65342],[51.4305,35.6539],[51.43056,35.65437],[51.43063,35.65481],[51.4306,35.65521],[51.43058,35.65561],[51.43026,35.65589],[51.42981,35.65602],[51.42949,35.6563],[51.42903,35.65643],[51.42854,35.65662],[51.42814,35.65683],[51.42781,35.65681],[51.42799,35.65685],[51.42752,35.65694],[51.42696,35.6571],[51.42642,35.65723],[51.42596,35.65732],[51.42547,35.65744],[51.42531,35.65781],[51.42541,35.658],[51.42536,35.65804],[51.4254,35.65796],[51.42538,35.65797],[51.4254,35.65794],[51.42536,35.65798],[51.4256,35.65837],[51.42592,35.65881],[51.42619,35.65925],[51.42658,35.65948],[51.42712,35.65953],[51.42783,35.65956],[51.42862,35.65963],[51.42927,35.65968],[51.42977,35.65973],[51.43028,35.65981],[51.4308,35.65966],[51.43101,35.66001],[51.43114,35.66038],[51.43141,35.66089],[51.43171,35.66137],[51.43198,35.66187],[51.43231,35.66244],[51.43262,35.66299],[51.43287,35.66342],[51.43304,35.66378],[51.43327,35.6642],[51.43346,35.66454],[51.43375,35.66505],[51.43402,35.6655],[51.43426,35.66594],[51.43447,35.66634],[51.43467,35.66671],[51.43485,35.66704],[51.43511,35.6675],[51.43532,35.66789],[51.43557,35.66833],[51.43579,35.66874],[51.43601,35.66909],[51.43626,35.66947],[51.4365,35.66981],[51.43665,35.67021],[51.43683,35.67067],[51.43701,35.67107],[51.43725,35.67157],[51.43739,35.67192],[51.43765,35.67227],[51.4378,35.67262],[51.43793,35.67298],[51.43838,35.67319],[51.43893,35.67335],[51.4396,35.67349],[51.44016,35.67362],[51.44067,35.67375],[51.4412,35.67385],[51.44181,35.67396],[51.4424,35.67406],[51.44313,35.67403],[51.44389,35.67402],[51.44434,35.67399],[51.44479,35.67393],[51.44525,35.67386],[51.4457,35.67377],[51.44649,35.67359],[51.44694,35.6735],[51.4474,35.67342],[51.44787,35.67333],[51.44833,35.67324],[51.44914,35.67308],[51.44988,35.67295],[51.45061,35.67276],[51.45104,35.67268],[51.45148,35.6726],[51.45231,35.67238],[51.45315,35.67217],[51.45363,35.67206],[51.45411,35.67198],[51.45465,35.67193],[51.4552,35.67188],[51.4557,35.67185],[51.45618,35.67181],[51.45663,35.67177],[51.45751,35.67166],[51.45801,35.67162],[51.45856,35.67156],[51.45912,35.67146],[51.4597,35.67137],[51.46028,35.67128],[51.46086,35.67117],[51.46148,35.67109],[51.46204,35.67103],[51.46254,35.67095],[51.46301,35.67081],[51.46342,35.6706],[51.46379,35.67036],[51.46423,35.67014],[51.46471,35.66999],[51.46518,35.66994],[51.46568,35.66998],[51.46622,35.67004],[51.46679,35.67004],[51.46734,35.66995],[51.46791,35.66985],[51.4685,35.66975],[51.4691,35.66965],[51.46967,35.66959],[51.47023,35.6695],[51.47077,35.66941],[51.4713,35.66933],[51.47195,35.66923],[51.47195,35.66924],[51.4724,35.66919],[51.47308,35.66907],[51.47352,35.66901],[51.47399,35.66894],[51.47445,35.66886],[51.47493,35.66878],[51.47546,35.66869],[51.47602,35.66861],[51.47661,35.66853],[51.47722,35.66844],[51.47785,35.66836],[51.47846,35.66828],[51.47907,35.66819],[51.47969,35.6681],[51.48031,35.66803],[51.48096,35.66795],[51.48157,35.66788],[51.48214,35.6678],[51.48262,35.66772],[51.48333,35.66762],[51.48399,35.66751],[51.48468,35.66742],[51.48551,35.66735],[51.48597,35.6673],[51.48646,35.66724],[51.48696,35.66716],[51.48745,35.6671],[51.48794,35.66706],[51.48848,35.66702],[51.48901,35.66696],[51.4895,35.66688],[51.48995,35.66678],[51.49055,35.66668],[51.49099,35.66663],[51.49041,35.6668],[51.48964,35.66693],[51.48917,35.66699],[51.48865,35.66706],[51.48812,35.66714],[51.48764,35.66721],[51.48706,35.66745],[51.48698,35.66782],[51.4871,35.66837],[51.48725,35.66909],[51.48732,35.66945],[51.48739,35.66983],[51.48748,35.67023],[51.48756,35.67065],[51.48767,35.6711],[51.48777,35.67155],[51.48788,35.67196],[51.48797,35.67233],[51.4881,35.67288],[51.48839,35.67347],[51.48883,35.67395],[51.48936,35.67444],[51.48965,35.67473],[51.48996,35.67502],[51.49028,35.67532],[51.49057,35.6756],[51.4909,35.67622],[51.49093,35.67679],[51.49091,35.67725],[51.49087,35.67772],[51.49085,35.67834],[51.49086,35.67889],[51.49087,35.67927],[51.49087,35.67965],[51.49093,35.68008],[51.49095,35.68051],[51.49095,35.68107],[51.49095,35.6815],[51.49096,35.68201],[51.49096,35.68241],[51.49094,35.68293],[51.49097,35.68344],[51.491,35.68401],[51.49099,35.68453],[51.491,35.68499],[51.49103,35.68555],[51.49104,35.68608],[51.49106,35.68668],[51.49108,35.6873],[51.49109,35.68788],[51.49107,35.68827],[51.49104,35.68867],[51.49103,35.68917],[51.49106,35.68977],[51.49108,35.69026],[51.4911,35.69075],[51.4911,35.69117],[51.49111,35.6916],[51.49112,35.69208],[51.49113,35.69245],[51.49142,35.6928],[51.49198,35.69285],[51.49248,35.69289],[51.49305,35.69263],[51.49328,35.69227],[51.49369,35.69194],[51.49441,35.69196],[51.49471,35.6925],[51.49478,35.69286],[51.49491,35.69322],[51.49512,35.69357],[51.4954,35.69389],[51.49565,35.69421],[51.49591,35.69452],[51.49617,35.69483],[51.49645,35.69516],[51.49674,35.69549],[51.49705,35.69581],[51.49737,35.69614],[51.49768,35.69648],[51.498,35.69678],[51.49831,35.69707],[51.49856,35.69742],[51.49894,35.69799],[51.4993,35.6985],[51.49977,35.69904],[51.50024,35.69958],[51.5007,35.70015],[51.50092,35.7005],[51.50115,35.70085],[51.50139,35.7012],[51.50167,35.70155],[51.50203,35.70187],[51.50249,35.70213],[51.50304,35.7023],[51.50361,35.70237],[51.50416,35.70236],[51.50489,35.70238],[51.50533,35.70248],[51.5057,35.70272],[51.50616,35.703],[51.50659,35.70331],[51.50713,35.70369],[51.5075,35.70395],[51.50795,35.70422],[51.50868,35.7045],[51.50915,35.70467],[51.50963,35.70485],[51.51012,35.70507],[51.51062,35.70532],[51.51112,35.70558],[51.51161,35.70583],[51.51206,35.70605],[51.51268,35.70643],[51.51299,35.70699],[51.51297,35.70765],[51.51283,35.708],[51.51266,35.70838],[51.51249,35.70877],[51.51232,35.70916],[51.51215,35.70956],[51.51196,35.70996],[51.51177,35.71036],[51.51159,35.71078],[51.51141,35.7112],[51.51123,35.71163],[51.51107,35.71207],[51.51097,35.71249],[51.51099,35.71291],[51.51107,35.71332],[51.51121,35.71371],[51.51143,35.71418],[51.5116,35.71456],[51.51174,35.71509],[51.51185,35.71569],[51.51194,35.71608],[51.51202,35.7165],[51.51207,35.71705],[51.51215,35.71758],[51.51231,35.71812],[51.51256,35.71865],[51.513,35.7193],[51.51324,35.7196],[51.51354,35.71991],[51.5139,35.72019],[51.51431,35.72045],[51.51476,35.72068],[51.51523,35.72088],[51.51573,35.72107],[51.51621,35.72118],[51.51671,35.72128],[51.51722,35.72134],[51.5177,35.72137],[51.51845,35.72143],[51.51909,35.72144],[51.51953,35.72149],[51.52033,35.72152],[51.52122,35.72155],[51.52166,35.72161],[51.52206,35.72175],[51.5227,35.72216],[51.52309,35.7226],[51.52334,35.72308],[51.52353,35.72346],[51.52384,35.72378],[51.52432,35.72387],[51.52505,35.72392],[51.52565,35.72391],[51.52615,35.72397],[51.52682,35.724],[51.52731,35.72406],[51.5278,35.72408],[51.52844,35.72411],[51.52911,35.72417],[51.52986,35.7242],[51.53061,35.72428],[51.53146,35.72437],[51.53193,35.72441],[51.5324,35.72444],[51.53286,35.72447],[51.53334,35.72451],[51.53385,35.72452],[51.53435,35.72453],[51.53481,35.72456],[51.53526,35.72459],[51.53572,35.72462],[51.53617,35.72464],[51.53662,35.72467],[51.53744,35.72475],[51.5382,35.72482],[51.53906,35.72489],[51.53996,35.72496],[51.54046,35.72499],[51.54099,35.72501],[51.54154,35.72505],[51.5421,35.72507],[51.54267,35.7251],[51.54325,35.72513],[51.54384,35.72519],[51.54444,35.72523],[51.54505,35.72529],[51.54566,35.72532],[51.54628,35.72537],[51.54691,35.7254],[51.54754,35.72545],[51.5482,35.7255],[51.54885,35.72555],[51.54951,35.72559],[51.55016,35.72563],[51.55081,35.72569],[51.55138,35.72573],[51.55186,35.72576],[51.55263,35.72581],[51.55318,35.72585],[51.55272,35.72593],[51.55223,35.7259],[51.55165,35.7259],[51.55107,35.72599],[51.55067,35.72627],[51.55088,35.72662],[51.55136,35.72687],[51.55197,35.72721],[51.55245,35.72752],[51.55291,35.72781],[51.55331,35.72803],[51.55377,35.72824],[51.55424,35.72858],[51.55469,35.72872],[51.55475,35.7291],[51.55442,35.72944],[51.5541,35.72979],[51.55407,35.73],[51.55412,35.72995],[51.55394,35.72983],[51.55387,35.72986],[51.55404,35.72982],[51.55394,35.72983],[51.55389,35.7298],[51.55407,35.7298],[51.55401,35.72975],[51.554,35.72977],[51.55395,35.72978],[51.55383,35.7298],[51.55396,35.72985],[51.55434,35.73011],[51.55459,35.73016],[51.55454,35.73009],[51.55434,35.72995]]]}},{"type":"Feature","properties":{"route":6,"color":"#e11d48","times":[[21247,21307,21367],[23232,23292,23352,23412,23472,23532,23592,23652,23712,23772,23832,23892,23901,23907,23913,23919,23925,23931,23943,23949,23955,23961,23967,23976,23982,23985,23988,23991,23994,23997,24000,24003,24006,24009,24012,24015,24018,24021,24024,24027,24030,24033,24036,24039,24042,24045,24048,24051,24054,24057,24060,24063,24066,24069,24075,24078,24081,24084,24087,24090,24093,24096,24099,24102,24108,24114,24120,24153,24165,24204,24219,24234,24249,24273,24297,24333,24375,24387,24396,24408,24414,24420,24438,24444,24450,24456,24462,24465,24468,24471,24474,24477,24480,24483,24486,24489,24492,24495,24498,24501,24504,24507,24510,24513,24516,24519,24522,24525,24528,24531,24534,24537,24540,24543,24546,24549,24552,24555,24558,24561,24564,24567,24570,24573,24576,24579,24582,24585,24588,24591,24594,24597,24600,24603,24606,24609,24612,24615,24618,24621,24624,24627,24630,24633,24636,24639,24642,24645,24648,24651,24654,24657,24660,24663,24666,24669,24672,24675,24678,24681,24684,24687,24690,24693,24696,24699,24702,24705,24708,24711,24714,24717,24720,24723,24729,24735,24741,24750,24762,24777,24789,24798,24810,24825,24834,24843,24849,24855,24861,24867,24873,24924,24930,24936,24942,24948,24954,24960,24969,24975,24987,25044,25059,25065,25071,25077,25089,25101,25107,25113,25119,25125,25152,25158,25164,25170,25176,25182,25191,25203,25212,25218,25224,25230,25239,25248,25254,25263,25272,25281,25299,25317,25338,25359,25377,25389,25404,25431,25443,25449,25455,25461,25467,25473,25479,25485,25491,25497,25500,25503,25506,25509,25512,25515,25518,25521,25524,25527,25530,25533,25536,25539,25542,25545,25548,25551,25554,25557,25560,25566,25575,25593,25599,25602,25605,25608,25611,25614,25617,25620,25623,25626,25629,25632,25635,25638,25641,25647,25653,25659,25665,25668,25671,25674,25677,25680,25683,25686,25689,25692,25695,25698,25704,25710,25716,25728,25740,25752,25764,25791,25803,25815,25824,25833,25845,25854,25863,25872,25878,25884,25890,25893,25896,25899,25902,25905,25908,25911,25914,25917,25920,25923,25926,25929,25932,25935,25938,25941,25944,25947,25950,25953,25956,25959,25962,25965,25968,25971,25974,25977,25980,25983,25986,25989,25992,25995,25998,26001,26004,26007,26010,26013,26016,26019,26022,26025,26028,26031,26034,26037,26040,26043,26046,26049,26052,26055,26058,26061,26064,26067,26070,26073,26076,26079,26082,26085,26088,26091,26094,26097,26100,26103,26106,26109,26112,26115,26118,26121,26124,26127,26130,26133,26136,26139,26142,26148,26154,26160,26166,26169,26172,26175,26178,26181,26184,26187,26190,26193,26196,26199,26202,26205,26208,26211,26214,26217,26220,26223,26229,26235,26241,26244,26247,26250,26253,26256,26259,26262,26265,26268,26271,26274,26277,26280,26283,26286,26289,26292,26295,26298,26301,26304,26307,26310,26313,26316,26319,26322,26325,26331,26337,26343,26349,26355,26361,26367,26373,26379,26391,26397,26403,26406,26412,26418,26421,26424,26427,26430,26436,26442,26448,26454,26460,26466,26469,26472,26475,26481,26487,26493,26499,26505,26511,26517,26520,26523,26526,26529,26532,26535,26538,26541,26544,26547,26550,26553,26556,26559,26562,26565,26568,26571,26574,26577,26580,26583,26586,26589,26592,26595,26598,26604,26610,26616,26619,26622,26628,26631,26634,26637,26640,26643,26646,26649,26652,26658]],"type":"access_route","source":"recorded_gps_prefix"},"geometry":{"type":"MultiLineString","coordinates":[[[51.55585,35.73241],[51.55564,35.73231],[51.55549,35.73233]],[[51.5539,35.7296],[51.55421,35.72971],[51.55418,35.72991],[51.55413,35.72993],[51.55419,35.73003],[51.55414,35.72992],[51.55407,35.72994],[51.55407,35.72997],[51.55408,35.7299],[51.5542,35.72996],[51.55423,35.72985],[51.5545,35.72941],[51.55474,35.72906],[51.55507,35.72869],[51.55553,35.72815],[51.55603,35.7276],[51.55652,35.72706],[51.55686,35.72671],[51.55636,35.72643],[51.55566,35.72628],[51.55503,35.72618],[51.55433,35.72608],[51.55375,35.72603],[51.55307,35.72599],[51.55222,35.72592],[51.55173,35.72588],[51.55119,35.72584],[51.55058,35.72578],[51.54999,35.72573],[51.54938,35.72567],[51.54873,35.72563],[51.54807,35.72558],[51.54739,35.72554],[51.54673,35.72551],[51.5461,35.72549],[51.54546,35.72547],[51.54487,35.72544],[51.54435,35.7254],[51.54386,35.72536],[51.5434,35.72534],[51.54294,35.7253],[51.54245,35.72523],[51.54191,35.72519],[51.54138,35.72514],[51.54083,35.72513],[51.54027,35.72508],[51.53969,35.72503],[51.5391,35.72499],[51.53851,35.72496],[51.53797,35.72495],[51.53744,35.72493],[51.53691,35.72491],[51.53641,35.72488],[51.53596,35.72483],[51.53506,35.72474],[51.53456,35.72471],[51.53404,35.72469],[51.53353,35.72468],[51.53302,35.72465],[51.53254,35.7246],[51.53206,35.72456],[51.53155,35.72451],[51.53105,35.72448],[51.53059,35.72444],[51.52974,35.72438],[51.52895,35.72433],[51.52847,35.72428],[51.52799,35.72426],[51.52747,35.72418],[51.5269,35.72421],[51.52635,35.72411],[51.5258,35.72409],[51.5253,35.72402],[51.52484,35.72402],[51.52433,35.72399],[51.52385,35.72404],[51.52361,35.72371],[51.52346,35.72334],[51.52323,35.72293],[51.52291,35.72263],[51.52236,35.72256],[51.52192,35.72251],[51.52133,35.72244],[51.52079,35.72236],[51.52024,35.72226],[51.5196,35.72218],[51.51873,35.72211],[51.5182,35.72207],[51.51763,35.722],[51.51703,35.72192],[51.5164,35.7218],[51.51578,35.72163],[51.5152,35.72142],[51.51463,35.72117],[51.51409,35.72089],[51.51355,35.72057],[51.51302,35.72022],[51.51252,35.71983],[51.51206,35.71942],[51.51165,35.71899],[51.51121,35.71856],[51.51079,35.71812],[51.51035,35.71769],[51.5099,35.71722],[51.50944,35.71675],[51.50899,35.71629],[51.50857,35.71584],[51.50816,35.7154],[51.50776,35.71494],[51.50737,35.71446],[51.50699,35.71401],[51.5066,35.71355],[51.50624,35.71312],[51.50588,35.71269],[51.50555,35.71229],[51.50518,35.71184],[51.50485,35.71137],[51.50459,35.71094],[51.50436,35.7105],[51.50414,35.71001],[51.50393,35.70952],[51.50372,35.70901],[51.50352,35.70849],[51.50331,35.70795],[51.50308,35.7074],[51.50285,35.70687],[51.50261,35.70633],[51.50235,35.70581],[51.50212,35.70531],[51.50188,35.70478],[51.50164,35.70428],[51.50138,35.70376],[51.50113,35.70318],[51.50088,35.70259],[51.50066,35.70203],[51.50043,35.70145],[51.50019,35.70089],[51.49991,35.70036],[51.49959,35.69985],[51.49927,35.69933],[51.49893,35.69881],[51.49858,35.69831],[51.4982,35.69783],[51.49782,35.6974],[51.49745,35.69698],[51.4971,35.69654],[51.49676,35.69613],[51.49642,35.69572],[51.49609,35.69528],[51.49574,35.69486],[51.49539,35.69443],[51.49502,35.694],[51.49465,35.69352],[51.4943,35.69309],[51.49397,35.69263],[51.49368,35.69215],[51.49347,35.6917],[51.4933,35.69122],[51.49316,35.69076],[51.493,35.69029],[51.49289,35.68983],[51.49283,35.68939],[51.49279,35.68894],[51.49275,35.68848],[51.49272,35.688],[51.49271,35.68749],[51.4927,35.687],[51.49271,35.68652],[51.49269,35.68603],[51.49267,35.68557],[51.49265,35.68516],[51.49264,35.68477],[51.49264,35.68436],[51.49263,35.68397],[51.49262,35.68329],[51.49262,35.68271],[51.4926,35.68226],[51.49262,35.68182],[51.49258,35.68144],[51.49246,35.68099],[51.49246,35.6806],[51.49244,35.68018],[51.49243,35.67979],[51.49239,35.67937],[51.49237,35.67898],[51.49241,35.67856],[51.4924,35.67809],[51.49241,35.67756],[51.49238,35.67692],[51.49236,35.67633],[51.49234,35.6759],[51.4923,35.67548],[51.49228,35.6751],[51.49228,35.67451],[51.49222,35.67387],[51.49222,35.67318],[51.49218,35.67258],[51.49209,35.67216],[51.49208,35.67162],[51.49211,35.6712],[51.49209,35.67078],[51.49215,35.67039],[51.49217,35.66988],[51.49215,35.6694],[51.49214,35.66886],[51.49211,35.66844],[51.49206,35.66808],[51.49203,35.6676],[51.49197,35.6672],[51.49184,35.66673],[51.49166,35.66611],[51.49147,35.66557],[51.49135,35.66514],[51.49122,35.66471],[51.49104,35.66418],[51.49085,35.6636],[51.49062,35.66298],[51.49046,35.66244],[51.4903,35.662],[51.49014,35.66165],[51.48995,35.6611],[51.48982,35.66072],[51.48971,35.66032],[51.48959,35.6599],[51.48941,35.65941],[51.48924,35.65898],[51.48911,35.65863],[51.48897,35.65821],[51.48881,35.65784],[51.48854,35.65747],[51.48828,35.65715],[51.48804,35.6568],[51.48784,35.65643],[51.48782,35.65606],[51.48781,35.65564],[51.48783,35.65528],[51.48774,35.6549],[51.48768,35.65452],[51.48754,35.65416],[51.48738,35.65369],[51.48717,35.6531],[51.48696,35.65252],[51.48676,35.65194],[51.48654,35.65137],[51.48634,35.65081],[51.4861,35.65014],[51.48593,35.64952],[51.4857,35.64883],[51.4856,35.64842],[51.48547,35.64804],[51.48534,35.64766],[51.48522,35.64729],[51.48513,35.64692],[51.48506,35.64652],[51.48499,35.64611],[51.48492,35.64566],[51.48488,35.64519],[51.48482,35.64472],[51.48475,35.64426],[51.48467,35.64377],[51.48459,35.6433],[51.48453,35.64285],[51.48448,35.64238],[51.48441,35.64192],[51.48433,35.64142],[51.48427,35.64092],[51.48423,35.64046],[51.48416,35.64006],[51.48408,35.63969],[51.48397,35.63906],[51.48389,35.63865],[51.48378,35.63825],[51.48352,35.63775],[51.48329,35.63744],[51.48296,35.63714],[51.48255,35.63686],[51.48208,35.63665],[51.48159,35.63641],[51.481,35.63636],[51.48038,35.63645],[51.47983,35.6366],[51.47929,35.63678],[51.4788,35.63702],[51.47836,35.63722],[51.47797,35.63744],[51.47758,35.63766],[51.47718,35.63787],[51.47643,35.6382],[51.47558,35.63834],[51.47479,35.63824],[51.4739,35.63792],[51.47344,35.6376],[51.47304,35.63722],[51.47265,35.63678],[51.47227,35.63634],[51.47183,35.6359],[51.47136,35.63548],[51.47085,35.63514],[51.47037,35.63484],[51.46993,35.63459],[51.46946,35.63437],[51.469,35.63423],[51.46824,35.63399],[51.46758,35.63374],[51.46714,35.63356],[51.46666,35.63336],[51.46613,35.63315],[51.46572,35.63298],[51.46528,35.63277],[51.46489,35.63257],[51.46438,35.63236],[51.46381,35.63217],[51.46339,35.63201],[51.46293,35.63191],[51.4623,35.63174],[51.46183,35.63156],[51.4614,35.63144],[51.46098,35.63128],[51.46044,35.63114],[51.45981,35.63098],[51.45898,35.63079],[51.45851,35.63066],[51.45805,35.63054],[51.45761,35.63047],[51.45717,35.63037],[51.45674,35.63029],[51.4563,35.6302],[51.45584,35.6301],[51.45534,35.63002],[51.45479,35.62991],[51.45423,35.62985],[51.45359,35.6298],[51.45296,35.62978],[51.4523,35.62976],[51.45168,35.62974],[51.45104,35.62973],[51.45037,35.62976],[51.44967,35.62977],[51.44897,35.62977],[51.44829,35.62977],[51.44757,35.62976],[51.44681,35.62972],[51.44608,35.62963],[51.4453,35.62955],[51.4445,35.62945],[51.44374,35.62931],[51.44296,35.62916],[51.44221,35.62899],[51.44148,35.62881],[51.44081,35.62871],[51.4402,35.62859],[51.43951,35.62843],[51.43884,35.62828],[51.43819,35.62814],[51.43758,35.628],[51.43691,35.62783],[51.43621,35.62761],[51.43555,35.6274],[51.43488,35.62716],[51.43418,35.62687],[51.43348,35.62658],[51.43278,35.62626],[51.43208,35.62593],[51.43141,35.6256],[51.43071,35.62523],[51.43006,35.62489],[51.4294,35.62455],[51.42877,35.62419],[51.42816,35.62382],[51.42758,35.62346],[51.42703,35.62309],[51.42648,35.6227],[51.42589,35.62226],[51.42531,35.62183],[51.42478,35.62142],[51.4243,35.62105],[51.42381,35.62066],[51.42338,35.6203],[51.42296,35.61992],[51.42251,35.61951],[51.42206,35.61913],[51.42162,35.61876],[51.42115,35.61839],[51.42062,35.61803],[51.42007,35.61767],[51.41955,35.61734],[51.41903,35.61704],[51.41849,35.61676],[51.41794,35.6165],[51.41743,35.61624],[51.41688,35.61601],[51.41633,35.61579],[51.41575,35.61561],[51.41512,35.61542],[51.41443,35.61523],[51.41375,35.61506],[51.41312,35.61492],[51.41251,35.6148],[51.41188,35.61473],[51.41124,35.61468],[51.41059,35.6146],[51.40992,35.61451],[51.40935,35.61447],[51.40879,35.61446],[51.40832,35.6144],[51.40754,35.61442],[51.40691,35.61456],[51.4061,35.61464],[51.40519,35.61462],[51.4047,35.6146],[51.40407,35.61456],[51.40341,35.61452],[51.40285,35.61453],[51.40231,35.61457],[51.40174,35.61457],[51.40114,35.61459],[51.40052,35.61458],[51.39993,35.61458],[51.39935,35.61459],[51.39877,35.6146],[51.39817,35.61459],[51.39756,35.6146],[51.39695,35.6146],[51.39631,35.6146],[51.39571,35.61457],[51.39515,35.61459],[51.39461,35.61459],[51.39417,35.61455],[51.39336,35.6145],[51.3925,35.61451],[51.39165,35.61451],[51.39116,35.61449],[51.39058,35.61448],[51.39005,35.61446],[51.38944,35.61444],[51.38882,35.6144],[51.38819,35.61441],[51.38752,35.61441],[51.38684,35.61444],[51.38614,35.61445],[51.38547,35.6145],[51.38479,35.61453],[51.38411,35.61457],[51.38344,35.61462],[51.38276,35.61466],[51.38213,35.61468],[51.38155,35.6147],[51.38099,35.61465],[51.38049,35.61464],[51.37998,35.61463],[51.37945,35.61463],[51.37892,35.6146],[51.37834,35.61457],[51.37777,35.61457],[51.37721,35.61456],[51.3767,35.61454],[51.37619,35.61451],[51.37568,35.61448],[51.37523,35.61447],[51.37442,35.61434],[51.3737,35.61421],[51.37297,35.6141],[51.37215,35.61395],[51.37133,35.61381],[51.37051,35.61364],[51.36975,35.61342],[51.36906,35.61324],[51.36859,35.61322],[51.36804,35.61344],[51.36746,35.61382],[51.36661,35.61405],[51.36616,35.61407],[51.36541,35.6143],[51.36484,35.61489],[51.36457,35.61523],[51.36434,35.61559],[51.36414,35.61593],[51.36395,35.61627],[51.36367,35.61692],[51.36345,35.61743],[51.36334,35.61779],[51.36317,35.61819],[51.36304,35.61875],[51.3629,35.61946],[51.36281,35.61991],[51.36272,35.62033],[51.36264,35.62071],[51.36251,35.62138],[51.36243,35.62187],[51.36236,35.6223],[51.36224,35.62281],[51.36206,35.62342],[51.36187,35.62409],[51.36165,35.62476],[51.36152,35.6252],[51.3614,35.62563],[51.36126,35.62613],[51.36112,35.62661],[51.36097,35.62712],[51.36077,35.62765],[51.36059,35.62816],[51.36041,35.62868],[51.36022,35.62921],[51.36004,35.62971],[51.35986,35.63026],[51.3597,35.63082],[51.35953,35.63135],[51.35933,35.63189],[51.35915,35.63243],[51.35899,35.633],[51.35886,35.63356],[51.35877,35.63409],[51.35872,35.63461],[51.3586,35.63507],[51.35839,35.63547],[51.35813,35.63587],[51.35782,35.63616],[51.35746,35.63646],[51.35699,35.6367],[51.35645,35.63692],[51.35596,35.63708],[51.3553,35.63739],[51.35479,35.63789],[51.35436,35.63851],[51.35421,35.63886],[51.35406,35.63921],[51.35377,35.63987],[51.35364,35.64023],[51.35348,35.6406],[51.35332,35.641],[51.35316,35.64138],[51.35301,35.64178],[51.35287,35.64216],[51.35272,35.64253],[51.35259,35.64289],[51.35237,35.6435]]]}},{"type":"Feature","properties":{"route":7,"color":"#4f46e5","times":[[26699,26708,26768,26828,26888,26948,26963,26972,26978,26984,26990,26996,27002,27008,27014,27020,27026,27032,27038,27044,27050,27056,27062,27068,27077,27083,27092,27101,27113,27119,27125,27131,27140,27152,27167,27227,27287,27347,27407,27467,27527,27587,27647,27707,27719,27728,27737,27749,27755,27761,27767,27773,27782,27842,27902,27962,28022,28064,28073,28082,28097,28115,28175,28235,28274,28295,28316,28376,28436,28496,28556,28616,28628,28637,28649,28658,28670,28730,28790,28850,28910,28961,28979,28994,29003,29015,29072,29081,29141,29174,29186,29195,29204,29213,29231,29243,29276,29336,29369,29375,29381,29387,29396,29405,29423,29432,29438,29456,29480,29498,29507,29534,29594,29654,29714,29774,29834,29894,29954,30002,30011,30020,30038,30053,30065,30074,30083,30092,30101,30107,30113,30119,30125,30131,30137,30140,30143,30149,30158,30164,30167,30170,30173,30176,30182,30188,30194,30200,30206,30212,30221,30227,30233,30239,30245,30251,30257,30269,30329,30389,30449,30509,30569,30629,30689,30722,30731,30737,30743,30749,30755,30761,30767,30773,30779,30785,30791,30797,30803,30809,30815,30821,30830,30839,30848,30857,30866,30875,30884,30899,30911,30920,30929,30941,30950,30956,30965,30974,30989,30998,31004,31013,31019,31028,31037,31043,31058,31064,31073,31082,31142,31202,31235,31241,31247,31256,31277,31295,31316,31331,31391,31451,31511,31571,31598,31622,31637,31649,31658,31664,31670,31676,31682,31688,31694,31700,31706,31712,31721,31727,31733,31793,31853,31913,31973,32000,32060,32120,32180,32195,32201,32207,32213,32222,32282,32342,32402,32462,32498,32504,32510,32516,32522,32582,32642,32657,32663,32669,32729,32789,32849,32867,32873,32879,32885,32891,32897,32903,32909,32915,32921,32927,32933,32939,32945,32951,32957,32963,32969,32978,32984,32990,32999,33014,33047,33107,33167,33227,33287,33347,33407,33467,33527,33587,33647,33707,33767,33827,33887,33947,34007,34064,34076,34088,34094,34100,34106,34112,34118,34121,34124,34127,34130,34133,34136,34142,34151,34160,34166,34172,34178,34184,34190,34196,34202,34208,34214,34217,34220,34223,34229,34238,34244,34250,34256,34259,34262,34265,34268,34271,34274,34277,34280,34283,34286,34289,34292,34295,34298,34301,34304,34307,34310,34313,34316,34319,34322,34325,34328,34331,34334,34337,34340,34343,34346,34349,34355,34364,34370,34376,34388,34403,34412,34421,34427,34436,34469,34529,34589,34649,34658,34664,34670,34682,34691,34700,34718,34727,34733,34739,34745,34751,34757,34763,34772,34832,34892,34940,34946,34952,34979,35039,35048,35060,35120,35180,35240,35300,35339,35351,35357,35369,35381,35387,35393,35396,35399,35402,35408,35414,35420,35426,35432,35438,35450,35474,35480,35489,35495,35501,35507,35513,35519,35528,35537,35549,35609,35669,35681,35690,35702,35708,35714,35723,35732,35738,35747,35762,35771,35777,35825,35885,35945,36005,36032,36053,36062,36080,36086,36095,36155,36215,36275,36335,36350,36359,36368,36377,36389,36401,36407,36419,36434,36494,36554,36614,36641,36650,36656,36665,36671,36677,36686,36695,36707,36713,36719,36734,36746,36755,36764,36770,36773,36776,36779,36782,36788,36797,36806,36821,36827,36836,36842,36902,36962,37022,37082,37142,37202,37262,37322,37382,37442,37502,37514,37520,37526,37547,37556,37568,37589,37601,37610,37622,37628,37634,37649,37655,37661,37664,37670,37676,37703,37721,37781,37790,37796,37802,37808,37814,37820,37829,37841,37853,37862,37871,37880,37889,37895,37913,37973,38033,38093,38153,38213,38273,38282,38294,38318,38339,38354,38369,38399,38420,38426,38432,38438,38444,38450,38456,38462,38465,38468,38471,38474,38480,38486,38492,38498,38513,38528,38540,38558,38573,38606,38666,38726,38786,38846,38906,38966,38993,38999,39005,39020,39026,39032,39038,39044,39050,39062,39080,39140,39200,39260,39320,39380,39389,39404,39410,39416,39422,39428,39434,39443,39458,39464,39470,39476,39482,39488,39503,39509,39515,39524,39530,39536,39542,39548,39557,39563,39569,39575,39581,39587,39593,39608,39614,39629,39689,39749,39794,39854,39914,39953,40013,40073,40133,40193,40238,40244,40250,40256,40265,40271,40277,40283,40292,40298,40304,40310,40319,40334,40343,40349,40355,40364,40373,40385,40391,40400,40406,40412,40421,40481,40541,40601,40661,40721,40781,40841,40901,40907,40913,40973,41018,41027,41033,41039,41045,41051,41066,41078,41087,41093,41099,41105,41111,41120,41144,41165,41180,41198,41213,41225,41237,41249,41258,41264,41270,41273,41276,41279,41282,41285,41288,41291,41294,41297,41303,41312,41318,41324,41330,41336,41354,41366,41372,41387,41444,41450,41456,41462,41468,41474,41477,41480,41483,41486,41489,41492,41495,41501,41510,41516,41522,41528,41531,41534,41537,41540,41543,41546,41555,41615,41675,41735,41795,41855,41915,41975,42035,42095,42149,42155,42164,42170,42176,42182,42191,42200,42206,42215,42275,42335,42395,42455,42488,42497,42503,42509,42515,42542,42551,42557,42563,42572,42632,42692,42752,42812,42872,42905,42911,42917,42923,42935,42944,42950,42956,42959,42962,42965,42968,42974,42980,42989,42995,43001,43007,43013,43019,43025,43031,43040,43046,43052,43055,43058,43061,43064,43067,43070,43073,43076,43079,43082,43085,43091,43094,43097,43100,43103,43106,43109,43112,43115,43118,43121,43124,43127,43130,43136,43142,43151,43172,43178,43184,43190,43196,43202,43211,43217,43223,43229,43235,43241,43247,43253,43259,43265,43271,43277,43283,43289,43295,43304,43313,43319,43325,43337,43346,43352,43358,43364,43424,43484,43544,43604,43664,43724,43784,43844,43904,43928,43934,43994,44054,44114,44153,44159,44165,44171,44180,44186,44192,44201,44207,44213,44219,44231,44237,44243,44249,44255,44261,44267,44270,44273,44279,44285,44294,44303,44312,44321,44330,44336,44345,44351,44363,44372,44381,44387,44393,44396,44399,44402,44405,44408,44411,44414,44417,44420,44423,44426,44429,44432,44435,44438,44441,44444,44447,44450,44453,44456,44459,44462,44465,44468,44471,44477,44480,44483,44486,44489,44492,44495,44498,44501,44504,44507,44510,44513,44516,44519,44525,44534,44540,44546,44552,44558,44564,44570,44579,44585,44588,44594,44600,44606,44612,44621,44681,44711,44771,44789,44795,44801,44807,44813,44819,44825,44837,44843,44849,44855,44861,44867,44873,44882,44894,44900,44906,44912,44918,44924,44927,44930,44933,44936,44939,44942,44945,44948,44951,44954,44957,44960,44963,44966,44969,44972,44975,44978,44981,44984,44987,44990,44993,44996,44999,45002,45005,45008,45011,45014,45017,45020,45023,45026,45029,45032,45035,45038,45041,45044,45047,45050,45053,45056,45059,45062,45065,45068,45071,45074,45077,45080,45083,45086,45089,45092,45095,45098,45101,45104,45107,45110,45113,45116,45119,45128,45134,45140,45146,45152,45167,45176,45182,45242,45302,45347,45353,45359,45371,45380,45386,45446,45506,45566,45626,45686,45746,45806,45815,45827,45836,45845,45851,45860,45920,45980,45992,46001,46010,46028,46034,46040,46046,46055,46067,46073,46076,46079,46082,46085,46091,46094,46097,46100,46103,46106,46109,46112,46115,46118,46121,46124,46127,46130,46133,46136,46139,46142,46145,46148,46151,46154,46157,46160,46163,46169,46175,46178,46181,46184,46187,46190,46193,46196,46199,46202,46205,46208,46211,46214,46217,46220,46223,46226,46229,46232,46235,46241,46301,46349,46355,46361,46364,46367,46370,46373,46376,46379,46382,46385,46388,46391,46394,46397,46400,46403,46406,46409,46412,46415,46418,46421,46424,46427,46430,46433,46436,46439,46442,46445,46448,46451,46454,46457,46460,46463,46466,46469,46472,46475,46478,46481,46484,46487,46490,46493,46496,46499,46502,46505,46508,46511,46514,46517,46520,46523,46526,46529,46532,46535,46538,46541,46544,46547,46550,46556,46562,46568,46574,46580,46586,46592,46598,46604,46607,46610,46613,46616,46622,46634,46640,46646,46649,46655,46661,46667,46670,46673,46676,46679,46682,46685,46688,46691,46694,46697,46700,46703,46706,46709,46712,46715,46718,46721,46724,46727,46730,46733,46736,46739,46742,46745,46748,46751,46754,46757,46760,46763,46766,46769,46772,46775,46778,46781,46784,46787,46793,46853,46913,46922,46928,46931,46934,46937,46940,46943,46946,46949,46952,46955,46958,46961,46964,46967,46970,46973,46976,46979,46982,46985,46988,46991,46994,46997,47000,47003,47006,47009,47012,47015,47018,47024,47027,47030,47033,47036,47039,47042,47045,47048,47051,47054,47057,47060,47066,47072,47075,47078,47081,47084,47087,47090,47093,47096,47099,47117,47123,47126,47129,47132,47135,47138,47141,47144,47150,47156,47159,47162,47165,47168,47171,47174,47177,47180,47183,47186,47189,47192,47195,47198,47201,47204,47210,47216,47219,47222,47225,47228,47231,47234,47237,47240,47243,47246,47249,47252,47255,47258,47261,47264,47267,47270,47273,47276,47279,47282,47285,47288,47291,47294,47297,47300,47303,47306,47309,47312,47315,47318,47321,47324,47327,47330,47333,47336,47339,47342,47345,47348,47351,47354,47357,47360,47363,47366,47369,47372,47375,47378,47381,47384,47387,47393,47396,47402,47408,47414,47429,47435,47438,47441,47444,47447,47450,47453,47456,47459,47462,47465,47468,47471,47474,47477,47480,47483,47486,47489,47492,47495,47498,47501,47504,47507,47510,47516,47522,47528,47534,47540,47546,47549,47552,47555,47558,47561,47564,47567,47570,47573,47576,47579,47582,47585,47588,47591,47594,47597,47600,47603,47606,47609,47612,47615,47618,47621,47624,47627,47630,47633,47636,47639,47642,47645,47648,47651,47654,47657,47660,47663,47666,47669,47672,47675,47678,47681,47684,47687,47690,47693,47696,47699,47702,47705,47708,47711,47714,47717,47720,47723,47726,47729,47732,47735,47738,47741,47744,47747,47750,47753,47756,47759,47762,47765,47768,47771,47774,47777,47780,47783,47786,47789,47792,47795,47798,47801,47804,47807,47810,47813,47816,47819,47822,47825,47828,47831,47834,47837,47840,47843,47846,47849,47852,47855,47858,47864,47870,47873,47876,47879,47882,47885,47888,47891,47894,47897,47900,47903,47906,47909,47912,47915,47918,47921,47924,47927,47930,47933,47936,47939,47942,47945,47948,47951,47954,47957,47960,47963,47966,47969,47972,47975,47978,47981,47984,47987,47990,47993,47996,47999,48002,48005,48008,48011,48014,48017,48020,48023,48026,48029,48032,48035,48038,48041,48044,48047,48050,48053,48056,48059,48062,48065,48068,48071,48074,48080,48086,48092,48095,48098,48101,48104,48107,48110,48113,48116,48119,48122,48125,48128,48131,48134,48137,48140,48143,48146,48149,48152,48155,48158,48161,48164,48167,48170,48173,48176,48179,48182,48185,48188,48191,48194,48197,48200,48203,48206,48209,48212,48215,48218,48221,48224,48227,48230,48233,48236,48239,48242,48245,48248,48251,48254,48257,48260,48263,48266,48269,48272,48275,48278,48281,48284,48287,48290,48293,48296,48299,48302,48305,48308,48311,48314,48317,48320,48323,48326,48329,48332,48335,48338,48341,48344,48347,48350,48353,48356,48359,48362,48365,48368,48371,48374,48377,48380,48383,48386,48389,48392,48395,48398,48401,48404,48407,48410,48413,48416,48419,48422,48425,48431,48440,48446,48452,48458,48461,48467,48473,48479,48485,48491,48497,48500,48503,48506,48509,48512,48515,48518,48521,48524,48527,48530,48533,48536,48539,48542,48545,48548,48551,48554,48557,48560,48563,48566,48569,48572,48575,48578,48581,48587,48605,48617,48632,48641,48647,48662,48668,48674,48680,48695,48713,48722,48734,48746,48755,48761,48767,48773,48776,48779,48782,48785,48788,48791,48794,48797,48800,48803,48806,48809,48812,48815,48818,48821,48824,48827,48830,48833,48836,48839,48842,48845,48848,48851,48854,48857,48860,48863,48866,48869,48872,48875,48878,48881,48884,48887,48890,48893,48896,48899,48902,48905,48908,48911,48914,48917,48920,48923,48926,48929,48932,48935,48938,48941,48944,48947,48950,48953,48956,48959,48962,48965,48968,48971,48974,48977,48980,48983,48986,48989,48992,48995,48998,49001,49004,49007,49010,49013,49016,49019,49022,49025,49028,49031,49034,49037,49040,49043,49049,49055,49061,49067,49076,49085,49091,49097,49103,49109,49112,49115,49118,49121,49124,49127,49130,49133,49136,49139,49142,49145,49148,49151,49154,49157,49160,49163,49169,49172,49178,49184,49190,49196,49202,49205,49208,49211,49214,49217,49220,49223,49226,49229,49232,49235,49238,49241,49244,49247,49250,49253,49256,49259,49262,49265,49268,49271,49274,49277,49280,49283,49286,49289,49292,49295,49298,49301,49304,49307,49310,49313,49316,49319,49322,49325,49328,49331,49334,49337,49340,49343,49346,49352,49361,49367,49370,49376,49382,49388,49394,49400,49406,49412,49415,49418,49421,49424,49427,49430,49433,49436,49439,49442,49445,49448,49451,49454,49457,49460,49463,49466,49469,49472,49475,49478,49481,49484,49487,49490,49493,49496,49499,49502,49505,49508,49511,49514,49517,49520,49523,49526,49529,49532,49535,49538,49541,49544,49547,49550,49553,49556,49559,49562,49565,49568,49571,49574,49577,49580,49583,49586,49589,49592,49595,49598,49601,49604,49607,49610,49613,49616,49619,49622,49625,49628,49631,49634,49637,49640,49643,49646,49649,49652,49655,49658,49661,49664,49667,49670,49673,49676,49679,49682,49685,49688,49691,49694,49697,49700,49703,49706,49709,49712,49715,49718,49721,49724,49727,49730,49733,49736,49739,49742,49745,49748,49751,49754,49757,49760,49763,49766,49769,49772,49775,49778,49781,49784,49787,49790,49793,49796,49799,49802,49805,49808,49811,49814,49817,49820,49823,49826,49829,49832,49835,49841,49850,49862,49874,49883,49889,49895,49907,49913,49919,49925,49931,49937,49946,49952,49955,49958,49961,49964,49970,49979,49985,49991,49997,50003,50006,50009,50012,50018,50024,50030,50033,50036,50039,50045,50054,50060,50063,50066,50069,50075,50084,50090,50102,50108,50114,50120,50126,50135,50141,50144,50147,50150,50153,50156,50162,50168,50174,50180,50186,50198,50204,50210,50219,50225,50231,50237,50243,50249,50255,50261,50270,50276,50282,50288,50294,50300,50306,50312,50318,50321,50327,50342,50396,50456,50516,50576,50636,50696,50756,50816]],"type":"operational_gps","source":"recorded_gps"},"geometry":{"type":"MultiLineString","coordinates":[[[51.03936,35.77586],[51.03949,35.77624],[51.03973,35.77628],[51.03977,35.77626],[51.03972,35.77626],[51.03962,35.77627],[51.03914,35.77601],[51.03859,35.77629],[51.0382,35.77667],[51.03775,35.77704],[51.03727,35.7775],[51.03675,35.77793],[51.03637,35.77829],[51.03602,35.77865],[51.03558,35.77908],[51.03506,35.77954],[51.03462,35.78],[51.03429,35.78041],[51.03386,35.7808],[51.03336,35.78124],[51.03285,35.78171],[51.03231,35.78218],[51.03181,35.78269],[51.03157,35.78303],[51.0319,35.78334],[51.03227,35.78357],[51.03278,35.78393],[51.03309,35.78422],[51.03286,35.78457],[51.0325,35.78485],[51.03207,35.78522],[51.03164,35.78561],[51.03153,35.78603],[51.03197,35.78608],[51.03221,35.78639],[51.0322,35.78654],[51.0322,35.78654],[51.0322,35.78654],[51.0322,35.78654],[51.0322,35.78654],[51.0322,35.78654],[51.0322,35.78654],[51.0322,35.78654],[51.0321,35.78636],[51.03159,35.78626],[51.03108,35.78629],[51.03065,35.7866],[51.03035,35.78687],[51.03008,35.7872],[51.02971,35.78755],[51.02927,35.78795],[51.02879,35.78831],[51.02848,35.78862],[51.02876,35.78885],[51.02876,35.78885],[51.02876,35.78885],[51.02876,35.78885],[51.02931,35.78879],[51.0299,35.78881],[51.0305,35.78876],[51.03083,35.78852],[51.03126,35.7884],[51.03115,35.78841],[51.03093,35.78838],[51.031,35.78877],[51.03111,35.78913],[51.03114,35.7895],[51.0312,35.78932],[51.0312,35.78931],[51.03121,35.78931],[51.03121,35.7893],[51.03149,35.78932],[51.03199,35.78931],[51.03245,35.78926],[51.03303,35.78907],[51.03358,35.78901],[51.0341,35.78902],[51.0344,35.78898],[51.0344,35.78898],[51.03441,35.78898],[51.03441,35.78898],[51.03483,35.78865],[51.03477,35.78825],[51.035,35.78793],[51.03533,35.7882],[51.03565,35.78847],[51.03516,35.78849],[51.03475,35.78819],[51.0347,35.78803],[51.03436,35.78778],[51.03457,35.78741],[51.03489,35.78712],[51.03521,35.7868],[51.03558,35.78644],[51.03553,35.78606],[51.03518,35.78583],[51.03556,35.78601],[51.03584,35.78621],[51.03626,35.7865],[51.03658,35.78675],[51.0369,35.78701],[51.03724,35.78725],[51.03768,35.78761],[51.03799,35.78787],[51.03758,35.78762],[51.03713,35.78728],[51.0368,35.78704],[51.03638,35.78717],[51.03605,35.78745],[51.03581,35.78778],[51.03597,35.78813],[51.03613,35.78847],[51.03638,35.78856],[51.03644,35.78856],[51.03654,35.78853],[51.03654,35.78852],[51.03654,35.78853],[51.03653,35.78854],[51.03654,35.78854],[51.03606,35.78864],[51.03565,35.78834],[51.03525,35.78809],[51.03479,35.78787],[51.03432,35.78774],[51.03452,35.78736],[51.0349,35.7871],[51.0353,35.78684],[51.03569,35.78641],[51.03549,35.78603],[51.03507,35.78568],[51.03457,35.7853],[51.03404,35.78491],[51.03357,35.78455],[51.03319,35.78427],[51.03268,35.78389],[51.03235,35.78365],[51.03198,35.78341],[51.03147,35.78303],[51.03186,35.7825],[51.03244,35.78198],[51.03278,35.78169],[51.03315,35.78138],[51.03351,35.78102],[51.03384,35.78069],[51.03436,35.78016],[51.03482,35.77967],[51.03536,35.77922],[51.03581,35.77882],[51.03612,35.77847],[51.03647,35.77813],[51.03691,35.77779],[51.03721,35.7775],[51.03751,35.77721],[51.03786,35.77688],[51.03824,35.77652],[51.03864,35.77615],[51.03907,35.77597],[51.03945,35.77616],[51.03979,35.77633],[51.03979,35.77633],[51.0398,35.77632],[51.0398,35.77632],[51.03981,35.77632],[51.03981,35.77632],[51.03981,35.77632],[51.03936,35.7762],[51.03894,35.77606],[51.03849,35.77636],[51.03803,35.77679],[51.03753,35.77726],[51.03698,35.77779],[51.03648,35.77823],[51.03608,35.77862],[51.03565,35.77909],[51.03513,35.77956],[51.03463,35.78],[51.03425,35.78045],[51.03381,35.78092],[51.03333,35.78141],[51.03279,35.78187],[51.03221,35.78234],[51.03171,35.78281],[51.03131,35.78315],[51.03095,35.78345],[51.03059,35.78374],[51.03013,35.78404],[51.02962,35.78441],[51.02927,35.78469],[51.02886,35.78487],[51.02844,35.78508],[51.02798,35.78532],[51.02748,35.78558],[51.02705,35.78581],[51.02653,35.7861],[51.0261,35.78634],[51.0256,35.78658],[51.02515,35.78682],[51.02468,35.78708],[51.02418,35.78729],[51.02369,35.78747],[51.0233,35.78765],[51.02286,35.78784],[51.02244,35.78803],[51.02195,35.78819],[51.02138,35.78834],[51.02096,35.78855],[51.02041,35.78882],[51.02005,35.78903],[51.0197,35.78929],[51.01933,35.78966],[51.01909,35.78979],[51.01908,35.78979],[51.01876,35.79006],[51.01834,35.7903],[51.01795,35.79053],[51.01748,35.79063],[51.01748,35.79102],[51.01792,35.79108],[51.01832,35.79124],[51.01859,35.79155],[51.0189,35.79167],[51.01891,35.79167],[51.01899,35.79167],[51.01905,35.79163],[51.01892,35.79124],[51.01846,35.79097],[51.018,35.79111],[51.01751,35.79108],[51.01709,35.79127],[51.01673,35.7915],[51.01629,35.79181],[51.01585,35.79217],[51.01531,35.79257],[51.01478,35.79298],[51.0143,35.79336],[51.01387,35.79373],[51.01353,35.79408],[51.01323,35.79441],[51.01293,35.79483],[51.01268,35.79515],[51.01246,35.79548],[51.01246,35.79547],[51.01246,35.79548],[51.01246,35.79548],[51.01246,35.79547],[51.01232,35.79585],[51.01228,35.79588],[51.01228,35.79588],[51.01227,35.79588],[51.01202,35.79618],[51.01181,35.79659],[51.0116,35.79694],[51.0114,35.79734],[51.01127,35.79771],[51.01124,35.7979],[51.01124,35.79791],[51.01124,35.79792],[51.01124,35.79792],[51.01113,35.79836],[51.01102,35.79879],[51.01088,35.79931],[51.01074,35.79988],[51.01066,35.80031],[51.01067,35.80042],[51.01065,35.80042],[51.01059,35.8009],[51.01055,35.80133],[51.01056,35.80178],[51.01063,35.80213],[51.01063,35.80213],[51.01063,35.80213],[51.01058,35.80251],[51.01053,35.8031],[51.01062,35.80369],[51.01072,35.80431],[51.01087,35.80494],[51.01116,35.80546],[51.01139,35.80589],[51.01128,35.80636],[51.01126,35.80685],[51.01123,35.80744],[51.01119,35.80806],[51.01123,35.80869],[51.0113,35.80932],[51.01111,35.80985],[51.01094,35.81029],[51.01067,35.8106],[51.01024,35.81087],[51.00978,35.81114],[51.00922,35.81144],[51.00877,35.8117],[51.00831,35.81192],[51.00792,35.81214],[51.00788,35.81257],[51.00827,35.81274],[51.00842,35.8125],[51.00842,35.8125],[51.00841,35.81249],[51.00841,35.81248],[51.00841,35.81249],[51.00841,35.81248],[51.00841,35.81248],[51.00841,35.81248],[51.00841,35.81248],[51.0084,35.81249],[51.00837,35.81255],[51.00837,35.81255],[51.00837,35.81255],[51.00836,35.81255],[51.00836,35.81255],[51.00836,35.81255],[51.00842,35.81292],[51.00873,35.81319],[51.00926,35.81353],[51.00958,35.8138],[51.00998,35.81419],[51.01049,35.81462],[51.01102,35.81505],[51.01163,35.81554],[51.01194,35.81581],[51.01226,35.81609],[51.01261,35.81636],[51.01291,35.81667],[51.01317,35.81703],[51.01341,35.81735],[51.01382,35.81793],[51.01407,35.81838],[51.01419,35.81873],[51.01434,35.81914],[51.0145,35.81969],[51.01464,35.82034],[51.01484,35.82084],[51.01518,35.82126],[51.01548,35.82176],[51.01584,35.8223],[51.01636,35.82288],[51.01698,35.82341],[51.0173,35.82366],[51.01763,35.82392],[51.01796,35.82417],[51.01853,35.82453],[51.01887,35.82421],[51.01891,35.82378],[51.01884,35.82337],[51.01863,35.82273],[51.01848,35.82234],[51.0183,35.82192],[51.01808,35.82147],[51.01782,35.82103],[51.01749,35.82058],[51.01713,35.82017],[51.01675,35.81974],[51.01633,35.81934],[51.01591,35.81894],[51.01549,35.81855],[51.0151,35.81815],[51.01473,35.81777],[51.01436,35.81736],[51.01395,35.81699],[51.01356,35.8166],[51.01318,35.81619],[51.01279,35.81578],[51.01239,35.81538],[51.01198,35.81497],[51.01156,35.81458],[51.01114,35.81417],[51.01069,35.81378],[51.01027,35.81337],[51.00987,35.81293],[51.00948,35.81246],[51.0091,35.81198],[51.00871,35.81155],[51.00829,35.81114],[51.00783,35.81083],[51.00742,35.81058],[51.00704,35.81037],[51.00651,35.81004],[51.00612,35.80979],[51.00575,35.80956],[51.00531,35.8093],[51.00495,35.80906],[51.00447,35.80922],[51.00402,35.80953],[51.00357,35.80974],[51.00318,35.80996],[51.00265,35.81022],[51.00323,35.81029],[51.0033,35.81027],[51.00336,35.81028],[51.00373,35.80999],[51.00312,35.8101],[51.00257,35.81031],[51.00214,35.81051],[51.00168,35.81063],[51.00117,35.81082],[51.00067,35.81091],[51.00026,35.81122],[50.99987,35.81153],[50.99934,35.81179],[50.99877,35.81192],[50.99803,35.81212],[50.99737,35.8123],[50.99683,35.81242],[50.99611,35.81253],[50.99567,35.81261],[50.99562,35.81257],[50.99561,35.8126],[50.99501,35.81263],[50.99446,35.81266],[50.99385,35.81264],[50.99375,35.813],[50.99412,35.81332],[50.99449,35.81358],[50.9948,35.81395],[50.99507,35.81423],[50.99507,35.81424],[50.99505,35.8143],[50.99506,35.81432],[50.99474,35.814],[50.99433,35.81357],[50.99402,35.81329],[50.99362,35.81283],[50.99314,35.81258],[50.99246,35.81258],[50.99157,35.81257],[50.9911,35.81258],[50.99064,35.81261],[50.99014,35.81266],[50.98942,35.81271],[50.98893,35.81271],[50.98845,35.81271],[50.9879,35.8127],[50.98747,35.81275],[50.98696,35.81296],[50.98685,35.81335],[50.98695,35.81379],[50.98704,35.81415],[50.98726,35.81476],[50.98745,35.81528],[50.98781,35.81573],[50.98817,35.8161],[50.98853,35.81647],[50.98884,35.81677],[50.98913,35.81714],[50.98937,35.81759],[50.98943,35.818],[50.98938,35.81836],[50.98934,35.81843],[50.98936,35.81899],[50.98919,35.81935],[50.98916,35.81887],[50.98919,35.81835],[50.98923,35.81794],[50.98913,35.81747],[50.98883,35.81697],[50.98849,35.81658],[50.98804,35.81615],[50.98759,35.81603],[50.98709,35.81616],[50.98656,35.81628],[50.98618,35.81648],[50.98613,35.81659],[50.98611,35.81656],[50.986,35.81655],[50.98643,35.81636],[50.98695,35.81631],[50.98735,35.81605],[50.98734,35.81569],[50.98725,35.81521],[50.9871,35.81486],[50.98713,35.81473],[50.98714,35.81467],[50.98716,35.81464],[50.98715,35.81464],[50.98704,35.81423],[50.98689,35.81375],[50.98662,35.81332],[50.98617,35.81305],[50.98584,35.8128],[50.98525,35.8128],[50.98469,35.81277],[50.98417,35.81274],[50.98459,35.81255],[50.98481,35.8125],[50.98482,35.81251],[50.98487,35.8125],[50.98535,35.81255],[50.98573,35.81232],[50.9861,35.81201],[50.98641,35.81163],[50.98658,35.81117],[50.98667,35.8108],[50.98674,35.81042],[50.98687,35.81006],[50.98674,35.80965],[50.9863,35.80944],[50.98587,35.80921],[50.98551,35.80899],[50.98541,35.80862],[50.98563,35.80827],[50.98531,35.80785],[50.98461,35.80757],[50.9842,35.80743],[50.98377,35.80727],[50.98333,35.8071],[50.98287,35.80692],[50.98217,35.80667],[50.98166,35.80651],[50.98121,35.80626],[50.98173,35.80629],[50.98211,35.8065],[50.98277,35.80674],[50.98326,35.80686],[50.98338,35.8069],[50.98338,35.8069],[50.98342,35.80689],[50.98345,35.80691],[50.98344,35.80694],[50.98345,35.80696],[50.98347,35.80701],[50.98351,35.80713],[50.98351,35.80713],[50.98347,35.80717],[50.98348,35.80716],[50.98414,35.80732],[50.98477,35.80754],[50.98518,35.80767],[50.98564,35.80766],[50.98581,35.8073],[50.98612,35.80692],[50.98615,35.80653],[50.98633,35.80607],[50.98669,35.80571],[50.98728,35.80566],[50.98783,35.8059],[50.9883,35.80611],[50.9887,35.80588],[50.98895,35.80535],[50.98934,35.80468],[50.98954,35.80431],[50.98985,35.80382],[50.99008,35.80345],[50.99046,35.80321],[50.99083,35.80298],[50.99093,35.80286],[50.9911,35.80248],[50.99135,35.80207],[50.99158,35.80172],[50.99193,35.80131],[50.99225,35.80098],[50.99258,35.8006],[50.99267,35.8002],[50.99214,35.79994],[50.99171,35.79966],[50.99124,35.79949],[50.99067,35.79931],[50.99023,35.79909],[50.98982,35.79881],[50.98942,35.79863],[50.98907,35.79895],[50.98894,35.79921],[50.98884,35.79927],[50.9888,35.7993],[50.98878,35.79931],[50.98862,35.79959],[50.98847,35.79957],[50.98871,35.79926],[50.98904,35.79894],[50.98948,35.79895],[50.98979,35.79928],[50.99007,35.79967],[50.99048,35.79982],[50.99085,35.80011],[50.99138,35.79992],[50.99176,35.79948],[50.99232,35.7989],[50.99288,35.79859],[50.99331,35.79848],[50.99393,35.79838],[50.99462,35.7983],[50.99547,35.79823],[50.99607,35.79817],[50.99658,35.79812],[50.99708,35.79808],[50.99755,35.798],[50.99816,35.79793],[50.9986,35.79789],[50.99907,35.79778],[50.99951,35.79767],[50.99946,35.79727],[50.99892,35.79706],[50.99863,35.79677],[50.99835,35.79647],[50.9979,35.79626],[50.99747,35.7961],[50.99738,35.79604],[50.99737,35.796],[50.99737,35.79599],[50.99737,35.79598],[50.99736,35.79593],[50.99734,35.79586],[50.997,35.79555],[50.99651,35.79517],[50.99602,35.79492],[50.99586,35.79449],[50.99625,35.79422],[50.99668,35.79385],[50.99712,35.79353],[50.99758,35.79322],[50.99804,35.79295],[50.99835,35.79267],[50.99887,35.79272],[50.99914,35.79292],[50.99911,35.79306],[50.99909,35.79311],[50.99903,35.7933],[50.99909,35.79317],[50.9988,35.79279],[50.99833,35.79271],[50.99786,35.79294],[50.99741,35.79319],[50.99698,35.79344],[50.99662,35.79378],[50.99625,35.79409],[50.99588,35.79438],[50.99537,35.79415],[50.99484,35.79377],[50.99427,35.79345],[50.99382,35.79318],[50.99333,35.79283],[50.9929,35.79261],[50.99252,35.79221],[50.99207,35.79192],[50.99157,35.79166],[50.9911,35.79135],[50.99066,35.79098],[50.99003,35.79048],[50.98949,35.79007],[50.98906,35.78979],[50.98911,35.78934],[50.98955,35.78887],[50.99006,35.78841],[50.99064,35.78783],[50.99111,35.7874],[50.99172,35.787],[50.99224,35.78655],[50.99253,35.78619],[50.99291,35.78595],[50.99331,35.78578],[50.99332,35.78576],[50.9933,35.78577],[50.99372,35.78599],[50.99392,35.78609],[50.99388,35.78601],[50.99407,35.78637],[50.99388,35.78625],[50.99393,35.78614],[50.99385,35.78639],[50.99385,35.78631],[50.99432,35.78644],[50.9949,35.78636],[50.99567,35.78644],[50.9965,35.78644],[50.99722,35.78642],[50.99791,35.78641],[50.99864,35.78653],[50.99918,35.78644],[50.99929,35.78601],[50.99887,35.78568],[50.99829,35.78527],[50.99778,35.78484],[50.99745,35.78455],[50.99759,35.7842],[50.998,35.784],[50.99835,35.78371],[50.99873,35.7834],[50.99917,35.78311],[50.99955,35.78275],[50.99995,35.78249],[51.00025,35.78222],[51.00063,35.78192],[51.00111,35.78148],[51.00163,35.78102],[51.00173,35.78065],[51.00176,35.78034],[51.00175,35.78034],[51.00174,35.78034],[51.00172,35.78035],[51.0017,35.78039],[51.00169,35.7804],[51.00169,35.7804],[51.0021,35.78051],[51.00251,35.78023],[51.00287,35.77985],[51.0029,35.77961],[51.00335,35.77939],[51.00379,35.77924],[51.00424,35.77917],[51.00473,35.7791],[51.00526,35.77905],[51.00573,35.77898],[51.00582,35.77857],[51.00576,35.77812],[51.00569,35.77775],[51.00562,35.77734],[51.00559,35.77696],[51.0055,35.77648],[51.00545,35.77603],[51.00542,35.7756],[51.00537,35.77523],[51.00535,35.77474],[51.00538,35.77433],[51.00538,35.77389],[51.00536,35.77347],[51.00535,35.77304],[51.00532,35.77259],[51.0053,35.77219],[51.00528,35.77166],[51.00522,35.77103],[51.00495,35.77031],[51.00476,35.76989],[51.00457,35.76947],[51.00439,35.76905],[51.0042,35.76861],[51.004,35.76817],[51.00382,35.76772],[51.00363,35.76728],[51.00342,35.76684],[51.00322,35.76644],[51.00306,35.7659],[51.00298,35.76531],[51.0029,35.76465],[51.0028,35.764],[51.0027,35.76339],[51.00259,35.76279],[51.00252,35.76243],[51.00248,35.76206],[51.00241,35.76167],[51.00242,35.76121],[51.00274,35.76095],[51.0032,35.76072],[51.00372,35.76042],[51.00422,35.76006],[51.00471,35.75969],[51.00529,35.75925],[51.00566,35.75904],[51.00603,35.75884],[51.00641,35.75862],[51.0068,35.7584],[51.00717,35.75817],[51.00751,35.75793],[51.0078,35.75763],[51.00817,35.75708],[51.00852,35.75662],[51.00885,35.75622],[51.00926,35.75575],[51.00977,35.75515],[51.01008,35.75483],[51.01042,35.75449],[51.01075,35.75413],[51.01109,35.7538],[51.01139,35.75347],[51.01166,35.75316],[51.01201,35.75277],[51.01193,35.7525],[51.01193,35.7525],[51.01192,35.7525],[51.0119,35.75252],[51.01186,35.75254],[51.01185,35.75254],[51.01185,35.75254],[51.01185,35.75254],[51.01175,35.75251],[51.01131,35.75258],[51.01083,35.75267],[51.01016,35.75281],[51.00966,35.75289],[51.00913,35.75305],[51.00856,35.75317],[51.00789,35.7533],[51.00754,35.75361],[51.00766,35.75406],[51.0078,35.75449],[51.00781,35.7546],[51.00781,35.75461],[51.00782,35.75458],[51.00783,35.75457],[51.00812,35.75495],[51.00761,35.75517],[51.00714,35.75527],[51.00665,35.75539],[51.0062,35.75548],[51.00559,35.75571],[51.00494,35.7559],[51.00435,35.75605],[51.00376,35.75617],[51.00332,35.75623],[51.00329,35.75627],[51.00329,35.75627],[51.00329,35.75627],[51.00329,35.75627],[51.00328,35.75628],[51.00271,35.75637],[51.00226,35.75623],[51.0018,35.75637],[51.00133,35.75654],[51.00077,35.75675],[51.00103,35.75728],[51.00127,35.7579],[51.00156,35.75856],[51.00171,35.75894],[51.00187,35.75929],[51.00204,35.75963],[51.00221,35.75999],[51.00248,35.76048],[51.00263,35.76094],[51.00263,35.76135],[51.00266,35.76177],[51.00272,35.76235],[51.00281,35.76305],[51.00292,35.76375],[51.00302,35.76429],[51.00312,35.76484],[51.00321,35.7654],[51.0033,35.76592],[51.00342,35.76643],[51.00366,35.76704],[51.0038,35.76739],[51.00396,35.76776],[51.00415,35.7681],[51.00432,35.76847],[51.00449,35.76885],[51.00466,35.76923],[51.00483,35.76959],[51.00501,35.76998],[51.00519,35.77036],[51.00535,35.77073],[51.00545,35.7711],[51.00547,35.77186],[51.00549,35.77228],[51.00551,35.77271],[51.00552,35.77314],[51.00555,35.77358],[51.00559,35.77401],[51.00561,35.77447],[51.00562,35.77494],[51.00564,35.77539],[51.00568,35.77582],[51.00574,35.77628],[51.00579,35.77672],[51.00585,35.77713],[51.00589,35.77752],[51.00599,35.77818],[51.00603,35.7786],[51.0061,35.77896],[51.00571,35.77919],[51.00519,35.77916],[51.00475,35.77911],[51.00426,35.77918],[51.00362,35.77931],[51.00312,35.77943],[51.00302,35.77978],[51.00277,35.7801],[51.00235,35.78046],[51.0019,35.78073],[51.00146,35.78079],[51.00106,35.78048],[51.00057,35.78009],[51.00008,35.77969],[50.99959,35.77927],[50.99913,35.77891],[50.99871,35.77855],[50.99827,35.7782],[50.99786,35.77787],[50.99751,35.77756],[50.99715,35.77728],[50.9967,35.77705],[50.99611,35.77728],[50.99549,35.77762],[50.99496,35.77792],[50.99496,35.77843],[50.9947,35.77879],[50.9943,35.779],[50.99391,35.77922],[50.99352,35.7795],[50.99319,35.77963],[50.9932,35.77954],[50.99321,35.77942],[50.99315,35.7795],[50.99308,35.77952],[50.99309,35.77954],[50.9931,35.77957],[50.99309,35.77961],[50.99309,35.7796],[50.99263,35.77985],[50.99217,35.78013],[50.99206,35.78026],[50.99205,35.78026],[50.99205,35.78026],[50.99241,35.78057],[50.99286,35.78096],[50.99343,35.78142],[50.9938,35.7817],[50.99421,35.78201],[50.99467,35.78243],[50.99514,35.7828],[50.99547,35.78307],[50.99589,35.78338],[50.99643,35.7838],[50.99697,35.78424],[50.99741,35.78459],[50.99778,35.7849],[50.9983,35.78533],[50.99888,35.78578],[50.99941,35.78628],[50.9999,35.78666],[51.00044,35.78707],[51.00083,35.78731],[51.00118,35.78761],[51.00179,35.78812],[51.0023,35.78855],[51.00277,35.78875],[51.00342,35.78873],[51.00394,35.78847],[51.00429,35.7882],[51.00463,35.7878],[51.00493,35.78748],[51.00527,35.78699],[51.00565,35.7867],[51.00558,35.78718],[51.00527,35.78752],[51.0052,35.78805],[51.0056,35.78854],[51.0061,35.78908],[51.00639,35.78936],[51.00671,35.78963],[51.00709,35.78987],[51.00756,35.79001],[51.00808,35.79005],[51.00864,35.79004],[51.0092,35.79002],[51.00977,35.79001],[51.01035,35.78999],[51.01091,35.79],[51.01145,35.79],[51.01197,35.78998],[51.0125,35.78993],[51.01302,35.78987],[51.01354,35.7898],[51.01409,35.78971],[51.01461,35.7896],[51.01513,35.78951],[51.01564,35.78941],[51.01614,35.78929],[51.01662,35.78915],[51.01712,35.78905],[51.0176,35.78893],[51.01806,35.78881],[51.01853,35.78869],[51.01895,35.78856],[51.01973,35.78822],[51.02006,35.78797],[51.0204,35.78767],[51.02074,35.78737],[51.02111,35.78707],[51.02146,35.78676],[51.02182,35.78643],[51.02217,35.78609],[51.02253,35.78577],[51.0229,35.78544],[51.02327,35.78511],[51.02363,35.78477],[51.02399,35.78443],[51.02437,35.7841],[51.02469,35.78381],[51.02504,35.78343],[51.02459,35.78296],[51.02415,35.78251],[51.02368,35.78209],[51.02314,35.78166],[51.02253,35.78119],[51.02193,35.78076],[51.02151,35.78045],[51.02107,35.78015],[51.02043,35.77976],[51.0201,35.77952],[51.01954,35.77915],[51.01911,35.77885],[51.01869,35.77856],[51.01831,35.7783],[51.01802,35.77794],[51.01801,35.77792],[51.01827,35.77822],[51.01842,35.77833],[51.0188,35.77865],[51.01915,35.77889],[51.01956,35.77916],[51.01996,35.77941],[51.02045,35.77971],[51.02093,35.78001],[51.02138,35.7803],[51.02182,35.78063],[51.02224,35.78097],[51.02272,35.78134],[51.02326,35.78172],[51.02377,35.78212],[51.02421,35.78256],[51.02455,35.78298],[51.02492,35.78335],[51.02553,35.78312],[51.02595,35.78274],[51.02636,35.7824],[51.02687,35.78195],[51.02739,35.7815],[51.02797,35.78096],[51.0283,35.78066],[51.02862,35.78036],[51.02893,35.78005],[51.02924,35.77972],[51.02958,35.77937],[51.02995,35.779],[51.03032,35.7786],[51.03069,35.77817],[51.03107,35.77774],[51.03148,35.7773],[51.03189,35.77682],[51.03233,35.77634],[51.03278,35.77587],[51.03323,35.7754],[51.03365,35.77491],[51.03408,35.77443],[51.03451,35.77396],[51.03495,35.77347],[51.03539,35.77299],[51.03579,35.77253],[51.03622,35.77208],[51.03665,35.77165],[51.03708,35.7712],[51.03749,35.77079],[51.03789,35.77038],[51.03829,35.76997],[51.0387,35.76957],[51.03911,35.76916],[51.03951,35.76878],[51.03989,35.76839],[51.04028,35.76797],[51.04069,35.76756],[51.04111,35.76713],[51.04152,35.76672],[51.04196,35.7663],[51.0424,35.7659],[51.04284,35.76547],[51.04329,35.76506],[51.04378,35.76467],[51.04433,35.76433],[51.04492,35.76405],[51.04551,35.76379],[51.0461,35.76352],[51.04671,35.76324],[51.04732,35.76296],[51.04792,35.76267],[51.04854,35.76237],[51.04917,35.76206],[51.04983,35.76174],[51.05048,35.76143],[51.05111,35.76113],[51.05174,35.76081],[51.05237,35.76048],[51.05301,35.76015],[51.05363,35.75983],[51.05423,35.75952],[51.05478,35.75922],[51.0553,35.75893],[51.05573,35.75871],[51.05614,35.75847],[51.05661,35.75824],[51.05713,35.758],[51.0576,35.75776],[51.05803,35.75758],[51.05844,35.75739],[51.05875,35.7571],[51.05863,35.75674],[51.05852,35.75619],[51.05831,35.75549],[51.05821,35.755],[51.05862,35.75462],[51.05911,35.7544],[51.05959,35.75426],[51.05975,35.7542],[51.05976,35.7542],[51.06025,35.75402],[51.06084,35.75378],[51.06142,35.75353],[51.06197,35.75337],[51.06242,35.75318],[51.06293,35.75298],[51.06327,35.75284],[51.06327,35.75284],[51.06336,35.75286],[51.06334,35.75281],[51.0634,35.75283],[51.06344,35.75283],[51.06313,35.75297],[51.06254,35.75321],[51.06203,35.75342],[51.06159,35.75358],[51.06112,35.75374],[51.06066,35.75387],[51.06012,35.75409],[51.05974,35.75427],[51.05977,35.75428],[51.05928,35.75447],[51.0588,35.75464],[51.05827,35.75484],[51.0583,35.75535],[51.05835,35.75572],[51.05844,35.75607],[51.05851,35.75643],[51.05864,35.75693],[51.05934,35.75683],[51.06008,35.75652],[51.06051,35.75638],[51.06095,35.75623],[51.0614,35.75606],[51.06183,35.75589],[51.06256,35.75561],[51.06295,35.75543],[51.06336,35.75525],[51.06379,35.75504],[51.06426,35.75484],[51.06473,35.75462],[51.06523,35.75439],[51.06572,35.75415],[51.0662,35.75391],[51.06669,35.75369],[51.06719,35.75349],[51.0677,35.75329],[51.0682,35.75307],[51.06869,35.75285],[51.06917,35.75264],[51.06964,35.75246],[51.07006,35.75229],[51.07047,35.75215],[51.07088,35.75197],[51.07132,35.75179],[51.07178,35.75159],[51.07226,35.75137],[51.07276,35.75113],[51.07324,35.7509],[51.07366,35.75064],[51.07435,35.75023],[51.07512,35.74986],[51.07556,35.74966],[51.07601,35.74947],[51.07645,35.74928],[51.07688,35.74908],[51.07732,35.74886],[51.07774,35.74866],[51.07815,35.74846],[51.07856,35.74825],[51.07897,35.74799],[51.0794,35.74773],[51.07983,35.74746],[51.08026,35.74719],[51.08071,35.74689],[51.08114,35.74659],[51.08157,35.74632],[51.08202,35.74606],[51.0825,35.74584],[51.08296,35.74563],[51.08337,35.74539],[51.08374,35.74516],[51.08434,35.74477],[51.08466,35.74456],[51.08517,35.74427],[51.08579,35.7439],[51.08658,35.74359],[51.08704,35.74345],[51.08752,35.74331],[51.08803,35.74316],[51.08857,35.74303],[51.08913,35.74289],[51.0897,35.74275],[51.09028,35.74262],[51.09087,35.7425],[51.09147,35.74238],[51.09207,35.74227],[51.09264,35.74213],[51.0932,35.74201],[51.09376,35.74192],[51.09433,35.74179],[51.09492,35.74167],[51.09551,35.74154],[51.09611,35.74142],[51.0967,35.74129],[51.09731,35.74117],[51.09793,35.74106],[51.09854,35.74093],[51.09916,35.74081],[51.09979,35.74066],[51.10038,35.74054],[51.10094,35.74041],[51.10151,35.74032],[51.10207,35.74022],[51.10262,35.74015],[51.10317,35.74007],[51.10372,35.74],[51.10427,35.73992],[51.10485,35.73983],[51.10545,35.73973],[51.10602,35.73958],[51.10658,35.73943],[51.10712,35.73928],[51.10767,35.73913],[51.10824,35.73898],[51.10881,35.7388],[51.10941,35.73862],[51.11002,35.73843],[51.11061,35.73825],[51.11119,35.73809],[51.11176,35.73791],[51.11234,35.73774],[51.11291,35.73755],[51.1135,35.73738],[51.11406,35.7372],[51.11461,35.73703],[51.11515,35.73684],[51.11568,35.73662],[51.1162,35.73638],[51.11671,35.73614],[51.11722,35.73589],[51.11774,35.73564],[51.11827,35.73538],[51.1188,35.7351],[51.11933,35.73483],[51.11984,35.73458],[51.12035,35.73433],[51.12086,35.73409],[51.12133,35.73387],[51.12177,35.73367],[51.12248,35.73334],[51.123,35.73308],[51.12358,35.73277],[51.12409,35.73248],[51.12451,35.73203],[51.12492,35.73153],[51.12526,35.73107],[51.12559,35.7306],[51.12604,35.72998],[51.12628,35.72964],[51.12651,35.72929],[51.12675,35.72894],[51.12698,35.7286],[51.12735,35.72809],[51.12781,35.72845],[51.12804,35.72891],[51.12838,35.72958],[51.12857,35.72992],[51.12896,35.7305],[51.12955,35.7309],[51.13038,35.73082],[51.13088,35.73075],[51.13143,35.73065],[51.13197,35.73055],[51.13256,35.73045],[51.13317,35.73035],[51.1338,35.73022],[51.13444,35.73008],[51.13512,35.72994],[51.13581,35.7298],[51.13652,35.72966],[51.13723,35.72953],[51.13796,35.72938],[51.1387,35.72922],[51.13946,35.72908],[51.14021,35.72895],[51.14093,35.72881],[51.14168,35.72866],[51.14243,35.72852],[51.14318,35.72839],[51.14393,35.72824],[51.14467,35.72808],[51.14544,35.72795],[51.14619,35.72781],[51.14693,35.72767],[51.14769,35.72754],[51.14843,35.72741],[51.14918,35.72726],[51.14992,35.72715],[51.15064,35.727],[51.15139,35.72687],[51.15213,35.72674],[51.15286,35.72659],[51.1536,35.72642],[51.15433,35.72627],[51.15504,35.72615],[51.15574,35.72604],[51.15644,35.7259],[51.15713,35.72577],[51.15776,35.72563],[51.15832,35.7255],[51.15894,35.72537],[51.15898,35.72537],[51.15898,35.72537],[51.15952,35.72531],[51.16028,35.72517],[51.16077,35.7251],[51.16128,35.72499],[51.16186,35.72488],[51.16245,35.72477],[51.16307,35.72465],[51.16374,35.72454],[51.16441,35.72439],[51.1651,35.72426],[51.1658,35.72413],[51.16647,35.72399],[51.16718,35.72385],[51.16789,35.72371],[51.16861,35.72358],[51.16932,35.72346],[51.17004,35.72333],[51.17076,35.7232],[51.17149,35.72306],[51.17224,35.72294],[51.17296,35.7228],[51.17368,35.72265],[51.17441,35.72252],[51.17513,35.72238],[51.17585,35.72223],[51.17658,35.72209],[51.17731,35.72196],[51.17803,35.72182],[51.17874,35.72166],[51.17936,35.72151],[51.17987,35.72137],[51.18033,35.72124],[51.18105,35.72109],[51.18149,35.72101],[51.18199,35.72091],[51.18251,35.7208],[51.18306,35.72071],[51.18365,35.72062],[51.18427,35.72051],[51.18489,35.72039],[51.18549,35.72027],[51.18606,35.72013],[51.18663,35.72003],[51.1872,35.71993],[51.18768,35.71983],[51.18823,35.7195],[51.18816,35.71895],[51.18806,35.71859],[51.18793,35.7182],[51.18781,35.71775],[51.18767,35.71729],[51.18754,35.71681],[51.18739,35.71635],[51.18726,35.71589],[51.18714,35.71544],[51.18704,35.71506],[51.18735,35.71564],[51.18754,35.71635],[51.18766,35.71674],[51.18778,35.71718],[51.18792,35.71763],[51.18806,35.71808],[51.1882,35.71849],[51.18836,35.71888],[51.18854,35.71925],[51.18915,35.71959],[51.18995,35.71941],[51.19043,35.71932],[51.19094,35.71921],[51.1915,35.71911],[51.19211,35.719],[51.19273,35.71885],[51.19339,35.7187],[51.19406,35.71858],[51.19468,35.71847],[51.19524,35.71838],[51.19578,35.71829],[51.19633,35.7182],[51.1969,35.71809],[51.19748,35.71797],[51.19806,35.71785],[51.19866,35.71774],[51.19923,35.71763],[51.2,35.71749],[51.20072,35.71735],[51.20115,35.71726],[51.2016,35.71717],[51.20206,35.71707],[51.20254,35.717],[51.20305,35.71691],[51.20361,35.71681],[51.20418,35.71671],[51.20478,35.71659],[51.20542,35.71646],[51.20606,35.71634],[51.20673,35.71621],[51.20737,35.71608],[51.20799,35.71596],[51.20858,35.71585],[51.20915,35.7158],[51.20969,35.71576],[51.21024,35.71569],[51.2108,35.71558],[51.21139,35.71547],[51.21201,35.71536],[51.21266,35.71525],[51.21334,35.71513],[51.21403,35.715],[51.21469,35.71487],[51.21535,35.71474],[51.21602,35.71461],[51.21669,35.71451],[51.21738,35.71437],[51.21809,35.71424],[51.21882,35.7141],[51.21955,35.71396],[51.22028,35.71381],[51.22101,35.71367],[51.22177,35.71352],[51.22252,35.71338],[51.22326,35.71325],[51.22393,35.71311],[51.22458,35.71299],[51.22522,35.71287],[51.22586,35.71277],[51.22651,35.71267],[51.22715,35.71255],[51.22774,35.71245],[51.22828,35.71235],[51.22883,35.71224],[51.22941,35.71212],[51.23,35.71199],[51.2306,35.71187],[51.23119,35.71177],[51.23175,35.71166],[51.23229,35.71154],[51.2328,35.71142],[51.23333,35.71131],[51.23387,35.71122],[51.23439,35.71112],[51.23489,35.71102],[51.23535,35.71093],[51.23618,35.71076],[51.23662,35.71067],[51.23729,35.71054],[51.23773,35.71046],[51.23817,35.71039],[51.23877,35.7103],[51.23941,35.71018],[51.23985,35.7101],[51.24033,35.71002],[51.24082,35.70994],[51.24138,35.70986],[51.24194,35.70974],[51.24255,35.70962],[51.24316,35.7095],[51.24381,35.70937],[51.24447,35.70924],[51.24511,35.70911],[51.24571,35.709],[51.24629,35.70889],[51.24683,35.70878],[51.24733,35.70866],[51.24787,35.70852],[51.24838,35.70841],[51.24886,35.7083],[51.24939,35.7082],[51.24994,35.7081],[51.25046,35.708],[51.25095,35.7079],[51.25146,35.70778],[51.25201,35.70766],[51.25254,35.70756],[51.25304,35.70746],[51.25368,35.70718],[51.25358,35.70665],[51.25293,35.70652],[51.25268,35.7069],[51.25282,35.70737],[51.25297,35.708],[51.25307,35.70838],[51.25315,35.70878],[51.25321,35.70914],[51.25328,35.70954],[51.25329,35.70994],[51.2533,35.71036],[51.25328,35.71079],[51.25324,35.71124],[51.25319,35.71169],[51.25312,35.71216],[51.25306,35.71264],[51.25297,35.71314],[51.25289,35.71364],[51.25282,35.71415],[51.25277,35.71468],[51.25269,35.71521],[51.25267,35.71575],[51.2527,35.71628],[51.25273,35.7168],[51.25277,35.71734],[51.2528,35.7179],[51.25281,35.71845],[51.25281,35.71896],[51.25281,35.71948],[51.25281,35.72001],[51.25282,35.72055],[51.25283,35.7211],[51.25285,35.72163],[51.2529,35.72216],[51.25295,35.72268],[51.25301,35.72319],[51.25306,35.7237],[51.2531,35.72422],[51.25316,35.72477],[51.2532,35.72532],[51.25324,35.72585],[51.25324,35.72639],[51.25323,35.72693],[51.25321,35.72746],[51.25317,35.72799],[51.25313,35.72853],[51.2531,35.72908],[51.25308,35.72962],[51.25306,35.73018],[51.25307,35.73075],[51.25306,35.7313],[51.25306,35.73186],[51.25306,35.73243],[51.25306,35.733],[51.25307,35.73356],[51.25307,35.73414],[51.25308,35.73472],[51.25307,35.73529],[51.25309,35.73587],[51.25317,35.73645],[51.25331,35.73704],[51.25347,35.73761],[51.25366,35.73815],[51.25384,35.7387],[51.25403,35.73925],[51.25421,35.73981],[51.25438,35.74037],[51.25454,35.74091],[51.25469,35.74145],[51.25482,35.74201],[51.25494,35.74258],[51.25502,35.74317],[51.25505,35.74375],[51.25506,35.74433],[51.25505,35.74492],[51.25502,35.74552],[51.25496,35.74607],[51.2549,35.74661],[51.25483,35.74712],[51.25477,35.74766],[51.2547,35.74821],[51.25464,35.74877],[51.25457,35.74935],[51.25448,35.74991],[51.2544,35.75046],[51.25432,35.751],[51.25426,35.75156],[51.25419,35.75211],[51.25416,35.75265],[51.25413,35.75318],[51.2541,35.7537],[51.25406,35.7542],[51.254,35.75469],[51.25395,35.75519],[51.25392,35.75569],[51.25389,35.75619],[51.25388,35.75667],[51.25392,35.75712],[51.25406,35.7575],[51.25434,35.75781],[51.25471,35.75806],[51.25518,35.75818],[51.25574,35.75824],[51.25633,35.75827],[51.25693,35.7582],[51.25753,35.75808],[51.25812,35.758],[51.25864,35.75793],[51.25914,35.75785],[51.25996,35.75773],[51.2608,35.75766],[51.26126,35.7576],[51.26177,35.75753],[51.2623,35.75749],[51.26287,35.75744],[51.26346,35.75739],[51.26408,35.75734],[51.26473,35.75726],[51.2654,35.75717],[51.26609,35.75707],[51.26677,35.75689],[51.26741,35.75668],[51.26804,35.75642],[51.26861,35.7561],[51.26917,35.75578],[51.26971,35.75546],[51.27026,35.75515],[51.27082,35.75486],[51.27138,35.7546],[51.27194,35.75441],[51.27253,35.75427],[51.27313,35.75414],[51.27375,35.75406],[51.27441,35.754],[51.27504,35.75397],[51.27567,35.75395],[51.27634,35.75394],[51.27702,35.75393],[51.2777,35.75392],[51.2784,35.7539],[51.27909,35.75389],[51.27975,35.75386],[51.28039,35.7538],[51.281,35.75376],[51.28162,35.75374],[51.28223,35.75372],[51.28283,35.7537],[51.28343,35.75368],[51.28402,35.75365],[51.28462,35.75364],[51.2852,35.75362],[51.2858,35.75359],[51.28641,35.75356],[51.287,35.75354],[51.28762,35.75353],[51.28822,35.7535],[51.28884,35.75348],[51.28946,35.75345],[51.29012,35.75342],[51.29079,35.75337],[51.29145,35.75331],[51.2921,35.75327],[51.29274,35.75326],[51.2934,35.75325],[51.29404,35.75326],[51.29468,35.75326],[51.29532,35.75325],[51.29597,35.75325],[51.29662,35.75324],[51.29732,35.75324],[51.29803,35.75322],[51.29878,35.75321],[51.29953,35.75319],[51.30024,35.7532],[51.30091,35.75319],[51.30156,35.75318],[51.3022,35.75317],[51.30284,35.75316],[51.3034,35.75316],[51.3041,35.75318],[51.30458,35.75317],[51.30529,35.75314],[51.30576,35.75313],[51.30626,35.75313],[51.3068,35.75313],[51.30738,35.75312],[51.30803,35.75315],[51.3087,35.75315],[51.3094,35.75316],[51.31012,35.75316],[51.31085,35.75317],[51.3116,35.75317],[51.31233,35.75317],[51.31305,35.75316],[51.31377,35.75313],[51.31448,35.75309],[51.31518,35.75307],[51.31585,35.75302],[51.31652,35.75297],[51.3172,35.75294],[51.31788,35.75289],[51.31856,35.75283],[51.31923,35.75274],[51.31989,35.75262],[51.32054,35.7525],[51.32124,35.7524],[51.32192,35.75228],[51.32258,35.75216],[51.32325,35.75205],[51.32395,35.75196],[51.32464,35.75183],[51.32532,35.75172],[51.32603,35.75163],[51.32674,35.75153],[51.32747,35.75147],[51.32815,35.75139],[51.32883,35.7513],[51.32948,35.75124],[51.33013,35.75118],[51.33076,35.75113],[51.33138,35.75108],[51.33201,35.75105],[51.33261,35.75102],[51.33321,35.75099],[51.33379,35.75097],[51.33435,35.75093],[51.33495,35.75091],[51.33555,35.75091],[51.33617,35.75092],[51.33678,35.75093],[51.3374,35.75094],[51.33799,35.75097],[51.33857,35.75099],[51.33915,35.75101],[51.33974,35.75102],[51.34033,35.75105],[51.34094,35.75108],[51.34159,35.75111],[51.34225,35.75113],[51.34293,35.75114],[51.34361,35.75114],[51.34427,35.75114],[51.34491,35.75114],[51.34555,35.75115],[51.34617,35.75114],[51.34681,35.75112],[51.34744,35.7511],[51.34805,35.75107],[51.34864,35.75103],[51.34924,35.751],[51.34985,35.75097],[51.35049,35.75091],[51.35117,35.75086],[51.35185,35.75079],[51.35256,35.75071],[51.35328,35.75061],[51.35399,35.7505],[51.35468,35.75038],[51.35536,35.75026],[51.35601,35.75014],[51.35665,35.75004],[51.35732,35.74995],[51.35798,35.74986],[51.35867,35.74979],[51.35936,35.74971],[51.36007,35.74966],[51.3608,35.74959],[51.36151,35.74953],[51.36225,35.74949],[51.36297,35.74943],[51.36372,35.74936],[51.36447,35.74928],[51.36523,35.74923],[51.36597,35.74919],[51.36672,35.74913],[51.36744,35.74909],[51.36812,35.74908],[51.36878,35.74908],[51.36942,35.74909],[51.37004,35.74911],[51.37066,35.74913],[51.37128,35.74916],[51.37192,35.74921],[51.37254,35.74928],[51.37319,35.74934],[51.37387,35.74942],[51.37456,35.74948],[51.37524,35.74953],[51.37592,35.74957],[51.37659,35.74962],[51.37721,35.74965],[51.37777,35.74969],[51.37823,35.74972],[51.37876,35.74975],[51.37948,35.74978],[51.38018,35.74981],[51.381,35.74988],[51.38189,35.74994],[51.38236,35.74997],[51.38322,35.75004],[51.38408,35.7501],[51.38498,35.75018],[51.38583,35.75025],[51.38669,35.7503],[51.38757,35.75037],[51.38804,35.75042],[51.38851,35.75046],[51.389,35.7505],[51.38952,35.75053],[51.39005,35.75056],[51.39059,35.75059],[51.39111,35.75065],[51.39164,35.75068],[51.39219,35.75072],[51.39274,35.75074],[51.39328,35.75077],[51.39381,35.7508],[51.3944,35.75086],[51.39496,35.75091],[51.39551,35.75095],[51.39607,35.751],[51.39662,35.75102],[51.39718,35.75107],[51.39778,35.7511],[51.39838,35.75114],[51.39902,35.75118],[51.39967,35.75121],[51.40027,35.75124],[51.40085,35.75127],[51.40138,35.75127],[51.40197,35.75126],[51.40255,35.75124],[51.40309,35.75124],[51.40369,35.75129],[51.40414,35.75134],[51.40459,35.75138],[51.40508,35.75128],[51.40576,35.75135],[51.40646,35.75138],[51.40693,35.75135],[51.40744,35.75134],[51.40808,35.75136],[51.40854,35.75134],[51.40908,35.75132],[51.40962,35.7513],[51.41005,35.7514],[51.41051,35.75147],[51.41101,35.75156],[51.41152,35.75166],[51.41202,35.75177],[51.4127,35.75192],[51.41352,35.75205],[51.41401,35.75212],[51.41449,35.75216],[51.41497,35.75215],[51.41547,35.75218],[51.41594,35.75209],[51.41645,35.75196],[51.41698,35.7518],[51.41756,35.7516],[51.41814,35.75135],[51.41869,35.75104],[51.41924,35.75071],[51.41979,35.75034],[51.42037,35.75002],[51.42097,35.74974],[51.4216,35.74951],[51.42226,35.74934],[51.42295,35.74922],[51.42367,35.74918],[51.42437,35.74918],[51.42506,35.74919],[51.42569,35.74918],[51.42635,35.74918],[51.42699,35.74919],[51.42766,35.7492],[51.4283,35.74921],[51.42891,35.74921],[51.42951,35.74919],[51.43013,35.74921],[51.43077,35.74921],[51.43141,35.74921],[51.43206,35.74921],[51.43275,35.74924],[51.43344,35.74924],[51.43414,35.74927],[51.43484,35.74932],[51.43552,35.74937],[51.43619,35.74947],[51.43684,35.74963],[51.43749,35.74981],[51.4381,35.75],[51.43868,35.7502],[51.43924,35.75036],[51.43981,35.75049],[51.44037,35.75057],[51.44095,35.75065],[51.44156,35.75069],[51.44214,35.75072],[51.44273,35.75076],[51.44335,35.75078],[51.44393,35.75081],[51.44449,35.75084],[51.44506,35.75089],[51.44566,35.75096],[51.44626,35.75106],[51.44687,35.75119],[51.44748,35.75135],[51.4481,35.75156],[51.44871,35.75178],[51.44934,35.75203],[51.44994,35.75235],[51.45051,35.75268],[51.45106,35.75301],[51.4516,35.75336],[51.45214,35.75372],[51.45267,35.75405],[51.45322,35.75436],[51.45376,35.75463],[51.45425,35.75487],[51.4547,35.75507],[51.45518,35.75527],[51.45569,35.75547],[51.45621,35.75563],[51.45674,35.75579],[51.45726,35.75593],[51.45781,35.75606],[51.45838,35.75617],[51.45898,35.75628],[51.45958,35.75638],[51.4602,35.75648],[51.46077,35.75654],[51.46134,35.7566],[51.46187,35.75663],[51.46235,35.75665],[51.46283,35.75667],[51.46333,35.75668],[51.46383,35.7567],[51.46437,35.75671],[51.46491,35.7567],[51.46545,35.7567],[51.46594,35.75669],[51.46666,35.7566],[51.46684,35.75623],[51.46642,35.75593],[51.46583,35.75615],[51.46571,35.75664],[51.46573,35.75727],[51.46572,35.75785],[51.46571,35.75844],[51.46576,35.75907],[51.46585,35.75977],[51.46591,35.76014],[51.46598,35.76052],[51.46602,35.76091],[51.4661,35.76131],[51.46621,35.76172],[51.46632,35.76213],[51.46647,35.76253],[51.46661,35.763],[51.46673,35.76342],[51.46686,35.76386],[51.46699,35.76428],[51.46716,35.76469],[51.46736,35.76507],[51.46756,35.76542],[51.46775,35.76577],[51.46794,35.76611],[51.46812,35.76646],[51.4683,35.7668],[51.46867,35.76746],[51.46885,35.76781],[51.46919,35.76843],[51.46958,35.76897],[51.47011,35.76943],[51.47081,35.76983],[51.47153,35.77023],[51.47188,35.77047],[51.47218,35.77073],[51.47248,35.77104],[51.47276,35.77138],[51.47302,35.77174],[51.47331,35.77208],[51.47366,35.77241],[51.47406,35.7727],[51.47448,35.77297],[51.47491,35.77322],[51.4753,35.77349],[51.4757,35.77381],[51.47602,35.77416],[51.47631,35.77452],[51.47654,35.7749],[51.47669,35.77531],[51.4768,35.77573],[51.47689,35.77616],[51.477,35.7766],[51.47709,35.77703],[51.47719,35.77746],[51.4773,35.77787],[51.47746,35.77826],[51.47765,35.77861],[51.47789,35.77897],[51.47821,35.77929],[51.47857,35.77958],[51.47898,35.77988],[51.4794,35.78017],[51.47982,35.78049],[51.48023,35.78084],[51.48058,35.78124],[51.48085,35.78167],[51.48112,35.78209],[51.48138,35.78252],[51.48163,35.78295],[51.48187,35.78337],[51.4821,35.78372],[51.48233,35.78405],[51.48256,35.78438],[51.48278,35.78471],[51.483,35.78506],[51.48324,35.78541],[51.48347,35.78576],[51.4837,35.78611],[51.48391,35.78645],[51.4841,35.78679],[51.48426,35.78715],[51.48429,35.78776],[51.48477,35.78793],[51.48541,35.78768],[51.48606,35.78758],[51.48675,35.78735],[51.48736,35.78712],[51.48794,35.78688],[51.48862,35.78661],[51.48933,35.78632],[51.48997,35.78604],[51.49074,35.78584],[51.49119,35.78576],[51.49166,35.78567],[51.49213,35.78561],[51.49262,35.78558],[51.49316,35.78559],[51.49371,35.78561],[51.49429,35.78567],[51.49488,35.78575],[51.4955,35.78585],[51.49614,35.78595],[51.49684,35.78603],[51.4975,35.7861],[51.49814,35.78614],[51.49877,35.78619],[51.4994,35.7862],[51.50003,35.78616],[51.50064,35.78606],[51.50125,35.78592],[51.50185,35.78576],[51.50243,35.78559],[51.50301,35.78542],[51.5036,35.78525],[51.5042,35.78508],[51.50479,35.78492],[51.50538,35.78476],[51.50597,35.7846],[51.50656,35.78444],[51.50715,35.78428],[51.50775,35.7841],[51.50835,35.78394],[51.50896,35.78377],[51.50957,35.78359],[51.51018,35.78341],[51.5108,35.78322],[51.5114,35.78303],[51.51202,35.78283],[51.51261,35.78264],[51.5132,35.78244],[51.51377,35.78221],[51.51433,35.78194],[51.51485,35.78164],[51.51536,35.7813],[51.51586,35.78093],[51.51636,35.78056],[51.51685,35.7802],[51.51736,35.77984],[51.51785,35.77945],[51.51837,35.77908],[51.51895,35.77875],[51.51953,35.77842],[51.52015,35.77815],[51.52079,35.77794],[51.52142,35.77776],[51.52208,35.77763],[51.52271,35.77755],[51.52336,35.77752],[51.52399,35.77748],[51.5246,35.77744],[51.52522,35.7774],[51.52584,35.77735],[51.52645,35.77732],[51.52709,35.77728],[51.52773,35.77723],[51.52839,35.77718],[51.52904,35.77713],[51.52969,35.77709],[51.53033,35.77704],[51.53097,35.77698],[51.5316,35.77695],[51.53224,35.77691],[51.53286,35.77689],[51.53349,35.77684],[51.53409,35.77678],[51.5347,35.77672],[51.5353,35.77664],[51.53589,35.77656],[51.53649,35.77647],[51.53709,35.77637],[51.53769,35.77626],[51.5383,35.77613],[51.53893,35.77599],[51.53956,35.77584],[51.54022,35.77567],[51.54089,35.7755],[51.54156,35.77531],[51.54222,35.77511],[51.54287,35.77489],[51.54352,35.77468],[51.54416,35.77446],[51.54481,35.77424],[51.54548,35.774],[51.54616,35.77375],[51.54683,35.77351],[51.54751,35.77327],[51.54819,35.77303],[51.54887,35.77278],[51.54954,35.77255],[51.55021,35.7723],[51.5509,35.77206],[51.55154,35.7718],[51.55221,35.77157],[51.5529,35.77137],[51.55356,35.77114],[51.55422,35.7709],[51.55488,35.77066],[51.55555,35.77044],[51.55621,35.77021],[51.55685,35.76995],[51.5575,35.76971],[51.55808,35.76939],[51.55866,35.76909],[51.55926,35.76879],[51.55984,35.76846],[51.5604,35.7681],[51.56094,35.76772],[51.56148,35.76734],[51.56206,35.76695],[51.56265,35.76655],[51.56326,35.76616],[51.56387,35.76578],[51.56449,35.7654],[51.56511,35.76501],[51.56573,35.76464],[51.56634,35.76424],[51.56695,35.76384],[51.56755,35.76344],[51.5681,35.76302],[51.56866,35.7626],[51.5692,35.76216],[51.56977,35.76173],[51.57035,35.76131],[51.57089,35.76091],[51.57143,35.76049],[51.57197,35.76006],[51.57253,35.75964],[51.57307,35.75921],[51.5736,35.75877],[51.5741,35.75832],[51.57458,35.75787],[51.57501,35.75743],[51.57531,35.75705],[51.57569,35.7565],[51.57588,35.75613],[51.57605,35.75576],[51.57628,35.75536],[51.57645,35.75477],[51.5766,35.75426],[51.57673,35.75383],[51.57704,35.75332],[51.57736,35.75292],[51.57779,35.75257],[51.57825,35.75225],[51.57879,35.75192],[51.57912,35.75164],[51.57893,35.75119],[51.57829,35.75077],[51.57795,35.75053],[51.57759,35.75027],[51.57726,35.75002],[51.57696,35.74975],[51.57657,35.74933],[51.57632,35.74899],[51.57628,35.74857],[51.57657,35.74798],[51.57694,35.74735],[51.57697,35.74669],[51.57684,35.74634],[51.57666,35.74593],[51.5765,35.74556],[51.57615,35.74512],[51.57565,35.7452],[51.57491,35.74543],[51.57448,35.74558],[51.57404,35.7457],[51.57364,35.74588],[51.573,35.74604],[51.57254,35.74571],[51.5723,35.74516],[51.57216,35.74482],[51.572,35.74446],[51.57187,35.7441],[51.57201,35.7434],[51.57232,35.74303],[51.57259,35.74269],[51.57293,35.74227],[51.57294,35.7419],[51.57247,35.7415],[51.57183,35.74115],[51.57127,35.74082],[51.5709,35.74061],[51.57032,35.74028],[51.56996,35.74007],[51.56957,35.73985],[51.5692,35.73964],[51.56882,35.73941],[51.5684,35.73916],[51.56774,35.73873],[51.56723,35.73837],[51.56671,35.73804],[51.56617,35.73771],[51.56558,35.73734],[51.56509,35.73703],[51.56449,35.73668],[51.56402,35.73641],[51.56358,35.73618],[51.56301,35.73583],[51.56243,35.73551],[51.56181,35.73516],[51.56129,35.73485],[51.56067,35.73448],[51.56015,35.73416],[51.5598,35.73393],[51.55926,35.7336],[51.55886,35.73336],[51.5584,35.73313],[51.55779,35.73281],[51.55721,35.73247],[51.5566,35.73213],[51.55598,35.73181],[51.55538,35.73146],[51.55463,35.73102],[51.55426,35.73081],[51.55375,35.73051],[51.55376,35.7301],[51.5542,35.72998],[51.55425,35.72998],[51.55425,35.72998],[51.55425,35.72998],[51.55425,35.72999],[51.55425,35.72999],[51.55424,35.72999],[51.55424,35.72999]]]}},{"type":"Feature","properties":{"route":7,"color":"#4f46e5","times":[[21635,21638,21641,21644,21647,21650,21653,21656,21659,21662,21665,21668,21671,21674,21677,21680,21683,21686,21689,21692,21695,21698,21701,21704,21707,21710,21713,21716,21719,21722,21725,21738,21741,21744,21752,21758,21761,21797,21806,21866,21896,21938,21962,21980,22001,22016,22028,22037,22058,22076,22094,22106,22109,22118,22130,22142,22151,22160,22163,22166,22169,22175,22184,22190,22196,22199,22202,22205,22208,22211,22214,22217,22220,22223,22226,22229,22232,22235,22238,22241,22244,22247,22250,22253,22256,22259,22262,22265,22268,22271,22274,22277,22280,22283,22286,22289,22292,22295,22298,22301,22304,22307,22310,22313,22316,22319,22322,22325,22328,22331,22334,22337,22340,22343,22346,22349,22352,22355,22358,22361,22364,22367,22370,22373,22376,22379,22382,22385,22388,22391,22394,22397,22400,22403,22406,22409,22412,22415,22418,22421,22424,22427,22430,22433,22436,22439,22442,22445,22448,22451,22457,22466,22499,22508,22520,22529,22538,22550,22583,22592,22598,22604,22619,22625,22631,22637,22643,22649,22655,22661,22673,22721,22727,22736,22745,22754,22760,22766,22772,22778,22784,22790,22796,22802,22808,22814,22820,22826,22832,22838,22847,22895,22904,22910,22916,22922,22928,22940,22952,22961,22970,22979,22985,22991,22997,23006,23030,23039,23045,23063,23081,23096,23111,23120,23132,23141,23147,23153,23156,23162,23168,23174,23180,23183,23186,23189,23192,23195,23198,23201,23204,23207,23210,23213,23216,23219,23222,23225,23228,23231,23234,23237,23240,23246,23252,23273,23294,23300,23306,23309,23312,23315,23318,23321,23324,23327,23330,23333,23336,23339,23342,23345,23348,23354,23360,23366,23369,23372,23375,23378,23381,23384,23387,23390,23393,23396,23399,23402,23408,23414,23420,23429,23441,23462,23468,23477,23486,23495,23507,23519,23531,23540,23546,23552,23555,23558,23561,23564,23567,23573,23576,23579,23582,23585,23588,23591,23594,23597,23600,23603,23606,23609,23612,23615,23618,23621,23624,23627,23630,23633,23636,23639,23642,23645,23648,23651,23654,23657,23660,23663,23666,23669,23672,23675,23678,23681,23684,23687,23690,23693,23696,23699,23702,23705,23708,23711,23714,23717,23720,23723,23729,23747,23753,23756,23759,23762,23765,23768,23771,23774,23777,23780,23783,23786,23789,23792,23795,23798,23801,23804,23807,23810,23813,23816,23819,23822,23825,23828,23831,23834,23840,23843,23846,23849,23852,23855,23858,23861,23864,23867,23870,23873,23876,23879,23882,23885,23888,23891,23894,23897,23900,23903,23906,23909,23912,23915,23918,23921,23924,23927,23930,23933,23936,23939,23942,23945,23948,23951,23954,23957,23960,23963,23966,23969,23972,23975,23978,23981,23984,23987,23990,23993,23996,23999,24002,24005,24008,24011,24014,24017,24020,24023,24026,24029,24032,24035,24038,24041,24044,24047,24050,24053,24056,24059,24062,24065,24068,24071,24074,24077,24080,24083,24086,24089,24092,24095,24098,24101,24104,24107,24110,24113,24116,24119,24122,24125,24128,24131,24134,24137,24140,24143,24146,24149,24152,24155,24158,24161,24164,24167,24170,24173,24176,24179,24182,24185,24188,24191,24194,24197,24200,24203,24206,24209,24212,24215,24218,24221,24224,24227,24230,24233,24236,24239,24242,24245,24248,24251,24254,24257,24260,24263,24266,24269,24272,24275,24278,24281,24284,24287,24290,24293,24296,24299,24302,24305,24308,24311,24314,24317,24320,24323,24326,24329,24332,24335,24338,24341,24344,24347,24350,24353,24356,24359,24362,24365,24368,24371,24374,24377,24380,24383,24386,24389,24392,24395,24398,24401,24404,24407,24410,24413,24416,24419,24422,24425,24428,24431,24434,24437,24440,24443,24446,24449,24452,24455,24458,24461,24464,24467,24470,24476,24479,24482,24485,24488,24491,24494,24497,24500,24503,24506,24509,24512,24515,24518,24521,24524,24527,24530,24533,24536,24539,24542,24545,24548,24551,24554,24557,24560,24563,24566,24569,24572,24575,24578,24581,24584,24587,24590,24593,24596,24599,24602,24605,24608,24611,24614,24617,24620,24623,24626,24629,24632,24635,24638,24641,24644,24647,24650,24653,24656,24659,24662,24665,24668,24671,24674,24677,24680,24683,24686,24689,24692,24695,24698,24701,24704,24707,24710,24713,24716,24719,24722,24725,24728,24731,24734,24737,24740,24743,24749,24755,24761,24764,24767,24770,24773,24776,24779,24782,24785,24788,24791,24794,24797,24800,24803,24806,24809,24812,24815,24818,24821,24824,24827,24830,24833,24836,24839,24842,24845,24848,24851,24854,24857,24860,24863,24866,24869,24872,24875,24878,24881,24884,24887,24890,24896,24905,24917,24929,24959,24992,25007,25019,25031,25043,25061,25097,25106,25115,25124,25133,25142,25151,25163,25169,25181,25196,25211,25223,25229,25235,25241,25247,25253,25259,25265,25271,25277,25283,25289,25295,25301,25304,25307,25310,25313,25316,25319,25322,25325,25328,25331,25334,25337,25340,25343,25346,25349,25352,25355,25358,25361,25364,25367,25370,25373,25376,25379,25382,25385,25388,25391,25394,25397,25400,25403,25406,25409,25412,25415,25418,25421,25424,25427,25430,25433,25436,25439,25442,25445,25448,25451,25454,25457,25460,25463,25466,25469,25472,25475,25478,25481,25484,25487,25490,25493,25496,25499,25502,25505,25508,25511,25514,25517,25520,25523,25526,25529,25532,25535,25538,25541,25544,25547,25550,25556,25610,25619,25625,25631,25637,25640,25643,25646,25649,25652,25658,25661,25664,25667,25670,25673,25676,25679,25682,25685,25688,25691,25694,25697,25700,25703,25706,25709,25712,25715,25718,25721,25724,25727,25730,25733,25736,25739,25742,25745,25748,25751,25754,25757,25760,25763,25766,25769,25772,25775,25778,25781,25784,25787,25790,25793,25796,25799,25802,25805,25808,25811,25814,25817,25820,25823,25826,25829,25832,25835,25838,25841,25844,25847,25850,25853,25856,25859,25862,25865,25868,25871,25874,25877,25880,25883,25886,25889,25892,25895,25898,25901,25904,25907,25910,25913,25916,25919,25922,25925,25928,25931,25934,25937,25940,25943,25946,25949,25952,25955,25958,25961,25964,25970,25976,25982,25988,25997,26003,26009,26015,26018,26021,26024,26027,26030,26033,26036,26039,26042,26045,26048,26051,26054,26057,26060,26063,26066,26069,26072,26075,26078,26081,26084,26087,26090,26093,26096,26099,26102,26105,26108,26111,26114,26117,26120,26123,26126,26129,26132,26135,26138,26141,26144,26147,26150,26153,26156,26159,26162,26165,26168,26171,26174,26177,26180,26183,26186,26189,26195,26201,26204,26207,26210,26213,26216,26219,26222,26225,26228,26231,26234,26237,26240,26243,26246,26249,26252,26255,26258,26261,26264,26267,26270,26273,26276,26279,26282,26285,26288,26291,26294,26297,26300,26303,26306,26309,26312,26315,26318,26321,26327,26333,26339,26345,26351,26357,26363,26366,26369,26372,26375,26378,26381,26384,26387,26390,26393,26396,26399,26402,26405,26408,26411,26414,26417,26420,26423,26426,26429,26432,26435,26438,26441,26444,26447,26450,26453,26456,26459,26462,26465,26468,26471,26474,26477,26480,26483,26486,26489,26492,26495,26498,26501,26504,26507,26510,26513,26516,26519,26522,26525,26528,26531,26534,26540,26546,26549,26552,26555,26558,26561,26564,26567,26570,26573,26576,26579,26582,26585,26588,26591,26594,26597,26600,26603,26606,26609,26615,26621,26627,26633,26645,26651,26657,26663,26675,26690,26699]],"type":"access_route","source":"recorded_gps_prefix"},"geometry":{"type":"MultiLineString","coordinates":[[[51.5482,35.72932],[51.54772,35.72931],[51.5472,35.72935],[51.54666,35.72935],[51.54608,35.72936],[51.54551,35.72936],[51.54495,35.72934],[51.5444,35.72934],[51.54383,35.72942],[51.5433,35.72942],[51.54276,35.7294],[51.54219,35.72938],[51.5416,35.72935],[51.54103,35.72932],[51.54047,35.72926],[51.53993,35.72921],[51.53938,35.72916],[51.53881,35.72912],[51.53822,35.72907],[51.5376,35.72903],[51.53697,35.72897],[51.53634,35.72892],[51.53571,35.72886],[51.53507,35.72882],[51.53446,35.72879],[51.53383,35.72876],[51.53321,35.7287],[51.53258,35.72865],[51.53197,35.7286],[51.53136,35.72856],[51.53076,35.7285],[51.53405,35.72586],[51.53287,35.72612],[51.53271,35.72519],[51.53102,35.72327],[51.53196,35.72464],[51.53123,35.72481],[51.53168,35.72456],[51.53203,35.72429],[51.53162,35.72412],[51.53116,35.72406],[51.53067,35.72404],[51.53021,35.72401],[51.52976,35.72399],[51.52927,35.72398],[51.52876,35.72395],[51.52831,35.72393],[51.52784,35.72392],[51.52739,35.72393],[51.52689,35.72394],[51.52641,35.72388],[51.52581,35.72391],[51.52535,35.7239],[51.52489,35.7237],[51.52457,35.7233],[51.52411,35.72294],[51.52373,35.7226],[51.52314,35.72249],[51.52266,35.72253],[51.52219,35.72251],[51.52172,35.72245],[51.52102,35.72234],[51.52047,35.72225],[51.51982,35.72218],[51.51896,35.72211],[51.51845,35.72207],[51.51792,35.72203],[51.51734,35.72197],[51.51674,35.72187],[51.51614,35.72174],[51.51555,35.72158],[51.51495,35.72137],[51.51436,35.72111],[51.51376,35.7208],[51.5132,35.72044],[51.51269,35.72004],[51.51221,35.71962],[51.51176,35.71917],[51.51131,35.71872],[51.51085,35.71826],[51.5104,35.71779],[51.50992,35.71733],[51.50946,35.71685],[51.50899,35.71637],[51.50853,35.7159],[51.50809,35.71541],[51.50767,35.71492],[51.50726,35.71443],[51.50686,35.71393],[51.50645,35.71343],[51.50603,35.71292],[51.5056,35.71241],[51.50521,35.71189],[51.50485,35.71136],[51.50453,35.7108],[51.50426,35.71024],[51.504,35.70967],[51.50377,35.70909],[51.50354,35.70853],[51.50331,35.70796],[51.50308,35.7074],[51.50286,35.70687],[51.50264,35.7064],[51.50242,35.70592],[51.50218,35.70542],[51.50193,35.70492],[51.50169,35.70441],[51.50146,35.70389],[51.50124,35.70337],[51.50104,35.70284],[51.50084,35.70232],[51.50063,35.70178],[51.5004,35.70124],[51.50014,35.70073],[51.49985,35.70023],[51.49953,35.69972],[51.4992,35.69921],[51.49885,35.6987],[51.49847,35.6982],[51.49808,35.69772],[51.49768,35.69725],[51.49729,35.69679],[51.49691,35.69635],[51.49654,35.69589],[51.49618,35.69542],[51.49581,35.69494],[51.49542,35.69446],[51.49502,35.69398],[51.49463,35.69349],[51.49425,35.69298],[51.4939,35.69245],[51.4936,35.69192],[51.49335,35.69137],[51.49318,35.69082],[51.49302,35.6903],[51.49288,35.68981],[51.49277,35.68933],[51.49271,35.68885],[51.49269,35.68837],[51.49269,35.68788],[51.49269,35.68738],[51.49268,35.68688],[51.49267,35.68637],[51.49267,35.68588],[51.49266,35.6854],[51.49265,35.68494],[51.49264,35.68449],[51.49263,35.68403],[51.49262,35.68359],[51.49262,35.68322],[51.49262,35.68269],[51.4926,35.68229],[51.49258,35.68184],[51.49256,35.68137],[51.49254,35.68088],[51.49253,35.68041],[51.4925,35.68004],[51.49248,35.67965],[51.49245,35.67925],[51.49241,35.67876],[51.49239,35.67826],[51.49236,35.67771],[51.49235,35.6773],[51.49235,35.67689],[51.49234,35.67629],[51.49233,35.67565],[51.49231,35.67514],[51.4923,35.6747],[51.49228,35.67418],[51.49229,35.67376],[51.49227,35.67339],[51.49224,35.67293],[51.49224,35.67247],[51.49223,35.67193],[51.49224,35.67147],[51.49222,35.67105],[51.49222,35.67064],[51.4922,35.67022],[51.49219,35.66974],[51.49216,35.66915],[51.49215,35.66857],[51.49213,35.6681],[51.49211,35.66773],[51.49204,35.66736],[51.49194,35.66694],[51.49182,35.6665],[51.49163,35.66594],[51.49144,35.66539],[51.49126,35.66494],[51.49108,35.66442],[51.49095,35.66407],[51.49082,35.66367],[51.49065,35.66316],[51.49051,35.66277],[51.49037,35.66236],[51.49024,35.66197],[51.49011,35.66157],[51.48996,35.66119],[51.48982,35.66081],[51.48969,35.6604],[51.48954,35.65997],[51.4894,35.65956],[51.48927,35.65917],[51.48911,35.65872],[51.48894,35.65827],[51.48873,35.65785],[51.48852,35.6575],[51.48826,35.65708],[51.48795,35.65667],[51.48784,35.65628],[51.48786,35.65584],[51.48791,35.65545],[51.48786,35.65503],[51.48777,35.65462],[51.48765,35.65423],[51.48747,35.65383],[51.48729,35.65329],[51.48705,35.65261],[51.48693,35.65226],[51.48671,35.6516],[51.48652,35.65104],[51.48634,35.65053],[51.4861,35.64988],[51.48596,35.64951],[51.48581,35.64911],[51.48567,35.64869],[51.48552,35.64825],[51.48537,35.64781],[51.48524,35.64738],[51.48512,35.64693],[51.48503,35.64646],[51.48495,35.64598],[51.48487,35.6455],[51.4848,35.64501],[51.48473,35.64449],[51.48466,35.64396],[51.48459,35.64341],[51.48453,35.64285],[51.48445,35.6423],[51.48438,35.64177],[51.4843,35.64127],[51.48423,35.6408],[51.48418,35.64039],[51.48411,35.63976],[51.48405,35.63931],[51.48404,35.63893],[51.48393,35.63845],[51.48373,35.63802],[51.48334,35.63742],[51.48304,35.63712],[51.48266,35.63686],[51.48221,35.63664],[51.48171,35.63649],[51.48113,35.63644],[51.48054,35.63645],[51.47996,35.63657],[51.47942,35.63676],[51.4789,35.63702],[51.47838,35.63726],[51.47787,35.63752],[51.47738,35.63776],[51.47691,35.63799],[51.47651,35.63815],[51.47574,35.63831],[51.47495,35.63828],[51.47408,35.63804],[51.47364,35.63781],[51.47326,35.63752],[51.47294,35.63718],[51.47264,35.63681],[51.47231,35.63641],[51.47193,35.63601],[51.47154,35.63565],[51.47108,35.63532],[51.4706,35.635],[51.47009,35.6347],[51.46956,35.63443],[51.46909,35.63425],[51.46832,35.634],[51.46762,35.63373],[51.4671,35.63349],[51.46667,35.63331],[51.46621,35.63312],[51.46569,35.6329],[51.46525,35.63272],[51.46474,35.63251],[51.4642,35.63231],[51.46366,35.63212],[51.46308,35.63193],[51.46261,35.63178],[51.4621,35.63161],[51.46148,35.63143],[51.46092,35.63129],[51.46012,35.63108],[51.45966,35.63096],[51.45916,35.63084],[51.45864,35.63074],[51.45813,35.63064],[51.4577,35.63054],[51.45688,35.63034],[51.45643,35.63022],[51.45596,35.6301],[51.45546,35.63],[51.45491,35.62992],[51.45432,35.62986],[51.4537,35.62981],[51.45305,35.62977],[51.4524,35.62973],[51.45172,35.62972],[51.45102,35.62971],[51.45032,35.62971],[51.4496,35.62971],[51.44888,35.6297],[51.44815,35.62968],[51.44742,35.62965],[51.44667,35.62961],[51.44591,35.62956],[51.44513,35.62947],[51.44435,35.62936],[51.44356,35.62925],[51.44276,35.62914],[51.44187,35.62907],[51.44107,35.62893],[51.44029,35.62875],[51.43953,35.62855],[51.43877,35.62833],[51.43802,35.6281],[51.43727,35.62788],[51.43652,35.62763],[51.43583,35.62736],[51.43509,35.62709],[51.43435,35.62685],[51.43364,35.62658],[51.43293,35.62628],[51.43224,35.62598],[51.43156,35.62567],[51.43088,35.62535],[51.43022,35.625],[51.42957,35.62464],[51.42892,35.62427],[51.42828,35.62389],[51.42766,35.62351],[51.42709,35.62314],[51.42657,35.62279],[51.42606,35.62244],[51.42556,35.62208],[51.42507,35.62172],[51.4246,35.62136],[51.42415,35.62104],[51.42379,35.62078],[51.42334,35.62043],[51.42291,35.62],[51.4224,35.61956],[51.42209,35.61931],[51.42175,35.61904],[51.4214,35.61876],[51.42103,35.61848],[51.42067,35.61819],[51.42027,35.6179],[51.41985,35.61763],[51.41942,35.61735],[51.41897,35.61708],[51.41849,35.61682],[51.418,35.61659],[51.41752,35.61638],[51.41704,35.61616],[51.41654,35.61597],[51.416,35.61578],[51.41543,35.61559],[51.41488,35.61544],[51.41435,35.61532],[51.41381,35.6152],[51.41326,35.6151],[51.41266,35.615],[51.41207,35.61494],[51.41149,35.61488],[51.41093,35.6148],[51.41039,35.61474],[51.40987,35.61467],[51.40939,35.6146],[51.40854,35.61452],[51.40807,35.61448],[51.40759,35.61448],[51.40708,35.61448],[51.40653,35.61447],[51.40596,35.61448],[51.40537,35.61449],[51.40476,35.6145],[51.40412,35.61452],[51.40349,35.61454],[51.40288,35.61453],[51.40226,35.61454],[51.40163,35.61454],[51.401,35.61453],[51.40036,35.61454],[51.39972,35.61453],[51.39909,35.61451],[51.39845,35.61448],[51.3978,35.61448],[51.39712,35.61448],[51.39644,35.61447],[51.39576,35.61446],[51.39506,35.61445],[51.39437,35.61445],[51.39368,35.61446],[51.39301,35.61445],[51.39235,35.61444],[51.39169,35.61443],[51.39099,35.61443],[51.3903,35.61443],[51.3896,35.61445],[51.3889,35.61445],[51.38823,35.61445],[51.38756,35.61444],[51.3869,35.61444],[51.38623,35.61444],[51.38556,35.61444],[51.38489,35.61444],[51.38423,35.61443],[51.38355,35.61444],[51.38287,35.61444],[51.38223,35.61443],[51.38158,35.61444],[51.38095,35.61445],[51.38032,35.61445],[51.37968,35.61444],[51.37903,35.61442],[51.37836,35.61439],[51.37771,35.61435],[51.37706,35.61431],[51.37642,35.61426],[51.37579,35.61419],[51.37516,35.61409],[51.3745,35.61404],[51.37385,35.61397],[51.37321,35.61387],[51.37256,35.61377],[51.37192,35.61367],[51.37129,35.61354],[51.37064,35.61341],[51.36998,35.61326],[51.36932,35.6131],[51.36867,35.61292],[51.36802,35.61274],[51.36736,35.61256],[51.3667,35.61236],[51.36603,35.61218],[51.36536,35.61199],[51.3647,35.61178],[51.36402,35.61158],[51.36336,35.6114],[51.36273,35.61121],[51.36212,35.61107],[51.36146,35.61098],[51.36082,35.61088],[51.36017,35.61077],[51.35955,35.61062],[51.35893,35.61049],[51.35832,35.61035],[51.35773,35.6102],[51.35714,35.61002],[51.35655,35.60985],[51.35595,35.60967],[51.35537,35.60949],[51.35481,35.60934],[51.35426,35.6092],[51.35371,35.60907],[51.35313,35.60893],[51.35255,35.60881],[51.35196,35.6087],[51.35135,35.6086],[51.35072,35.60851],[51.35007,35.60846],[51.34943,35.6084],[51.3488,35.60837],[51.34816,35.60835],[51.34753,35.60834],[51.34689,35.60835],[51.34627,35.60838],[51.34567,35.60841],[51.34506,35.60847],[51.34445,35.60852],[51.34385,35.6086],[51.34326,35.6087],[51.34267,35.6088],[51.34209,35.60893],[51.3415,35.60907],[51.34094,35.60919],[51.34041,35.60934],[51.33988,35.6095],[51.33935,35.60967],[51.33881,35.60984],[51.33827,35.61004],[51.33773,35.61026],[51.33721,35.61048],[51.33672,35.6107],[51.33625,35.61093],[51.33578,35.61117],[51.33532,35.61143],[51.33485,35.61169],[51.33438,35.61198],[51.33393,35.61227],[51.33349,35.61257],[51.33306,35.61288],[51.33264,35.61321],[51.33221,35.61355],[51.33181,35.61388],[51.33145,35.61419],[51.33113,35.61449],[51.3308,35.61481],[51.33046,35.61513],[51.33011,35.61547],[51.32979,35.61583],[51.32946,35.6162],[51.32916,35.61656],[51.32886,35.61693],[51.32854,35.6173],[51.32822,35.61768],[51.32789,35.61807],[51.32756,35.61848],[51.3272,35.61888],[51.32687,35.61928],[51.32654,35.61966],[51.32623,35.62004],[51.3259,35.62044],[51.32558,35.62086],[51.3252,35.62132],[51.32485,35.62176],[51.3245,35.6222],[51.32413,35.62263],[51.32378,35.62306],[51.32341,35.62349],[51.32302,35.62393],[51.32265,35.62437],[51.32227,35.62481],[51.3219,35.62521],[51.32154,35.62562],[51.32117,35.626],[51.3208,35.6264],[51.32043,35.62678],[51.32004,35.62716],[51.31963,35.62755],[51.31921,35.62792],[51.31877,35.6283],[51.31833,35.62866],[51.31786,35.62902],[51.31741,35.62937],[51.31699,35.62971],[51.31659,35.62999],[51.31614,35.63026],[51.3157,35.63053],[51.31527,35.63078],[51.31482,35.63105],[51.31435,35.63131],[51.31388,35.63157],[51.31338,35.63184],[51.31289,35.63211],[51.3124,35.63238],[51.31188,35.63265],[51.31136,35.63292],[51.31083,35.63319],[51.31033,35.63345],[51.30983,35.6337],[51.30932,35.63396],[51.30882,35.63421],[51.30833,35.63446],[51.30784,35.6347],[51.30734,35.63493],[51.30682,35.63518],[51.3063,35.63545],[51.30578,35.63574],[51.30529,35.636],[51.3048,35.63624],[51.30428,35.63647],[51.30378,35.63674],[51.30327,35.63699],[51.30275,35.63725],[51.30222,35.63751],[51.3017,35.63778],[51.30117,35.63805],[51.30064,35.63832],[51.3001,35.63859],[51.29956,35.63887],[51.29902,35.63914],[51.29851,35.6394],[51.29801,35.63965],[51.29754,35.63989],[51.29708,35.64012],[51.29663,35.64034],[51.29619,35.64056],[51.29578,35.64077],[51.29502,35.64114],[51.29463,35.64133],[51.29423,35.64153],[51.29383,35.64173],[51.29341,35.64193],[51.29297,35.64213],[51.29252,35.64234],[51.29206,35.64258],[51.29158,35.64281],[51.2911,35.64305],[51.29059,35.6433],[51.29007,35.64353],[51.28955,35.64377],[51.28903,35.644],[51.28851,35.64423],[51.28802,35.64446],[51.28755,35.64469],[51.28706,35.64491],[51.28657,35.64515],[51.28607,35.6454],[51.28555,35.64563],[51.28506,35.64585],[51.28457,35.64607],[51.28406,35.64629],[51.28353,35.64649],[51.28302,35.64672],[51.28251,35.64695],[51.28198,35.64718],[51.28144,35.6474],[51.2809,35.64764],[51.28036,35.64788],[51.2798,35.64812],[51.27925,35.64835],[51.27871,35.64858],[51.27818,35.64881],[51.27766,35.64903],[51.27713,35.64925],[51.27661,35.64946],[51.2761,35.64967],[51.2756,35.64987],[51.27509,35.65009],[51.27458,35.65031],[51.27407,35.65051],[51.27356,35.65071],[51.27304,35.65093],[51.27254,35.65113],[51.27206,35.65132],[51.27159,35.65149],[51.27116,35.65166],[51.27074,35.65182],[51.27033,35.65198],[51.26992,35.65216],[51.2695,35.65233],[51.26907,35.65249],[51.26865,35.65264],[51.26822,35.6528],[51.26781,35.65295],[51.26738,35.65311],[51.26694,35.65328],[51.26648,35.65347],[51.26601,35.65366],[51.26552,35.65384],[51.26503,35.65402],[51.26453,35.65421],[51.26403,35.6544],[51.26356,35.65456],[51.26308,35.65474],[51.26259,35.65492],[51.26208,35.65511],[51.26156,35.6553],[51.26103,35.65549],[51.26048,35.65569],[51.25993,35.65588],[51.25937,35.65606],[51.25883,35.65626],[51.2583,35.65646],[51.25778,35.65668],[51.25724,35.65687],[51.25669,35.65706],[51.25613,35.65726],[51.25557,35.65746],[51.255,35.65767],[51.25444,35.65788],[51.25388,35.65809],[51.25333,35.65829],[51.25279,35.65848],[51.25228,35.65867],[51.25178,35.65885],[51.25127,35.65904],[51.25085,35.6592],[51.25026,35.65942],[51.24975,35.65958],[51.24904,35.65987],[51.24863,35.66003],[51.2482,35.66019],[51.24776,35.66035],[51.2473,35.66051],[51.24683,35.66068],[51.24636,35.66085],[51.24586,35.66103],[51.24536,35.66121],[51.24484,35.66138],[51.24431,35.66157],[51.24378,35.66177],[51.24325,35.66198],[51.2427,35.66221],[51.24216,35.66244],[51.24162,35.66268],[51.24107,35.66292],[51.24053,35.66318],[51.24001,35.66348],[51.23947,35.66379],[51.23895,35.6641],[51.23845,35.66441],[51.23796,35.66475],[51.23749,35.6651],[51.23703,35.66547],[51.2366,35.66586],[51.23619,35.66625],[51.23579,35.66665],[51.2354,35.66707],[51.23503,35.66749],[51.23467,35.66792],[51.23433,35.66837],[51.23401,35.66881],[51.23371,35.66925],[51.23342,35.66969],[51.23317,35.67012],[51.23294,35.67058],[51.23274,35.67105],[51.23255,35.67151],[51.23237,35.67196],[51.2322,35.67242],[51.23206,35.67289],[51.23194,35.67333],[51.23186,35.67373],[51.23175,35.67435],[51.2317,35.67479],[51.23165,35.67522],[51.23163,35.67563],[51.23165,35.67606],[51.23163,35.67647],[51.23164,35.67687],[51.23167,35.67727],[51.2317,35.67766],[51.23175,35.67803],[51.23182,35.67843],[51.2319,35.67889],[51.23201,35.6793],[51.23208,35.67966],[51.2322,35.68007],[51.23237,35.68051],[51.23253,35.68092],[51.23269,35.68131],[51.23289,35.68172],[51.23302,35.68207],[51.23326,35.6825],[51.23341,35.68285],[51.23367,35.68324],[51.23392,35.68369],[51.2342,35.68404],[51.23452,35.68441],[51.23487,35.68478],[51.23528,35.68512],[51.23585,35.68532],[51.23649,35.6852],[51.23686,35.68473],[51.23675,35.68412],[51.23637,35.6835],[51.23589,35.6831],[51.23534,35.68302],[51.23484,35.68312],[51.23416,35.68334],[51.23374,35.68349],[51.23329,35.68366],[51.23282,35.68383],[51.23235,35.684],[51.23187,35.68414],[51.23137,35.68431],[51.23085,35.68449],[51.23033,35.68469],[51.2298,35.6849],[51.22926,35.68511],[51.22872,35.68533],[51.22817,35.68556],[51.22762,35.68579],[51.22706,35.686],[51.22648,35.68621],[51.22591,35.68641],[51.22534,35.68662],[51.22479,35.68683],[51.22429,35.68703],[51.22378,35.68723],[51.22324,35.68744],[51.22268,35.68765],[51.22212,35.68788],[51.22152,35.68812],[51.22091,35.68836],[51.22029,35.68861],[51.21966,35.68887],[51.21902,35.68914],[51.21837,35.6894],[51.21772,35.68967],[51.21707,35.68993],[51.2164,35.69021],[51.21574,35.69049],[51.21507,35.69078],[51.2144,35.69105],[51.21375,35.69132],[51.2131,35.69159],[51.21243,35.69188],[51.21175,35.69216],[51.21107,35.69244],[51.21043,35.69267],[51.20985,35.69291],[51.2093,35.69314],[51.20872,35.69338],[51.20815,35.69361],[51.20759,35.69383],[51.20702,35.69408],[51.20644,35.69431],[51.20587,35.69456],[51.20529,35.6948],[51.2047,35.69504],[51.20409,35.69529],[51.20349,35.69554],[51.20288,35.69578],[51.20226,35.69603],[51.20166,35.69627],[51.20105,35.69651],[51.20043,35.69676],[51.19982,35.69702],[51.19918,35.69727],[51.19855,35.6975],[51.19792,35.69774],[51.19728,35.69799],[51.19664,35.69823],[51.19601,35.69849],[51.19537,35.69873],[51.19474,35.69899],[51.19412,35.69925],[51.19349,35.6995],[51.19286,35.69975],[51.19223,35.7],[51.19159,35.70026],[51.19095,35.70052],[51.19029,35.70079],[51.18964,35.70105],[51.18897,35.70132],[51.18831,35.70159],[51.18766,35.70185],[51.18702,35.70212],[51.18638,35.70237],[51.18577,35.70262],[51.18527,35.70283],[51.18484,35.703],[51.18438,35.70319],[51.18382,35.70339],[51.18333,35.70358],[51.18287,35.70379],[51.18223,35.70403],[51.18143,35.70429],[51.181,35.70441],[51.18057,35.70453],[51.18014,35.70464],[51.17971,35.70475],[51.17929,35.70485],[51.17845,35.70506],[51.17801,35.70516],[51.17755,35.70527],[51.17706,35.70538],[51.17657,35.70551],[51.17607,35.70564],[51.17555,35.70576],[51.17501,35.70589],[51.17445,35.70602],[51.17388,35.70615],[51.17331,35.70629],[51.17273,35.70645],[51.17213,35.7066],[51.17151,35.70674],[51.17087,35.70689],[51.17023,35.70704],[51.1696,35.7072],[51.16896,35.70737],[51.16833,35.70755],[51.16769,35.7077],[51.16704,35.70785],[51.1664,35.70798],[51.16576,35.7081],[51.16512,35.70822],[51.16451,35.70837],[51.16392,35.70856],[51.16333,35.70876],[51.16273,35.70895],[51.16214,35.70915],[51.16154,35.70936],[51.16092,35.70957],[51.16029,35.70978],[51.15964,35.70999],[51.15899,35.71019],[51.15832,35.7104],[51.15766,35.71061],[51.157,35.71083],[51.15635,35.71105],[51.15567,35.71128],[51.15499,35.71151],[51.15431,35.71173],[51.15364,35.71196],[51.15297,35.71219],[51.15229,35.71242],[51.15161,35.71264],[51.15094,35.71286],[51.15029,35.71308],[51.14962,35.71328],[51.14899,35.71349],[51.14836,35.71371],[51.14773,35.71393],[51.14712,35.71414],[51.14652,35.71436],[51.14592,35.71457],[51.14533,35.71477],[51.14474,35.71499],[51.14416,35.7152],[51.14358,35.71541],[51.14301,35.71563],[51.14245,35.71587],[51.1419,35.71612],[51.14138,35.71639],[51.14086,35.71667],[51.14034,35.71696],[51.13983,35.71727],[51.13933,35.71759],[51.13883,35.71791],[51.13835,35.71825],[51.13787,35.7186],[51.13741,35.71897],[51.13695,35.71934],[51.13648,35.7197],[51.13602,35.72005],[51.13555,35.72042],[51.13508,35.7208],[51.13461,35.72118],[51.13415,35.72154],[51.13375,35.72192],[51.13335,35.72226],[51.13295,35.72259],[51.13255,35.72293],[51.13216,35.72329],[51.13178,35.72365],[51.13138,35.72401],[51.13099,35.72437],[51.13059,35.72474],[51.1302,35.72509],[51.12985,35.72542],[51.1295,35.72574],[51.12917,35.72606],[51.12882,35.72639],[51.12848,35.7267],[51.12817,35.72706],[51.12791,35.72741],[51.12776,35.72776],[51.12776,35.72814],[51.12788,35.72851],[51.12802,35.72887],[51.12818,35.72922],[51.12837,35.72959],[51.12858,35.72995],[51.12879,35.73031],[51.12893,35.73066],[51.12879,35.73114],[51.12823,35.73128],[51.12763,35.7314],[51.1271,35.7315],[51.12657,35.73162],[51.12596,35.73177],[51.12521,35.73204],[51.12444,35.73238],[51.12406,35.73259],[51.12365,35.7328],[51.12323,35.73304],[51.12279,35.73327],[51.12233,35.73351],[51.12186,35.73375],[51.12141,35.73399],[51.12092,35.73423],[51.12045,35.73445],[51.11996,35.7347],[51.11947,35.73496],[51.11899,35.73521],[51.11848,35.73549],[51.11797,35.73575],[51.11746,35.736],[51.11695,35.73624],[51.11644,35.73649],[51.11595,35.73671],[51.11545,35.73695],[51.11492,35.73716],[51.11437,35.73735],[51.11382,35.73751],[51.11328,35.73767],[51.11275,35.73783],[51.11221,35.73799],[51.11167,35.73817],[51.11113,35.73833],[51.11059,35.73849],[51.11006,35.73864],[51.10953,35.7388],[51.109,35.73897],[51.10847,35.73914],[51.10794,35.7393],[51.10741,35.73945],[51.10688,35.7396],[51.10634,35.73976],[51.10581,35.73992],[51.10526,35.74005],[51.1047,35.74016],[51.10413,35.74025],[51.10355,35.74033],[51.10298,35.74041],[51.10241,35.74049],[51.10184,35.74058],[51.10128,35.74067],[51.10073,35.74077],[51.10019,35.74087],[51.09965,35.74098],[51.09915,35.7411],[51.09864,35.74121],[51.09816,35.74132],[51.09767,35.74143],[51.09717,35.74153],[51.09669,35.74163],[51.09622,35.74174],[51.09576,35.74184],[51.0953,35.74194],[51.09485,35.74204],[51.09408,35.7422],[51.09325,35.74237],[51.0928,35.74247],[51.09234,35.74256],[51.09185,35.74266],[51.09132,35.74277],[51.09079,35.74288],[51.09027,35.74298],[51.08974,35.74308],[51.08921,35.7432],[51.08869,35.74332],[51.08818,35.74346],[51.08767,35.74361],[51.08716,35.74376],[51.08667,35.74391],[51.0862,35.74408],[51.08574,35.74429],[51.08533,35.74451],[51.08492,35.74476],[51.08453,35.74501],[51.08412,35.74524],[51.08371,35.7455],[51.08328,35.74576],[51.08286,35.74603],[51.08243,35.74632],[51.08199,35.74659],[51.08154,35.74688],[51.08109,35.74716],[51.08066,35.74744],[51.08025,35.74771],[51.07981,35.74797],[51.07935,35.74822],[51.07889,35.74848],[51.0784,35.74873],[51.0779,35.74897],[51.07738,35.74922],[51.07685,35.74946],[51.07631,35.74969],[51.07576,35.74994],[51.07524,35.75018],[51.07476,35.7504],[51.07435,35.75058],[51.0736,35.75088],[51.07303,35.75116],[51.07243,35.75142],[51.07177,35.75172],[51.0712,35.75197],[51.07057,35.75221],[51.0698,35.75253],[51.06939,35.7527],[51.06895,35.7529],[51.06849,35.75309],[51.06802,35.7533],[51.06752,35.75351],[51.06703,35.75373],[51.06654,35.75394],[51.06608,35.75417],[51.06561,35.7544],[51.06515,35.75462],[51.06469,35.75483],[51.06424,35.75504],[51.06379,35.75525],[51.06334,35.75547],[51.06288,35.75569],[51.06241,35.7559],[51.06195,35.75612],[51.0615,35.75633],[51.06105,35.75653],[51.0606,35.75674],[51.06014,35.75696],[51.05968,35.75717],[51.05923,35.75738],[51.05878,35.75758],[51.05832,35.75779],[51.05785,35.75801],[51.05737,35.75823],[51.0569,35.75845],[51.05642,35.75868],[51.05595,35.7589],[51.05549,35.75912],[51.05506,35.75934],[51.05468,35.75955],[51.05433,35.75979],[51.05398,35.76005],[51.05363,35.76031],[51.05328,35.76056],[51.05293,35.76082],[51.05256,35.76108],[51.05214,35.76134],[51.0517,35.76159],[51.05126,35.76181],[51.0508,35.76199],[51.05033,35.7622],[51.04987,35.76241],[51.04941,35.76262],[51.04896,35.76281],[51.0485,35.76301],[51.04806,35.76321],[51.04762,35.76343],[51.04718,35.76365],[51.04675,35.76387],[51.04633,35.76408],[51.0459,35.7643],[51.04546,35.76452],[51.04503,35.76473],[51.04463,35.7649],[51.04389,35.76525],[51.04311,35.76562],[51.04271,35.76586],[51.04233,35.76613],[51.04198,35.76643],[51.04162,35.76674],[51.04128,35.76708],[51.04093,35.76742],[51.0406,35.76777],[51.04028,35.76811],[51.03999,35.76844],[51.03969,35.76877],[51.03938,35.76908],[51.03909,35.76937],[51.03878,35.76965],[51.03847,35.76993],[51.03816,35.77026],[51.03784,35.77058],[51.03753,35.77091],[51.03725,35.77125],[51.037,35.77161],[51.03676,35.77199],[51.03657,35.77231],[51.03648,35.7728],[51.03687,35.7731],[51.03732,35.77342],[51.03769,35.77368],[51.03811,35.77399],[51.0385,35.77425],[51.03891,35.77454],[51.03923,35.7748],[51.03956,35.77507],[51.03961,35.77546],[51.03936,35.77586]]]}},{"type":"Feature","properties":{"route":8,"color":"#65a30d","times":[[22027,22089,22149,22209,22269,22326,22386,22446,22506,22566,22626,22686,22746,22806,22866,22926,22980,23005,23011,23017,23023,23032,23050,23056,23062,23068,23074,23080,23086,23092,23095,23098,23101,23104,23107,23110,23113,23116,23119,23122,23125,23128,23131,23134,23137,23140,23143,23146,23149,23152,23155,23158,23161,23164,23167,23170,23173,23176,23179,23182,23185,23188,23191,23194,23197,23200,23206,23215,23248,23275,23302,23320,23347,23365,23377,23389,23410,23443,23455,23470,23479,23488,23512,23572,23614,23620,23626,23632,23638,23644,23653,23659,23662,23665,23668,23671,23674,23677,23680,23683,23686,23689,23692,23695,23698,23701,23704,23707,23710,23713,23716,23719,23722,23725,23728,23731,23734,23737,23740,23743,23746,23749,23752,23755,23758,23761,23764,23767,23770,23773,23776,23779,23782,23785,23788,23791,23794,23797,23800,23803,23806,23809,23812,23815,23818,23821,23824,23827,23830,23833,23836,23839,23842,23845,23848,23851,23854,23857,23860,23863,23866,23869,23872,23875,23878,23881,23884,23887,23890,23893,23896,23899,23902,23905,23908,23911,23914,23920,23980,24004,24013,24022,24034,24043,24049,24055,24061,24067,24073,24109,24127,24136,24172,24190,24208,24214,24220,24226,24235,24244,24253,24259,24265,24271,24277,24286,24325,24331,24337,24343,24349,24355,24358,24364,24370,24376,24382,24388,24394,24400,24406,24412,24418,24424,24430,24439,24460,24469,24484,24502,24526,24538,24550,24577,24589,24595,24601,24607,24610,24613,24616,24619,24622,24625,24628,24631,24634,24637,24640,24643,24646,24649,24652,24655,24658,24661,24664,24667,24670,24673,24676,24679,24682,24685,24688,24691,24694,24697,24703,24712,24718,24721,24724,24727,24730,24733,24736,24739,24742,24745,24748,24751,24754,24757,24760,24763,24766,24769,24772,24775,24778,24781,24784,24787,24790,24793,24796,24799,24802,24805,24808,24811,24817,24835,24850,24880,24904,24925,24943,24961,24967,24970,24973,24976,24979,24982,24985,24988,24991,24994,24997,25000,25003,25006,25009,25012,25015,25018,25021,25024,25027,25030,25033,25036,25039,25042,25045,25048,25051,25054,25057,25060,25063,25066,25069,25072,25075,25078,25081,25084,25087,25090,25093,25096,25099,25102,25105,25108,25111,25114,25117,25120,25123,25126,25129,25132,25135,25138,25141,25144,25147,25150,25153,25156,25159,25162,25165,25168,25171,25174,25177,25180,25183,25186,25189,25192,25195,25198,25201,25204,25207,25210,25213,25216,25219,25222,25225,25228,25231,25234,25237,25240,25243,25246,25249,25252,25255,25258,25261,25264,25267,25270,25273,25276,25279,25282,25285,25288,25291,25294,25297,25300,25303,25306,25309,25312,25315,25318,25321,25324,25327,25330,25333,25336,25339,25342,25345,25348,25351,25354,25357,25360,25363,25366,25369,25372,25375,25378,25381,25384,25387,25390,25393,25396,25399,25402,25405,25408,25411,25414,25417,25420,25423,25426,25429,25432,25435,25438,25441,25444,25447,25450,25453,25456,25459,25462,25465,25468,25471,25474,25477,25480,25483,25486,25489,25492,25495,25498,25501,25504,25507,25510,25513,25516,25519,25522,25525,25528,25531,25534,25537,25540,25543,25546,25549,25552,25558,25561,25564,25567,25573,25576,25579,25582,25585,25588,25591,25594,25597,25600,25603,25606,25609,25612,25615,25618,25621,25624,25627,25630,25633,25636,25639,25642,25645,25648,25651,25654,25657,25660,25663,25666,25669,25672,25675,25678,25681,25684,25687,25690,25693,25696,25699,25702,25705,25708,25711,25714,25717,25720,25723,25726,25729,25732,25735,25738,25741,25744,25747,25750,25753,25756,25759,25762,25765,25768,25771,25774,25777,25780,25783,25786,25789,25792,25795,25798,25801,25804,25807,25810,25813,25816,25819,25822,25825,25828,25831,25834,25837,25840,25843,25846,25849,25852,25855,25858,25861,25864,25867,25870,25873,25876,25879,25882,25885,25888,25891,25894,25897,25900,25903,25906,25909,25912,25915,25918,25921,25924,25927,25930,25933,25936,25939,25942,25945,25948,25951,25954,25957,25960,25963,25966,25969,25972,25975,25978,25981,25984,25987,25993,25996,25999,26002,26005,26008,26011,26014,26017,26020,26023,26026,26029,26032,26035,26038,26041,26044,26047,26050,26053,26056,26059,26062,26065,26068,26071,26074,26077,26080,26083,26086,26089,26092,26095,26098,26101,26104,26107,26110,26113,26116,26119,26122,26125,26128,26131,26134,26137,26140,26143,26146,26149,26152,26155,26158,26161,26164,26167,26170,26173,26176,26179,26182,26185,26188,26191,26194,26197,26200,26203,26206,26209,26212,26215,26218,26221,26224,26227,26230,26233,26236,26239,26242,26245,26248,26251,26254,26257,26260,26263,26266,26272,26281,26305,26323,26335,26350,26359,26368,26377,26386,26395,26404,26413,26419,26425,26434,26440,26449,26458,26467,26476,26488,26494,26500,26506,26512,26518,26524,26530,26536,26542,26548,26554,26560,26566,26572,26578,26584,26590,26596,26599,26602,26605,26608,26611,26614,26617,26620,26623,26626,26629,26632,26635,26638,26641,26644,26647,26650,26653,26656,26659,26662,26665,26668,26671,26674,26677,26680,26683,26686,26689,26692,26695,26698,26701,26704,26707,26710,26713,26716,26719,26722,26725,26728,26731,26734,26737,26740,26743,26746,26749,26752,26755,26758,26761,26764,26767,26770,26773,26776,26779,26782,26785,26788,26791,26794,26797,26800,26803,26806,26809,26812,26818,26878,26911,26917,26923,26926,26929,26932,26935,26938,26941,26944,26947,26950,26953,26956,26959,26962,26965,26968,26971,26974,26977,26980,26983,26986,26989,26992,26995,26998,27001,27004,27007,27010,27013,27016,27019,27022,27025,27028,27031,27034,27037,27040,27043,27046,27049,27052,27055,27058,27061,27064,27067,27070,27073,27076,27079,27082,27085,27088,27091,27094,27097,27100,27103,27106,27109,27112,27115,27118,27121,27124,27127,27130,27133,27136,27139,27142,27145,27148,27151,27154,27157,27160,27163,27166,27169,27172,27175,27178,27184,27190,27250,27286,27292,27304,27313,27325,27337,27349,27361,27367,27373,27379,27388,27448,27553,27610,27619,27628,27643,27649,27655,27661,27679,27688,27703,27715,27727,27739,27754,27769,27784,27793,27805,27811,27817,27826,27832,27838,27844,27850,27856,27862,27868,27886,27904,27916,27925,27943,27955,28015,28075,28135,28177,28186,28204,28213,28222,28234,28294,28354,28414,28474,28498,28507,28513,28519,28528,28537,28543,28549,28555,28561,28567,28573,28579,28588,28597,28612,28621,28633,28642,28702,28762,28822,28882,28942,29002,29062,29122,29182,29242,29302,29362,29422,29482,29542,29602,29662,29722,29782,29842,29902,29962,30022,30082,30142,30202,30262,30322,30382,30442,30502,30562,30622,30682,30742,30802,30862,30922,30982,31042,31102,31162,31222,31282,31342,31402,31462,31504,31513,31522,31528,31534,31543,31561,31621,31681,31741,31801,31861,31921,31972,31981,31990,32017,32023,32029,32038,32044,32050,32056,32065,32077,32086,32095,32104,32113,32122,32128,32134,32140,32149,32155,32161,32167,32173,32179,32197,32203,32209,32227,32239,32251,32257,32263,32269,32278,32290,32299,32311,32320,32326,32335,32344,32359,32368,32374,32392,32404,32413,32428,32488,32548,32593,32602,32611,32632,32638,32647,32653,32659,32665,32677,32683,32689,32695,32701,32707,32716,32767,32827,32887,32947,32962,32968,32974,32980,32986,32992,32998,33007,33013,33022,33037,33046,33106,33166,33226,33286,33346,33406,33463,33472,33481,33490,33499,33505,33511,33535,33595,33655,33715,33775,33835,33847,33853,33859,33865,33874,33886,33895,33928,33940,33949,33958,33967,33979,33985,33994,34000,34006,34012,34018,34024,34033,34042,34102,34162,34222,34282,34303,34309,34315,34321,34366,34426,34459,34465,34474,34480,34489,34495,34501,34507,34513,34519,34525,34582,34642,34702,34762,34822,34882,34942,34999,35002,35005,35011,35026,35038,35050,35110,35170,35230,35290,35299,35308,35323,35338,35353,35359,35365,35374,35380,35386,35392,35398,35404,35410,35413,35416,35419,35422,35425,35428,35431,35434,35437,35440,35443,35449,35455,35461,35464,35467,35470,35473,35476,35479,35482,35485,35488,35494,35500,35509,35515,35518,35521,35524,35530,35536,35542,35548,35551,35554,35557,35560,35563,35566,35569,35578,35596,35602,35608,35614,35620,35629,35635,35641,35644,35647,35650,35653,35656,35659,35662,35665,35668,35671,35674,35677,35680,35683,35686,35689,35692,35695,35698,35701,35704,35707,35710,35713,35716,35719,35722,35725,35728,35731,35734,35737,35740,35743,35746,35749,35752,35755,35758,35761,35764,35767,35770,35773,35776,35779,35782,35785,35788,35791,35794,35797,35800,35803,35806,35809,35812,35815,35818,35821,35824,35827,35830,35833,35836,35839,35842,35845,35848,35851,35854,35857,35860,35863,35866,35869,35872,35875,35878,35881,35884,35887,35890,35893,35896,35899,35902,35905,35908,35911,35914,35917,35923,35929,35935,35941,35947,35953,35956,35959,35962,35965,35968,35971,35974,35977,35980,35983,35986,35989,35992,35995,35998,36001,36004,36007,36013,36019,36025,36031,36034,36037,36040,36043,36046,36049,36052,36055,36058,36064,36070,36076,36082,36088,36091,36094,36097,36100,36103,36106,36109,36112,36115,36118,36121,36124,36127,36130,36133,36136,36139,36142,36145,36148,36151,36154,36157,36160,36163,36166,36169,36172,36175,36178,36181,36184,36187,36190,36196,36202,36208,36214,36220,36226,36232,36238,36244,36250,36256,36259,36265,36271,36277,36283,36289,36295,36298,36304,36319,36325,36385,36445,36505,36535,36544,36550,36556,36562,36568,36574,36577,36580,36583,36586,36589,36592,36595,36598,36604,36610,36622,36628,36634,36646,36655,36661,36667,36673,36679,36682,36685,36688,36691,36694,36697,36700,36703,36706,36709,36712,36715,36718,36721,36724,36727,36733,36754,36814,36874,36934,36955,36961,36967,36976,36982,36988,36994,36997,37000,37003,37006,37009,37012,37015,37021,37027,37033,37039,37045,37051,37054,37060,37063,37066,37072,37078,37087,37093,37096,37099,37102,37105,37108,37114,37120,37123,37126,37132,37138,37144,37147,37153,37213,37234,37240,37243,37246,37249,37252,37258,37264,37270,37276,37282,37288,37294,37300,37306,37312,37318,37324,37327,37330,37333,37336,37339,37342,37348,37357,37372,37378,37384,37396,37408,37417,37423,37429,37435,37441,37447,37453,37465,37474,37480,37486,37492,37498,37504,37564,37624,37684,37744,37804,37864,37924,37984,38011,38026,38032,38041,38047,38056,38062,38068,38074,38083,38092,38107,38113,38119,38125,38131,38140,38146,38155,38161,38173,38182,38191,38251,38311,38371,38410,38416,38476,38536,38566,38572,38581,38590,38596,38602,38608,38614,38620,38623,38626,38629,38635,38641,38647,38650,38656,38665,38671,38674,38677,38680,38683,38686,38689,38692,38695,38698,38701,38704,38707,38710,38713,38716,38719,38722,38725,38728,38731,38734,38737,38740,38743,38746,38749,38752,38755,38758,38761,38764,38767,38770,38773,38776,38779,38782,38788,38791,38794,38797,38803,38809,38815,38821,38827,38833,38839,38851,38857,38863,38866,38869,38872,38875,38878,38881,38884,38890,38896,38902,38905,38908,38911,38914,38917,38920,38923,38926,38929,38932,38935,38938,38941,38944,38947,38950,38953,38956,38959,38962,38968,38974,38980,38986,38998,39007,39013,39019,39028,39040,39046,39052,39058,39064,39067,39070,39073,39076,39079,39082,39085,39088,39091,39094,39097,39100,39109,39160,39169,39175,39181,39187,39247,39277,39283,39292,39298,39301,39304,39307,39310,39316,39325,39337,39346,39406,39466,39526,39559,39565,39571,39577,39583,39589,39607,39619,39625,39634,39655,39667,39727,39787,39847,39907,39967,40027,40087,40147,40201,40216,40234,40255,40273,40285,40345,40357,40372,40378,40384,40396,40417,40429,40441,40447,40453,40459,40465,40483,40492,40501,40507,40513,40528,40534,40540,40546,40549,40552,40555,40558,40561,40567,40573,40579,40582,40585,40594,40600,40606,40612,40615,40618,40621,40624,40627,40630,40633,40636,40642,40648,40654,40663,40678,40684,40696,40756,40816,40876,40900,40915,40927,40951,40981,40990,41002,41008,41014,41020,41035,41050,41062,41122,41182,41242,41284,41293,41302,41359,41374,41380,41389,41395,41401,41413,41419,41428,41434,41449,41482,41488,41494,41497,41500,41503,41506,41509,41515,41521,41527,41533,41539,41545,41551,41554,41563,41575,41581,41587,41593,41599,41659,41719,41779,41839,41899,41959,42019,42079,42133,42142,42202,42262,42280,42289,42301,42310,42319,42325,42331,42337,42343,42355,42367,42427,42487,42547,42607,42667,42727,42787,42847,42907,42967,43027,43087,43147,43207,43267,43285,43297,43303,43312,43321,43333,43339,43345,43351,43357,43363,43366,43369,43372,43375,43378,43381,43387,43393,43399,43405,43411,43414,43417,43420,43423,43426,43429,43432,43435,43438,43444,43462,43474,43480,43486,43495,43504,43513,43573,43633,43642,43651,43657,43663,43669,43678,43690]],"type":"operational_gps","source":"recorded_gps"},"geometry":{"type":"MultiLineString","coordinates":[[[51.56135,35.74038],[51.56111,35.74019],[51.56136,35.74017],[51.56117,35.73993],[51.56121,35.73983],[51.561,35.73951],[51.56088,35.73944],[51.5609,35.7392],[51.56091,35.73921],[51.56096,35.73904],[51.56091,35.73893],[51.56094,35.7388],[51.56095,35.73862],[51.56095,35.73849],[51.56094,35.73843],[51.56108,35.73826],[51.5611,35.73788],[51.55567,35.72939],[51.55593,35.72906],[51.55621,35.7287],[51.5565,35.72837],[51.55685,35.72795],[51.55657,35.72765],[51.55595,35.72773],[51.55533,35.72756],[51.55474,35.72742],[51.55401,35.72731],[51.55349,35.72721],[51.55296,35.72706],[51.55218,35.727],[51.55172,35.72693],[51.55123,35.72686],[51.55074,35.72678],[51.55024,35.72672],[51.54968,35.72664],[51.54909,35.72657],[51.54849,35.72648],[51.54788,35.72634],[51.54724,35.72627],[51.54664,35.72621],[51.54605,35.72608],[51.54551,35.72591],[51.54502,35.72588],[51.54445,35.72577],[51.54388,35.72567],[51.54329,35.7256],[51.5427,35.72548],[51.5421,35.72535],[51.54151,35.72527],[51.54091,35.72519],[51.54032,35.72514],[51.53971,35.72508],[51.53913,35.72505],[51.53858,35.72499],[51.53805,35.72493],[51.53752,35.7249],[51.537,35.72488],[51.53652,35.72485],[51.53605,35.72481],[51.53556,35.72477],[51.53502,35.72472],[51.53445,35.72468],[51.53386,35.72465],[51.53325,35.72462],[51.53267,35.72458],[51.53216,35.72454],[51.53143,35.72451],[51.53096,35.72445],[51.5305,35.72437],[51.53004,35.72434],[51.5296,35.7243],[51.52911,35.72427],[51.52863,35.72436],[51.52813,35.72442],[51.52768,35.72433],[51.52721,35.72425],[51.52677,35.72417],[51.52633,35.7241],[51.52578,35.72407],[51.52526,35.72406],[51.52473,35.72402],[51.52424,35.724],[51.52379,35.72401],[51.52358,35.72382],[51.52332,35.72335],[51.52305,35.72293],[51.52273,35.72264],[51.52207,35.72253],[51.5213,35.72244],[51.52072,35.72231],[51.52011,35.72218],[51.51935,35.72208],[51.51887,35.72203],[51.51833,35.72199],[51.51772,35.72191],[51.51706,35.72182],[51.5164,35.72171],[51.51574,35.72153],[51.51508,35.72131],[51.51444,35.72105],[51.51379,35.72071],[51.51322,35.72034],[51.5127,35.71995],[51.51218,35.7195],[51.51171,35.71903],[51.51123,35.71856],[51.51075,35.7181],[51.51027,35.71763],[51.50979,35.71715],[51.5093,35.71667],[51.50882,35.71616],[51.50837,35.71564],[51.50791,35.71512],[51.50746,35.71459],[51.50701,35.71408],[51.50656,35.71357],[51.50613,35.71306],[51.50569,35.71252],[51.50529,35.71198],[51.50488,35.71143],[51.50453,35.71084],[51.50423,35.71022],[51.50397,35.70959],[51.50371,35.70897],[51.50348,35.70834],[51.50324,35.70773],[51.50299,35.70711],[51.50272,35.7065],[51.50244,35.7059],[51.50217,35.70532],[51.5019,35.70474],[51.50161,35.70415],[51.50135,35.70357],[51.50113,35.70298],[51.5009,35.70244],[51.50068,35.70186],[51.50045,35.70127],[51.50016,35.70071],[51.49986,35.70021],[51.49954,35.6997],[51.49922,35.6992],[51.49889,35.69874],[51.49857,35.6983],[51.49822,35.69789],[51.49787,35.69747],[51.49752,35.69705],[51.49717,35.69663],[51.4968,35.6962],[51.49646,35.69576],[51.49612,35.6953],[51.49575,35.69483],[51.49535,35.69435],[51.49496,35.69386],[51.49455,35.69336],[51.49417,35.69286],[51.4938,35.69234],[51.49352,35.6918],[51.49333,35.69124],[51.49315,35.69067],[51.49299,35.69018],[51.49288,35.68963],[51.4928,35.68911],[51.49277,35.68857],[51.49276,35.68803],[51.49274,35.68749],[51.49273,35.68694],[51.49271,35.68638],[51.49271,35.68584],[51.49271,35.68532],[51.49271,35.68481],[51.49271,35.6843],[51.49269,35.68379],[51.49268,35.6833],[51.49265,35.68283],[51.49265,35.68238],[51.49266,35.68194],[51.49264,35.68156],[51.4926,35.6811],[51.4926,35.68074],[51.49257,35.68035],[51.49255,35.67994],[51.49254,35.67957],[51.49248,35.67918],[51.49248,35.67877],[51.49247,35.67839],[51.49243,35.67781],[51.49242,35.67715],[51.49238,35.67647],[51.49236,35.67587],[51.49234,35.67544],[51.49233,35.67493],[51.49233,35.67442],[51.4923,35.67406],[51.49233,35.67366],[51.49236,35.6731],[51.49231,35.67251],[51.49224,35.6719],[51.4922,35.67143],[51.4922,35.67099],[51.49217,35.67052],[51.49219,35.67003],[51.49216,35.66953],[51.49215,35.66895],[51.49215,35.66832],[51.49211,35.6677],[51.49201,35.66732],[51.49194,35.66693],[51.49179,35.66649],[51.49162,35.66593],[51.4914,35.66531],[51.4912,35.66469],[51.49098,35.66401],[51.49086,35.66366],[51.49063,35.663],[51.49042,35.66242],[51.49026,35.66194],[51.49013,35.66146],[51.48997,35.66095],[51.4898,35.66047],[51.48965,35.66004],[51.48946,35.6595],[51.48927,35.65899],[51.4891,35.65851],[51.48889,35.658],[51.48865,35.65759],[51.48848,35.65726],[51.48819,35.65693],[51.488,35.65658],[51.48784,35.65623],[51.48786,35.65585],[51.48789,35.65543],[51.48787,35.65506],[51.48783,35.65466],[51.48771,35.65424],[51.48758,35.65374],[51.48741,35.65324],[51.48719,35.65261],[51.48693,35.65193],[51.48677,35.65155],[51.48664,35.65116],[51.48651,35.65078],[51.48637,35.65037],[51.48622,35.64997],[51.48607,35.64957],[51.48594,35.64917],[51.48581,35.64878],[51.48567,35.6484],[51.48553,35.64804],[51.48542,35.64767],[51.48533,35.64728],[51.48523,35.64684],[51.48514,35.64638],[51.48507,35.64592],[51.485,35.64547],[51.48494,35.645],[51.48488,35.64453],[51.48481,35.64408],[51.48474,35.64363],[51.48467,35.6432],[51.4846,35.64277],[51.48455,35.64233],[51.48447,35.64189],[51.48442,35.64144],[51.48436,35.64098],[51.48431,35.64053],[51.48425,35.64008],[51.48419,35.63964],[51.48413,35.63924],[51.48401,35.6387],[51.48392,35.63824],[51.48356,35.63766],[51.48326,35.63734],[51.48288,35.63703],[51.48243,35.63676],[51.48191,35.63656],[51.4813,35.63647],[51.48068,35.63647],[51.48008,35.63656],[51.47953,35.63672],[51.47902,35.63696],[51.47853,35.63718],[51.47805,35.63744],[51.4776,35.63768],[51.47718,35.63788],[51.47675,35.63806],[51.47631,35.63821],[51.47582,35.63831],[51.47529,35.6383],[51.47476,35.63822],[51.47424,35.63808],[51.47376,35.63783],[51.47333,35.6375],[51.47293,35.6371],[51.47258,35.63665],[51.47219,35.63621],[51.47176,35.6358],[51.47128,35.63542],[51.47078,35.63509],[51.47028,35.63478],[51.46971,35.6345],[51.46912,35.63426],[51.46861,35.6341],[51.46809,35.63393],[51.46769,35.63375],[51.46729,35.63357],[51.46689,35.63339],[51.46644,35.63323],[51.46598,35.63304],[51.46559,35.63287],[51.46496,35.63268],[51.46431,35.63241],[51.46389,35.63226],[51.46342,35.63209],[51.46294,35.63193],[51.4624,35.63176],[51.46182,35.63159],[51.46121,35.6314],[51.46057,35.63123],[51.45995,35.63106],[51.45934,35.63091],[51.45875,35.63079],[51.45819,35.63067],[51.45762,35.63056],[51.45704,35.63042],[51.45647,35.63027],[51.45587,35.63012],[51.45524,35.62998],[51.45457,35.62989],[51.45387,35.62982],[51.45315,35.62978],[51.45242,35.62973],[51.4517,35.62968],[51.45093,35.62967],[51.45017,35.62966],[51.44941,35.62965],[51.44864,35.62965],[51.44787,35.62963],[51.44709,35.6296],[51.4463,35.62955],[51.44549,35.62947],[51.44467,35.62938],[51.44385,35.62929],[51.44302,35.62917],[51.44218,35.62903],[51.44136,35.62886],[51.44055,35.6287],[51.43974,35.62852],[51.43896,35.62832],[51.43821,35.62813],[51.43745,35.6279],[51.43668,35.62766],[51.4359,35.62743],[51.43515,35.62716],[51.43441,35.62688],[51.43366,35.6266],[51.43293,35.62629],[51.4322,35.62599],[51.43149,35.62565],[51.43077,35.6253],[51.43004,35.62493],[51.42933,35.62454],[51.42865,35.62411],[51.42796,35.62367],[51.42728,35.62323],[51.42664,35.6228],[51.426,35.62236],[51.42541,35.62192],[51.42485,35.62148],[51.42435,35.6211],[51.42389,35.62073],[51.42344,35.62036],[51.42299,35.61997],[51.42254,35.61958],[51.42208,35.61919],[51.42162,35.61879],[51.42112,35.6184],[51.4206,35.61802],[51.42007,35.61768],[51.41951,35.61733],[51.41893,35.61702],[51.41832,35.61669],[51.4177,35.61641],[51.41706,35.61614],[51.41638,35.61589],[51.4157,35.61567],[51.41501,35.61546],[51.41431,35.61527],[51.41361,35.61512],[51.41291,35.61499],[51.41222,35.61488],[51.4115,35.61481],[51.41079,35.61474],[51.41007,35.61467],[51.40937,35.61459],[51.4087,35.61455],[51.40809,35.6145],[51.40747,35.6145],[51.40689,35.61449],[51.40631,35.61449],[51.40573,35.61449],[51.40512,35.6145],[51.40451,35.61452],[51.4039,35.61453],[51.40329,35.61452],[51.40267,35.61453],[51.40204,35.61454],[51.40142,35.61454],[51.40081,35.61453],[51.40019,35.61452],[51.39955,35.61451],[51.39893,35.61451],[51.39834,35.61451],[51.39774,35.6145],[51.39713,35.61448],[51.39654,35.61447],[51.39591,35.61447],[51.39525,35.61447],[51.39463,35.61447],[51.39403,35.61446],[51.39343,35.61446],[51.39287,35.61444],[51.39233,35.61443],[51.39177,35.61441],[51.39116,35.61441],[51.39051,35.6144],[51.38986,35.61437],[51.38916,35.61438],[51.38844,35.6144],[51.38775,35.61441],[51.38703,35.61442],[51.38632,35.61442],[51.38558,35.61442],[51.38483,35.61443],[51.38408,35.61444],[51.38332,35.61444],[51.38254,35.61445],[51.38177,35.61446],[51.38098,35.61447],[51.38019,35.61446],[51.37941,35.61444],[51.37864,35.6144],[51.37785,35.61436],[51.37708,35.61431],[51.37637,35.61425],[51.37569,35.61419],[51.37507,35.61411],[51.37445,35.61404],[51.37383,35.61395],[51.3732,35.61388],[51.37256,35.61378],[51.37195,35.61367],[51.37132,35.61356],[51.3707,35.61342],[51.37005,35.61326],[51.36942,35.6131],[51.36879,35.61295],[51.36814,35.6128],[51.36753,35.61263],[51.36693,35.61246],[51.36633,35.61229],[51.36573,35.61211],[51.36513,35.61193],[51.36453,35.61177],[51.36393,35.61161],[51.36336,35.61144],[51.36283,35.61128],[51.36234,35.61116],[51.36189,35.61106],[51.3614,35.61101],[51.36093,35.61095],[51.36044,35.61085],[51.35992,35.61074],[51.35939,35.6106],[51.35884,35.61045],[51.35825,35.6103],[51.35764,35.61015],[51.35703,35.60999],[51.35643,35.60982],[51.35583,35.60965],[51.35523,35.60947],[51.35463,35.6093],[51.35402,35.60916],[51.35341,35.60902],[51.35281,35.60889],[51.3522,35.60878],[51.35157,35.60867],[51.35094,35.60858],[51.35031,35.6085],[51.34965,35.60844],[51.34897,35.60841],[51.34832,35.60836],[51.3477,35.60835],[51.3471,35.60836],[51.34649,35.60839],[51.34589,35.60844],[51.34526,35.6085],[51.34463,35.60857],[51.34398,35.60865],[51.34335,35.60874],[51.34276,35.60884],[51.34221,35.60895],[51.34169,35.60904],[51.34122,35.60916],[51.34076,35.60929],[51.34032,35.60941],[51.33988,35.60954],[51.33905,35.6098],[51.33863,35.60995],[51.3382,35.61012],[51.33777,35.61029],[51.33695,35.61065],[51.3365,35.61087],[51.33603,35.61111],[51.33554,35.61136],[51.33505,35.61164],[51.33456,35.61194],[51.33406,35.61226],[51.33356,35.6126],[51.33306,35.61295],[51.33257,35.61333],[51.33211,35.6137],[51.33165,35.6141],[51.33121,35.61449],[51.33077,35.61489],[51.33033,35.61532],[51.3299,35.61578],[51.32951,35.61624],[51.32915,35.61669],[51.32879,35.61715],[51.32842,35.61759],[51.32805,35.61803],[51.32767,35.61844],[51.3273,35.61886],[51.32692,35.61928],[51.32656,35.6197],[51.32625,35.62009],[51.32594,35.62048],[51.32566,35.62088],[51.32533,35.62128],[51.32499,35.62168],[51.32467,35.62209],[51.32432,35.62251],[51.32396,35.62293],[51.32361,35.62331],[51.32328,35.6237],[51.32292,35.6241],[51.32256,35.62451],[51.3222,35.62492],[51.32185,35.62532],[51.32147,35.62573],[51.32109,35.62612],[51.3207,35.62652],[51.32031,35.62691],[51.31991,35.62731],[51.31949,35.6277],[51.31905,35.62806],[51.3186,35.62846],[51.31813,35.62885],[51.31768,35.62922],[51.31722,35.62957],[51.31677,35.62991],[51.31632,35.63023],[51.31583,35.63054],[51.31533,35.63084],[51.3148,35.63112],[51.31431,35.63139],[51.3138,35.63166],[51.31329,35.63195],[51.31276,35.63224],[51.31221,35.63255],[51.31165,35.63284],[51.31111,35.63313],[51.31054,35.6334],[51.30999,35.63369],[51.30943,35.63398],[51.30887,35.63427],[51.30829,35.63455],[51.30773,35.63482],[51.30716,35.6351],[51.3066,35.63539],[51.3061,35.63565],[51.30558,35.63593],[51.3051,35.63618],[51.30463,35.63642],[51.30415,35.63667],[51.30365,35.6369],[51.30314,35.63715],[51.30264,35.6374],[51.30214,35.63765],[51.30163,35.63791],[51.30111,35.63817],[51.30061,35.63843],[51.30012,35.63868],[51.29963,35.63893],[51.29915,35.63916],[51.29871,35.63939],[51.29825,35.63962],[51.2978,35.63985],[51.29737,35.64007],[51.29693,35.64031],[51.29647,35.64054],[51.29601,35.64074],[51.29556,35.64095],[51.2951,35.64119],[51.29463,35.64144],[51.29415,35.64168],[51.2937,35.6419],[51.29323,35.64213],[51.29278,35.64237],[51.2923,35.6426],[51.29182,35.64283],[51.29132,35.64309],[51.29084,35.64331],[51.29039,35.6435],[51.28996,35.64369],[51.28953,35.64388],[51.28906,35.6441],[51.28857,35.6443],[51.28807,35.64451],[51.28758,35.64475],[51.28706,35.64497],[51.28654,35.64521],[51.28606,35.64543],[51.28558,35.64564],[51.28514,35.64585],[51.2847,35.64605],[51.28428,35.64624],[51.28384,35.64643],[51.2834,35.64662],[51.28297,35.6468],[51.28252,35.647],[51.28206,35.64721],[51.28159,35.64741],[51.28112,35.64761],[51.28065,35.64781],[51.28021,35.64801],[51.27979,35.64818],[51.27936,35.64837],[51.27893,35.64854],[51.27853,35.6487],[51.27812,35.64887],[51.2777,35.64904],[51.27726,35.64923],[51.27678,35.64944],[51.27629,35.64964],[51.27582,35.64986],[51.27537,35.65005],[51.27493,35.65021],[51.27452,35.65036],[51.27369,35.65068],[51.27327,35.65085],[51.27285,35.65102],[51.27241,35.65121],[51.27195,35.6514],[51.2715,35.65158],[51.27105,35.65177],[51.2706,35.65197],[51.27014,35.65213],[51.26969,35.65229],[51.26923,35.65245],[51.26874,35.65262],[51.26823,35.65282],[51.26769,35.65303],[51.26714,35.65325],[51.26656,35.65348],[51.26599,35.65372],[51.26547,35.65392],[51.26498,35.65411],[51.26452,35.65427],[51.26406,35.65443],[51.26362,35.65458],[51.26322,35.65473],[51.2628,35.65488],[51.26235,35.65505],[51.26184,35.65524],[51.26131,35.65543],[51.26076,35.65562],[51.26018,35.65582],[51.25959,35.65602],[51.25905,35.65621],[51.25851,35.65642],[51.25801,35.6566],[51.25757,35.65674],[51.25711,35.65693],[51.25667,35.65709],[51.25623,35.65726],[51.25581,35.65742],[51.25535,35.65759],[51.25487,35.65777],[51.25438,35.65795],[51.25388,35.65814],[51.25341,35.65831],[51.25292,35.65848],[51.25245,35.65865],[51.25194,35.65883],[51.25143,35.65901],[51.25092,35.65921],[51.25039,35.65939],[51.24986,35.65958],[51.2493,35.65979],[51.24874,35.66],[51.2482,35.66019],[51.24765,35.66038],[51.24709,35.66059],[51.24649,35.6608],[51.24589,35.66102],[51.24526,35.66123],[51.24463,35.66144],[51.24398,35.66167],[51.24334,35.66191],[51.2427,35.66218],[51.24208,35.66245],[51.24147,35.66271],[51.24088,35.66299],[51.24032,35.66327],[51.23978,35.66355],[51.23926,35.66384],[51.23876,35.66415],[51.23827,35.6645],[51.23778,35.66486],[51.2373,35.66522],[51.23683,35.66561],[51.23638,35.66602],[51.23596,35.66643],[51.23556,35.66684],[51.23519,35.66725],[51.23482,35.66768],[51.23448,35.66813],[51.23414,35.6686],[51.23382,35.66905],[51.23353,35.6695],[51.23326,35.66993],[51.23302,35.67038],[51.23282,35.67082],[51.23263,35.67127],[51.23244,35.67175],[51.23227,35.67223],[51.23212,35.67272],[51.23199,35.67322],[51.23189,35.67369],[51.23181,35.67412],[51.23174,35.67465],[51.23174,35.67509],[51.23171,35.67551],[51.23165,35.67587],[51.23168,35.67625],[51.23168,35.67667],[51.23168,35.6771],[51.23171,35.6775],[51.23176,35.67795],[51.23189,35.67843],[51.23198,35.67888],[51.23205,35.67929],[51.23218,35.67984],[51.23229,35.68024],[51.2324,35.6806],[51.23263,35.68111],[51.23279,35.68146],[51.23292,35.68181],[51.23313,35.68224],[51.23338,35.68265],[51.2336,35.68304],[51.23391,35.68345],[51.23407,35.68381],[51.23433,35.68413],[51.23465,35.68449],[51.23504,35.68491],[51.23549,35.6852],[51.23608,35.68529],[51.23663,35.68501],[51.23682,35.68454],[51.23665,35.68399],[51.23626,35.68342],[51.23572,35.68316],[51.23521,35.68317],[51.2347,35.68328],[51.23405,35.68347],[51.23336,35.68367],[51.23262,35.68388],[51.23188,35.68412],[51.23112,35.68434],[51.23067,35.68452],[51.23022,35.68469],[51.22975,35.68489],[51.22928,35.68509],[51.22879,35.68527],[51.22827,35.68547],[51.22774,35.68566],[51.2272,35.68584],[51.2266,35.68607],[51.22598,35.68633],[51.22535,35.68659],[51.22474,35.68684],[51.22416,35.68709],[51.22359,35.68732],[51.22303,35.68755],[51.22246,35.68778],[51.22191,35.688],[51.22138,35.68821],[51.22088,35.68841],[51.22038,35.68861],[51.21984,35.68882],[51.21928,35.68908],[51.21868,35.68932],[51.21806,35.68956],[51.21741,35.68985],[51.21676,35.69012],[51.2161,35.69038],[51.21542,35.69067],[51.21472,35.69098],[51.21404,35.69127],[51.21334,35.69158],[51.21263,35.69188],[51.21191,35.69216],[51.21118,35.69242],[51.2105,35.69266],[51.20985,35.6929],[51.20922,35.69317],[51.20859,35.6934],[51.20796,35.69369],[51.20728,35.69398],[51.20661,35.69425],[51.20592,35.69454],[51.20524,35.69483],[51.20453,35.69511],[51.20382,35.69539],[51.2031,35.69565],[51.20239,35.69591],[51.20168,35.6962],[51.20097,35.6965],[51.20025,35.69678],[51.19953,35.69709],[51.1988,35.69737],[51.19805,35.69763],[51.19729,35.69791],[51.19652,35.69822],[51.19576,35.69851],[51.19501,35.69882],[51.19429,35.69911],[51.19356,35.6994],[51.19284,35.69969],[51.1921,35.7],[51.19136,35.70035],[51.19064,35.70066],[51.18991,35.70096],[51.18921,35.70126],[51.18851,35.70155],[51.18783,35.70183],[51.1872,35.70206],[51.18662,35.70226],[51.18607,35.70247],[51.18553,35.70269],[51.18505,35.7029],[51.18437,35.7032],[51.1842,35.70324],[51.18372,35.70343],[51.18321,35.70359],[51.18252,35.70385],[51.1821,35.704],[51.18163,35.70416],[51.18113,35.70431],[51.18063,35.70444],[51.1801,35.70459],[51.17957,35.7047],[51.17902,35.70485],[51.17845,35.70501],[51.17788,35.70516],[51.1773,35.70531],[51.17671,35.70545],[51.17612,35.7056],[51.17551,35.70576],[51.17489,35.7059],[51.17426,35.70605],[51.17364,35.7062],[51.17305,35.70635],[51.17247,35.7065],[51.17186,35.70666],[51.17124,35.70679],[51.1706,35.70695],[51.16994,35.7071],[51.16928,35.70726],[51.1686,35.70742],[51.16791,35.70761],[51.16722,35.70777],[51.16655,35.70791],[51.1659,35.70804],[51.16525,35.70816],[51.16458,35.70833],[51.16394,35.70853],[51.16332,35.70873],[51.16269,35.70892],[51.16205,35.70914],[51.16139,35.70937],[51.16074,35.70957],[51.16008,35.70977],[51.15942,35.70998],[51.15878,35.71019],[51.15814,35.71041],[51.15748,35.71061],[51.15681,35.71082],[51.15615,35.71103],[51.15549,35.71126],[51.15481,35.71149],[51.15412,35.71171],[51.15343,35.71194],[51.15272,35.71218],[51.15201,35.71242],[51.15126,35.71267],[51.15055,35.71291],[51.14985,35.71317],[51.14914,35.71339],[51.14843,35.71364],[51.14772,35.71387],[51.14703,35.71411],[51.14634,35.71435],[51.14565,35.71458],[51.14497,35.71483],[51.14431,35.71507],[51.14363,35.71532],[51.14298,35.71561],[51.14234,35.71589],[51.14171,35.7162],[51.14108,35.71653],[51.14047,35.71687],[51.13987,35.71724],[51.13929,35.71761],[51.13874,35.718],[51.13819,35.71841],[51.13764,35.71881],[51.1371,35.71923],[51.13657,35.71963],[51.13606,35.72004],[51.13557,35.72042],[51.13509,35.72078],[51.13461,35.72116],[51.13414,35.72153],[51.13365,35.7219],[51.13318,35.72228],[51.13269,35.72266],[51.13224,35.72303],[51.13185,35.72339],[51.13148,35.72372],[51.13116,35.72401],[51.13064,35.72449],[51.13035,35.72479],[51.13021,35.72485],[51.1299,35.72458],[51.12953,35.72421],[51.12916,35.72387],[51.12872,35.72349],[51.12835,35.72328],[51.12803,35.72356],[51.12768,35.72386],[51.1273,35.72421],[51.12697,35.72452],[51.12661,35.72487],[51.12626,35.72524],[51.12584,35.72559],[51.12577,35.72552],[51.1257,35.72569],[51.12529,35.72597],[51.12491,35.72634],[51.12459,35.72662],[51.12411,35.72633],[51.12376,35.726],[51.12347,35.72565],[51.12315,35.72539],[51.12275,35.72523],[51.12246,35.72491],[51.12235,35.72455],[51.12196,35.72431],[51.12156,35.72409],[51.12117,35.72392],[51.12072,35.72365],[51.12039,35.72336],[51.11998,35.72316],[51.11955,35.72288],[51.11899,35.72297],[51.11855,35.72326],[51.11816,35.7235],[51.11765,35.72387],[51.11722,35.72415],[51.1168,35.7244],[51.11633,35.72462],[51.1159,35.72489],[51.11548,35.72512],[51.11493,35.72512],[51.11449,35.72495],[51.11401,35.72502],[51.11379,35.72538],[51.11349,35.72576],[51.11323,35.72607],[51.11291,35.72574],[51.1127,35.72542],[51.11263,35.72534],[51.11259,35.72552],[51.1126,35.7255],[51.11283,35.72581],[51.11303,35.72613],[51.11347,35.72603],[51.11367,35.72565],[51.11383,35.72531],[51.11401,35.72493],[51.11365,35.72486],[51.11364,35.72484],[51.11365,35.72481],[51.11365,35.72479],[51.11307,35.72456],[51.11245,35.72435],[51.11191,35.7242],[51.11149,35.72403],[51.11098,35.72397],[51.11063,35.72373],[51.11035,35.72339],[51.10999,35.72306],[51.10953,35.72272],[51.10899,35.7225],[51.10842,35.72236],[51.10791,35.72223],[51.10743,35.7221],[51.10677,35.72201],[51.10617,35.7219],[51.10559,35.72191],[51.10506,35.72195],[51.1046,35.72207],[51.10418,35.72228],[51.10407,35.72235],[51.10406,35.72236],[51.10406,35.72236],[51.10407,35.72236],[51.10407,35.72236],[51.10407,35.72236],[51.10407,35.72236],[51.10407,35.72236],[51.10407,35.72237],[51.10407,35.72237],[51.10407,35.72237],[51.10406,35.72237],[51.10406,35.72237],[51.10406,35.72237],[51.10406,35.72237],[51.10406,35.72237],[51.10406,35.72237],[51.10408,35.72237],[51.10408,35.72237],[51.10408,35.72237],[51.10408,35.72237],[51.10408,35.72237],[51.10408,35.72237],[51.10409,35.72237],[51.10409,35.72237],[51.10409,35.72237],[51.10409,35.72237],[51.10409,35.72237],[51.10409,35.72237],[51.10409,35.72237],[51.10409,35.72237],[51.10409,35.72237],[51.10409,35.72237],[51.1041,35.72237],[51.10409,35.72237],[51.10409,35.72238],[51.10409,35.72238],[51.10408,35.72238],[51.10408,35.72238],[51.10408,35.72238],[51.10409,35.72238],[51.10409,35.72238],[51.10409,35.72237],[51.10409,35.72237],[51.10409,35.72237],[51.10409,35.72237],[51.10409,35.72237],[51.10347,35.7224],[51.10302,35.72242],[51.10238,35.72243],[51.10189,35.72246],[51.10146,35.72253],[51.10087,35.72254],[51.10067,35.72289],[51.10059,35.72277],[51.10052,35.72278],[51.10052,35.72279],[51.10052,35.72279],[51.10053,35.72279],[51.10053,35.7228],[51.10015,35.72253],[51.09958,35.72233],[51.09906,35.72218],[51.09966,35.72226],[51.10021,35.72239],[51.10067,35.72239],[51.10122,35.72247],[51.10178,35.72242],[51.10239,35.72241],[51.10284,35.7224],[51.10335,35.72237],[51.10399,35.72228],[51.10442,35.72211],[51.10483,35.72189],[51.10537,35.72183],[51.10588,35.72173],[51.10649,35.72151],[51.10698,35.7213],[51.10748,35.72107],[51.10792,35.72077],[51.10838,35.7204],[51.10871,35.72014],[51.10919,35.71981],[51.10971,35.71947],[51.11018,35.71918],[51.11051,35.7189],[51.11097,35.7186],[51.11144,35.71832],[51.11186,35.71808],[51.11222,35.71778],[51.1123,35.7174],[51.11234,35.71695],[51.11233,35.71655],[51.11236,35.71605],[51.11245,35.71555],[51.11253,35.71519],[51.11265,35.71478],[51.11262,35.71434],[51.11285,35.71398],[51.11309,35.71351],[51.11332,35.71308],[51.11378,35.71275],[51.11428,35.71246],[51.11435,35.71209],[51.11397,35.7116],[51.11372,35.71129],[51.11331,35.71114],[51.1129,35.71135],[51.1125,35.71168],[51.11207,35.71201],[51.11199,35.71225],[51.11196,35.71226],[51.11221,35.71195],[51.11252,35.71168],[51.11302,35.7114],[51.11331,35.71111],[51.11306,35.71075],[51.11287,35.71033],[51.11242,35.71012],[51.11183,35.71004],[51.11124,35.71],[51.11073,35.70991],[51.11019,35.70982],[51.1097,35.70971],[51.10921,35.70952],[51.10866,35.70936],[51.10818,35.70919],[51.10777,35.70902],[51.10739,35.70873],[51.10724,35.70866],[51.10724,35.70867],[51.10773,35.70887],[51.10808,35.70909],[51.10848,35.70925],[51.10891,35.70942],[51.10938,35.70959],[51.10992,35.7097],[51.11042,35.70983],[51.111,35.7099],[51.11169,35.70995],[51.11233,35.71002],[51.11282,35.71017],[51.11286,35.70971],[51.11265,35.70924],[51.11237,35.70915],[51.11244,35.70919],[51.11248,35.70929],[51.11249,35.70935],[51.11248,35.70942],[51.11244,35.70942],[51.11288,35.70974],[51.11301,35.71015],[51.11323,35.7105],[51.11352,35.71083],[51.11388,35.71133],[51.11411,35.71169],[51.11434,35.71205],[51.11477,35.71218],[51.11492,35.71225],[51.11496,35.71219],[51.11496,35.7121],[51.11496,35.7121],[51.11498,35.71209],[51.11545,35.71186],[51.11599,35.71155],[51.11655,35.71131],[51.11697,35.71117],[51.11716,35.71083],[51.11697,35.71038],[51.11677,35.71004],[51.11716,35.71041],[51.11752,35.71081],[51.11796,35.71094],[51.1185,35.71069],[51.11895,35.71051],[51.11945,35.71024],[51.11984,35.71],[51.12017,35.70972],[51.12059,35.70938],[51.12113,35.70898],[51.12168,35.70867],[51.12208,35.70835],[51.12248,35.708],[51.12281,35.70769],[51.12313,35.70742],[51.12328,35.70731],[51.12332,35.70731],[51.12329,35.70731],[51.12321,35.70729],[51.12366,35.70703],[51.12411,35.70669],[51.12456,35.70651],[51.12509,35.70634],[51.12555,35.70604],[51.12532,35.70627],[51.12472,35.70652],[51.12431,35.70668],[51.1238,35.70706],[51.12336,35.70742],[51.12299,35.70765],[51.12264,35.70792],[51.1223,35.70822],[51.1219,35.70855],[51.12143,35.70887],[51.12088,35.70926],[51.12055,35.70951],[51.12024,35.70983],[51.12019,35.70986],[51.12018,35.70985],[51.12018,35.70985],[51.12017,35.70985],[51.12013,35.70985],[51.12009,35.70984],[51.1197,35.71004],[51.11907,35.71033],[51.11867,35.71058],[51.1182,35.71088],[51.11782,35.7111],[51.11792,35.71152],[51.11818,35.71182],[51.11808,35.71189],[51.11806,35.7119],[51.11804,35.71186],[51.11779,35.71157],[51.11748,35.71119],[51.11726,35.71084],[51.11702,35.71045],[51.1168,35.71011],[51.11654,35.70956],[51.11636,35.70891],[51.11615,35.7083],[51.11593,35.70775],[51.11573,35.70717],[51.11561,35.70656],[51.11552,35.7059],[51.1155,35.70546],[51.11546,35.70491],[51.11537,35.70423],[51.11534,35.70387],[51.11532,35.70349],[51.11527,35.70311],[51.11521,35.70272],[51.11509,35.70233],[51.11494,35.70194],[51.11477,35.70155],[51.11458,35.70113],[51.1144,35.70071],[51.11419,35.70027],[51.11401,35.69986],[51.11375,35.69933],[51.11358,35.69885],[51.11331,35.69814],[51.11317,35.69776],[51.11303,35.69738],[51.11286,35.69699],[51.11269,35.69657],[51.11255,35.69614],[51.11244,35.69572],[51.11235,35.69532],[51.11226,35.69493],[51.11217,35.69455],[51.112,35.69389],[51.11191,35.69351],[51.11181,35.69315],[51.11166,35.69256],[51.11156,35.69219],[51.11145,35.69181],[51.11135,35.69145],[51.11113,35.6908],[51.11098,35.69042],[51.11074,35.68998],[51.11041,35.68936],[51.11022,35.689],[51.11005,35.68864],[51.10984,35.68823],[51.10963,35.68783],[51.10942,35.68742],[51.10921,35.687],[51.10904,35.68665],[51.10884,35.68628],[51.10862,35.68586],[51.10845,35.68549],[51.10816,35.68494],[51.10783,35.68442],[51.10756,35.68411],[51.10714,35.6839],[51.10655,35.68399],[51.10574,35.68417],[51.10531,35.6843],[51.10486,35.68449],[51.10441,35.68473],[51.10397,35.68495],[51.10352,35.68519],[51.10307,35.68546],[51.10259,35.68573],[51.10209,35.686],[51.10157,35.68628],[51.10102,35.68659],[51.10048,35.68691],[51.09991,35.68723],[51.09933,35.68755],[51.09873,35.68788],[51.09812,35.68821],[51.09751,35.68856],[51.0969,35.68892],[51.09628,35.68928],[51.09568,35.68963],[51.09507,35.68999],[51.09447,35.69035],[51.09386,35.6907],[51.09324,35.69105],[51.09261,35.69138],[51.092,35.69172],[51.09137,35.69206],[51.09074,35.69238],[51.09009,35.69266],[51.08942,35.69288],[51.08878,35.69304],[51.08812,35.69317],[51.08745,35.69326],[51.08675,35.69328],[51.08605,35.69326],[51.08534,35.69321],[51.08462,35.69316],[51.08389,35.69313],[51.08315,35.69308],[51.0824,35.69302],[51.08165,35.69297],[51.08087,35.69292],[51.08012,35.69287],[51.07936,35.69283],[51.07858,35.69279],[51.0778,35.69273],[51.07703,35.69268],[51.07626,35.69263],[51.0755,35.69258],[51.07475,35.69254],[51.07403,35.69251],[51.07339,35.69252],[51.07278,35.69256],[51.07221,35.69259],[51.07167,35.69253],[51.07121,35.69239],[51.07077,35.6922],[51.0703,35.69205],[51.06982,35.6919],[51.0693,35.69172],[51.06876,35.69152],[51.06821,35.6913],[51.06762,35.69108],[51.067,35.69085],[51.06635,35.69062],[51.06569,35.69038],[51.06502,35.69013],[51.06433,35.68988],[51.06365,35.68964],[51.06296,35.68939],[51.06228,35.68913],[51.06158,35.68886],[51.06091,35.68861],[51.06027,35.68836],[51.05963,35.6881],[51.05896,35.68784],[51.05826,35.68758],[51.05756,35.68731],[51.05684,35.68705],[51.05612,35.68678],[51.05539,35.68653],[51.05468,35.68626],[51.05396,35.68601],[51.05324,35.68581],[51.0525,35.68567],[51.05176,35.68559],[51.05104,35.68555],[51.05037,35.68559],[51.04976,35.68567],[51.04924,35.68574],[51.04871,35.68584],[51.04822,35.68599],[51.04781,35.68619],[51.0472,35.68651],[51.04647,35.68677],[51.04581,35.68652],[51.04516,35.68628],[51.04441,35.68621],[51.0435,35.68612],[51.04297,35.68605],[51.04241,35.68592],[51.04183,35.68575],[51.04122,35.68551],[51.04059,35.68524],[51.03996,35.68496],[51.03932,35.68467],[51.03864,35.68437],[51.03797,35.68408],[51.03732,35.6838],[51.03676,35.68355],[51.03627,35.68334],[51.03583,35.68315],[51.03535,35.683],[51.03485,35.68289],[51.03433,35.68283],[51.03381,35.68279],[51.03334,35.68279],[51.03264,35.68294],[51.03214,35.68315],[51.0315,35.68344],[51.0307,35.68385],[51.03026,35.68406],[51.02982,35.68427],[51.02938,35.6845],[51.02895,35.68475],[51.02853,35.68501],[51.02815,35.68523],[51.02778,35.68544],[51.02742,35.68565],[51.02704,35.68586],[51.02644,35.6862],[51.02577,35.68656],[51.02512,35.68685],[51.02448,35.68706],[51.0237,35.68734],[51.0233,35.68749],[51.02285,35.68767],[51.02237,35.68787],[51.02192,35.68808],[51.02144,35.68827],[51.02093,35.68845],[51.02041,35.68865],[51.01986,35.68885],[51.0193,35.68903],[51.0187,35.68916],[51.01814,35.68929],[51.01757,35.68946],[51.017,35.68964],[51.01642,35.68984],[51.01583,35.69004],[51.01522,35.69025],[51.01463,35.69045],[51.01406,35.69066],[51.0135,35.69087],[51.01293,35.69108],[51.01231,35.69126],[51.01169,35.69141],[51.01107,35.69158],[51.01049,35.69179],[51.00992,35.692],[51.00934,35.69223],[51.00876,35.69248],[51.00818,35.69272],[51.00758,35.69299],[51.00701,35.69324],[51.00645,35.69352],[51.00588,35.6938],[51.00536,35.69408],[51.0049,35.69436],[51.00436,35.69477],[51.00391,35.69513],[51.00332,35.69547],[51.00285,35.69568],[51.00215,35.69585],[51.00136,35.69596],[51.00063,35.69605],[50.99999,35.69626],[50.9996,35.69657],[50.99973,35.69713],[50.99992,35.69785],[51.00002,35.69823],[51.00032,35.69885],[51.0003,35.69927],[50.99988,35.6991],[50.99932,35.69907],[50.99858,35.69921],[50.99771,35.69938],[50.99728,35.69946],[50.99666,35.69959],[50.9967,35.69998],[50.99684,35.70045],[50.99704,35.70067],[50.99704,35.70067],[50.99702,35.70063],[50.99755,35.70053],[50.99797,35.70094],[50.99828,35.70143],[50.99863,35.70186],[50.99895,35.70232],[50.99928,35.70279],[50.99966,35.70336],[50.99989,35.70369],[51.0001,35.70404],[51.00033,35.70437],[51.00057,35.7047],[51.00081,35.70504],[51.00107,35.70538],[51.00129,35.70573],[51.00153,35.70607],[51.0019,35.70651],[51.0022,35.70685],[51.00283,35.70692],[51.0035,35.70674],[51.00414,35.70654],[51.00467,35.70639],[51.00511,35.70627],[51.00553,35.70615],[51.00604,35.70601],[51.00659,35.70584],[51.0074,35.70556],[51.00788,35.70542],[51.00839,35.70527],[51.00895,35.70511],[51.00953,35.70495],[51.01014,35.70477],[51.01079,35.70459],[51.01146,35.7044],[51.01214,35.7042],[51.01282,35.70401],[51.01351,35.70381],[51.0142,35.7036],[51.01486,35.70342],[51.01548,35.70325],[51.01605,35.70309],[51.01655,35.70297],[51.01704,35.70283],[51.01772,35.70264],[51.01826,35.7026],[51.01837,35.70255],[51.01837,35.70254],[51.0184,35.70255],[51.01855,35.703],[51.01884,35.70347],[51.01915,35.70393],[51.0196,35.70404],[51.02005,35.70386],[51.02073,35.70358],[51.02149,35.70324],[51.02191,35.70306],[51.02235,35.70286],[51.0228,35.70266],[51.02325,35.70246],[51.02374,35.70226],[51.02421,35.70206],[51.02466,35.70186],[51.02519,35.7016],[51.0254,35.70117],[51.02583,35.70077],[51.02632,35.70095],[51.02695,35.70108],[51.02765,35.70079],[51.02806,35.70062],[51.02886,35.70028],[51.0293,35.70009],[51.02972,35.69991],[51.03028,35.69961],[51.03053,35.69928],[51.03036,35.69879],[51.02998,35.6982],[51.02973,35.69786],[51.02951,35.69753],[51.02929,35.69719],[51.02905,35.69683],[51.02884,35.6965],[51.02861,35.69613],[51.02828,35.69562],[51.02807,35.69528],[51.02785,35.69493],[51.0276,35.69452],[51.02734,35.6941],[51.02692,35.69344],[51.02671,35.69308],[51.02642,35.69261],[51.02641,35.69259],[51.0261,35.69212],[51.0257,35.69148],[51.02546,35.6911],[51.02522,35.69073],[51.02498,35.69035],[51.02477,35.69002],[51.02456,35.68965],[51.02427,35.68923],[51.02361,35.68885],[51.02292,35.68847],[51.02284,35.68794],[51.02344,35.68762],[51.02428,35.68765],[51.02492,35.68774],[51.02516,35.6874],[51.02473,35.6871],[51.0241,35.68722],[51.02324,35.68745],[51.02276,35.68765],[51.0223,35.68785],[51.02181,35.68805],[51.02129,35.68821],[51.02079,35.68838],[51.02035,35.68855],[51.01973,35.68864],[51.01949,35.68833],[51.01958,35.68794],[51.01959,35.68752],[51.01963,35.68714],[51.01964,35.68665],[51.01969,35.68623],[51.01972,35.68587],[51.01974,35.68549],[51.01975,35.68504],[51.01971,35.68459],[51.01973,35.68412],[51.01975,35.68347],[51.0198,35.68294],[51.01987,35.68256],[51.0194,35.68257],[51.01887,35.68249],[51.01841,35.68247],[51.01781,35.68236],[51.0171,35.68227],[51.01663,35.68227],[51.0164,35.68238],[51.01638,35.68242],[51.01639,35.6825],[51.01634,35.68252],[51.01634,35.68245],[51.01637,35.68248],[51.01637,35.68247],[51.01636,35.68247],[51.01576,35.68229],[51.01549,35.68193],[51.01546,35.68156],[51.0155,35.68104],[51.01551,35.68065],[51.01559,35.68022],[51.01559,35.67983],[51.01564,35.67938],[51.01564,35.67898],[51.01571,35.67842],[51.0156,35.67799],[51.01571,35.67755],[51.01576,35.67713],[51.01582,35.67658],[51.01584,35.67608],[51.01584,35.67564],[51.01591,35.67519],[51.01591,35.67481],[51.01602,35.67424],[51.01603,35.67376],[51.01626,35.67343],[51.01673,35.67348],[51.01718,35.67348],[51.01741,35.67354],[51.01741,35.67353],[51.01741,35.67353],[51.01794,35.67359],[51.0184,35.67363],[51.01881,35.6736],[51.01887,35.6736],[51.01938,35.6736],[51.0199,35.67363],[51.02035,35.67348],[51.02056,35.67302],[51.02066,35.67254],[51.0207,35.67203],[51.02076,35.67147],[51.0208,35.67094],[51.02093,35.67032],[51.02102,35.66993],[51.02119,35.66955],[51.02138,35.6692],[51.0217,35.66865],[51.02164,35.66811],[51.02121,35.66746],[51.02097,35.66713],[51.02076,35.66669],[51.02129,35.6669],[51.02176,35.66746],[51.02205,35.66778],[51.02235,35.66811],[51.02267,35.66849],[51.023,35.66885],[51.02334,35.66923],[51.0237,35.66964],[51.02402,35.67004],[51.02429,35.67042],[51.0245,35.67083],[51.02476,35.67125],[51.02511,35.67166],[51.02548,35.67209],[51.02587,35.67251],[51.02626,35.67294],[51.02666,35.67339],[51.02705,35.67384],[51.02744,35.67428],[51.02783,35.67474],[51.02822,35.67519],[51.02861,35.67562],[51.02899,35.67605],[51.02937,35.67648],[51.02977,35.67692],[51.03018,35.67737],[51.03057,35.6778],[51.03095,35.67824],[51.03134,35.67868],[51.03173,35.67914],[51.03212,35.67957],[51.03249,35.67999],[51.03287,35.68039],[51.03327,35.6808],[51.03368,35.68115],[51.03407,35.6814],[51.03449,35.68155],[51.03496,35.68159],[51.03541,35.6816],[51.03627,35.68145],[51.03674,35.6813],[51.03721,35.68116],[51.03761,35.68101],[51.03806,35.6808],[51.03845,35.68063],[51.0391,35.68037],[51.03977,35.6801],[51.04021,35.6799],[51.04084,35.67969],[51.04141,35.67954],[51.04183,35.67939],[51.0423,35.67926],[51.04292,35.67902],[51.0433,35.67882],[51.04374,35.67865],[51.04422,35.67847],[51.04473,35.67832],[51.04525,35.67814],[51.04575,35.67796],[51.04618,35.6778],[51.04659,35.67747],[51.0466,35.67707],[51.04659,35.67635],[51.0466,35.67593],[51.0466,35.67548],[51.04657,35.67506],[51.04639,35.6746],[51.04618,35.6741],[51.04605,35.67366],[51.04598,35.6732],[51.046,35.67274],[51.0461,35.67234],[51.0463,35.672],[51.04655,35.67162],[51.04669,35.67119],[51.0467,35.6708],[51.04683,35.67042],[51.04706,35.67002],[51.04733,35.66964],[51.04759,35.66922],[51.0478,35.66877],[51.04794,35.66835],[51.04802,35.66795],[51.04814,35.66728],[51.04823,35.66669],[51.04825,35.66616],[51.04815,35.66571],[51.04808,35.6653],[51.04794,35.66483],[51.04772,35.66445],[51.04738,35.66405],[51.04726,35.66367],[51.04718,35.66315],[51.04723,35.66274],[51.04739,35.66233],[51.04764,35.66184],[51.04785,35.66122],[51.04798,35.66087],[51.04812,35.6605],[51.04829,35.66008],[51.04848,35.65967],[51.04861,35.6592],[51.04874,35.65874],[51.04895,35.65824],[51.04919,35.65779],[51.04944,35.65736],[51.04971,35.65691],[51.04997,35.6565],[51.05017,35.65616],[51.05029,35.65579],[51.05032,35.65537],[51.05074,35.6552],[51.05099,35.65553],[51.05141,35.65591],[51.05184,35.65616],[51.05192,35.65622],[51.05168,35.65667],[51.05148,35.65716],[51.05122,35.65774],[51.05097,35.65833],[51.05085,35.6587],[51.05071,35.65904],[51.05054,35.65941],[51.05037,35.65977],[51.05016,35.6603],[51.04994,35.66064],[51.05013,35.66007],[51.05023,35.65972],[51.05022,35.65968],[51.05021,35.65967],[51.05022,35.65968],[51.05045,35.65925],[51.05059,35.65885],[51.05079,35.65836],[51.0511,35.65776],[51.05138,35.65713],[51.05161,35.65661],[51.05176,35.65624],[51.05231,35.65631],[51.05289,35.65657],[51.05334,35.65673],[51.05378,35.65689],[51.05434,35.65703],[51.05474,35.65717],[51.05474,35.65718],[51.05474,35.65718],[51.05474,35.65719],[51.05476,35.65724],[51.05477,35.65728],[51.05478,35.65729],[51.05478,35.65729],[51.0553,35.65736],[51.05582,35.65741],[51.0562,35.65762],[51.05669,35.65772],[51.05713,35.65782],[51.05765,35.65797],[51.05817,35.65791],[51.05849,35.65763],[51.05897,35.65779],[51.05972,35.6585],[51.06015,35.65874],[51.06049,35.659],[51.06096,35.65889],[51.06121,35.65852],[51.06156,35.65814],[51.06183,35.65779],[51.06212,35.65738],[51.06245,35.65694],[51.06264,35.6566],[51.06322,35.65667],[51.06365,35.65681],[51.06413,35.65697],[51.0646,35.65709],[51.06508,35.65721],[51.06548,35.65741],[51.06584,35.65767],[51.0664,35.65807],[51.06707,35.65852],[51.06748,35.65877],[51.06791,35.65903],[51.06833,35.65932],[51.06877,35.6596],[51.06917,35.65985],[51.06974,35.6601],[51.07018,35.65988],[51.07067,35.65935],[51.07099,35.65905],[51.07129,35.65874],[51.07166,35.65831],[51.07188,35.65797],[51.07203,35.65759],[51.07209,35.65689],[51.07209,35.65647],[51.07215,35.65601],[51.0723,35.65553],[51.07252,35.65503],[51.07272,35.65452],[51.07288,35.65403],[51.073,35.65358],[51.07304,35.65321],[51.0728,35.65282],[51.07217,35.65273],[51.07145,35.65281],[51.07093,35.65286],[51.07064,35.65241],[51.07053,35.65199],[51.0701,35.6519],[51.06972,35.65197],[51.06973,35.65197],[51.06972,35.65197],[51.06921,35.65202],[51.0692,35.6516],[51.0694,35.65118],[51.06934,35.65079],[51.06983,35.65087],[51.07024,35.65104],[51.07069,35.65121],[51.07091,35.65087],[51.07125,35.65022],[51.0714,35.64988],[51.07106,35.6495],[51.07064,35.64926],[51.07024,35.64905],[51.06993,35.64885],[51.07005,35.64905],[51.07006,35.64913],[51.07025,35.6486],[51.07043,35.64824],[51.07093,35.64838],[51.07056,35.64818],[51.07082,35.64776],[51.0711,35.6474],[51.07137,35.64703],[51.07167,35.64657],[51.07194,35.64621],[51.07228,35.64576],[51.07261,35.64538],[51.07313,35.64532],[51.07371,35.64548],[51.07409,35.6451],[51.07415,35.64467],[51.0742,35.64416],[51.07432,35.64347],[51.07441,35.64306],[51.07451,35.64264],[51.07464,35.64224],[51.07481,35.64184],[51.07496,35.64147],[51.07515,35.64106],[51.0753,35.64066],[51.07543,35.64009],[51.07492,35.63963],[51.0743,35.63941],[51.07381,35.63924],[51.07306,35.63896],[51.07265,35.63883],[51.07226,35.63865],[51.07242,35.63826],[51.07261,35.63786],[51.07286,35.63726],[51.07312,35.63657],[51.07332,35.63609],[51.07315,35.63585],[51.07314,35.63585],[51.07314,35.63585],[51.07314,35.63585],[51.07314,35.63585],[51.07314,35.63585],[51.07314,35.63585],[51.07313,35.63585],[51.07264,35.63567],[51.0722,35.63558],[51.07193,35.63545],[51.07192,35.63545],[51.07145,35.63531],[51.07087,35.63512],[51.07041,35.63497],[51.06986,35.63476],[51.06936,35.63458],[51.06889,35.63441],[51.06844,35.63422],[51.06788,35.63402],[51.06746,35.63389],[51.06704,35.63376],[51.06673,35.63403],[51.06669,35.63413],[51.06667,35.63419],[51.06665,35.63424],[51.06666,35.63423],[51.06666,35.63419],[51.06665,35.6342],[51.06667,35.63416],[51.06668,35.63415],[51.06666,35.63418],[51.06665,35.63423],[51.06664,35.63427],[51.06665,35.63425],[51.06666,35.63423],[51.06666,35.63422],[51.06668,35.6342],[51.06622,35.63447],[51.06596,35.63493],[51.06586,35.63529],[51.0657,35.6357],[51.06558,35.63605],[51.06544,35.63646],[51.0653,35.6368],[51.06511,35.63716],[51.06491,35.63761],[51.06466,35.63821],[51.06444,35.63889],[51.06433,35.63924],[51.06421,35.63962],[51.06408,35.64002],[51.06396,35.64041],[51.06384,35.64078],[51.06373,35.64115],[51.06353,35.64179],[51.06342,35.64218],[51.06331,35.64255],[51.06312,35.64317],[51.06289,35.64389],[51.06277,35.64427],[51.06265,35.64466],[51.06253,35.64506],[51.06241,35.64545],[51.06229,35.64585],[51.06217,35.64625],[51.06205,35.64664],[51.06193,35.64703],[51.06183,35.6474],[51.06172,35.64787],[51.06205,35.64822],[51.06258,35.64838],[51.06303,35.64852],[51.06344,35.64865],[51.06398,35.64877],[51.06436,35.64849],[51.06455,35.64811],[51.06474,35.64806],[51.06455,35.64818],[51.06431,35.6487],[51.06399,35.6491],[51.0638,35.64948],[51.06367,35.64982],[51.06352,35.65019],[51.06337,35.65057],[51.06327,35.65092]]]}},{"type":"Feature","properties":{"route":9,"color":"#ea580c","times":[[21748,21808,21868,21928,21973,22033,22075,22135,22195,22255,22315,22375,22435,22495,22555,22615,22675,22735,22795,22855,22915,22975,23037,23097,23157,23217,23277,23337,23397,23457,23517,23577,23637,23697,23757,23848,23854,23908,23968,24028,24046,24052,24061,24100,24109,24130,24191,24251,24311,24371,24431,24491,24551,24611,24671,24731,24791,24851,24911,24973,25033,25093,25153,25213,25332,25347,25407,25467,25527,25587,25647,25707,25767,25779,25839,25899,25917,25944,25956,25962,25971,25977,25983,25992,25998,26004,26013,26022,26028,26040,26049,26055,26064,26070,26076,26085,26091,26097,26103,26109,26115,26118,26121,26124,26127,26133,26139,26145,26151,26157,26163,26169,26178,26184,26190,26196,26202,26262,26277,26283,26289,26292,26295,26298,26301,26304,26307,26310,26316,26325,26334,26340,26346,26352,26355,26358,26364,26370,26376,26382,26388,26394,26400,26406,26412,26421,26442,26460,26469,26475,26481,26484,26487,26493,26499,26502,26505,26508,26511,26514,26517,26520,26523,26526,26529,26532,26535,26538,26541,26544,26547,26550,26553,26556,26559,26562,26565,26568,26571,26574,26577,26580,26583,26586,26589,26592,26595,26598,26601,26604,26607,26610,26613,26616,26619,26622,26625,26628,26631,26634,26637,26640,26643,26646,26649,26652,26655,26658,26661,26664,26667,26670,26673,26676,26679,26682,26685,26688,26691,26694,26697,26700,26703,26706,26709,26712,26715,26718,26721,26724,26727,26733,26739,26745,26751,26757,26760,26763,26769,26775,26778,26781,26784,26787,26790,26796,26802,26814,26826,26835,26868,26874,26880,26886,26892,26898,26904,26910,26916,26925,26931,26949,26961,26967,26973,26979,26985,26991,26997,27009,27015,27021,27030,27039,27045,27051,27057,27063,27069,27075,27087,27093,27096,27099,27105,27114,27120,27126,27129,27132,27138,27144,27153,27159,27165,27171,27177,27183,27189,27195,27198,27201,27204,27207,27210,27213,27216,27222,27234,27249,27261,27267,27273,27282,27288,27294,27300,27306,27312,27318,27324,27330,27339,27345,27351,27357,27363,27372,27378,27384,27390,27396,27402,27408,27414,27423,27474,27489,27507,27522,27528,27537,27546,27552,27561,27573,27582,27597,27603,27609,27615,27621,27627,27633,27642,27651,27660,27669,27678,27684,27693,27705,27711,27717,27723,27729,27735,27744,27753,27759,27762,27765,27768,27771,27774]],"type":"operational_gps","source":"recorded_gps"},"geometry":{"type":"MultiLineString","coordinates":[[[51.55397,35.72995],[51.55415,35.72994],[51.55408,35.72984],[51.55383,35.7301],[51.55351,35.73037],[51.55323,35.73056],[51.55357,35.73033],[51.55363,35.73029],[51.55368,35.73027],[51.55369,35.73027],[51.55374,35.73006],[51.55394,35.72997],[51.55408,35.72991],[51.55408,35.72989],[51.55407,35.72989],[51.55406,35.72987],[51.55404,35.72981],[51.55404,35.7298],[51.55402,35.7298],[51.55402,35.7298],[51.5541,35.72992],[51.55417,35.72995],[51.55394,35.72985],[51.55405,35.72992],[51.55412,35.73],[51.55414,35.73],[51.55414,35.72994],[51.55416,35.72995],[51.55412,35.72992],[51.55413,35.7299],[51.55412,35.72986],[51.55408,35.72987],[51.55402,35.72981],[51.55402,35.72981],[51.55401,35.72981],[51.55386,35.72972],[51.55432,35.72981],[51.55387,35.72976],[51.55403,35.72976],[51.55407,35.72952],[51.55447,35.72975],[51.55497,35.72968],[51.55546,35.72934],[51.55503,35.72946],[51.55465,35.72964],[51.5542,35.72975],[51.55408,35.72991],[51.5539,35.72985],[51.55391,35.72986],[51.55385,35.72981],[51.55385,35.72993],[51.55389,35.72982],[51.55385,35.72983],[51.55387,35.72975],[51.55401,35.72991],[51.554,35.72983],[51.55402,35.72984],[51.55385,35.72988],[51.55394,35.72983],[51.55405,35.72987],[51.55392,35.72991],[51.55381,35.7299],[51.55385,35.72991],[51.55387,35.72989],[51.55466,35.72971],[51.55421,35.72973],[51.55389,35.72978],[51.55382,35.72982],[51.55383,35.72988],[51.55385,35.72981],[51.55393,35.72981],[51.55391,35.7298],[51.55385,35.72997],[51.55429,35.7302],[51.55467,35.7302],[51.55425,35.73017],[51.55374,35.73028],[51.55339,35.73062],[51.55305,35.73093],[51.55278,35.73123],[51.55238,35.73162],[51.55203,35.73201],[51.55179,35.73233],[51.55143,35.73275],[51.55114,35.73307],[51.55081,35.7334],[51.55047,35.73386],[51.55005,35.73412],[51.54954,35.73409],[51.54904,35.73408],[51.54841,35.73386],[51.54799,35.73368],[51.54747,35.73344],[51.54699,35.73314],[51.54649,35.73284],[51.54606,35.73253],[51.54562,35.73236],[51.54516,35.73222],[51.54487,35.73189],[51.54457,35.7316],[51.54409,35.73135],[51.54373,35.7311],[51.54338,35.73086],[51.54298,35.73064],[51.54259,35.73042],[51.54188,35.73],[51.54121,35.72959],[51.54058,35.72923],[51.54005,35.72889],[51.53954,35.72861],[51.53909,35.72835],[51.53861,35.72803],[51.53819,35.72838],[51.53787,35.72888],[51.53746,35.72938],[51.53694,35.72977],[51.53648,35.73007],[51.53635,35.73016],[51.53596,35.72996],[51.53564,35.72948],[51.53528,35.72883],[51.53507,35.72842],[51.53484,35.72802],[51.53465,35.72763],[51.53452,35.7272],[51.53445,35.72674],[51.53446,35.72632],[51.5345,35.72594],[51.53454,35.7254],[51.5345,35.725],[51.53415,35.72471],[51.53359,35.72467],[51.53285,35.72462],[51.53195,35.72456],[51.53147,35.72454],[51.53101,35.72451],[51.53024,35.72446],[51.52949,35.72444],[51.52869,35.72438],[51.52797,35.72432],[51.52729,35.72427],[51.52666,35.72422],[51.52585,35.72416],[51.52502,35.7241],[51.5245,35.72407],[51.524,35.72409],[51.52357,35.7239],[51.52342,35.7235],[51.52309,35.72295],[51.52255,35.72265],[51.52174,35.72257],[51.52128,35.7225],[51.52082,35.72241],[51.52005,35.72225],[51.51914,35.72216],[51.51861,35.72212],[51.51805,35.72206],[51.51748,35.72201],[51.51691,35.72192],[51.51633,35.72182],[51.51574,35.72165],[51.51516,35.72146],[51.5146,35.72122],[51.51405,35.72094],[51.51351,35.72063],[51.513,35.7203],[51.51253,35.71992],[51.51209,35.71952],[51.51168,35.71909],[51.51128,35.71867],[51.51086,35.71825],[51.51042,35.71781],[51.50998,35.71737],[51.50955,35.71695],[51.50911,35.71651],[51.50868,35.71607],[51.50826,35.71561],[51.50784,35.71512],[51.50743,35.71466],[51.50702,35.71418],[51.50663,35.71369],[51.50624,35.71321],[51.50583,35.71274],[51.50545,35.71227],[51.50509,35.7118],[51.50477,35.71129],[51.50449,35.71074],[51.50423,35.71017],[51.50397,35.7096],[51.50372,35.70904],[51.5035,35.70848],[51.50329,35.70796],[51.50308,35.70744],[51.50286,35.70694],[51.50263,35.70644],[51.50237,35.70594],[51.50215,35.70546],[51.50194,35.705],[51.50174,35.70455],[51.50154,35.70409],[51.50134,35.7036],[51.50113,35.70308],[51.50094,35.70253],[51.50072,35.70198],[51.50048,35.70141],[51.50021,35.70085],[51.4999,35.7003],[51.49956,35.69977],[51.49923,35.69927],[51.49888,35.69875],[51.49849,35.69822],[51.49806,35.69773],[51.49763,35.69725],[51.49724,35.69678],[51.49686,35.69634],[51.4965,35.69589],[51.49615,35.69545],[51.4958,35.695],[51.49545,35.69457],[51.4951,35.69412],[51.49476,35.69369],[51.49439,35.69327],[51.49404,35.69283],[51.49376,35.69232],[51.49353,35.69184],[51.49333,35.69135],[51.49316,35.69085],[51.49301,35.69033],[51.49287,35.68986],[51.49276,35.68942],[51.4927,35.68906],[51.49257,35.68835],[51.49247,35.68774],[51.49236,35.6872],[51.49227,35.68659],[51.49226,35.68599],[51.49232,35.68563],[51.49239,35.68525],[51.49243,35.68456],[51.4924,35.68394],[51.49241,35.68356],[51.49241,35.68311],[51.49241,35.68269],[51.49243,35.6823],[51.49244,35.68194],[51.49242,35.68128],[51.49239,35.68073],[51.49235,35.68035],[51.49172,35.68027],[51.49127,35.68026],[51.49073,35.68035],[51.49023,35.68027],[51.4895,35.68025],[51.48867,35.68027],[51.48788,35.68032],[51.48718,35.68036],[51.48656,35.68033],[51.48587,35.6803],[51.4853,35.68023],[51.48477,35.68018],[51.48432,35.68016],[51.48386,35.68011],[51.48362,35.67972],[51.48369,35.67929],[51.48374,35.67882],[51.48381,35.67825],[51.48383,35.67786],[51.48389,35.67745],[51.48394,35.67706],[51.48396,35.67665],[51.48397,35.67626],[51.48404,35.67587],[51.48411,35.67537],[51.48413,35.67491],[51.48416,35.67439],[51.48419,35.67383],[51.48425,35.67325],[51.48429,35.67286],[51.48435,35.67225],[51.4844,35.67176],[51.48393,35.67153],[51.48315,35.67158],[51.48269,35.67164],[51.48224,35.67169],[51.4815,35.6718],[51.48101,35.67184],[51.48093,35.67146],[51.48099,35.67081],[51.48104,35.67045],[51.48108,35.67009],[51.48116,35.66942],[51.48115,35.66893],[51.48071,35.66847],[51.48021,35.66829],[51.47971,35.66829],[51.47901,35.66837],[51.47836,35.66846],[51.4777,35.66858],[51.47707,35.66862],[51.47622,35.66872],[51.47569,35.6688],[51.47514,35.66887],[51.47462,35.66893],[51.47413,35.66899],[51.47364,35.66906],[51.47318,35.66913],[51.47275,35.66922],[51.47227,35.66928],[51.47198,35.66897],[51.47187,35.66855],[51.47183,35.66805],[51.47182,35.66755],[51.47181,35.66706],[51.47148,35.66654],[51.47108,35.6662],[51.47078,35.66589],[51.47044,35.66553],[51.46998,35.66512],[51.46947,35.66469],[51.46901,35.66421],[51.46866,35.66389],[51.46829,35.6635],[51.46796,35.66314],[51.46762,35.66286],[51.46722,35.66243],[51.46681,35.66213],[51.46645,35.66173],[51.46593,35.6614],[51.46544,35.66112],[51.46476,35.66081],[51.46413,35.6604],[51.46351,35.66007],[51.46301,35.65977],[51.46249,35.65947],[51.46198,35.65915],[51.4616,35.6589],[51.46156,35.65852],[51.46184,35.65821],[51.46189,35.65785],[51.46174,35.65745],[51.46157,35.65707],[51.46143,35.65667],[51.46127,35.65622],[51.46108,35.65583],[51.46095,35.65546],[51.46076,35.65499],[51.46061,35.65454],[51.46039,35.65407],[51.46027,35.65368],[51.46013,35.65328],[51.45998,35.65282],[51.45977,35.65234],[51.45958,35.65185],[51.45944,35.65138],[51.45924,35.65096],[51.45909,35.65053],[51.45891,35.6502],[51.45878,35.6498],[51.45863,35.64937],[51.45855,35.64901],[51.45842,35.64857],[51.45818,35.64814],[51.45799,35.6477],[51.45784,35.64732],[51.4576,35.6467],[51.45741,35.64617],[51.45725,35.64576],[51.45708,35.64538],[51.45654,35.64524],[51.45571,35.64533],[51.4552,35.6454],[51.45462,35.64546],[51.45401,35.64554],[51.4534,35.6456],[51.4528,35.64564]]]}},{"type":"Feature","properties":{"route":10,"color":"#0284c7","times":[[29405,29414,29474,29534,29594,29654,29714,29774,29834,29894,29954,29999,30026,30032,30038,30044,30059,30065,30071,30131,30256,30289,30295,30304,30313,30325,30331,30340,30352,30373,30385,30445,30506,30512,30542,30557,30569,30629,30689,30749,30809,30827,30887,31029,31089,31137,31167,31176,31185,31191,31200,31212,31218,31227,31287,31347,31407,31467,31527,31587,31611,31617,31627,31705,31708,31720,31726,31771,31831,31891,31951,32011,32071,32131,32176,32236,32296,32356,32416,32434,32482,32542,32590,32617,32644,32659,32668,32677,32689,32722,32752,32812,32872,32923,32932,32994,33039,33099,33132,33159,33219,33480,33483,33489,33504,33510,33570,33579,33585,33591,33597,33612,33618,33624,33639,33645,33657,33717,33777,33837,33876,33936,33996,34056,34116,34176,34187,34190,34193,34223,34283,34343,34403,34463,34523,34535,34544,34550,34559,34565,34571,34577,34592,34652,34732,34777,34786,34795,34804,34813,34819,34825,34834,34891,34951,35011,35029,35038,35047,35056,35065,35125,35185,35249,35252,35267,35327,35348,35408,35468,35504,35552,35582,35588,35594,35609,35615,35621,35627,35633,35648,35654,35660,35687,35696,35702,35708,35714,35720,35780,35831,35891,35951,36011,36071,36131,36191,36209,36215,36221,36248,36254,36381,36451,36490,36502,36508,36514,36523,36529,36535,36541,36547,36568,36574,36580,36583,36586,36592,36652,36768,36825,36837,36849,36858,36864,36873,36888,36894,36918,36978,37038,37098,37158,37209,37215,37221,37236,37242,37248,37254,37260,37272,37284,37293,37299,37359,37401,37554,37587,37596,37641,37647,37653,37659,37665,37695,37704,37713,37722,37731,37737,37743,37746,37749,37752,37755,37758,37764,37770,37776,37782,37788,37794,37800,37806,37812,37818,37824,37830,37836,37842,37848,37854,37860,37866,37872,37875,37878,37881,37887,37893,37899,37905,37908,37911,37917,37923,37932,37941,37947,37953,37959,37968,37974,37980,37986,37998,38022,38031,38070,38082,38142,38203,38263,38305,38365,38425,38485,38524,38557,38563,38578,38593,38602,38611,38620,38626,38635,38644,38650,38659,38671,38680,38686,38710,38719,38728,38740,38752,38809,38848,38908,38941,38947,38956,38977,38980,38983,38989,38995,39001,39007,39013,39019,39028,39064,39073,39085,39091,39100,39106,39118,39178,39238,39277,39292,39301,39539,39599,39635,39653,39659,39665,39671,39692,39710,39719,39728,39734,39743,39749,39758,39794,39854,39911,39938,39947,39959,39965,39974,39980,39986,39995,40007,40013,40022,40034,40043,40052,40061,40073,40085,40094,40100,40106,40142,40202,40262,40322,40346,40352,40376,40382,40388,40394,40406,40415,40427,40454,40499,40559,40571,40577,40583,40627,40630,40633,40639,40645,40651,40657,40663,40672,40696,40708,40717,40726,40732,40738,40756,40765,40771,40777,40783,40830,40842,40857,40902,40962,41022,41082,41142,41172,41178,41181,41188,41201,41207,41267,41324,41342,41351,41357,41363,41387,41393,41399,41405,41411,41417,41426,41444,41504,41564,41624,41684,41711,41732,41738,41744,41750,41756,41762,41768,41777,41783,41792,41804,41816,41822,41846,41849,41855,41867,41927,42060,42120,42165,42177,42192,42198,42207,42213,42219,42225,42234,42240,42246,42267,42327,42438,42498,42558,42573,42624,42636,42651,42666,42678,42723,42768,42777,42783,42789,42792,42798,42801,42807,42813,42819,42825,42834,42857,42863,42869,42881,42899,42938,42944,42950,42956,42965,42974,42983,42992,43001,43010,43016,43028,43046,43055,43064,43073,43079,43091,43106,43121,43127,43133,43139,43154,43163,43214,43328,43337,43349,43352,43364,43373,43382,43391,43397,43406,43415,43424,43430,43436,43442,43448,43457,43517,43867,43918,43930,43990,44101,44194,44229,44318,44375,44381,44441,44498,44507,44513,44519,44525,44534,44540,44546,44552,44555,44558,44561,44564,44567,44570,44573,44576,44579,44582,44585,44591,44603,44609,44615,44624,44645,44651,44657,44663,44669,44675,44684,44693,44753,45113,45173,45209,45215,45221,45224,45227,45233,45239,45245,45251,45257,45263,45269,45278,45284,45287,45293,45299,45308,45320,45326,45332,45335,45338,45344,45350,45356,45362,45365,45368,45371,45374,45377,45380,45383,45389,45398,45404,45407,45410,45413,45416,45422,45428,45431,45437,45443,45449,45455,45461,45467,45479,45500,45506,45512,45518,45524,45530,45536,45542,45548,45554,45560,45566,45572,45578,45584,45596,45602,45608,45620,45632,45638,45647,45656,45671,45680,45689,45701,45713,45728,45740,45746,45752,45758,45761,45764,45767,45770,45773,45776,45779,45782,45785,45788,45791,45794,45797,45800,45803,45806,45809,45812,45815,45818,45821,45824,45827,45830,45833,45836,45839,45842,45845,45851,45857,45860,45866,45872,45878,45881,45884,45887,45890,45893,45896,45899,45902,45905,45908,45911,45914,45917,45920,45923,45926,45929,45932,45935,45938,45941,45944,45947,45950,45953,45956,45962,45968,45971,45977,45983,45989,45992,45998,46004,46010,46013,46016,46019,46022,46025,46028,46031,46034,46037,46040,46043,46046,46049,46052,46055,46058,46061,46064,46067,46070,46073,46076,46079,46085,46094,46103,46109,46112,46115,46118,46121,46127,46130,46133,46136,46139,46142,46145,46148,46151,46154,46157,46160,46163,46166,46172,46175,46178,46181,46184,46187,46190,46193,46196,46199,46202,46205,46208,46211,46214,46217,46220,46223,46226,46229,46232,46235,46238,46241,46244,46247,46253,46259,46271,46277,46283,46289,46298,46304,46310,46316,46322,46331,46337,46343,46352,46361,46376,46385,46445,46505,46565,46625,46685,46745,46805,46865,46925,46985,47055,47124,47184]],"type":"operational_gps","source":"recorded_gps"},"geometry":{"type":"MultiLineString","coordinates":[[[51.49093,35.69276],[51.49101,35.69235],[51.49096,35.69221],[51.49093,35.69218],[51.49094,35.69218],[51.49088,35.69239],[51.49098,35.69249],[51.49091,35.69246],[51.49093,35.69251],[51.49092,35.69218],[51.49094,35.69216],[51.49049,35.6923],[51.49004,35.69216],[51.48951,35.69228],[51.48895,35.69242],[51.48842,35.69242],[51.48799,35.69213],[51.48803,35.69158],[51.48799,35.69113],[51.48796,35.69092],[51.48779,35.69109],[51.48777,35.69065],[51.48785,35.69028],[51.48797,35.68985],[51.48802,35.68945],[51.48808,35.68894],[51.48816,35.68855],[51.48799,35.68814],[51.48752,35.68816],[51.48708,35.68808],[51.48655,35.6881],[51.48633,35.68816],[51.48679,35.68811],[51.48633,35.68812],[51.48591,35.688],[51.48541,35.68789],[51.48496,35.68775],[51.48498,35.68773],[51.48489,35.68794],[51.48514,35.68772],[51.48479,35.68792],[51.48424,35.6879],[51.48384,35.68783],[51.48408,35.68787],[51.48388,35.6879],[51.4834,35.68783],[51.48392,35.68785],[51.48442,35.68791],[51.48492,35.68797],[51.48541,35.68802],[51.48584,35.68809],[51.48619,35.68843],[51.48621,35.68885],[51.4862,35.6893],[51.48612,35.68934],[51.48622,35.68931],[51.48611,35.68938],[51.48616,35.68944],[51.4862,35.68945],[51.48612,35.68919],[51.48555,35.68947],[51.485,35.68951],[51.48439,35.6893],[51.48012,35.68832],[51.48032,35.68874],[51.48008,35.68929],[51.47995,35.68966],[51.47978,35.69002],[51.4796,35.69012],[51.47955,35.69019],[51.47958,35.69012],[51.47961,35.6901],[51.47971,35.69019],[51.47926,35.68995],[51.47967,35.6901],[51.47969,35.69014],[51.47962,35.69009],[51.4798,35.69021],[51.47977,35.69012],[51.47932,35.68993],[51.47974,35.69015],[51.47982,35.69009],[51.47965,35.69044],[51.47958,35.69082],[51.47972,35.69118],[51.47995,35.69151],[51.48047,35.69178],[51.48106,35.69186],[51.48172,35.69207],[51.48213,35.69193],[51.48221,35.69153],[51.48233,35.69182],[51.48212,35.69188],[51.48249,35.69149],[51.48283,35.69118],[51.48221,35.69177],[51.48242,35.6921],[51.48268,35.6921],[51.48226,35.69194],[51.48231,35.69158],[51.48233,35.69174],[51.48155,35.68922],[51.48172,35.68961],[51.48186,35.69005],[51.48189,35.69044],[51.48207,35.69123],[51.48234,35.69128],[51.4823,35.69083],[51.4823,35.69045],[51.48234,35.69006],[51.48239,35.68955],[51.48176,35.68927],[51.48119,35.68917],[51.48074,35.68908],[51.48013,35.6891],[51.47963,35.68905],[51.47916,35.689],[51.47895,35.68905],[51.47904,35.689],[51.47896,35.68903],[51.47934,35.6888],[51.47894,35.6889],[51.479,35.68897],[51.47898,35.6891],[51.47904,35.68898],[51.47904,35.6888],[51.47876,35.6875],[51.47894,35.68815],[51.47914,35.68862],[51.47887,35.68895],[51.47897,35.68906],[51.47897,35.68917],[51.47896,35.68908],[51.47903,35.68908],[51.47895,35.68922],[51.47845,35.68917],[51.47773,35.68919],[51.47718,35.68912],[51.47664,35.68895],[51.47655,35.68859],[51.4767,35.68798],[51.47676,35.68753],[51.47694,35.68711],[51.47704,35.68727],[51.47682,35.68715],[51.47734,35.68717],[51.47791,35.68718],[51.47854,35.68728],[51.479,35.68728],[51.47922,35.68681],[51.47934,35.68632],[51.47935,35.68593],[51.47945,35.68547],[51.47947,35.68509],[51.47966,35.68481],[51.47952,35.68505],[51.47964,35.68467],[51.47967,35.68418],[51.47966,35.68375],[51.47977,35.68336],[51.47979,35.68292],[51.47986,35.68257],[51.47944,35.68252],[51.47908,35.68246],[51.47963,35.6825],[51.4801,35.68252],[51.47992,35.68246],[51.47996,35.68192],[51.47986,35.68163],[51.47988,35.68158],[51.47951,35.68177],[51.47986,35.68155],[51.48004,35.68101],[51.48006,35.68057],[51.4801,35.68017],[51.48047,35.67981],[51.48096,35.6797],[51.48172,35.67973],[51.48255,35.67982],[51.48326,35.67993],[51.4837,35.68003],[51.48419,35.6801],[51.4848,35.68015],[51.48529,35.68009],[51.48588,35.68007],[51.48651,35.68016],[51.4871,35.68016],[51.4877,35.68022],[51.48835,35.68019],[51.48858,35.68019],[51.48848,35.68056],[51.48846,35.68057],[51.48839,35.68039],[51.48853,35.68017],[51.48851,35.68027],[51.48845,35.68053],[51.48854,35.68028],[51.4893,35.68018],[51.49001,35.68013],[51.49047,35.6801],[51.49082,35.67984],[51.49091,35.67926],[51.49097,35.67903],[51.49093,35.67879],[51.49046,35.6789],[51.49003,35.67904],[51.48953,35.67918],[51.48892,35.67926],[51.48837,35.67918],[51.48784,35.67919],[51.48721,35.67927],[51.48649,35.67933],[51.48601,35.67939],[51.48572,35.67892],[51.48577,35.67829],[51.48575,35.67769],[51.48579,35.67732],[51.4858,35.67691],[51.48581,35.67638],[51.48568,35.67616],[51.48584,35.67621],[51.48536,35.67599],[51.48486,35.67594],[51.4844,35.67583],[51.48407,35.67619],[51.48397,35.67661],[51.48384,35.67705],[51.48372,35.67741],[51.48369,35.67778],[51.48374,35.67814],[51.48366,35.67831],[51.48373,35.67842],[51.48379,35.67839],[51.48377,35.67845],[51.4837,35.67888],[51.4836,35.67938],[51.48356,35.67977],[51.48307,35.67993],[51.48251,35.67995],[51.48188,35.67999],[51.4813,35.67997],[51.48081,35.67998],[51.48035,35.67997],[51.48006,35.68027],[51.47997,35.6808],[51.47993,35.68127],[51.47982,35.68158],[51.47984,35.68196],[51.47992,35.68161],[51.48,35.6812],[51.47999,35.68074],[51.48008,35.6803],[51.48016,35.6799],[51.48025,35.67943],[51.48025,35.67883],[51.48029,35.67841],[51.48031,35.67804],[51.48033,35.67765],[51.48045,35.67716],[51.48045,35.67666],[51.48049,35.67615],[51.48051,35.6757],[51.48059,35.67511],[51.48062,35.67475],[51.48067,35.67436],[51.48072,35.67394],[51.48076,35.67354],[51.4808,35.67315],[51.48081,35.67249],[51.48049,35.67213],[51.47994,35.67216],[51.47918,35.67224],[51.4785,35.67233],[51.47781,35.67251],[51.47709,35.67274],[51.47643,35.67295],[51.47594,35.67307],[51.47546,35.67325],[51.47471,35.67336],[51.47401,35.67355],[51.47366,35.67378],[51.47316,35.67388],[51.47261,35.67385],[51.47196,35.67401],[51.47117,35.67415],[51.47049,35.67433],[51.46964,35.67453],[51.46914,35.67466],[51.46864,35.67482],[51.46816,35.67491],[51.46749,35.67511],[51.46697,35.67527],[51.46633,35.67552],[51.46559,35.67583],[51.46516,35.67592],[51.46473,35.67604],[51.4639,35.67624],[51.46317,35.67636],[51.46298,35.67674],[51.46322,35.67713],[51.46341,35.6777],[51.46359,35.67817],[51.4638,35.67856],[51.46401,35.67906],[51.46415,35.67944],[51.46428,35.67986],[51.46437,35.68024],[51.46443,35.68068],[51.46452,35.68108],[51.46458,35.68144],[51.46411,35.68152],[51.46366,35.68152],[51.46412,35.68158],[51.46409,35.68183],[51.46441,35.68196],[51.46454,35.68162],[51.46458,35.68158],[51.46454,35.68138],[51.4643,35.68159],[51.46384,35.68154],[51.46337,35.68127],[51.46295,35.68109],[51.4626,35.68137],[51.46257,35.68177],[51.46255,35.68214],[51.46252,35.68254],[51.46249,35.683],[51.46254,35.68339],[51.46259,35.68377],[51.4626,35.68422],[51.46257,35.6847],[51.46248,35.68507],[51.46252,35.6855],[51.46294,35.68588],[51.46342,35.68598],[51.4639,35.686],[51.46448,35.68597],[51.46493,35.68575],[51.46548,35.68565],[51.46593,35.68557],[51.46637,35.68559],[51.46675,35.6858],[51.46683,35.68551],[51.46699,35.68599],[51.46693,35.68638],[51.46676,35.68684],[51.46708,35.68713],[51.4669,35.68767],[51.46675,35.68804],[51.46631,35.68858],[51.46586,35.68901],[51.46551,35.68932],[51.46525,35.68964],[51.46492,35.68992],[51.46448,35.69014],[51.4641,35.69034],[51.46447,35.69057],[51.46448,35.69094],[51.46403,35.6909],[51.46361,35.69075],[51.46305,35.6906],[51.46258,35.69058],[51.46207,35.6906],[51.46183,35.69051],[51.46197,35.69035],[51.46235,35.69057],[51.46234,35.69096],[51.4622,35.69153],[51.46226,35.69048],[51.46182,35.69051],[51.4615,35.69025],[51.46173,35.68985],[51.46194,35.68953],[51.46194,35.68906],[51.4618,35.6885],[51.46133,35.68729],[51.46093,35.68709],[51.46059,35.68679],[51.46027,35.68637],[51.46003,35.68604],[51.45942,35.68617],[51.45893,35.68629],[51.45851,35.68641],[51.45802,35.68649],[51.45786,35.68661],[51.45768,35.68697],[51.45722,35.68683],[51.45675,35.68691],[51.45608,35.687],[51.45552,35.68709],[51.45492,35.68712],[51.45441,35.68728],[51.45392,35.6874],[51.45347,35.68744],[51.45289,35.68764],[51.45236,35.68774],[51.45184,35.68771],[51.45157,35.68738],[51.4514,35.68695],[51.45121,35.68661],[51.45106,35.68616],[51.45093,35.68578],[51.45082,35.68533],[51.45029,35.68533],[51.44969,35.68545],[51.44911,35.6855],[51.44882,35.68521],[51.44837,35.68523],[51.44825,35.68525],[51.44853,35.68547],[51.44793,35.68561],[51.44732,35.68562],[51.44704,35.686],[51.44697,35.68639],[51.44704,35.68688],[51.44711,35.68736],[51.44704,35.68785],[51.44708,35.68832],[51.44717,35.68879],[51.44715,35.68916],[51.44682,35.6894],[51.44735,35.68949],[51.44785,35.68955],[51.4485,35.68965],[51.44937,35.68963],[51.45206,35.68952],[51.45226,35.68885],[51.45225,35.68848],[51.45209,35.68784],[51.45191,35.68737],[51.45166,35.6869],[51.45142,35.68639],[51.45131,35.68591],[51.45124,35.68551],[51.45108,35.68516],[51.4509,35.68477],[51.45066,35.68444],[51.45028,35.68391],[51.4501,35.68343],[51.44986,35.68292],[51.44983,35.68246],[51.44964,35.68209],[51.44971,35.68153],[51.44951,35.68114],[51.44928,35.68068],[51.44823,35.67962],[51.44802,35.67929],[51.44767,35.67905],[51.44728,35.67883],[51.44742,35.67891],[51.44723,35.67889],[51.44739,35.67885],[51.44739,35.67873],[51.44682,35.67849],[51.44625,35.67836],[51.44577,35.67853],[51.44503,35.67889],[51.44773,35.67909],[51.44757,35.67872],[51.44732,35.67891],[51.44685,35.67883],[51.44659,35.67844],[51.44666,35.6779],[51.44668,35.67723],[51.4466,35.67679],[51.44643,35.67642],[51.44641,35.67584],[51.44634,35.67531],[51.4463,35.67476],[51.4463,35.67425],[51.44618,35.67383],[51.44621,35.67332],[51.44592,35.67287],[51.44616,35.67283],[51.44617,35.6727],[51.44622,35.6724],[51.44635,35.67256],[51.44593,35.67269],[51.44597,35.67208],[51.44588,35.67154],[51.44572,35.671],[51.44563,35.67051],[51.44553,35.66996],[51.44546,35.66946],[51.44552,35.66889],[51.4454,35.66852],[51.44545,35.66804],[51.4456,35.6677],[51.44593,35.66743],[51.44675,35.66721],[51.44723,35.66701],[51.44867,35.66747],[51.44852,35.66705],[51.44834,35.66668],[51.4479,35.66655],[51.44813,35.66653],[51.44804,35.66642],[51.44797,35.66661],[51.44751,35.66653],[51.4471,35.66677],[51.44749,35.66715],[51.44807,35.66727],[51.44853,35.66758],[51.44899,35.66766],[51.44946,35.66764],[51.44989,35.66752],[51.45045,35.66734],[51.45105,35.667],[51.45155,35.66712],[51.45155,35.66813],[51.45162,35.66816],[51.45287,35.66714],[51.45257,35.66705],[51.45298,35.66684],[51.45322,35.66646],[51.45305,35.66684],[51.45288,35.6672],[51.45323,35.66697],[51.45325,35.66658],[51.45287,35.66687],[51.4533,35.66667],[51.45359,35.66632],[51.45407,35.66591],[51.45444,35.66562],[51.45495,35.6652],[51.45525,35.66493],[51.45574,35.66446],[51.45609,35.66416],[51.45662,35.66369],[51.45714,35.66322],[51.45753,35.66284],[51.45788,35.66251],[51.45827,35.66213],[51.45441,35.66559],[51.45408,35.666],[51.45377,35.66634],[51.45336,35.66666],[51.45304,35.66697],[51.45358,35.66697],[51.45405,35.66686],[51.45453,35.66671],[51.45493,35.66654],[51.45539,35.66623],[51.45588,35.66599],[51.45639,35.6659],[51.4569,35.66584],[51.45755,35.66577],[51.45813,35.66579],[51.45862,35.66575],[51.45916,35.66577],[51.45963,35.66583],[51.45972,35.66618],[51.46032,35.66634],[51.46074,35.66678],[51.4609,35.66719],[51.46119,35.66748],[51.4616,35.6677],[51.46213,35.66775],[51.46266,35.66757],[51.46322,35.66746],[51.46368,35.66752],[51.46396,35.66714],[51.46375,35.6667],[51.46434,35.66659],[51.45907,35.66994],[51.4615,35.66833],[51.46252,35.66755],[51.46293,35.66728],[51.46323,35.66697],[51.46357,35.66723],[51.46384,35.66763],[51.46417,35.66794],[51.46452,35.66822],[51.46499,35.66853],[51.46509,35.66904],[51.46555,35.66912],[51.46613,35.66902],[51.46679,35.66885],[51.46755,35.66872],[51.46805,35.66853],[51.46859,35.6683],[51.46876,35.6686],[51.46887,35.66843],[51.46931,35.66859],[51.46978,35.6685],[51.46976,35.66855],[51.46981,35.66865],[51.46996,35.66876],[51.47023,35.66839],[51.46978,35.66846],[51.47031,35.66833],[51.47075,35.66818],[51.47111,35.66805],[51.47163,35.66808],[51.47169,35.66765],[51.47172,35.66724],[51.47183,35.66668],[51.47201,35.66607],[51.47246,35.66583],[51.47319,35.66576],[51.474,35.66565],[51.4749,35.66555],[51.47539,35.66547],[51.47592,35.66539],[51.47645,35.66533],[51.47694,35.66525],[51.47746,35.66505],[51.47782,35.66481],[51.47807,35.66444],[51.47817,35.66403],[51.47814,35.66361],[51.47808,35.66321],[51.47801,35.66283],[51.47794,35.66228],[51.47846,35.66209],[51.47906,35.66204],[51.47965,35.66198],[51.4801,35.66192],[51.48075,35.66182],[51.48137,35.66172],[51.48201,35.66164],[51.48249,35.66157],[51.48307,35.66146],[51.48375,35.66137],[51.48443,35.66127],[51.48486,35.66115],[51.48477,35.66124],[51.48475,35.66119],[51.48504,35.66125],[51.48555,35.66139],[51.48569,35.66185],[51.48584,35.66255],[51.48591,35.66295],[51.48597,35.66335],[51.48607,35.66383],[51.48619,35.66433],[51.48633,35.66495],[51.48642,35.66543],[51.4865,35.6658],[51.48671,35.66636],[51.48691,35.66688],[51.48758,35.667],[51.48844,35.66689],[51.4889,35.66687],[51.48976,35.66677],[51.49047,35.66666],[51.49094,35.6666],[51.49048,35.66682],[51.48981,35.66696],[51.48893,35.66708],[51.48845,35.66714],[51.48798,35.66718],[51.48731,35.66732],[51.48698,35.66763],[51.48703,35.668],[51.4871,35.66868],[51.48721,35.66903],[51.48731,35.66942],[51.48738,35.66981],[51.48743,35.67019],[51.48754,35.67064],[51.48766,35.67113],[51.48776,35.67154],[51.48789,35.67202],[51.48805,35.67258],[51.48827,35.67324],[51.48856,35.67358],[51.48887,35.67391],[51.48919,35.67424],[51.48949,35.67454],[51.49002,35.67505],[51.49055,35.6756],[51.49078,35.67593],[51.49095,35.67661],[51.49093,35.67718],[51.49087,35.6778],[51.49083,35.67838],[51.49085,35.67894],[51.49081,35.67935],[51.49075,35.67979],[51.49082,35.68027],[51.49082,35.68072],[51.49078,35.68126],[51.49085,35.68181],[51.49091,35.68234],[51.4909,35.6828],[51.49087,35.68336],[51.49082,35.684],[51.49082,35.6846],[51.49082,35.68507],[51.49082,35.68558],[51.49083,35.68616],[51.49083,35.6868],[51.49086,35.68745],[51.49088,35.68783],[51.49081,35.68833],[51.49089,35.6888],[51.49098,35.68927],[51.49111,35.68965],[51.49101,35.69001],[51.49098,35.69038],[51.49107,35.69091],[51.49109,35.69135],[51.49119,35.69171],[51.49128,35.69209],[51.4913,35.69246],[51.49147,35.69281],[51.49196,35.69288],[51.49252,35.69289],[51.49298,35.69265],[51.49334,35.69219],[51.49394,35.69192],[51.49459,35.69228],[51.4947,35.69271],[51.49483,35.69315],[51.49505,35.69355],[51.49532,35.69388],[51.49564,35.69425],[51.49594,35.69462],[51.49626,35.69505],[51.49662,35.69545],[51.497,35.69585],[51.4974,35.69623],[51.49778,35.6966],[51.49815,35.69694],[51.49847,35.69732],[51.49873,35.69772],[51.499,35.6981],[51.49932,35.6985],[51.49968,35.69892],[51.50007,35.69934],[51.5005,35.69981],[51.50086,35.70031],[51.50118,35.7008],[51.50149,35.70126],[51.50187,35.70166],[51.50234,35.70198],[51.50289,35.70222],[51.50351,35.70234],[51.5041,35.70233],[51.50468,35.70235],[51.50518,35.70243],[51.50586,35.70278],[51.50657,35.70327],[51.50692,35.70352],[51.50739,35.70387],[51.50782,35.70416],[51.50865,35.7045],[51.50912,35.70467],[51.50963,35.70486],[51.51015,35.7051],[51.51069,35.70537],[51.51125,35.70564],[51.51177,35.70591],[51.51224,35.70616],[51.51263,35.70641],[51.51291,35.70672],[51.51305,35.70709],[51.51305,35.70752],[51.51289,35.70796],[51.51268,35.7084],[51.51246,35.70884],[51.51227,35.70926],[51.51209,35.70965],[51.51191,35.71005],[51.51174,35.71044],[51.51154,35.71087],[51.51135,35.71131],[51.51116,35.71176],[51.51104,35.7122],[51.511,35.71265],[51.51102,35.7131],[51.5111,35.71357],[51.51125,35.71394],[51.51145,35.71431],[51.51165,35.71485],[51.51172,35.71522],[51.51182,35.71587],[51.51189,35.71626],[51.51197,35.71683],[51.51203,35.71719],[51.51216,35.71775],[51.51234,35.71826],[51.51274,35.71892],[51.51299,35.71928],[51.5133,35.71964],[51.51362,35.71995],[51.51395,35.72021],[51.51437,35.72047],[51.51483,35.72069],[51.51534,35.72089],[51.5159,35.7211],[51.51649,35.72128],[51.51708,35.72134],[51.51767,35.72138],[51.51825,35.72143],[51.51879,35.72144],[51.51938,35.72148],[51.51994,35.72149],[51.52045,35.7215],[51.52094,35.72154],[51.52149,35.72159],[51.52201,35.7217],[51.52245,35.7219],[51.5228,35.72215],[51.52309,35.72249],[51.52327,35.72287],[51.52355,35.72347],[51.52388,35.72381],[51.52451,35.72385],[51.52534,35.72396],[51.52581,35.72399],[51.52626,35.72402],[51.52675,35.72404],[51.52721,35.72409],[51.52813,35.72417],[51.5286,35.72418],[51.52907,35.72424],[51.52959,35.72428],[51.53012,35.72431],[51.53069,35.72436],[51.53126,35.72441],[51.53183,35.72446],[51.53243,35.72451],[51.53307,35.72457],[51.53369,35.72459],[51.53434,35.72462],[51.53493,35.72465],[51.53541,35.72469],[51.53624,35.72468],[51.53668,35.72472],[51.53715,35.7248],[51.53766,35.72485],[51.53817,35.72486],[51.53875,35.72486],[51.53939,35.72487],[51.54007,35.72489],[51.54077,35.72492],[51.54146,35.72497],[51.54218,35.72503],[51.54289,35.7251],[51.54359,35.72516],[51.54433,35.72524],[51.54507,35.7253],[51.54579,35.72535],[51.54649,35.72541],[51.54716,35.72546],[51.54778,35.7255],[51.54841,35.72554],[51.54907,35.7256],[51.54971,35.72563],[51.55036,35.72568],[51.55098,35.72575],[51.55151,35.72579],[51.55196,35.72582],[51.5527,35.72582],[51.55325,35.72587],[51.55271,35.72599],[51.55204,35.72594],[51.55139,35.72589],[51.55082,35.72602],[51.55057,35.72639],[51.551,35.72671],[51.5516,35.72705],[51.55216,35.72742],[51.55254,35.72764],[51.553,35.72794],[51.55345,35.72818],[51.55384,35.7284],[51.55426,35.72866],[51.55474,35.72892],[51.55454,35.72933],[51.5542,35.72969],[51.55392,35.72987],[51.55418,35.7299],[51.55401,35.72997],[51.55393,35.72993],[51.55402,35.72978],[51.55395,35.7299],[51.55392,35.7298],[51.55398,35.72976],[51.55405,35.72984],[51.55398,35.72979],[51.55452,35.73048],[51.55392,35.7299],[51.55406,35.72982]]]}},{"type":"Feature","properties":{"route":10,"color":"#0284c7","times":[[23608,23650,23657,23663,23672,23678,23708,23762,23792,23852,23912,23972,24029,24074,24107,24143,24203,24263,24323,24347,24401,24419,24479,24539,24599,24659,24719,24779,24812,24845,24863,24884,24911,24971,25010,25070,25130,25190,25250,25292,25307,25367,25427,25472,25532,25592,25652,25712,25772,25832,25892,25952,26225,26240,26285,26345,26405,26465,26525,26585,26645,26705,26765,26825,26885,26945,27005,27065,27125,27185,27245,27305,27365,27425,27485,27545,27605,27665,27725,27785,27845,27905,27965,28025,28085,28145,28205,28265,28325,28385,28445,28505,28565,28625,28685,28733,28739,28748,28754,28757,28763,28769,28781,28787,28793,28799,28805,28811,28814,28817,28820,28823,28826,28829,28832,28835,28838,28841,28844,28847,28850,28853,28856,28859,28862,28865,28868,28871,28874,28877,28880,28883,28886,28889,28892,28895,28898,28901,28904,28907,28910,28913,28916,28922,28928,28934,28937,28940,28943,28946,28952,28958,28964,28970,28976,28982,28991,29051,29081,29090,29099,29105,29111,29114,29117,29120,29123,29126,29129,29132,29135,29138,29141,29144,29147,29150,29153,29156,29159,29162,29165,29168,29171,29174,29177,29180,29183,29186,29189,29192,29195,29198,29201,29204,29207,29210,29213,29216,29219,29222,29225,29228,29231,29234,29237,29240,29243,29246,29249,29252,29255,29258,29261,29264,29267,29270,29273,29276,29279,29282,29285,29288,29291,29294,29297,29300,29303,29306,29309,29312,29315,29321,29327,29333,29342,29351,29363,29393,29405]],"type":"access_route","source":"recorded_gps_prefix"},"geometry":{"type":"MultiLineString","coordinates":[[[51.55734,35.72151],[51.55746,35.72208],[51.55629,35.72127],[51.55626,35.72193],[51.55624,35.72233],[51.55658,35.72262],[51.55654,35.72301],[51.55635,35.72337],[51.55622,35.72374],[51.55619,35.72392],[51.55609,35.72412],[51.5561,35.72437],[51.55607,35.72478],[51.55594,35.72515],[51.55592,35.72554],[51.55568,35.72588],[51.556,35.72575],[51.55623,35.72599],[51.55648,35.7261],[51.55686,35.72632],[51.55627,35.72615],[51.55584,35.72636],[51.55586,35.72656],[51.55554,35.72652],[51.55557,35.72665],[51.55545,35.72698],[51.55546,35.72694],[51.5552,35.72693],[51.55503,35.72728],[51.55493,35.72767],[51.55463,35.72794],[51.55425,35.72819],[51.55419,35.72856],[51.5541,35.72862],[51.55397,35.72901],[51.55391,35.72909],[51.55389,35.72922],[51.55384,35.72927],[51.55383,35.72938],[51.55384,35.72987],[51.55351,35.73012],[51.55334,35.73045],[51.55356,35.73045],[51.55374,35.73011],[51.554,35.72994],[51.554,35.72995],[51.55402,35.72997],[51.554,35.72996],[51.55401,35.72996],[51.554,35.72995],[51.55416,35.72997],[51.55417,35.72994],[51.55401,35.72897],[51.55394,35.7294],[51.55401,35.72976],[51.55401,35.72982],[51.55402,35.72995],[51.55396,35.72995],[51.55396,35.72987],[51.55396,35.72987],[51.55394,35.72986],[51.55397,35.72983],[51.55399,35.72982],[51.55399,35.72983],[51.55401,35.72988],[51.55402,35.73005],[51.55405,35.73007],[51.5541,35.73006],[51.55408,35.72999],[51.55405,35.72995],[51.55403,35.72991],[51.55399,35.72986],[51.55398,35.7298],[51.55398,35.72982],[51.55401,35.72989],[51.554,35.72994],[51.55404,35.72994],[51.55401,35.72993],[51.55401,35.72987],[51.554,35.72986],[51.55404,35.72995],[51.55413,35.72976],[51.55407,35.72992],[51.55416,35.72991],[51.55434,35.7298],[51.55408,35.72985],[51.55396,35.72982],[51.55405,35.72973],[51.55393,35.72982],[51.55401,35.72975],[51.55405,35.72971],[51.554,35.72979],[51.554,35.72979],[51.55406,35.72987],[51.55416,35.72986],[51.55441,35.72948],[51.55477,35.72908],[51.55525,35.72863],[51.55571,35.72812],[51.55595,35.72781],[51.55644,35.72725],[51.55684,35.72681],[51.55651,35.72643],[51.55582,35.72625],[51.55512,35.72614],[51.5544,35.72602],[51.55361,35.72601],[51.55285,35.72598],[51.5524,35.7259],[51.55191,35.72585],[51.55137,35.72579],[51.55082,35.72576],[51.55025,35.72572],[51.54969,35.72567],[51.54913,35.72563],[51.54857,35.72558],[51.54799,35.72553],[51.54745,35.72549],[51.54693,35.72548],[51.5464,35.72547],[51.54581,35.72547],[51.5452,35.72548],[51.5446,35.72545],[51.54397,35.72541],[51.54337,35.72538],[51.54276,35.72532],[51.54214,35.72526],[51.54153,35.72523],[51.54096,35.72518],[51.54036,35.72515],[51.53977,35.72511],[51.53919,35.72507],[51.53859,35.72501],[51.53795,35.72496],[51.53732,35.72491],[51.53666,35.72489],[51.53603,35.7248],[51.53539,35.72472],[51.53473,35.72466],[51.53409,35.72464],[51.5335,35.72457],[51.53292,35.72455],[51.53241,35.72451],[51.53168,35.72449],[51.53099,35.72447],[51.53019,35.72445],[51.52973,35.72442],[51.52928,35.72438],[51.52879,35.72435],[51.52831,35.72433],[51.52751,35.72423],[51.52675,35.72415],[51.52615,35.72406],[51.5257,35.72403],[51.52519,35.72395],[51.52457,35.72392],[51.52403,35.72392],[51.52395,35.72397],[51.5236,35.72366],[51.52338,35.72324],[51.52309,35.72286],[51.5226,35.7227],[51.52184,35.72256],[51.52139,35.72248],[51.52088,35.72241],[51.52035,35.72233],[51.51975,35.72227],[51.51907,35.72224],[51.51838,35.72217],[51.51766,35.72208],[51.51692,35.72194],[51.51614,35.72174],[51.51534,35.72147],[51.51455,35.72117],[51.51379,35.72082],[51.51308,35.72037],[51.51246,35.71986],[51.51188,35.71932],[51.51133,35.71879],[51.5108,35.71825],[51.51027,35.71769],[51.50976,35.71718],[51.50925,35.71664],[51.50875,35.7161],[51.50827,35.71552],[51.50781,35.71501],[51.50737,35.71449],[51.50693,35.71395],[51.5065,35.71341],[51.50608,35.71291],[51.50565,35.71241],[51.50525,35.71187],[51.5049,35.71134],[51.50455,35.71076],[51.50422,35.71013],[51.50396,35.70949],[51.5037,35.70887],[51.50346,35.70829],[51.50323,35.70771],[51.50299,35.70715],[51.50275,35.70663],[51.50251,35.70614],[51.50226,35.70565],[51.50203,35.70514],[51.5018,35.70462],[51.50156,35.70412],[51.50135,35.70365],[51.50116,35.70318],[51.50097,35.70268],[51.50079,35.70217],[51.50059,35.70164],[51.50034,35.7011],[51.50004,35.70055],[51.49968,35.69999],[51.49932,35.69945],[51.49896,35.69889],[51.49859,35.69836],[51.49822,35.69788],[51.49785,35.69743],[51.49743,35.69694],[51.497,35.69649],[51.49659,35.69605],[51.49622,35.69562],[51.49588,35.69522],[51.49558,35.69487],[51.4953,35.69455],[51.495,35.69426],[51.49474,35.69397],[51.49444,35.69368],[51.49405,35.6934],[51.49364,35.69317],[51.49279,35.69304],[51.49203,35.69302],[51.49153,35.69293],[51.49093,35.69279],[51.49042,35.69277],[51.48995,35.69283],[51.49042,35.69285],[51.49093,35.69276]]]}},{"type":"Feature","properties":{"route":11,"color":"#9333ea","times":[[27567,27627,27687,27747,27807,27867,27927,27939,27951,27957,27963,27972,27978,27984,27990,27999,28005,28014,28020,28026,28035,28041]],"type":"operational_gps","source":"recorded_gps"},"geometry":{"type":"MultiLineString","coordinates":[[[51.50231,35.64918],[51.50227,35.64889],[51.50238,35.64887],[51.50242,35.64885],[51.50241,35.64887],[51.5024,35.64887],[51.50253,35.64914],[51.50223,35.64954],[51.50231,35.65004],[51.50274,35.65035],[51.50313,35.6507],[51.50351,35.65107],[51.50383,35.65139],[51.50417,35.65184],[51.50442,35.65225],[51.50465,35.65266],[51.50479,35.65306],[51.50494,35.65342],[51.50504,35.65383],[51.50507,35.65422],[51.50503,35.65475],[51.50503,35.65519]]]}},{"type":"Feature","properties":{"route":11,"color":"#9333ea","times":[[21125,21185,21245,21305,21365,21425,21485,21545,21605,21665,21725,21785,21845,21905,21965,22025,22085,22145,22205,22265,22325,22385,22445,22505,22565,22625,22685,22745,22805,22865,22925,22985,23045,23105,23165,23225,23285,23345,23405,23465,23525,23585,23645,23705,23765,23825,23885,23945,24005,24065,24125,24185,24245,24305,24365,24425,24485,24545,24605,24665,24725,24785,24845,24905,24965,25025,25085,25145,25205,25265,25325,25385,25445,25505,25565,25625,25685,25745,25805,25865,25925,25985,26045,26105,26166,26226,26244,26253,26259,26265,26271,26277,26283,26289,26295,26301,26307,26313,26319,26325,26331,26337,26343,26352,26358,26364,26370,26430,26448,26454,26460,26466,26472,26481,26487,26493,26499,26505,26511,26517,26520,26523,26526,26529,26532,26535,26538,26541,26544,26547,26553,26559,26565,26571,26577,26583,26589,26595,26601,26607,26610,26613,26616,26619,26622,26625,26628,26631,26634,26637,26640,26643,26646,26649,26652,26655,26658,26661,26664,26667,26670,26673,26676,26679,26682,26685,26688,26691,26697,26700,26703,26706,26709,26712,26715,26718,26721,26724,26727,26730,26733,26736,26739,26742,26745,26751,26757,26763,26769,26778,26796,26802,26811,26817,26823,26829,26835,26841,26844,26847,26850,26853,26856,26859,26862,26865,26868,26871,26874,26877,26880,26883,26886,26889,26892,26895,26898,26901,26904,26907,26910,26913,26916,26919,26922,26925,26928,26931,26934,26937,26940,26943,26946,26949,26952,26955,26958,26961,26964,26967,26970,26973,26976,26979,26982,26985,26988,26991,26994,26997,27000,27003,27006,27009,27012,27015,27018,27021,27024,27027,27030,27033,27036,27039,27042,27045,27048,27051,27054,27057,27060,27063,27066,27069,27072,27075,27078,27081,27084,27087,27090,27093,27096,27099,27102,27105,27108,27111,27114,27117,27120,27123,27126,27129,27132,27135,27138,27141,27144,27147,27150,27153,27156,27162,27168,27180,27186,27192,27198,27204,27210,27216,27222,27228,27234,27240,27246,27249,27252,27255,27258,27261,27264,27267,27270,27273,27276,27279,27282,27285,27288,27291,27294,27297,27300,27303,27306,27312,27315,27318,27321,27324,27327,27330,27336,27348,27360,27375,27381,27387,27396,27402,27408,27417,27426,27432,27438,27441,27447,27456,27462,27471,27477,27486,27492,27498,27507,27513,27519,27525,27531,27537,27543,27549,27558,27567]],"type":"access_route","source":"recorded_gps_prefix"},"geometry":{"type":"MultiLineString","coordinates":[[[51.55417,35.72991],[51.55404,35.72998],[51.55416,35.73004],[51.5542,35.73005],[51.55421,35.73004],[51.55413,35.72997],[51.55407,35.72992],[51.55411,35.72991],[51.55415,35.72991],[51.55414,35.72991],[51.55412,35.72992],[51.55412,35.72993],[51.55415,35.72994],[51.55416,35.72993],[51.55415,35.72993],[51.55415,35.72993],[51.55415,35.72993],[51.55415,35.72993],[51.55414,35.72993],[51.55413,35.72992],[51.55414,35.72992],[51.55414,35.72992],[51.55414,35.72992],[51.55414,35.72992],[51.55415,35.72992],[51.55415,35.72992],[51.55415,35.72992],[51.55416,35.72992],[51.55416,35.72992],[51.55416,35.72991],[51.55416,35.72991],[51.55416,35.72991],[51.55416,35.72992],[51.55416,35.72992],[51.55416,35.72993],[51.55416,35.72993],[51.55415,35.72995],[51.55415,35.72995],[51.55415,35.72994],[51.55414,35.73],[51.55402,35.72989],[51.55398,35.72993],[51.55393,35.72989],[51.554,35.7298],[51.5542,35.72997],[51.5542,35.72997],[51.55419,35.72995],[51.55419,35.72996],[51.55418,35.72997],[51.55418,35.72997],[51.55416,35.72998],[51.55414,35.73],[51.55416,35.72999],[51.55417,35.72999],[51.55417,35.72999],[51.55422,35.72997],[51.55394,35.72987],[51.55396,35.72988],[51.55397,35.72988],[51.55397,35.72987],[51.55395,35.72989],[51.55396,35.72991],[51.55407,35.72991],[51.55408,35.72995],[51.55409,35.72996],[51.55403,35.72991],[51.55393,35.7299],[51.55388,35.7299],[51.55387,35.72986],[51.5539,35.72988],[51.55395,35.72987],[51.55402,35.72991],[51.55416,35.72998],[51.55397,35.72993],[51.55397,35.72995],[51.55397,35.72994],[51.55394,35.72998],[51.55389,35.73],[51.55392,35.72997],[51.55405,35.72996],[51.55397,35.72995],[51.55395,35.7299],[51.554,35.7299],[51.55412,35.72982],[51.55403,35.73009],[51.55408,35.72995],[51.55373,35.73035],[51.55413,35.73067],[51.55454,35.73091],[51.55506,35.7312],[51.55568,35.73152],[51.55632,35.73188],[51.55697,35.73224],[51.55761,35.73259],[51.55822,35.73294],[51.55883,35.73331],[51.55945,35.73367],[51.56004,35.73403],[51.56062,35.73438],[51.56122,35.73474],[51.56186,35.7351],[51.56252,35.73545],[51.56311,35.73577],[51.56355,35.736],[51.56387,35.73572],[51.56429,35.7352],[51.56455,35.73486],[51.56458,35.73472],[51.56491,35.73441],[51.56538,35.73393],[51.56591,35.73339],[51.56644,35.73286],[51.56674,35.73244],[51.56644,35.73213],[51.56587,35.73179],[51.56518,35.73137],[51.56448,35.73097],[51.56392,35.73065],[51.5633,35.73031],[51.56263,35.72991],[51.56224,35.72971],[51.56182,35.72948],[51.56137,35.72923],[51.56092,35.72897],[51.56047,35.72871],[51.56002,35.72846],[51.55959,35.72822],[51.55918,35.72799],[51.55879,35.72776],[51.55843,35.72754],[51.55776,35.72716],[51.55715,35.72682],[51.55667,35.72662],[51.55607,35.72643],[51.55552,35.72631],[51.55498,35.7262],[51.55423,35.72613],[51.5534,35.72611],[51.55262,35.72604],[51.55174,35.72598],[51.55126,35.72594],[51.55074,35.72591],[51.55022,35.72587],[51.54967,35.72584],[51.54911,35.72581],[51.54854,35.72577],[51.54794,35.72574],[51.54733,35.72569],[51.54672,35.72564],[51.54612,35.7256],[51.54556,35.72557],[51.54501,35.72556],[51.54448,35.72554],[51.54397,35.72551],[51.54345,35.72546],[51.54292,35.72541],[51.54238,35.72535],[51.54182,35.7253],[51.54124,35.72525],[51.54064,35.7252],[51.54003,35.72515],[51.53943,35.7251],[51.53886,35.72506],[51.53831,35.72502],[51.53777,35.72499],[51.53723,35.72495],[51.53669,35.72491],[51.53624,35.72489],[51.53542,35.7248],[51.53493,35.72474],[51.5344,35.7247],[51.53382,35.72466],[51.53322,35.72461],[51.53262,35.72458],[51.532,35.72453],[51.5314,35.72448],[51.53082,35.72444],[51.53026,35.72439],[51.52975,35.72435],[51.52927,35.72432],[51.52876,35.72428],[51.52822,35.72424],[51.52763,35.72421],[51.52708,35.72418],[51.52658,35.72413],[51.52589,35.72408],[51.52532,35.72403],[51.52461,35.72398],[51.524,35.72394],[51.52356,35.72384],[51.52341,35.72348],[51.52321,35.72312],[51.52291,35.72274],[51.52244,35.72263],[51.52173,35.72256],[51.52099,35.72242],[51.5203,35.72228],[51.51956,35.72218],[51.51913,35.72212],[51.51864,35.72207],[51.51809,35.72204],[51.51749,35.72198],[51.51689,35.72188],[51.51626,35.72175],[51.51565,35.72158],[51.51506,35.72136],[51.51447,35.7211],[51.51388,35.7208],[51.5133,35.72044],[51.51274,35.71999],[51.51222,35.71953],[51.51172,35.71904],[51.51124,35.71854],[51.51076,35.71806],[51.51028,35.71758],[51.5098,35.71709],[51.50933,35.71662],[51.50886,35.71614],[51.5084,35.71564],[51.50795,35.71512],[51.50752,35.71461],[51.50709,35.7141],[51.50666,35.71358],[51.50622,35.71306],[51.50578,35.71254],[51.50536,35.71202],[51.50496,35.71148],[51.50461,35.71092],[51.50432,35.71034],[51.50408,35.70974],[51.50385,35.70914],[51.5036,35.70854],[51.50337,35.70797],[51.50313,35.70741],[51.50291,35.70686],[51.50267,35.70632],[51.5024,35.70581],[51.50216,35.70528],[51.50191,35.70475],[51.50168,35.70422],[51.50145,35.70371],[51.50123,35.7032],[51.50103,35.70273],[51.50086,35.70222],[51.50068,35.70171],[51.50047,35.7012],[51.50023,35.70071],[51.49994,35.70022],[51.49961,35.69973],[51.49924,35.69923],[51.49889,35.6987],[51.49851,35.69817],[51.49811,35.69765],[51.49773,35.69716],[51.49733,35.6967],[51.49695,35.69624],[51.49658,35.69578],[51.49621,35.6953],[51.49585,35.69483],[51.49547,35.69437],[51.49506,35.69386],[51.49463,35.69333],[51.49419,35.69279],[51.49381,35.6922],[51.49352,35.69162],[51.4933,35.69104],[51.49312,35.6905],[51.49295,35.68999],[51.49282,35.68952],[51.49271,35.68912],[51.49261,35.68875],[51.49253,35.68839],[51.49251,35.68802],[51.49247,35.68765],[51.49243,35.68726],[51.49238,35.68686],[51.49235,35.68644],[51.4924,35.68604],[51.49259,35.68571],[51.4929,35.68542],[51.49332,35.68519],[51.49381,35.68492],[51.49433,35.68458],[51.49484,35.68418],[51.49536,35.68382],[51.49586,35.68346],[51.49633,35.68312],[51.49676,35.68282],[51.49717,35.68254],[51.49756,35.68227],[51.49796,35.68201],[51.49839,35.68174],[51.49883,35.68143],[51.49929,35.68112],[51.49975,35.6808],[51.50024,35.68046],[51.50073,35.68012],[51.50123,35.67977],[51.50173,35.67941],[51.50219,35.67909],[51.50263,35.67879],[51.50303,35.67851],[51.50338,35.67827],[51.50394,35.67785],[51.50443,35.67751],[51.50487,35.67721],[51.5052,35.67697],[51.50564,35.67667],[51.50612,35.67632],[51.50665,35.67594],[51.50725,35.67555],[51.50782,35.67516],[51.50827,35.67485],[51.50851,35.67448],[51.50848,35.67395],[51.50846,35.67327],[51.50845,35.67254],[51.50845,35.67215],[51.50844,35.67175],[51.50843,35.67135],[51.50842,35.67095],[51.50842,35.67054],[51.50842,35.67011],[51.50841,35.66966],[51.50841,35.6692],[51.5084,35.66875],[51.50841,35.66834],[51.50841,35.66792],[51.5084,35.66747],[51.50841,35.66709],[51.50841,35.66673],[51.50841,35.66634],[51.5084,35.66593],[51.50839,35.6655],[51.50838,35.66507],[51.50837,35.66463],[51.50836,35.66425],[51.50837,35.66361],[51.50836,35.66325],[51.50836,35.66287],[51.50835,35.66246],[51.50834,35.66201],[51.50833,35.66155],[51.50832,35.66115],[51.50833,35.66065],[51.50831,35.66024],[51.50831,35.65988],[51.50825,35.65945],[51.5082,35.65899],[51.50775,35.65875],[51.50715,35.65884],[51.5065,35.65897],[51.50585,35.65911],[51.50553,35.65881],[51.50542,35.65833],[51.50523,35.65785],[51.50506,35.6572],[51.50503,35.65683],[51.50506,35.65619],[51.50508,35.65576],[51.505,35.6553],[51.50498,35.65491],[51.50498,35.65449],[51.50498,35.65399],[51.5049,35.65353],[51.50479,35.65307],[51.50458,35.65257],[51.50433,35.65213],[51.50403,35.65167],[51.50358,35.65118],[51.50316,35.6508],[51.50274,35.65064],[51.50232,35.65029],[51.502,35.64996],[51.50208,35.64959],[51.50231,35.64918]]]}}]}
