{"type":"FeatureCollection","features":[{"type":"Feature","properties":{"route":1,"color":"#2563eb","kind":"routed_access_not_recorded_gps","duration":10.5,"distance":36.5,"type":"access_route","source":"computed_road_network"},"geometry":{"type":"LineString","coordinates":[[51.554142,35.729941],[51.554103,35.729736],[51.554212,35.729798],[51.55417,35.72998]]}},{"type":"Feature","properties":{"route":2,"color":"#0d9488","kind":"routed_access_not_recorded_gps","duration":196.7,"distance":1403.3,"type":"access_route","source":"computed_road_network"},"geometry":{"type":"LineString","coordinates":[[51.554142,35.729941],[51.553566,35.730314],[51.554904,35.731073],[51.555566,35.731449],[51.555374,35.731473],[51.554659,35.732309],[51.553772,35.733344],[51.553273,35.733928],[51.55261,35.734706],[51.552129,35.73524],[51.552675,35.735545],[51.5531,35.735779],[51.553589,35.736045],[51.554139,35.736337],[51.554089,35.736394],[51.554083,35.736401],[51.553474,35.737119],[51.553349,35.737266],[51.553101,35.737559],[51.552593,35.738158],[51.552589,35.738162],[51.552416,35.738366],[51.551839,35.738],[51.55208,35.7378]]}},{"type":"Feature","properties":{"route":3,"color":"#7c3aed","kind":"routed_access_not_recorded_gps","duration":1.5,"distance":10,"type":"access_route","source":"computed_road_network"},"geometry":{"type":"LineString","coordinates":[[51.554142,35.729941],[51.554,35.72974]]}},{"type":"Feature","properties":{"route":4,"color":"#d97706","kind":"routed_access_not_recorded_gps","duration":105.3,"distance":778.1,"type":"access_route","source":"computed_road_network"},"geometry":{"type":"LineString","coordinates":[[51.554142,35.729941],[51.553566,35.730314],[51.553468,35.730426],[51.552721,35.731272],[51.552089,35.731981],[51.551337,35.732826],[51.550679,35.733556],[51.550164,35.734154],[51.550091,35.734236],[51.549678,35.734137],[51.549264,35.734123],[51.548958,35.734132],[51.548839,35.734112],[51.548752,35.734098],[51.548387,35.733876],[51.54851,35.73356]]}},{"type":"Feature","properties":{"route":5,"color":"#0891b2","kind":"routed_access_not_recorded_gps","duration":1.5,"distance":10.6,"type":"access_route","source":"computed_road_network"},"geometry":{"type":"LineString","coordinates":[[51.554142,35.729941],[51.55416,35.73007]]}},{"type":"Feature","properties":{"route":6,"color":"#e11d48","kind":"routed_access_not_recorded_gps","duration":17.3,"distance":116.5,"type":"access_route","source":"computed_road_network"},"geometry":{"type":"LineString","coordinates":[[51.554142,35.729941],[51.553566,35.730314],[51.55404,35.73058]]}},{"type":"Feature","properties":{"route":7,"color":"#4f46e5","kind":"routed_access_not_recorded_gps","duration":1130.5,"distance":17974.2,"type":"access_route","source":"computed_road_network"},"geometry":{"type":"LineString","coordinates":[[51.554142,35.729941],[51.554103,35.729736],[51.554805,35.728981],[51.554889,35.72889],[51.556695,35.72688],[51.556716,35.726823],[51.556716,35.726762],[51.556682,35.726687],[51.556629,35.72661],[51.556542,35.72652],[51.556248,35.726421],[51.555962,35.72632],[51.555727,35.726265],[51.554782,35.726096],[51.554043,35.726043],[51.553962,35.726038],[51.553566,35.726009],[51.553146,35.725984],[51.552861,35.725968],[51.55168,35.725891],[51.551582,35.725884],[51.550088,35.725772],[51.549714,35.725748],[51.548165,35.725626],[51.546526,35.725503],[51.545845,35.725472],[51.543374,35.725332],[51.54285,35.725292],[51.540668,35.725129],[51.540012,35.725079],[51.539264,35.725025],[51.537258,35.72489],[51.53716,35.724884],[51.535925,35.724798],[51.535271,35.72474],[51.534104,35.724653],[51.533843,35.724636],[51.533476,35.724612],[51.532308,35.724536],[51.530837,35.72444],[51.529931,35.724376],[51.528662,35.724287],[51.527236,35.724187],[51.526755,35.724154],[51.525293,35.724052],[51.524554,35.724004],[51.523877,35.723952],[51.523825,35.723936],[51.52377,35.723912],[51.523725,35.723884],[51.523679,35.723846],[51.523646,35.723808],[51.523608,35.723754],[51.523578,35.72371],[51.523186,35.723084],[51.523105,35.72293],[51.522986,35.722815],[51.522932,35.722758],[51.522873,35.722704],[51.522811,35.722673],[51.522716,35.722652],[51.522497,35.722642],[51.522285,35.722617],[51.521969,35.722579],[51.521659,35.722537],[51.52119,35.722455],[51.520724,35.72236],[51.520228,35.722282],[51.519731,35.722167],[51.517688,35.722],[51.5169,35.721883],[51.516208,35.721718],[51.515701,35.721573],[51.515275,35.721433],[51.514853,35.721266],[51.514348,35.721038],[51.513743,35.720713],[51.513117,35.720296],[51.512594,35.719909],[51.51198,35.719326],[51.511417,35.718768],[51.511181,35.718539],[51.510602,35.717992],[51.510062,35.717435],[51.509191,35.716555],[51.508849,35.716182],[51.507182,35.714231],[51.50716,35.714204],[51.50651,35.713538],[51.505799,35.712601],[51.505235,35.711914],[51.50479,35.711255],[51.504696,35.7111],[51.504576,35.710879],[51.504267,35.71027],[51.504,35.709685],[51.503547,35.708534],[51.503128,35.707462],[51.502896,35.706929],[51.502578,35.706264],[51.502459,35.705992],[51.50218,35.705417],[51.502172,35.705395],[51.50199,35.705021],[51.501833,35.704678],[51.501654,35.704299],[51.501571,35.704116],[51.50142,35.703774],[51.501233,35.703312],[51.501104,35.702989],[51.500765,35.702045],[51.500439,35.701283],[51.500297,35.700975],[51.50007,35.700574],[51.49948,35.699647],[51.498707,35.698487],[51.498152,35.697813],[51.496898,35.696369],[51.496713,35.696114],[51.496515,35.695847],[51.496096,35.695306],[51.495255,35.694249],[51.494614,35.693431],[51.493958,35.692578],[51.493777,35.692288],[51.493659,35.692042],[51.493383,35.691304],[51.49297,35.690101],[51.492854,35.689548],[51.492782,35.688644],[51.492752,35.686995],[51.492703,35.685722],[51.492648,35.683346],[51.492605,35.682812],[51.492603,35.682129],[51.492541,35.680842],[51.492518,35.680514],[51.492486,35.68014],[51.492428,35.679475],[51.492412,35.679251],[51.49239,35.67901],[51.492352,35.678261],[51.492341,35.677709],[51.492335,35.677128],[51.492325,35.6766],[51.492288,35.675333],[51.492286,35.674809],[51.492181,35.670027],[51.492157,35.669137],[51.492001,35.668262],[51.491848,35.667885],[51.491661,35.6676],[51.491409,35.667336],[51.491063,35.667123],[51.490708,35.667023],[51.490323,35.666963],[51.48977,35.66697],[51.489409,35.667009],[51.488627,35.667077],[51.488475,35.667091],[51.487426,35.667194],[51.486827,35.667275],[51.486713,35.667292],[51.48621,35.667361],[51.48467,35.66755],[51.484136,35.667621],[51.483845,35.66766],[51.483666,35.667683],[51.48267,35.667821],[51.482602,35.66783],[51.479974,35.668177],[51.477081,35.668586],[51.476561,35.66866],[51.475028,35.668877],[51.474303,35.668983],[51.473961,35.669027],[51.473864,35.669041],[51.473679,35.669066],[51.472948,35.669169],[51.47229,35.669261],[51.471679,35.669345],[51.469964,35.669622],[51.468836,35.669809],[51.467694,35.670011],[51.467155,35.670092],[51.465715,35.670377],[51.464469,35.670646],[51.46415,35.670715],[51.463169,35.670915],[51.463064,35.670936],[51.462959,35.670957],[51.462837,35.670978],[51.462089,35.6711],[51.461769,35.671143],[51.461451,35.671178],[51.460648,35.671276],[51.460266,35.671331],[51.458522,35.671651],[51.458235,35.671701],[51.457731,35.671751],[51.456277,35.671888],[51.455647,35.671958],[51.455064,35.672004],[51.454621,35.67204],[51.454218,35.672072],[51.453206,35.672263],[51.451864,35.672608],[51.450742,35.672859],[51.449083,35.673138],[51.448355,35.67326],[51.446315,35.673658],[51.446127,35.673698],[51.444963,35.673948],[51.443996,35.674065],[51.443705,35.674089],[51.44327,35.674112],[51.443012,35.674108],[51.442121,35.674138],[51.441235,35.674167],[51.441018,35.674171],[51.440906,35.674173],[51.440742,35.674179],[51.439932,35.67421],[51.439216,35.674227],[51.438731,35.674282],[51.438225,35.674363],[51.438059,35.67439],[51.437807,35.674431],[51.437231,35.674535],[51.43663,35.674631],[51.436295,35.674685],[51.436046,35.674726],[51.43562,35.674795],[51.43504,35.674892],[51.434636,35.674963],[51.43403,35.67507],[51.433506,35.67517],[51.433156,35.675237],[51.432827,35.675299],[51.432481,35.675362],[51.43155,35.675532],[51.43062,35.675714],[51.430602,35.675635],[51.431308,35.675504],[51.431517,35.675465],[51.431724,35.675425],[51.431674,35.67527],[51.431247,35.67525],[51.431001,35.675301],[51.430876,35.675332],[51.430788,35.675347],[51.430581,35.675383],[51.430204,35.675377],[51.430089,35.675375],[51.429976,35.674703],[51.429965,35.674632],[51.429823,35.673789],[51.429762,35.673428],[51.429674,35.672888],[51.429633,35.672656],[51.429546,35.672137],[51.429522,35.671996],[51.42944,35.671592],[51.429376,35.671353],[51.429316,35.670989],[51.429228,35.670245],[51.42916,35.669842],[51.429115,35.669574],[51.429073,35.669322],[51.428937,35.669305],[51.428691,35.669274],[51.428439,35.669242],[51.42716,35.669092],[51.42703,35.669076],[51.426471,35.669012],[51.425957,35.668952],[51.425825,35.668936],[51.425042,35.668838],[51.424982,35.66883],[51.424876,35.668817],[51.424469,35.668764],[51.424028,35.668707],[51.423948,35.668696],[51.423891,35.66869],[51.42392,35.66864]]}},{"type":"Feature","properties":{"route":8,"color":"#65a30d","kind":"routed_access_not_recorded_gps","duration":349.6,"distance":2504.6,"type":"access_route","source":"computed_road_network"},"geometry":{"type":"LineString","coordinates":[[51.554142,35.729941],[51.553566,35.730314],[51.554904,35.731073],[51.555566,35.731449],[51.556105,35.73174],[51.557483,35.732488],[51.558601,35.733123],[51.5596,35.733685],[51.560805,35.734352],[51.561563,35.73481],[51.562312,35.735268],[51.563253,35.735833],[51.56348,35.735933],[51.56395,35.735554],[51.564492,35.734962],[51.564573,35.734873],[51.566562,35.732701],[51.566843,35.732403],[51.566919,35.732321],[51.567838,35.732873],[51.568885,35.733487],[51.570214,35.73202],[51.570346,35.731888],[51.570567,35.731786],[51.57018,35.731381],[51.569726,35.730905],[51.569099,35.73032],[51.568996,35.730454],[51.568993,35.730458],[51.568159,35.729796],[51.568223,35.729736],[51.568271,35.72969],[51.568287,35.729676],[51.5687,35.72965]]}},{"type":"Feature","properties":{"route":9,"color":"#ea580c","kind":"routed_access_not_recorded_gps","duration":210.6,"distance":1577.9,"type":"access_route","source":"computed_road_network"},"geometry":{"type":"LineString","coordinates":[[51.554142,35.729941],[51.554103,35.729736],[51.554805,35.728981],[51.554889,35.72889],[51.556695,35.72688],[51.556716,35.726823],[51.556716,35.726762],[51.556682,35.726687],[51.556629,35.72661],[51.556542,35.72652],[51.556248,35.726421],[51.555962,35.72632],[51.555727,35.726265],[51.554782,35.726096],[51.554043,35.726043],[51.553962,35.726038],[51.553566,35.726009],[51.553146,35.725984],[51.552861,35.725968],[51.55168,35.725891],[51.551582,35.725884],[51.551091,35.725998],[51.550837,35.726095],[51.550674,35.726176],[51.550513,35.726344],[51.551381,35.726838],[51.551841,35.727109],[51.552654,35.727583],[51.553064,35.727863],[51.553222,35.727948],[51.553806,35.728266],[51.554052,35.728396],[51.553731,35.728747],[51.553575,35.728918],[51.553497,35.729003],[51.553032,35.728734],[51.55288,35.72896]]}},{"type":"Feature","properties":{"route":10,"color":"#0284c7","kind":"routed_access_not_recorded_gps","duration":229.2,"distance":2627.2,"type":"access_route","source":"computed_road_network"},"geometry":{"type":"LineString","coordinates":[[51.554142,35.729941],[51.554103,35.729736],[51.554805,35.728981],[51.554889,35.72889],[51.556695,35.72688],[51.556716,35.726823],[51.556716,35.726762],[51.556682,35.726687],[51.556629,35.72661],[51.556542,35.72652],[51.556248,35.726421],[51.555962,35.72632],[51.555727,35.726265],[51.554782,35.726096],[51.554043,35.726043],[51.553962,35.726038],[51.553566,35.726009],[51.553146,35.725984],[51.552861,35.725968],[51.55168,35.725891],[51.551582,35.725884],[51.550088,35.725772],[51.549714,35.725748],[51.548165,35.725626],[51.546526,35.725503],[51.545845,35.725472],[51.543374,35.725332],[51.543333,35.725297],[51.543317,35.725279],[51.543307,35.725256],[51.543302,35.725233],[51.543305,35.725208],[51.543323,35.725176],[51.543355,35.725144],[51.543439,35.725119],[51.544146,35.725172],[51.545567,35.725279],[51.545798,35.725303],[51.546187,35.725336],[51.546288,35.725345],[51.546533,35.725366],[51.54912,35.725549],[51.549877,35.725589],[51.55148,35.72571],[51.55201,35.725746],[51.552358,35.725784],[51.552178,35.725646],[51.5513,35.725579],[51.55101,35.72532]]}},{"type":"Feature","properties":{"route":11,"color":"#9333ea","kind":"routed_access_not_recorded_gps","duration":156.2,"distance":1116.5,"type":"access_route","source":"computed_road_network"},"geometry":{"type":"LineString","coordinates":[[51.554142,35.729941],[51.553566,35.730314],[51.554904,35.731073],[51.555566,35.731449],[51.555374,35.731473],[51.554659,35.732309],[51.553772,35.733344],[51.553273,35.733928],[51.55261,35.734706],[51.552129,35.73524],[51.552675,35.735545],[51.552631,35.73559],[51.552296,35.735405],[51.551479,35.736208],[51.55098,35.736805],[51.55116,35.73694]]}},{"type":"Feature","properties":{"route":12,"color":"#059669","kind":"routed_access_not_recorded_gps","duration":77.9,"distance":538.5,"type":"access_route","source":"computed_road_network"},"geometry":{"type":"LineString","coordinates":[[51.554142,35.729941],[51.553566,35.730314],[51.554904,35.731073],[51.555566,35.731449],[51.555374,35.731473],[51.554681,35.731093],[51.554137,35.730793],[51.55311,35.73181]]}},{"type":"Feature","properties":{"route":13,"color":"#db2777","kind":"routed_access_not_recorded_gps","duration":11.2,"distance":41.9,"type":"access_route","source":"computed_road_network"},"geometry":{"type":"LineString","coordinates":[[51.554142,35.729941],[51.554103,35.729736],[51.554212,35.729798],[51.55438,35.72982]]}},{"type":"Feature","properties":{"route":14,"color":"#475569","kind":"routed_access_not_recorded_gps","duration":193.5,"distance":1569.2,"type":"access_route","source":"computed_road_network"},"geometry":{"type":"LineString","coordinates":[[51.554142,35.729941],[51.553566,35.730314],[51.554904,35.731073],[51.555566,35.731449],[51.556105,35.73174],[51.557483,35.732488],[51.558601,35.733123],[51.5596,35.733685],[51.560805,35.734352],[51.561563,35.73481],[51.562312,35.735268],[51.563253,35.735833],[51.56348,35.735933],[51.56395,35.735554],[51.564492,35.734962],[51.564573,35.734873],[51.56665,35.73323]]}},{"type":"Feature","properties":{"route":1,"color":"#2563eb","times":[[28687,28693,28753,28813,28873,28912,28918,28924,28927,28930,28933,28936,28939,28942,28945,28948,28951,28954,28957,28960,28963,28966,28969,28972,28975,28981,28987,28999,29008,29017,29023,29029,29032,29035,29038,29041,29044,29047,29050,29053,29056,29059,29062,29068,29128,29170,29176,29182,29185,29188,29194,29200,29206,29212,29257,29272,29281,29287,29293,29299,29305,29311,29317,29326,29347,29362,29371,29380,29386,29392,29398,29404,29410,29416,29422,29452,29467,29473,29479,29485,29491,29497,29512,29518,29524,29530,29536,29539,29542,29545,29548,29551,29557,29563,29569,29575,29581,29587,29593,29599,29605,29611,29617,29623,29626,29629,29632,29635,29638,29644,29650,29656,29662,29668,29671,29674,29677,29683,29695,29701,29710,29722,29731,29740,29749,29755,29761,29767,29773,29779,29785,29809,29818,29827,29833,29839,29851,29863,29869,29875,29881,29887,29896,29902,29908,29914,29920,29926,29959,29971,29980,29986,29995,30010,30022,30037,30043,30049,30064,30070,30097,30106,30115,30121,30127,30133,30139,30199,30259,30319,30379,30439,30496,30505,30514,30520,30526,30532,30553,30613,30673,30733,30793,30823,30832,30856,30916,30976,31036,31096,31156,31201,31207,31216,31222,31228,31234,31246,31252,31285,31291,31297,31303,31309,31318,31324,31330,31342,31351,31360,31387,31402,31411,31417,31423,31450,31471,31531,31591,31651,31711,31771,31831,31840,31849,31858,31864,31870,31885,31894,31903,31909,31915,31921,31927,31933,31939,31945,31951,31957,31972,31981,31993,32053,32113,32173,32233,32248,32254,32269,32275,32281,32287,32293,32317,32323,32329,32335,32347,32356,32416,32476,32536,32587,32608,32614,32620,32626,32635,32644,32656,32665,32674,32680,32689,32719,32737,32743,32755,32761,32767,32776,32785,32812,32824,32833,32893,32953,33013,33073,33112,33124,33130,33139,33148,33154,33169,33175,33181,33187,33193,33199,33208,33238,33250,33262,33274,33283,33289,33295,33301,33313,33325,33331,33340,33346,33352,33364,33373,33385,33391,33397,33403,33409,33424,33436,33457,33475,33535,33595,33643,33652,33661,33673,33682,33691,33700,33712,33724,33733,33742,33748,33754,33763,33772,33790,33799,33811,33832,33841,33847,33853,33859,33865,33880,33940,34000,34060,34120,34180,34240,34279,34291,34300,34312,34324,34333,34342,34351,34360,34372,34381,34387,34393,34402,34462,34522,34582,34642,34702,34762,34822,34882,34933,34939,34945,35005,35065,35125,35149,35155,35164,35173,35185,35194,35254,35314,35374,35419,35431,35491,35536,35545,35551,35557,35566,35575,35581,35590,35599,35614,35623,35641,35650,35665,35725,35785,35845,35905,35965,35983,35998,36025,36031,36037,36070,36076,36082,36088,36094,36100,36106,36112,36130,36190,36250,36298,36310,36319,36328,36334,36346,36364,36376,36391,36451,36511,36553,36562,36571,36589,36595,36604,36610,36616,36622,36628,36634,36640,36646,36655,36664,36673,36685,36691,36697,36703,36715,36724,36730,36748,36763,36775,36835,36895,36955,37015,37075,37135,37195,37255,37315,37327,37345,37405,37465,37525,37585,37645,37687,37693,37699,37705,37723,37729,37735,37795,37855,37915,37975,38035,38095,38155,38215,38230,38236,38242,38257,38263,38269,38281,38290,38296,38302,38308,38329,38335,38341,38347,38353,38359,38365,38371,38383,38389,38425,38482,38488,38494,38500,38509,38521,38530,38542,38551,38581,38611,38632,38638,38644,38653,38668,38674,38680,38689,38698,38707,38713,38719,38725,38731,38737,38743,38749,38755,38761,38767,38773,38779,38785,38791,38797,38803,38809,38815,38821,38827,38833,38839,38854,38863,38872,38881,38890,38899,38959,39019,39079,39139,39199,39211,39220,39226,39232,39238,39244,39253,39259,39268,39274,39280,39286,39292,39298,39304,39310,39316,39337,39343,39349,39355,39361,39367,39373,39379,39385,39394,39403,39409,39415,39421,39427,39436,39448,39457,39517,39559,39568,39580,39604,39613,39673,39733,39760,39772,39796,39805,39811,39817,39877,39937,39997,40057,40117,40162,40171,40177,40183,40189,40195,40201,40207,40213,40222,40249,40258,40270,40288,40294,40300,40309,40315,40324,40336,40345,40357,40387,40405,40420,40453,40465,40474,40480,40489,40507,40513,40519,40528,40537,40543,40549,40555,40561,40567,40576,40585,40600,40609,40615,40624,40684,40744,40804,40864,40924,40936,40945,40951,40957,40963,40966,40972,40978,40984,40993,40999,41011,41029,41035,41041,41047,41056,41062,41068,41077,41137,41197,41257,41311,41320,41362,41377,41383,41389,41395,41401,41422,41482,41542,41551,41557,41572,41578,41590,41596,41602,41611,41617,41623,41632,41644,41689,41749,41779,41791,41809,41869,41929,41989,42007,42016,42025,42040,42100,42160,42220,42280,42340,42385,42394,42403,42415,42424,42430,42439,42445,42451,42457,42472,42478,42484,42490,42496,42508,42520,42529,42541,42547,42553,42559,42565,42571,42577,42589,42649,42709,42769,42829,42889,42922,42934,42940,42946,42955,42964,42970,42985,42997,43009,43018,43027,43039,43048,43060,43069,43129,43189,43249,43309,43354,43363,43372,43381,43390,43396,43405,43414,43429,43489,43549,43609,43669,43729,43789,43849,43900,43924,43936,43942,43948,43957,43969,43981,43987,43993,44005,44020,44026,44032,44041,44047,44053,44059,44062,44068,44071,44074,44077,44080,44083,44086,44092,44098,44107,44113,44119,44125,44131,44137,44143,44149,44158,44164,44173,44233,44293,44353,44413,44473,44533,44593,44605,44614,44626,44641,44701,44761,44821,44842,44854,44866,44881,44887,44899,44959,45019,45079,45139,45199,45259,45319,45379,45439,45499,45559,45619,45646,45655,45667,45676,45682,45691,45697,45700,45703,45706,45709,45715,45721,45724,45727,45730,45733,45736,45739,45742,45745,45748,45751,45754,45757,45760,45763,45766,45769,45772,45775,45778,45781,45784,45787,45790,45793,45796,45799,45802,45805,45808,45811,45814,45817,45820,45823,45826,45829,45832,45835,45838,45841,45844,45847,45850,45853,45856,45859,45862,45865,45868,45871,45874,45877,45880,45883,45886,45889,45892,45895,45898,45901,45904,45907,45910,45913,45916,45919,45922,45925,45928,45931,45934,45937,45940,45943,45946,45949,45952,45955,45958,45961,45964,45967,45970,45973,45976,45979,45982,45985,45988,45991,45994,45997,46000,46003,46006,46009,46012,46015,46018,46021,46024,46027,46030,46036,46042,46048,46054,46060,46066,46069,46072,46075,46078,46081,46084,46087,46090,46093,46096,46099,46102,46105,46108,46111,46114,46117,46120,46123,46126,46129,46132,46135,46138,46141,46144,46147,46150,46153,46156,46159,46162,46165,46168,46171,46174,46177,46180,46183,46186,46189,46192,46195,46198,46201,46204,46207,46210,46213,46216,46219,46222,46225,46228,46231,46234,46237,46240,46243,46246,46249,46252,46255,46258,46261,46264,46267,46270,46273,46276,46279,46282,46285,46288,46291,46294,46300,46306,46312,46318,46321,46324,46330,46336,46342,46348,46354,46360,46366,46369,46372,46375,46378,46381,46384,46387,46390,46393,46396,46399,46402,46405,46408,46411,46414,46417,46420,46423,46426,46429,46432,46435,46438,46441,46444,46447,46450,46453,46456,46459,46462,46465,46468,46471,46474,46477,46480,46483,46486,46489,46492,46495,46498,46501,46504,46507,46510,46513,46516,46519,46522,46525,46528,46531,46534,46537,46540,46543,46546,46549,46552,46555,46558,46561,46564,46567,46570,46573,46576,46579,46582,46585,46588,46591,46594,46597,46600,46603,46606,46609,46612,46615,46618,46621,46624,46627,46630,46633,46636,46639,46642,46645,46648,46651,46654,46657,46660,46663,46666,46669,46672,46675,46678,46681,46684,46687,46690,46693,46696,46699,46702,46705,46708,46711,46714,46717,46720,46723,46726,46729,46732,46735,46738,46741,46744,46747,46750,46753,46756,46759,46762,46765,46768,46771,46774,46777,46780,46783,46786,46789,46792,46795,46798,46801,46804,46807,46813,46819,46825,46831,46837,46843,46849,46855,46861,46864,46867,46870,46873,46876,46885,46891,46897,46903,46909,46912,46915,46918,46924,46930,46936,46939,46942,46945,46951,46960,46966,46969,46972,46975,46978,46984,46993,47002,47011,47017,47023,47029,47038,47044,47050,47056,47062,47068,47077,47083,47089,47095,47098,47104,47113,47119,47125,47131,47137,47143,47149,47155,47161,47170,47176,47182,47188,47194,47200,47206,47212,47218,47227,47236,47248,47308,47368,47428,47488,47548,47608,47668]],"type":"operational_gps","source":"recorded_gps"},"geometry":{"type":"MultiLineString","coordinates":[[[51.51159,35.72136],[51.51102,35.72124],[51.51092,35.72118],[51.51096,35.72114],[51.51093,35.7212],[51.51026,35.721],[51.5096,35.72078],[51.5088,35.72052],[51.50833,35.72035],[51.50785,35.72019],[51.50738,35.72004],[51.50688,35.71988],[51.50639,35.71973],[51.50593,35.7196],[51.50549,35.71946],[51.50507,35.71933],[51.50464,35.71917],[51.5042,35.71903],[51.50374,35.71888],[51.50326,35.71874],[51.50278,35.71858],[51.50229,35.71843],[51.50182,35.71827],[51.50134,35.71813],[51.50084,35.71799],[51.5001,35.71778],[51.49963,35.71764],[51.49917,35.71753],[51.49863,35.71734],[51.4981,35.71718],[51.49744,35.71699],[51.49659,35.71671],[51.49615,35.71657],[51.49569,35.71643],[51.49525,35.71631],[51.49482,35.71616],[51.49436,35.71601],[51.49388,35.71586],[51.49335,35.7157],[51.49283,35.71554],[51.4923,35.71538],[51.4918,35.71522],[51.49133,35.71508],[51.49075,35.71491],[51.49076,35.71488],[51.49027,35.71473],[51.4896,35.71455],[51.48879,35.71426],[51.48835,35.71412],[51.48791,35.71399],[51.4872,35.71376],[51.48649,35.71353],[51.48574,35.71331],[51.48519,35.71316],[51.48476,35.71303],[51.48435,35.71288],[51.48392,35.71278],[51.48334,35.71263],[51.48263,35.7124],[51.4819,35.71215],[51.48112,35.7119],[51.48038,35.71165],[51.47976,35.71146],[51.47927,35.71131],[51.47879,35.7112],[51.47829,35.71104],[51.47784,35.71092],[51.47722,35.71072],[51.47669,35.71055],[51.47613,35.71039],[51.4756,35.71023],[51.47502,35.71004],[51.47441,35.70984],[51.47371,35.7096],[51.47313,35.70941],[51.47257,35.70926],[51.47202,35.70908],[51.47155,35.70893],[51.47107,35.70876],[51.47051,35.70857],[51.4699,35.70835],[51.46947,35.70823],[51.46892,35.70809],[51.46847,35.70794],[51.46785,35.70775],[51.4671,35.70755],[51.46626,35.70729],[51.4658,35.70714],[51.46534,35.70701],[51.46484,35.70688],[51.46438,35.70674],[51.46395,35.70661],[51.46317,35.70638],[51.46257,35.70623],[51.46212,35.7061],[51.46156,35.70595],[51.46091,35.70575],[51.46028,35.70557],[51.45963,35.70543],[51.45905,35.70524],[51.45838,35.70504],[51.45781,35.70487],[51.45717,35.70469],[51.45637,35.70446],[51.45592,35.70434],[51.45548,35.7042],[51.45502,35.70408],[51.45456,35.70394],[51.45412,35.7038],[51.45335,35.70361],[51.45282,35.70347],[51.45223,35.7033],[51.45149,35.70307],[51.4507,35.70287],[51.45026,35.70276],[51.44982,35.70262],[51.44938,35.70249],[51.4488,35.70234],[51.44831,35.70243],[51.44786,35.70235],[51.44742,35.70217],[51.44698,35.70204],[51.44637,35.70205],[51.44574,35.70205],[51.44518,35.70203],[51.44472,35.70201],[51.44419,35.70201],[51.44366,35.702],[51.44302,35.70201],[51.44235,35.702],[51.44181,35.702],[51.44118,35.702],[51.4407,35.702],[51.4402,35.70197],[51.43974,35.70195],[51.43929,35.70194],[51.43883,35.70192],[51.43815,35.70203],[51.43765,35.70219],[51.43706,35.70239],[51.43643,35.70262],[51.43577,35.70281],[51.43524,35.70307],[51.43473,35.70332],[51.43429,35.70357],[51.43391,35.70381],[51.43356,35.70404],[51.43316,35.70423],[51.43269,35.70447],[51.43216,35.7046],[51.43145,35.70478],[51.43087,35.70489],[51.43035,35.70497],[51.42991,35.70509],[51.42948,35.70524],[51.42899,35.70526],[51.42856,35.70536],[51.42813,35.70547],[51.42751,35.70558],[51.42706,35.70567],[51.42661,35.7056],[51.42614,35.70561],[51.42606,35.70506],[51.42597,35.70456],[51.42594,35.70417],[51.42595,35.70365],[51.42595,35.70315],[51.42603,35.70285],[51.42615,35.70282],[51.42615,35.70282],[51.42616,35.70281],[51.42616,35.70281],[51.42611,35.70233],[51.426,35.70195],[51.42531,35.70186],[51.42468,35.70178],[51.42401,35.70175],[51.42332,35.70172],[51.42296,35.70195],[51.42292,35.7021],[51.4231,35.70208],[51.42327,35.70208],[51.42324,35.70211],[51.42311,35.70249],[51.42298,35.70292],[51.42301,35.70334],[51.42292,35.70346],[51.42292,35.70347],[51.42292,35.70347],[51.42293,35.70341],[51.42294,35.7034],[51.42291,35.70383],[51.42286,35.70425],[51.4226,35.70475],[51.42216,35.70506],[51.4217,35.70523],[51.42137,35.70547],[51.42117,35.70601],[51.42111,35.7064],[51.42103,35.70683],[51.42102,35.70726],[51.42097,35.70771],[51.42094,35.70813],[51.4209,35.70854],[51.42111,35.70886],[51.4216,35.70897],[51.42222,35.70893],[51.42259,35.7092],[51.42264,35.70958],[51.42278,35.71],[51.42189,35.7111],[51.42182,35.71152],[51.42198,35.71211],[51.42198,35.71264],[51.42204,35.71303],[51.42177,35.71481],[51.42153,35.71515],[51.42159,35.71502],[51.42172,35.71491],[51.42176,35.7149],[51.42182,35.71483],[51.42199,35.71465],[51.42165,35.7148],[51.42121,35.71472],[51.42063,35.71467],[51.42019,35.71463],[51.41967,35.71461],[51.41923,35.71468],[51.41907,35.71428],[51.41909,35.71381],[51.41912,35.71343],[51.41908,35.71305],[51.41915,35.71269],[51.41924,35.71218],[51.41933,35.71173],[51.4194,35.71127],[51.41942,35.71078],[51.41958,35.7102],[51.41974,35.70963],[51.41976,35.70909],[51.41937,35.70891],[51.41887,35.70883],[51.41843,35.70887],[51.41832,35.709],[51.41831,35.70901],[51.4183,35.70902],[51.41829,35.70901],[51.41815,35.70949],[51.4181,35.70986],[51.41751,35.70997],[51.41707,35.71008],[51.41652,35.71013],[51.4159,35.71015],[51.41538,35.71017],[51.41484,35.71012],[51.41431,35.71011],[51.41371,35.71013],[51.41321,35.71014],[51.41272,35.71018],[51.41227,35.71019],[51.4121,35.71012],[51.4121,35.71012],[51.41209,35.71012],[51.41257,35.71016],[51.41289,35.70988],[51.41299,35.70947],[51.41308,35.709],[51.41307,35.70852],[51.41263,35.70829],[51.41218,35.70824],[51.41151,35.70816],[51.41104,35.70822],[51.41102,35.70858],[51.41093,35.70901],[51.41085,35.70939],[51.41083,35.70978],[51.41096,35.71014],[51.4109,35.71054],[51.41096,35.71106],[51.41086,35.71147],[51.41069,35.71189],[51.41065,35.71228],[51.41072,35.7127],[51.41097,35.71304],[51.41143,35.71312],[51.41157,35.71261],[51.41147,35.71234],[51.41148,35.71235],[51.41149,35.7124],[51.4115,35.71243],[51.41099,35.71239],[51.41065,35.71212],[51.41062,35.71172],[51.41066,35.71128],[51.41071,35.71081],[51.41075,35.71036],[51.41012,35.7102],[51.40965,35.71011],[51.40905,35.71008],[51.40846,35.71007],[51.40796,35.71009],[51.40745,35.71019],[51.4069,35.71019],[51.4069,35.71057],[51.40718,35.7109],[51.40758,35.71106],[51.40812,35.71107],[51.40857,35.71115],[51.40901,35.71121],[51.40956,35.71126],[51.41009,35.71135],[51.41054,35.71136],[51.41062,35.71078],[51.41071,35.71035],[51.41072,35.70999],[51.4108,35.70955],[51.41088,35.70913],[51.41094,35.70873],[51.41096,35.70829],[51.41033,35.70818],[51.40975,35.70817],[51.40915,35.70811],[51.40857,35.70804],[51.40805,35.708],[51.40751,35.70795],[51.40702,35.70796],[51.40659,35.70806],[51.40656,35.70849],[51.40658,35.70884],[51.40657,35.70883],[51.40659,35.70925],[51.40671,35.70971],[51.40675,35.71019],[51.40698,35.71059],[51.40727,35.71103],[51.40753,35.71138],[51.4074,35.7118],[51.40725,35.71217],[51.40717,35.71261],[51.4073,35.71313],[51.40747,35.7135],[51.40755,35.71391],[51.4075,35.71431],[51.40755,35.71472],[51.40759,35.71516],[51.40772,35.71557],[51.40778,35.71596],[51.40785,35.71634],[51.40787,35.71676],[51.40829,35.71698],[51.40897,35.71708],[51.40972,35.71727],[51.4104,35.71745],[51.41091,35.71757],[51.41118,35.7179],[51.41121,35.71803],[51.41123,35.7181],[51.41128,35.71818],[51.41133,35.71826],[51.41131,35.71833],[51.41129,35.71831],[51.41148,35.71865],[51.41093,35.71888],[51.41035,35.71902],[51.41039,35.71945],[51.41046,35.71999],[51.41063,35.72045],[51.41075,35.72086],[51.41086,35.72127],[51.41104,35.72174],[51.41134,35.72211],[51.41187,35.72213],[51.41239,35.72205],[51.4129,35.72197],[51.41327,35.72174],[51.4132,35.72144],[51.41326,35.72137],[51.41328,35.72138],[51.41327,35.72138],[51.4132,35.72138],[51.4132,35.72129],[51.4132,35.72128],[51.41321,35.72127],[51.41296,35.72078],[51.41281,35.72039],[51.41266,35.71994],[51.41267,35.71983],[51.41267,35.71983],[51.41269,35.71984],[51.41322,35.71963],[51.41366,35.71953],[51.41388,35.71986],[51.41396,35.72025],[51.41408,35.72071],[51.41417,35.7211],[51.41433,35.7214],[51.41436,35.72147],[51.41436,35.72148],[51.41392,35.72168],[51.41345,35.72178],[51.41335,35.72156],[51.4132,35.72119],[51.41304,35.72072],[51.4129,35.72033],[51.41272,35.71995],[51.41251,35.71948],[51.41255,35.7191],[51.41295,35.71892],[51.4135,35.71877],[51.41403,35.71867],[51.41419,35.71827],[51.41429,35.7178],[51.41438,35.71734],[51.4144,35.71695],[51.41488,35.7169],[51.415,35.71688],[51.41506,35.71697],[51.41507,35.71689],[51.4151,35.71688],[51.41509,35.71688],[51.41563,35.71689],[51.41613,35.71683],[51.4163,35.71641],[51.41656,35.71611],[51.41686,35.71573],[51.41653,35.71618],[51.41631,35.71668],[51.41618,35.71722],[51.41604,35.71766],[51.41595,35.71812],[51.41585,35.71863],[51.41575,35.71916],[51.41565,35.71968],[51.41556,35.72006],[51.41554,35.72007],[51.41552,35.72006],[51.41551,35.72049],[51.41561,35.72092],[51.41571,35.72136],[51.41581,35.72184],[51.41593,35.72219],[51.41629,35.7225],[51.4169,35.72251],[51.41741,35.72255],[51.41786,35.72267],[51.4179,35.72268],[51.41792,35.72268],[51.41844,35.72261],[51.41913,35.72257],[51.41969,35.72258],[51.42009,35.7223],[51.42032,35.72193],[51.42061,35.72153],[51.42085,35.72116],[51.421,35.72077],[51.42122,35.72041],[51.4215,35.72],[51.42177,35.71961],[51.42207,35.71922],[51.4223,35.71891],[51.42261,35.71854],[51.42297,35.71806],[51.42326,35.71773],[51.42371,35.71795],[51.42398,35.71833],[51.42437,35.71873],[51.42468,35.719],[51.42503,35.71939],[51.4254,35.71983],[51.4257,35.72013],[51.42554,35.72051],[51.4254,35.72089],[51.42574,35.72118],[51.42585,35.72133],[51.42584,35.72133],[51.42585,35.72132],[51.42592,35.7213],[51.42593,35.72135],[51.4259,35.72136],[51.42585,35.7212],[51.42587,35.72114],[51.42576,35.72117],[51.42549,35.72083],[51.42504,35.72092],[51.42505,35.72099],[51.42506,35.72099],[51.42506,35.72099],[51.42498,35.72099],[51.42493,35.72112],[51.42455,35.7214],[51.4241,35.72178],[51.42378,35.72207],[51.42341,35.72231],[51.42318,35.72182],[51.42307,35.7213],[51.42297,35.72078],[51.42289,35.72062],[51.42288,35.72062],[51.42288,35.72061],[51.42287,35.72061],[51.42287,35.7206],[51.42286,35.7206],[51.42286,35.72059],[51.42286,35.72059],[51.42274,35.72005],[51.4226,35.71961],[51.42247,35.71922],[51.422,35.71953],[51.42173,35.71993],[51.42146,35.72029],[51.42117,35.72059],[51.4207,35.72056],[51.42012,35.72051],[51.41947,35.72048],[51.41902,35.72043],[51.41867,35.72073],[51.41847,35.72107],[51.41825,35.7214],[51.41807,35.72187],[51.418,35.72234],[51.41796,35.72274],[51.4179,35.7231],[51.41783,35.72346],[51.4182,35.72376],[51.41873,35.72378],[51.41914,35.72392],[51.41936,35.72424],[51.41919,35.72462],[51.41898,35.72502],[51.4188,35.72545],[51.41865,35.72581],[51.41859,35.72622],[51.41857,35.72661],[51.4185,35.72711],[51.41849,35.72756],[51.41853,35.72794],[51.41852,35.7283],[51.41799,35.72846],[51.41735,35.72827],[51.41672,35.72807],[51.41622,35.72797],[51.4157,35.72778],[51.4152,35.7276],[51.41477,35.72744],[51.41422,35.72724],[51.41377,35.72717],[51.41351,35.7275],[51.41333,35.72789],[51.41312,35.72834],[51.41291,35.72879],[51.41272,35.72919],[51.41249,35.72964],[51.4123,35.73003],[51.41209,35.73048],[51.41186,35.73098],[51.41164,35.73153],[51.41143,35.73196],[51.41117,35.73233],[51.41104,35.73269],[51.41083,35.73313],[51.41062,35.73353],[51.4104,35.73405],[51.41008,35.73458],[51.40988,35.73519],[51.40965,35.73574],[51.40946,35.73617],[51.40934,35.73652],[51.40919,35.73699],[51.40907,35.73755],[51.40872,35.73782],[51.40832,35.73811],[51.40801,35.7384],[51.40773,35.7387],[51.40738,35.73915],[51.40708,35.73955],[51.40712,35.73974],[51.40714,35.73982],[51.40715,35.73988],[51.40714,35.74005],[51.40701,35.74003],[51.40682,35.74043],[51.40675,35.74081],[51.40663,35.74125],[51.40653,35.74175],[51.40639,35.7423],[51.40631,35.74274],[51.40653,35.74329],[51.40708,35.74349],[51.40722,35.74301],[51.40727,35.74244],[51.40743,35.74189],[51.40764,35.7415],[51.40787,35.74116],[51.40815,35.74065],[51.40852,35.74025],[51.40878,35.73976],[51.40908,35.73942],[51.40946,35.73972],[51.40962,35.74026],[51.40975,35.74079],[51.40995,35.74133],[51.41007,35.74191],[51.41027,35.74245],[51.41046,35.743],[51.41055,35.74349],[51.41062,35.74386],[51.41081,35.74432],[51.41099,35.74475],[51.41114,35.7452],[51.41126,35.74572],[51.41137,35.74618],[51.41147,35.74661],[51.41149,35.74708],[51.41116,35.7475],[51.41093,35.74782],[51.41069,35.74784],[51.41051,35.7482],[51.4102,35.74848],[51.40986,35.74883],[51.41016,35.74851],[51.41048,35.74819],[51.41079,35.74802],[51.41078,35.74802],[51.41097,35.74759],[51.41132,35.7472],[51.41162,35.74752],[51.41178,35.74801],[51.41182,35.74851],[51.41181,35.74903],[51.41174,35.74934],[51.41176,35.74933],[51.41176,35.74934],[51.41176,35.74933],[51.41176,35.74932],[51.41167,35.74971],[51.41167,35.75016],[51.4116,35.75064],[51.41146,35.7511],[51.41139,35.75162],[51.41119,35.7523],[51.41103,35.75281],[51.41093,35.7532],[51.41078,35.75371],[51.4107,35.75408],[51.41119,35.7542],[51.41166,35.75425],[51.41211,35.75424],[51.41228,35.75379],[51.41231,35.75325],[51.41235,35.75277],[51.41243,35.75241],[51.41243,35.75205],[51.41244,35.7516],[51.41254,35.75125],[51.41261,35.75086],[51.4127,35.75048],[51.41267,35.7501],[51.41273,35.74968],[51.41277,35.7493],[51.41278,35.74892],[51.41285,35.74842],[51.41292,35.7479],[51.41292,35.74744],[51.41297,35.74704],[51.41266,35.74662],[51.41244,35.74617],[51.41237,35.74568],[51.41222,35.74522],[51.41207,35.7446],[51.41188,35.74401],[51.4117,35.74346],[51.41148,35.74292],[51.41133,35.74237],[51.41121,35.74192],[51.41109,35.74145],[51.41113,35.74108],[51.41128,35.74067],[51.41147,35.74014],[51.41162,35.73974],[51.41179,35.73937],[51.41183,35.73932],[51.41183,35.73921],[51.41192,35.73923],[51.41192,35.73916],[51.41189,35.73911],[51.412,35.73864],[51.41214,35.73818],[51.41232,35.73763],[51.41255,35.73698],[51.41282,35.73627],[51.41294,35.7359],[51.41313,35.73534],[51.41319,35.73494],[51.41334,35.73452],[51.41352,35.73415],[51.41363,35.73379],[51.41381,35.7334],[51.41407,35.73288],[51.41419,35.73241],[51.41436,35.73194],[51.41454,35.7314],[51.41473,35.73091],[51.41491,35.7304],[51.41509,35.72977],[51.41521,35.72939],[51.41525,35.7294],[51.41525,35.72943],[51.41525,35.72942],[51.4153,35.72906],[51.41543,35.72867],[51.41563,35.72831],[51.41554,35.72795],[51.41499,35.72769],[51.41448,35.72754],[51.41394,35.72735],[51.41347,35.72712],[51.41335,35.72678],[51.41335,35.72679],[51.41335,35.72678],[51.41294,35.72629],[51.41252,35.72582],[51.41207,35.7257],[51.41163,35.72564],[51.41107,35.7256],[51.41063,35.72558],[51.41008,35.72559],[51.40963,35.72557],[51.40906,35.72551],[51.40851,35.72544],[51.40803,35.72537],[51.40795,35.72581],[51.40776,35.72615],[51.40764,35.72618],[51.40775,35.72666],[51.40764,35.72703],[51.40749,35.72745],[51.40749,35.72758],[51.40741,35.72761],[51.40741,35.72761],[51.40745,35.72797],[51.40744,35.72849],[51.40731,35.7289],[51.40727,35.7293],[51.40714,35.72937],[51.40707,35.72938],[51.40705,35.72944],[51.40703,35.72939],[51.40702,35.72939],[51.40696,35.72978],[51.40697,35.73017],[51.4075,35.73025],[51.40767,35.73078],[51.40787,35.73116],[51.40829,35.73127],[51.40875,35.7316],[51.40915,35.73186],[51.40955,35.73215],[51.40992,35.73243],[51.41042,35.73213],[51.41068,35.73174],[51.41085,35.73134],[51.41082,35.73086],[51.41087,35.7305],[51.41082,35.73007],[51.41134,35.73],[51.4118,35.73017],[51.41161,35.73064],[51.41141,35.73097],[51.4112,35.73131],[51.41102,35.73166],[51.41085,35.73213],[51.41072,35.73261],[51.41059,35.733],[51.41031,35.73331],[51.41011,35.73331],[51.41011,35.7333],[51.41006,35.73329],[51.41007,35.7333],[51.41027,35.7332],[51.40976,35.73302],[51.40934,35.73269],[51.40889,35.7324],[51.40835,35.73204],[51.40797,35.73183],[51.40727,35.73176],[51.40678,35.73166],[51.40645,35.73212],[51.40636,35.73256],[51.40623,35.73293],[51.40615,35.73333],[51.40609,35.73374],[51.406,35.73418],[51.40591,35.73453],[51.40597,35.73489],[51.40592,35.73533],[51.4059,35.73563],[51.40589,35.73562],[51.40588,35.7356],[51.40589,35.73562],[51.40581,35.73598],[51.40578,35.73639],[51.40582,35.7369],[51.40593,35.73738],[51.40566,35.73774],[51.40562,35.73818],[51.4056,35.73868],[51.40559,35.73905],[51.40548,35.7394],[51.40542,35.73951],[51.40535,35.73958],[51.40535,35.73958],[51.40535,35.73959],[51.40536,35.73956],[51.40534,35.73953],[51.40536,35.73961],[51.40541,35.74012],[51.40536,35.74052],[51.40532,35.74101],[51.40534,35.74137],[51.4052,35.74185],[51.40521,35.74222],[51.40517,35.74266],[51.40515,35.74334],[51.40509,35.7438],[51.40498,35.7443],[51.40501,35.74475],[51.40497,35.74529],[51.40498,35.74574],[51.40494,35.7462],[51.40478,35.74661],[51.4042,35.74657],[51.40347,35.74655],[51.40266,35.74654],[51.40221,35.74653],[51.40136,35.74642],[51.40095,35.7463],[51.40051,35.74615],[51.40008,35.74593],[51.39966,35.74575],[51.39924,35.74555],[51.39883,35.74537],[51.39815,35.74504],[51.39762,35.74488],[51.39737,35.74526],[51.39732,35.74573],[51.39727,35.74631],[51.39722,35.74684],[51.39717,35.74727],[51.39713,35.74779],[51.39713,35.74852],[51.3971,35.74916],[51.39743,35.74941],[51.39791,35.74944],[51.39836,35.74949],[51.39808,35.74951],[51.39809,35.74949],[51.39807,35.7495],[51.39802,35.74959],[51.39804,35.74956],[51.39808,35.7496],[51.39764,35.74961],[51.3972,35.74974],[51.39711,35.75017],[51.39708,35.75059],[51.39748,35.75079],[51.39777,35.75075],[51.39777,35.75075],[51.39778,35.75076],[51.39823,35.75084],[51.39878,35.75084],[51.39926,35.75079],[51.39939,35.75042],[51.39935,35.75005],[51.39901,35.74973],[51.39909,35.74947],[51.39911,35.74948],[51.39913,35.7495],[51.39921,35.74961],[51.3993,35.74964],[51.3994,35.74965],[51.39946,35.7496],[51.39957,35.74953],[51.3996,35.74948],[51.39959,35.74959],[51.39959,35.7496],[51.39954,35.74969],[51.40008,35.74978],[51.40072,35.74971],[51.40115,35.74983],[51.40105,35.75035],[51.40102,35.75084],[51.40152,35.75118],[51.40236,35.75116],[51.40287,35.75116],[51.40336,35.75117],[51.40383,35.75119],[51.40431,35.75124],[51.40505,35.75126],[51.40575,35.75131],[51.40619,35.75131],[51.40668,35.75131],[51.40717,35.75132],[51.40767,35.75133],[51.40817,35.75133],[51.40867,35.75134],[51.40919,35.75135],[51.40969,35.75139],[51.41022,35.75145],[51.41072,35.75154],[51.41123,35.75164],[51.41174,35.75175],[51.41228,35.75186],[51.4128,35.75197],[51.41331,35.75209],[51.41385,35.75214],[51.4144,35.75216],[51.41497,35.75217],[51.41558,35.75214],[51.4162,35.75206],[51.41685,35.75195],[51.41746,35.75174],[51.41805,35.75145],[51.41859,35.75111],[51.41914,35.75076],[51.41969,35.7504],[51.42026,35.75007],[51.42088,35.74976],[51.42151,35.7495],[51.42219,35.74931],[51.4229,35.74919],[51.42364,35.74915],[51.42438,35.74914],[51.42512,35.74914],[51.42585,35.74914],[51.42658,35.74914],[51.4273,35.74915],[51.42803,35.74916],[51.42874,35.74916],[51.42945,35.74916],[51.43014,35.74917],[51.43083,35.74919],[51.43152,35.74919],[51.43222,35.7492],[51.43292,35.7492],[51.4336,35.7492],[51.43426,35.74922],[51.43491,35.74926],[51.43554,35.74933],[51.43616,35.74943],[51.43675,35.74957],[51.43733,35.74975],[51.43789,35.74994],[51.43848,35.75014],[51.4391,35.75033],[51.43973,35.75048],[51.44039,35.75061],[51.44106,35.7507],[51.44174,35.75074],[51.44242,35.75077],[51.4431,35.7508],[51.44378,35.75082],[51.44446,35.75086],[51.44514,35.75092],[51.44582,35.75101],[51.4465,35.75113],[51.44717,35.75127],[51.4478,35.75145],[51.44843,35.75167],[51.44905,35.75192],[51.44963,35.7522],[51.45016,35.75249],[51.4507,35.75281],[51.45121,35.75313],[51.45171,35.75345],[51.45221,35.75376],[51.45271,35.75405],[51.45319,35.75435],[51.45365,35.75461],[51.45412,35.75483],[51.45459,35.75503],[51.45504,35.75523],[51.45549,35.7554],[51.45596,35.75556],[51.45645,35.75571],[51.45694,35.75586],[51.45746,35.75598],[51.45797,35.75609],[51.45848,35.75618],[51.45901,35.75627],[51.45955,35.75635],[51.4601,35.75642],[51.46065,35.75648],[51.4612,35.75654],[51.46175,35.75658],[51.46228,35.75662],[51.4628,35.75665],[51.46333,35.75666],[51.46385,35.75669],[51.46439,35.7567],[51.46493,35.75672],[51.46544,35.75673],[51.4659,35.75672],[51.46667,35.75659],[51.46674,35.75608],[51.46604,35.75606],[51.4657,35.7566],[51.46572,35.75724],[51.4657,35.75792],[51.4657,35.7583],[51.4657,35.75869],[51.46574,35.75908],[51.46578,35.75946],[51.46584,35.75988],[51.46593,35.76031],[51.46601,35.76073],[51.46609,35.76117],[51.46622,35.76164],[51.46635,35.76211],[51.46647,35.76257],[51.46661,35.76302],[51.46673,35.76348],[51.46686,35.76395],[51.46702,35.76441],[51.46721,35.76486],[51.46742,35.76526],[51.46763,35.76567],[51.46787,35.76611],[51.4681,35.76654],[51.46834,35.76698],[51.46857,35.7674],[51.46879,35.76784],[51.46903,35.76827],[51.4693,35.76869],[51.46963,35.76907],[51.47005,35.76938],[51.47052,35.76966],[51.47099,35.76991],[51.47145,35.77018],[51.47188,35.77044],[51.47224,35.77074],[51.47254,35.77106],[51.47282,35.7714],[51.47309,35.77175],[51.4734,35.77209],[51.47376,35.77241],[51.47416,35.7727],[51.47456,35.77296],[51.47498,35.77322],[51.47535,35.77348],[51.47569,35.77376],[51.47597,35.77408],[51.47622,35.77439],[51.47643,35.77473],[51.47659,35.77512],[51.47671,35.77553],[51.4768,35.77595],[51.4769,35.77637],[51.47701,35.77679],[51.47713,35.77724],[51.47724,35.77766],[51.47737,35.77804],[51.47753,35.77842],[51.47776,35.77878],[51.47807,35.77913],[51.47843,35.77945],[51.47883,35.77977],[51.47926,35.7801],[51.47971,35.78043],[51.48013,35.7808],[51.48053,35.78121],[51.48085,35.78166],[51.48113,35.78217],[51.48139,35.78261],[51.48164,35.78304],[51.48189,35.78344],[51.48215,35.78385],[51.48242,35.78427],[51.48268,35.78466],[51.48295,35.78505],[51.48322,35.78545],[51.48349,35.78586],[51.48375,35.78626],[51.48394,35.78663],[51.48411,35.78697],[51.48433,35.7876],[51.48438,35.78813],[51.48488,35.78821],[51.48543,35.78798],[51.48586,35.78778],[51.48629,35.78762],[51.48698,35.78732],[51.48752,35.78709],[51.4881,35.78685],[51.48882,35.78652],[51.48953,35.78621],[51.49026,35.78595],[51.49109,35.78573],[51.49154,35.78565],[51.49203,35.78558],[51.49254,35.78556],[51.49308,35.78555],[51.49364,35.78558],[51.4942,35.78564],[51.49478,35.78572],[51.49537,35.78581],[51.49595,35.7859],[51.49653,35.786],[51.49713,35.78607],[51.49773,35.78613],[51.49833,35.78617],[51.49894,35.7862],[51.49954,35.78621],[51.50015,35.78614],[51.50075,35.78604],[51.50134,35.78589],[51.50192,35.78574],[51.50252,35.78558],[51.50311,35.78541],[51.50371,35.78525],[51.50432,35.78507],[51.50494,35.7849],[51.50556,35.78473],[51.50618,35.78455],[51.50681,35.78437],[51.50744,35.7842],[51.50808,35.78402],[51.50872,35.78384],[51.50936,35.78366],[51.51,35.78347],[51.51062,35.78326],[51.51125,35.78307],[51.51188,35.78287],[51.51252,35.78267],[51.51313,35.78245],[51.51374,35.7822],[51.51433,35.78192],[51.51489,35.7816],[51.51544,35.78124],[51.51597,35.78084],[51.51652,35.78044],[51.51706,35.78003],[51.51757,35.77965],[51.51807,35.77926],[51.51859,35.77892],[51.51913,35.7786],[51.51969,35.77832],[51.52027,35.77808],[51.52087,35.77788],[51.52148,35.77773],[51.5221,35.77762],[51.52271,35.77754],[51.52332,35.77749],[51.52392,35.77743],[51.52451,35.77739],[51.5251,35.77735],[51.5257,35.77732],[51.5263,35.77727],[51.52693,35.77723],[51.52757,35.77719],[51.52822,35.77715],[51.52888,35.77712],[51.52952,35.77708],[51.53017,35.77703],[51.53081,35.77698],[51.53145,35.77694],[51.53208,35.7769],[51.53271,35.77686],[51.53334,35.7768],[51.53397,35.77675],[51.53459,35.77669],[51.5352,35.77663],[51.53581,35.77655],[51.5364,35.77646],[51.53701,35.77636],[51.53764,35.77625],[51.53827,35.77612],[51.53891,35.77598],[51.53956,35.77583],[51.54019,35.77566],[51.54083,35.77549],[51.54145,35.77531],[51.54207,35.77513],[51.54267,35.77493],[51.54327,35.77473],[51.54386,35.77453],[51.54446,35.77433],[51.54506,35.77413],[51.54566,35.77391],[51.54627,35.77368],[51.54689,35.77347],[51.54752,35.77324],[51.54814,35.77303],[51.54877,35.7728],[51.54941,35.77258],[51.55004,35.77235],[51.55069,35.77212],[51.55132,35.77189],[51.55196,35.77166],[51.5526,35.77145],[51.55323,35.77124],[51.55387,35.77101],[51.55451,35.7708],[51.55514,35.77057],[51.55577,35.77035],[51.5564,35.77013],[51.55703,35.76992],[51.55769,35.76973],[51.55825,35.7694],[51.55883,35.76907],[51.55939,35.76874],[51.55995,35.7684],[51.5605,35.76804],[51.56104,35.76769],[51.56158,35.76731],[51.56213,35.76693],[51.56268,35.76655],[51.56324,35.76617],[51.56383,35.7658],[51.56442,35.76544],[51.56502,35.76508],[51.56562,35.76473],[51.56622,35.76438],[51.56679,35.76402],[51.56735,35.76365],[51.56791,35.76326],[51.56844,35.76286],[51.56896,35.76246],[51.56949,35.76206],[51.57002,35.76166],[51.57055,35.76126],[51.57107,35.76085],[51.5716,35.76045],[51.57211,35.76003],[51.57263,35.75963],[51.57315,35.75923],[51.57364,35.75882],[51.57412,35.75839],[51.57458,35.75794],[51.57499,35.75746],[51.57536,35.75699],[51.57568,35.75651],[51.57597,35.75603],[51.5762,35.7556],[51.57636,35.75522],[51.57656,35.75456],[51.57672,35.75395],[51.57691,35.75361],[51.57724,35.75314],[51.57781,35.75261],[51.57847,35.75217],[51.5791,35.75179],[51.57912,35.75133],[51.57847,35.75088],[51.57808,35.7506],[51.57766,35.75032],[51.57727,35.75001],[51.57691,35.74968],[51.57662,35.74938],[51.5763,35.749],[51.57628,35.74854],[51.57659,35.74795],[51.577,35.74735],[51.57702,35.7467],[51.57687,35.74635],[51.57672,35.74597],[51.57657,35.7456],[51.5762,35.74513],[51.57555,35.74525],[51.5747,35.74551],[51.57424,35.74565],[51.57379,35.74578],[51.57334,35.7459],[51.57276,35.74601],[51.57251,35.74564],[51.57228,35.74505],[51.57213,35.7447],[51.57198,35.74434],[51.5719,35.74393],[51.57196,35.74352],[51.57222,35.74307],[51.57261,35.74263],[51.57289,35.74233],[51.57289,35.74178],[51.57231,35.74139],[51.57161,35.74102],[51.57115,35.74077],[51.57063,35.74049],[51.57001,35.74012],[51.56933,35.73973],[51.56871,35.73933],[51.56808,35.73894],[51.5675,35.73856],[51.56701,35.73821],[51.56642,35.73785],[51.56576,35.73744],[51.56506,35.73704],[51.5647,35.73683],[51.56409,35.73645],[51.56352,35.73616],[51.56303,35.73586],[51.56243,35.73551],[51.56177,35.73514],[51.56108,35.73472],[51.56036,35.73427],[51.55976,35.73389],[51.55926,35.73358],[51.55882,35.73333],[51.55833,35.73308],[51.55781,35.73278],[51.55721,35.73246],[51.55657,35.73211],[51.55606,35.73182],[51.55559,35.73157],[51.5551,35.73126],[51.55459,35.73094],[51.55411,35.73068],[51.55369,35.73046],[51.55384,35.73008],[51.55411,35.7297],[51.55405,35.72967],[51.55387,35.7298],[51.55396,35.72988],[51.55392,35.72992],[51.554,35.72984],[51.55381,35.72994],[51.55385,35.72991]]]}},{"type":"Feature","properties":{"route":1,"color":"#2563eb","times":[[26872,26875,26881,26941,27001,27061,27121,27181,27241,27301,27361,27421,27481,27541,27601,27661,27721,27781,27841,27901,27961,28021,28075,28090,28102,28111,28120,28129,28138,28144,28153,28159,28168,28177,28186,28195,28204,28210,28216,28222,28228,28234,28243,28255,28261,28267,28273,28279,28285,28291,28297,28303,28309,28315,28375,28393,28402,28408,28414,28420,28426,28432,28444,28450,28456,28462,28465,28468,28471,28474,28477,28480,28483,28489,28495,28501,28507,28513,28516,28522,28528,28534,28540,28546,28552,28558,28564,28570,28576,28582,28591,28597,28603,28609,28615,28621,28627,28633,28639,28645,28651,28654,28657,28660,28663,28666,28669,28672,28675,28678,28681,28684,28687]],"type":"access_route","source":"recorded_gps_prefix"},"geometry":{"type":"MultiLineString","coordinates":[[[51.55417,35.72998],[51.55418,35.73036],[51.55415,35.72999],[51.55407,35.73],[51.55433,35.73006],[51.55429,35.73006],[51.55411,35.72991],[51.55409,35.72984],[51.5542,35.72987],[51.55416,35.72986],[51.55413,35.72984],[51.5541,35.72989],[51.55411,35.72991],[51.55413,35.7299],[51.55409,35.72988],[51.55408,35.72988],[51.55407,35.72986],[51.55404,35.72988],[51.55402,35.72986],[51.55405,35.72979],[51.55421,35.72987],[51.55413,35.72988],[51.5538,35.73015],[51.55349,35.73051],[51.55318,35.73083],[51.55288,35.73115],[51.55259,35.73144],[51.5523,35.73176],[51.55191,35.73218],[51.55165,35.7325],[51.55127,35.73294],[51.55098,35.73324],[51.55067,35.7336],[51.55036,35.73394],[51.54993,35.73413],[51.5493,35.73414],[51.54867,35.73409],[51.54825,35.73382],[51.5478,35.73355],[51.54726,35.73328],[51.54674,35.7329],[51.54628,35.73264],[51.54581,35.73238],[51.54525,35.7324],[51.54485,35.73271],[51.5443,35.73299],[51.54384,35.73319],[51.54327,35.73328],[51.54255,35.73335],[51.54176,35.73344],[51.54109,35.73353],[51.54043,35.73364],[51.53974,35.73374],[51.5391,35.73384],[51.53871,35.7339],[51.53825,35.73395],[51.53787,35.73351],[51.53757,35.73295],[51.53725,35.73238],[51.53688,35.73177],[51.53657,35.73114],[51.53632,35.73067],[51.53613,35.73026],[51.5359,35.72995],[51.53557,35.72943],[51.53524,35.72879],[51.53506,35.72844],[51.53487,35.7281],[51.5347,35.72773],[51.53457,35.72737],[51.53446,35.72698],[51.53444,35.72657],[51.53448,35.72618],[51.53456,35.7255],[51.5345,35.72495],[51.53414,35.72473],[51.53355,35.72466],[51.53272,35.72462],[51.53226,35.72458],[51.53139,35.72452],[51.53054,35.72446],[51.52968,35.72442],[51.52884,35.72436],[51.52823,35.7243],[51.5276,35.72425],[51.5269,35.72418],[51.52623,35.72415],[51.52573,35.72412],[51.5252,35.72406],[51.52465,35.72404],[51.5241,35.72401],[51.52363,35.72399],[51.52311,35.7239],[51.5226,35.72386],[51.52208,35.72382],[51.52152,35.72381],[51.52079,35.72376],[51.51997,35.72367],[51.51926,35.72354],[51.51859,35.72341],[51.51778,35.72318],[51.51732,35.72305],[51.51683,35.7229],[51.51632,35.72275],[51.51581,35.72257],[51.51527,35.72241],[51.51472,35.72225],[51.51417,35.72209],[51.51363,35.72194],[51.5131,35.72176],[51.51258,35.72162],[51.51205,35.72147],[51.51159,35.72136]]]}},{"type":"Feature","properties":{"route":2,"color":"#0d9488","times":[[27405,27420,27480,27540,27600,27660,27720,27780,27840,27900,27960,27972,27978,27987,27996,28014,28023,28029,28035,28041,28050,28110,28158,28164,28170,28176,28200,28260,28320,28380,28440,28500,28560,28620,28680,28728,28788,28848,28908,28968,29028,29067,29109,29169,29229,29289,29349,29409,29469,29529,29586,29646,29706,29766,29826,29886,29946,30006,30066,30126,30186,30207,30222,30240,30291,30309,30321,30342,30366,30372,30384,30396,30402,30414,30474,30534,30594,30654,30714,30774,30834,30894,30942,30951,30957,30963,30975,30993,31005,31020,31032,31038,31056,31065,31071,31083,31092,31152,31212,31272,31332,31392,31452,31512,31572,31632,31692,31701,31713,31770,31830,31884,31944,31968,32028,32088,32148,32208,32268,32328,32379,32388,32394,32400,32412,32421,32430,32439,32499,32559,32619,32640,32652,32661,32676,32682,32694,32754,32814,32874,32886,32898,32907,32913,32919,32925,32931,32940,32949,32961,32973,32985,32994,33054,33114,33174,33213,33225,33240,33300,33360,33420,33480,33540,33582,33642,33702,33762,33822,33882,33942,34002,34062,34122,34182,34242,34257,34299,34359,34419,34452,34464,34473,34479,34485,34491,34500,34560,34575,34584,34599,34605,34611,34620,34638,34698,34719,34728,34734,34746,34806,34866,34920,34926,34938,34947,34953,34959,35019,35079,35139,35178,35184,35190,35196,35250,35256,35262,35268,35274,35280,35286,35328,35337,35397,35457,35517,35577,35637,35697,35757,35817,35829,35838,35844,35850,35856,35877,35889,35907,35967,36173,36233,36257,36275,36299,36359,36419,36479,36488,36497,36518,36530,36542,36554,36560,36569,36578,36584,36590,36650,36710,36770,36830,36854,36860,36866,36899,36959,37019,37079,37139,37199,37259,37280,37298,37304,37310,37319,37328,37340,37379,37439,37499,37544,37553,37565,37574,37580,37598,37607,37622,37625,37637,37661,37691,37751,37796,37805,37829,37850,37871,37880,37886,37892,37898,37904,37910,37916,37922,37925,37928,37931,37934,37940,37946,37952,37958,37964,37970,37976,37982,37985,37988,37991,37997,38003,38009,38012,38015,38018,38021,38027,38030,38033,38039,38048,38054,38057,38063,38078,38084,38093,38102,38111,38117,38123,38132,38162,38222,38282,38312,38372,38432,38492,38519,38531,38591,38651,38711,38771,38831,38891,38951,39011,39035,39074,39134,39194,39254,39314,39374,39434,39494,39527,39536,39554,39614,39668,39695,39755,39773,39791,39821,39830,39845,39854,39863,39887,39947,40007,40067,40109,40127,40187,40247,40307,40367,40427,40487,40547,40607,40616,40625,40631,40637,40646,40655,40661,40667,40685,40691,40700,40727,40736,40742,40772,40832,40892,40928,40988,41048,41108,41150,41174,41234,41294,41306,41366,41426,41486,41546,41606,41621,41633,41645,41657,41666,41675,41684,41690,41699,41711,41723,41735,41795,41855,41873,41885,41897,41909,41927,41933,41945,41954,41960,41969,42005,42065,42125,42185,42242,42284,42344,42404,42464,42476,42485,42497,42506,42515,42527,42533,42545,42554,42566,42578,42587,42647,42698,42743,42779,42839,42884,42890,42902,42908,42920,42932,42941,42989,43049,43109,43148,43163,43175,43193,43205,43214,43274,43334,43394,43424,43430,43436,43445,43451,43457,43463,43469,43475,43481,43487,43490,43493,43496,43499,43502,43505,43508,43511,43514,43517,43520,43523,43526,43529,43532,43535,43538,43541,43544,43547,43550,43553,43556,43559,43562,43565,43568,43571,43574,43577,43580,43583,43586,43589,43592,43595,43598,43601,43607,43613,43619,43625,43631,43637,43640,43643,43646,43649,43652,43655,43658,43661,43664,43667,43670,43673,43676,43679,43685,43697,43709,43721,43727,43733,43739,43745,43751,43757,43763,43769,43775,43778,43781,43784,43787,43790,43793,43796,43802,43808,43811,43817,43826,43832,43838,43844,43850,43856,43859,43862,43865,43868,43871,43877,43883,43889,43892,43895,43898,43901,43904,43907,43910,43913,43916,43919,43922,43925,43928,43931,43934,43937,43940,43943,43946,43949,43952,43955,43958,43961,43964,43967,43970,43973,43976,43979,43982,43985,43988,43991,43994,43997,44000,44003,44006,44009,44012,44015,44018,44021,44024,44027,44030,44033,44036,44039,44042,44045,44048,44051,44054,44057,44060,44063,44066,44069,44072,44075,44078,44081,44084,44087,44090,44093,44096,44099,44102,44105,44108,44111,44114,44117,44120,44123,44126,44129,44132,44135,44138,44141,44144,44147,44150,44153,44156,44159,44162,44165,44168,44171,44174,44177,44180,44183,44186,44189,44192,44195,44198,44201,44204,44207,44210,44213,44216,44219,44225,44228,44231,44234,44237,44240,44243,44249,44255,44261,44264,44267,44270,44273,44276,44279,44282,44285,44288,44291,44294,44297,44300,44303,44306,44309,44312,44315,44318,44321,44324,44327,44330,44333,44336,44339,44342,44345,44348,44351,44354,44357,44360,44363,44366,44369,44372,44375,44378,44381,44384,44387,44390,44393,44396,44399,44402,44405,44408,44411,44414,44417,44420,44426,44432,44438,44444,44450,44456,44462,44468,44474,44480,44486,44492,44498,44504,44510,44516,44519,44522,44525,44528,44531,44534,44537,44540,44543,44546,44549,44552,44555,44558,44561,44564,44567,44570,44573,44576,44579,44582,44585,44588,44591,44594,44597,44600,44603,44606,44609,44612,44615,44618,44621,44624,44627,44630,44633,44636,44639,44642,44645,44648,44651,44654,44657,44660,44663,44666,44669,44672,44675,44678,44681,44684,44687,44690,44693,44696,44699,44702,44705,44708,44711,44714,44717,44720,44723,44726,44729,44732,44735,44738,44741,44744,44747,44750,44753,44756,44759,44762,44765,44768,44771,44774,44777,44780,44783,44786,44789,44792,44795,44798,44801,44804,44807,44810,44813,44816,44819,44822,44825,44828,44831,44834,44837,44840,44843,44846,44849,44852,44855,44858,44861,44864,44867,44870,44873,44876,44879,44882,44885,44888,44894,44903,44909,44912,44915,44918,44921,44927,44933,44939,44945,44948,44951,44954,44960,44969,44975,44978,44981,44987,44990,44993,44996,44999,45005,45011,45014,45017,45020,45023,45029,45035,45041,45044,45047,45053,45062,45068,45086,45095,45104,45110,45116,45125,45131,45137,45143,45149,45155,45161,45167,45173,45179,45185,45191,45197,45203,45212,45218,45224,45230,45236,45242,45248,45254,45260,45272,45278,45284,45290,45296,45302,45308,45317,45326,45332,45338,45353,45362,45422,45482,45542,45602,45662,45722]],"type":"operational_gps","source":"recorded_gps"},"geometry":{"type":"MultiLineString","coordinates":[[[51.36681,35.72554],[51.36717,35.72531],[51.36728,35.72502],[51.36702,35.72497],[51.36709,35.72497],[51.36718,35.72501],[51.36723,35.72499],[51.36716,35.72495],[51.36712,35.72496],[51.36706,35.72498],[51.36721,35.72524],[51.36753,35.72564],[51.36796,35.72576],[51.36856,35.72582],[51.36917,35.72577],[51.36958,35.72606],[51.36973,35.72651],[51.36986,35.72699],[51.37018,35.72725],[51.37071,35.72721],[51.37122,35.72709],[51.37122,35.72719],[51.37174,35.7269],[51.3722,35.7268],[51.37266,35.72677],[51.3731,35.72667],[51.37322,35.72628],[51.37326,35.7262],[51.37304,35.72626],[51.37314,35.72617],[51.37331,35.72614],[51.37335,35.7263],[51.37327,35.72613],[51.37329,35.72615],[51.37329,35.72602],[51.37312,35.72636],[51.37336,35.72616],[51.37327,35.72626],[51.37322,35.72619],[51.37323,35.72622],[51.37324,35.7262],[51.37316,35.72584],[51.37302,35.7255],[51.37303,35.72554],[51.37288,35.72579],[51.37279,35.7257],[51.3728,35.72557],[51.37302,35.72538],[51.37304,35.72548],[51.37285,35.72572],[51.37278,35.72535],[51.37281,35.72561],[51.3728,35.72559],[51.37281,35.72562],[51.3728,35.72555],[51.37281,35.72564],[51.3729,35.72573],[51.37281,35.72567],[51.37288,35.72565],[51.37295,35.72538],[51.37272,35.72518],[51.37221,35.7253],[51.37179,35.72516],[51.37133,35.72523],[51.37183,35.72525],[51.37224,35.7255],[51.37231,35.72597],[51.37257,35.72637],[51.37223,35.72666],[51.37189,35.72694],[51.37138,35.7268],[51.37111,35.72634],[51.37099,35.72599],[51.37077,35.72556],[51.37072,35.72538],[51.37083,35.72536],[51.37079,35.72531],[51.37077,35.72534],[51.37075,35.72535],[51.37072,35.72538],[51.37072,35.72538],[51.37072,35.72538],[51.37057,35.72495],[51.37043,35.72452],[51.37028,35.72406],[51.37029,35.7237],[51.37072,35.72354],[51.37132,35.72347],[51.37177,35.72336],[51.37206,35.72305],[51.37245,35.72286],[51.37281,35.72264],[51.37323,35.72242],[51.37374,35.72233],[51.3741,35.7221],[51.37412,35.7217],[51.3741,35.72131],[51.37416,35.72123],[51.37432,35.72104],[51.37435,35.72102],[51.37448,35.7211],[51.37466,35.72095],[51.37474,35.72078],[51.37471,35.7209],[51.37468,35.72085],[51.37469,35.72097],[51.37431,35.72108],[51.3738,35.7211],[51.37321,35.72107],[51.373,35.72145],[51.37294,35.72164],[51.37279,35.7213],[51.37277,35.72116],[51.37259,35.72083],[51.37242,35.72052],[51.3726,35.7206],[51.37266,35.72073],[51.37285,35.72095],[51.37295,35.72125],[51.37305,35.72133],[51.3727,35.72103],[51.37263,35.7206],[51.37251,35.72022],[51.37245,35.71981],[51.37245,35.71944],[51.37234,35.71905],[51.37219,35.71854],[51.37207,35.71807],[51.37177,35.7181],[51.37177,35.71811],[51.37207,35.71802],[51.37212,35.71764],[51.37257,35.71782],[51.37307,35.71789],[51.37358,35.71813],[51.37381,35.71845],[51.37436,35.71825],[51.37463,35.71812],[51.37465,35.71813],[51.37467,35.7181],[51.37506,35.7179],[51.37512,35.71741],[51.37504,35.71688],[51.3749,35.71637],[51.37477,35.71593],[51.37467,35.71547],[51.37452,35.71509],[51.37436,35.7147],[51.37417,35.71431],[51.37383,35.71398],[51.37357,35.71365],[51.37303,35.71355],[51.37244,35.71354],[51.37234,35.71335],[51.37221,35.71353],[51.37226,35.71352],[51.37283,35.71344],[51.3733,35.71341],[51.37312,35.71303],[51.37309,35.71301],[51.37307,35.71298],[51.37309,35.71297],[51.37314,35.71292],[51.3732,35.71297],[51.37319,35.7126],[51.37318,35.71284],[51.37322,35.71285],[51.3733,35.71296],[51.37328,35.71293],[51.37335,35.71302],[51.37327,35.71293],[51.3732,35.71294],[51.37309,35.71296],[51.37306,35.71296],[51.37307,35.71295],[51.37292,35.71264],[51.37272,35.71226],[51.3725,35.71193],[51.37246,35.7119],[51.3725,35.71205],[51.37285,35.71175],[51.37337,35.71166],[51.37397,35.71165],[51.37446,35.71161],[51.3749,35.71154],[51.37536,35.7116],[51.37592,35.71166],[51.37616,35.7117],[51.37673,35.71167],[51.37725,35.71162],[51.37749,35.71112],[51.37763,35.71071],[51.37777,35.71032],[51.37777,35.70994],[51.37779,35.70952],[51.37784,35.70942],[51.37779,35.709],[51.37762,35.70844],[51.3776,35.70799],[51.37759,35.70762],[51.3776,35.70749],[51.37757,35.70747],[51.37758,35.70705],[51.37751,35.70663],[51.37706,35.70644],[51.37657,35.70685],[51.37614,35.70726],[51.37572,35.70762],[51.37539,35.70776],[51.37523,35.70776],[51.37527,35.70778],[51.37499,35.70811],[51.37469,35.7084],[51.37431,35.70874],[51.374,35.70904],[51.37353,35.70937],[51.37319,35.70966],[51.37275,35.71009],[51.37224,35.71046],[51.37174,35.71091],[51.37123,35.71139],[51.37085,35.7118],[51.37053,35.71216],[51.37026,35.71247],[51.37013,35.7127],[51.37018,35.71275],[51.37017,35.7128],[51.37018,35.71275],[51.37017,35.71265],[51.37014,35.71277],[51.37017,35.71269],[51.37004,35.71275],[51.36967,35.71307],[51.36922,35.71351],[51.3688,35.7139],[51.36837,35.71434],[51.36807,35.71465],[51.36805,35.71502],[51.36853,35.71515],[51.36887,35.71491],[51.36879,35.71488],[51.36895,35.71493],[51.36884,35.7151],[51.36841,35.71498],[51.36798,35.7148],[51.36762,35.71507],[51.36757,35.71522],[51.36756,35.71521],[51.36748,35.71529],[51.36721,35.71559],[51.36682,35.71593],[51.36645,35.71622],[51.36618,35.71654],[51.36595,35.71686],[51.36639,35.71718],[51.36683,35.71741],[51.36717,35.71769],[51.36734,35.71815],[51.36751,35.71865],[51.36766,35.71913],[51.36781,35.71917],[51.36775,35.71916],[51.36768,35.71922],[51.36773,35.71927],[51.36782,35.71976],[51.36789,35.72017],[51.36804,35.72067],[51.36816,35.72109],[51.36824,35.72134],[51.36816,35.72128],[51.36823,35.72122],[51.3682,35.7213],[51.36817,35.72129],[51.36822,35.72117],[51.36829,35.72153],[51.36809,35.72195],[51.36769,35.72212],[51.36723,35.72216],[51.36709,35.7225],[51.36689,35.72296],[51.36632,35.72298],[51.36589,35.7231],[51.36564,35.72317],[51.36558,35.72308],[51.366,35.72285],[51.3662,35.72242],[51.36631,35.72199],[51.36636,35.7214],[51.36642,35.72103],[51.36599,35.72085],[51.36549,35.72076],[51.365,35.72046],[51.36454,35.72058],[51.36372,35.72053],[51.36326,35.72048],[51.3629,35.72024],[51.36276,35.72001],[51.36243,35.72039],[51.36218,35.72081],[51.36185,35.72113],[51.36147,35.72135],[51.36136,35.72174],[51.36184,35.72207],[51.36223,35.72241],[51.36259,35.72276],[51.36304,35.72322],[51.36354,35.72371],[51.36409,35.72423],[51.36461,35.72478],[51.36518,35.72534],[51.36547,35.72563],[51.36577,35.72592],[51.36606,35.72619],[51.36635,35.72648],[51.36681,35.72691],[51.36722,35.72726],[51.36772,35.7277],[51.36824,35.72817],[51.36877,35.72859],[51.36932,35.72859],[51.36988,35.72849],[51.37058,35.72823],[51.37097,35.72802],[51.37136,35.72782],[51.37176,35.72765],[51.37242,35.72739],[51.37323,35.72721],[51.37401,35.72705],[51.37444,35.72695],[51.37488,35.72686],[51.37536,35.72677],[51.37582,35.72668],[51.37675,35.72652],[51.37723,35.72639],[51.37768,35.72629],[51.37844,35.7261],[51.37906,35.7258],[51.37972,35.72549],[51.38011,35.7253],[51.38073,35.72498],[51.38023,35.72538],[51.37976,35.72559],[51.37932,35.7258],[51.37901,35.72608],[51.37872,35.72645],[51.37835,35.72677],[51.37793,35.72713],[51.37758,35.7274],[51.37774,35.72774],[51.37799,35.72789],[51.37799,35.72788],[51.37748,35.72785],[51.37745,35.72778],[51.37778,35.72771],[51.37804,35.72791],[51.37848,35.72812],[51.37897,35.72823],[51.37924,35.72803],[51.37923,35.72803],[51.37923,35.72803],[51.3793,35.72802],[51.37932,35.72803],[51.37926,35.72791],[51.37917,35.72801],[51.37922,35.72806],[51.37966,35.72818],[51.37918,35.72801],[51.37927,35.72805],[51.3794,35.72805],[51.37946,35.72808],[51.37922,35.72798],[51.37922,35.72802],[51.37922,35.72802],[51.37922,35.72798],[51.37923,35.7275],[51.37932,35.7271],[51.37948,35.7267],[51.3798,35.72664],[51.37969,35.727],[51.37998,35.72666],[51.37996,35.72657],[51.37951,35.72664],[51.37923,35.72627],[51.37939,35.72663],[51.37928,35.72699],[51.37971,35.7272],[51.38021,35.72735],[51.38082,35.72748],[51.38112,35.72718],[51.38112,35.727],[51.38124,35.72712],[51.38119,35.72744],[51.38124,35.72707],[51.38128,35.72755],[51.38131,35.72735],[51.38133,35.72728],[51.38136,35.72712],[51.38127,35.72705],[51.38126,35.72718],[51.3813,35.72725],[51.38121,35.72731],[51.38108,35.72735],[51.38098,35.72772],[51.38092,35.72816],[51.38086,35.72855],[51.38081,35.72899],[51.38079,35.72936],[51.38076,35.72988],[51.38064,35.7303],[51.38052,35.73065],[51.38006,35.73071],[51.37965,35.73057],[51.37922,35.73037],[51.37878,35.73061],[51.37864,35.73105],[51.3785,35.73141],[51.37838,35.73176],[51.37823,35.73172],[51.37824,35.73156],[51.37826,35.73193],[51.37819,35.73197],[51.37834,35.73191],[51.37817,35.73206],[51.378,35.73241],[51.37807,35.73279],[51.37826,35.73262],[51.37808,35.73257],[51.37799,35.73293],[51.37798,35.73292],[51.37813,35.73296],[51.3782,35.73291],[51.37808,35.73282],[51.37799,35.73303],[51.3778,35.73338],[51.37767,35.73375],[51.37754,35.73412],[51.37741,35.73452],[51.37728,35.73491],[51.37714,35.73533],[51.37698,35.73578],[51.37688,35.73615],[51.37676,35.73653],[51.37679,35.73692],[51.37726,35.73707],[51.37767,35.73728],[51.37799,35.73737],[51.37824,35.73726],[51.3787,35.73737],[51.37914,35.73745],[51.37954,35.73767],[51.38008,35.73772],[51.38007,35.73817],[51.37993,35.73856],[51.37983,35.73893],[51.37968,35.73938],[51.37948,35.73989],[51.37938,35.74025],[51.37899,35.74042],[51.37873,35.7407],[51.37875,35.7407],[51.37879,35.74072],[51.37834,35.74047],[51.37809,35.74015],[51.37806,35.74022],[51.37815,35.74007],[51.37801,35.74024],[51.3781,35.73988],[51.37823,35.73951],[51.37837,35.7391],[51.37853,35.73868],[51.37862,35.7383],[51.37829,35.73792],[51.37786,35.73778],[51.37733,35.73761],[51.37687,35.73757],[51.37636,35.73747],[51.37587,35.73737],[51.37544,35.73727],[51.37532,35.73734],[51.37561,35.73706],[51.3753,35.73736],[51.37562,35.73707],[51.3754,35.73715],[51.37531,35.7367],[51.37541,35.7363],[51.37513,35.73594],[51.3747,35.73581],[51.37422,35.73573],[51.37368,35.73556],[51.37322,35.73547],[51.37277,35.73549],[51.3728,35.73555],[51.37274,35.73563],[51.37314,35.73538],[51.37355,35.73514],[51.37412,35.7352],[51.37451,35.73499],[51.37466,35.73455],[51.37472,35.73418],[51.37481,35.73406],[51.37482,35.73408],[51.37486,35.73404],[51.3745,35.73382],[51.3739,35.73371],[51.3731,35.7335],[51.37261,35.73356],[51.37238,35.73393],[51.37205,35.73436],[51.3716,35.73465],[51.3713,35.73511],[51.37105,35.73575],[51.37085,35.73646],[51.37069,35.73718],[51.37061,35.73757],[51.37057,35.73797],[51.37046,35.73839],[51.37038,35.73881],[51.37032,35.73924],[51.37024,35.73962],[51.37009,35.74003],[51.37,35.74045],[51.36994,35.74088],[51.36985,35.74132],[51.36979,35.74176],[51.36974,35.7422],[51.36972,35.74266],[51.36971,35.74308],[51.36973,35.74356],[51.36978,35.74403],[51.36985,35.7445],[51.36997,35.74498],[51.37014,35.74542],[51.37036,35.74586],[51.37063,35.74628],[51.37093,35.74669],[51.37124,35.74712],[51.37158,35.74751],[51.37196,35.74787],[51.3724,35.74819],[51.37287,35.74849],[51.37337,35.74876],[51.37389,35.74898],[51.37443,35.74914],[51.37501,35.74929],[51.37558,35.74941],[51.37618,35.74954],[51.37679,35.74961],[51.37739,35.74966],[51.37801,35.7497],[51.3786,35.74974],[51.37907,35.74976],[51.37983,35.74981],[51.38046,35.74985],[51.3811,35.74989],[51.38185,35.74992],[51.3827,35.74999],[51.38362,35.75003],[51.38412,35.75005],[51.38461,35.75009],[51.38508,35.75014],[51.38556,35.75017],[51.38606,35.75022],[51.38657,35.75027],[51.38708,35.75031],[51.38762,35.75035],[51.38813,35.75041],[51.38865,35.75047],[51.38916,35.75052],[51.38964,35.75053],[51.39009,35.75057],[51.39056,35.75061],[51.39134,35.75071],[51.39178,35.75073],[51.39237,35.75075],[51.39286,35.75077],[51.39332,35.75082],[51.39378,35.75086],[51.39424,35.75095],[51.39484,35.75098],[51.39548,35.75104],[51.39623,35.75109],[51.39673,35.75111],[51.39735,35.75115],[51.39821,35.75118],[51.39868,35.75119],[51.39916,35.75119],[51.39965,35.75121],[51.40017,35.75121],[51.40067,35.75123],[51.40118,35.75123],[51.40166,35.75123],[51.40243,35.75122],[51.40329,35.75125],[51.40374,35.75126],[51.40433,35.75125],[51.40502,35.75124],[51.40562,35.75125],[51.40638,35.75125],[51.40703,35.75126],[51.40773,35.75128],[51.4086,35.75127],[51.40907,35.75127],[51.40959,35.7513],[51.41014,35.75135],[51.41068,35.75144],[51.41115,35.75153],[51.41172,35.75166],[51.41237,35.75181],[51.41315,35.75202],[51.41361,35.75209],[51.41407,35.75214],[51.41453,35.75221],[51.415,35.75223],[51.41551,35.75216],[51.41601,35.75207],[51.41656,35.75194],[51.41716,35.75176],[51.41779,35.75149],[51.41843,35.75117],[51.41907,35.75078],[51.41969,35.75036],[51.42032,35.74997],[51.42102,35.74965],[51.42175,35.74938],[51.42252,35.74921],[51.42331,35.7491],[51.42412,35.74907],[51.42494,35.74905],[51.42573,35.74906],[51.42649,35.74906],[51.42724,35.74905],[51.42798,35.74908],[51.42871,35.74909],[51.42944,35.7491],[51.43018,35.74911],[51.43093,35.74911],[51.43165,35.74911],[51.4324,35.74912],[51.43312,35.74915],[51.43383,35.74916],[51.43453,35.74917],[51.43521,35.74922],[51.43586,35.74932],[51.43651,35.74943],[51.43712,35.74959],[51.4377,35.74978],[51.43828,35.74998],[51.43888,35.75015],[51.43953,35.75032],[51.44017,35.75046],[51.44085,35.75055],[51.44154,35.7506],[51.44225,35.75062],[51.44296,35.75065],[51.44366,35.75069],[51.44438,35.75076],[51.4451,35.75083],[51.44582,35.75092],[51.44655,35.75101],[51.44726,35.7512],[51.44797,35.75143],[51.44869,35.75169],[51.44943,35.75198],[51.45012,35.7523],[51.45077,35.75267],[51.45137,35.75305],[51.45194,35.75342],[51.4525,35.75378],[51.45309,35.75412],[51.45365,35.75442],[51.45419,35.75471],[51.45471,35.75493],[51.45524,35.75516],[51.45577,35.75538],[51.45634,35.75556],[51.45693,35.75572],[51.45752,35.75588],[51.45814,35.75603],[51.45877,35.75617],[51.45941,35.75628],[51.46003,35.75636],[51.46066,35.75643],[51.46127,35.75648],[51.46186,35.75653],[51.46235,35.75655],[51.46281,35.75658],[51.46329,35.75662],[51.46377,35.75665],[51.46428,35.75667],[51.46479,35.75668],[51.4653,35.75669],[51.46581,35.75668],[51.46627,35.75668],[51.46672,35.75669],[51.46719,35.75669],[51.46771,35.75665],[51.46827,35.75664],[51.46884,35.75663],[51.46946,35.7566],[51.47009,35.75661],[51.47075,35.75667],[51.47142,35.75677],[51.47212,35.75689],[51.47282,35.75705],[51.47352,35.75724],[51.47422,35.75746],[51.47488,35.75771],[51.47555,35.75795],[51.4762,35.75823],[51.47684,35.75848],[51.47749,35.75875],[51.47816,35.75893],[51.47885,35.75911],[51.47946,35.75933],[51.48018,35.7594],[51.48092,35.75938],[51.48162,35.75932],[51.48231,35.75929],[51.48284,35.75923],[51.48367,35.75906],[51.48411,35.75897],[51.48458,35.75887],[51.48505,35.75876],[51.48553,35.75861],[51.48601,35.75846],[51.48644,35.75832],[51.48674,35.75789],[51.48627,35.75746],[51.48554,35.75755],[51.48537,35.75789],[51.48523,35.75828],[51.48502,35.75869],[51.48479,35.75916],[51.48466,35.75957],[51.48456,35.75996],[51.48445,35.76034],[51.48434,35.76073],[51.48426,35.76112],[51.48426,35.76151],[51.4843,35.76196],[51.48444,35.76237],[51.48465,35.76281],[51.48492,35.76325],[51.4852,35.76374],[51.48544,35.76425],[51.48567,35.76478],[51.48588,35.76533],[51.486,35.76592],[51.48608,35.76651],[51.48615,35.76711],[51.48622,35.76769],[51.48628,35.76828],[51.48634,35.76887],[51.48638,35.76948],[51.48642,35.77007],[51.48642,35.77067],[51.48644,35.77126],[51.48646,35.77185],[51.48648,35.77244],[51.48657,35.77303],[51.48674,35.77361],[51.48695,35.77417],[51.48723,35.77473],[51.48759,35.77526],[51.48801,35.77576],[51.48845,35.77624],[51.48892,35.7767],[51.48936,35.7772],[51.48978,35.7777],[51.49016,35.77823],[51.49041,35.77881],[51.49052,35.77943],[51.49048,35.78005],[51.49044,35.78065],[51.49043,35.78126],[51.49043,35.78185],[51.49046,35.78243],[51.49053,35.783],[51.49067,35.78358],[51.49093,35.78406],[51.49128,35.7844],[51.49169,35.7846],[51.49247,35.78464],[51.49315,35.78486],[51.49374,35.78529],[51.49443,35.78553],[51.4952,35.78564],[51.496,35.78574],[51.4968,35.78587],[51.49738,35.78565],[51.4975,35.78525],[51.49757,35.78479],[51.49801,35.78491],[51.4985,35.78527],[51.49907,35.78565],[51.49971,35.78589],[51.50036,35.78599],[51.50113,35.78589],[51.50157,35.78578],[51.50204,35.78566],[51.50253,35.78555],[51.50304,35.78541],[51.50359,35.78526],[51.50416,35.78511],[51.50477,35.78494],[51.5054,35.78477],[51.50605,35.78459],[51.50672,35.78441],[51.5074,35.78422],[51.50807,35.78405],[51.50873,35.78387],[51.50938,35.78368],[51.51003,35.78348],[51.51068,35.78328],[51.51133,35.78307],[51.51199,35.78287],[51.51261,35.78266],[51.51325,35.78244],[51.51386,35.78216],[51.51443,35.78185],[51.515,35.7815],[51.51555,35.78112],[51.51609,35.78072],[51.51663,35.7803],[51.51717,35.77987],[51.51773,35.77945],[51.51833,35.77904],[51.51895,35.77866],[51.51957,35.77831],[51.52021,35.77805],[51.52088,35.77785],[51.52156,35.77769],[51.52226,35.77757],[51.52297,35.7775],[51.52367,35.77746],[51.52438,35.77743],[51.52509,35.77739],[51.5258,35.77735],[51.52654,35.7773],[51.52727,35.77724],[51.52799,35.77722],[51.52873,35.77719],[51.52944,35.77715],[51.53013,35.77713],[51.53083,35.7771],[51.53151,35.77706],[51.53217,35.777],[51.53282,35.77695],[51.53349,35.77692],[51.53413,35.77686],[51.53477,35.77678],[51.53544,35.77667],[51.5361,35.77658],[51.53677,35.77649],[51.53747,35.77635],[51.53817,35.77621],[51.53887,35.77604],[51.53958,35.77588],[51.54028,35.77571],[51.54098,35.77553],[51.54167,35.77532],[51.54234,35.7751],[51.54301,35.77487],[51.5437,35.77464],[51.5444,35.77441],[51.54509,35.77417],[51.54577,35.77391],[51.54646,35.77364],[51.54715,35.7734],[51.54785,35.77316],[51.54854,35.77293],[51.54922,35.77269],[51.54991,35.77244],[51.5506,35.7722],[51.55127,35.77195],[51.55194,35.77171],[51.55263,35.77149],[51.5533,35.77124],[51.55397,35.771],[51.55463,35.77077],[51.55529,35.77053],[51.55595,35.77029],[51.55662,35.77006],[51.55728,35.76982],[51.55793,35.76953],[51.55854,35.7692],[51.55914,35.76886],[51.55973,35.76851],[51.56034,35.76815],[51.56091,35.76776],[51.56147,35.76735],[51.56205,35.76696],[51.56263,35.76656],[51.56323,35.76617],[51.56386,35.76579],[51.56446,35.76542],[51.56505,35.76507],[51.56565,35.76469],[51.56626,35.76432],[51.56686,35.76394],[51.56744,35.76353],[51.56802,35.76311],[51.56857,35.76268],[51.56912,35.76225],[51.56967,35.76183],[51.57021,35.76141],[51.57076,35.761],[51.5713,35.76059],[51.57184,35.76017],[51.57238,35.75974],[51.57293,35.75931],[51.57347,35.75888],[51.574,35.75842],[51.57451,35.75796],[51.57497,35.75746],[51.57537,35.75694],[51.57572,35.75643],[51.57604,35.75589],[51.57626,35.75543],[51.5764,35.75504],[51.5765,35.75465],[51.5766,35.75426],[51.57674,35.75384],[51.57701,35.75345],[51.57749,35.7529],[51.57781,35.75263],[51.57814,35.75238],[51.57852,35.75213],[51.57888,35.75192],[51.5792,35.75159],[51.57891,35.75121],[51.57832,35.7508],[51.57766,35.75032],[51.57732,35.75006],[51.57698,35.74975],[51.5767,35.74946],[51.57639,35.74914],[51.57625,35.74876],[51.57645,35.74819],[51.57665,35.74787],[51.57689,35.74753],[51.57707,35.74687],[51.57695,35.74651],[51.57676,35.7461],[51.57657,35.74567],[51.57639,35.7453],[51.57592,35.74508],[51.57519,35.74533],[51.57476,35.74547],[51.57429,35.74562],[51.57378,35.74577],[51.5733,35.74592],[51.57259,35.74594],[51.5724,35.74544],[51.5721,35.74472],[51.57195,35.74437],[51.57185,35.74401],[51.57204,35.74336],[51.57236,35.74296],[51.57267,35.74263],[51.57294,35.74228],[51.5729,35.74186],[51.57239,35.74149],[51.57186,35.74117],[51.57134,35.7409],[51.57097,35.74066],[51.57046,35.74036],[51.56987,35.74003],[51.56944,35.7398],[51.569,35.73953],[51.56846,35.7392],[51.56796,35.73889],[51.56734,35.73846],[51.56676,35.73808],[51.56616,35.73773],[51.56567,35.73745],[51.56516,35.73713],[51.56449,35.73672],[51.56403,35.73648],[51.56361,35.73627],[51.56318,35.73603],[51.56269,35.73572],[51.56225,35.73543],[51.56181,35.73517],[51.56134,35.73489],[51.56074,35.73453],[51.56009,35.73415],[51.5597,35.73392],[51.55922,35.73364],[51.55876,35.73339],[51.55829,35.73313],[51.55775,35.73277],[51.55713,35.73243],[51.55649,35.73207],[51.55593,35.73177],[51.55555,35.73156],[51.55497,35.73123],[51.55444,35.73095],[51.5539,35.73062],[51.55364,35.73031],[51.55389,35.72997],[51.55406,35.72983],[51.5539,35.72996],[51.55403,35.72986],[51.5541,35.7299],[51.55427,35.72982],[51.55408,35.72999]]]}},{"type":"Feature","properties":{"route":2,"color":"#0d9488","times":[[21776,21836,21893,21953,21966,21972,22017,22032,22092,22119,22143,22173,22233,22293,22353,22413,22473,22533,22593,22653,22713,22773,22833,22893,22947,23007,23067,23127,23187,23247,23307,23325,23361,23421,23475,23505,23565,23625,23685,23745,23805,23865,23877,23880,23886,23892,23898,23904,23910,23916,23922,23928,23934,23940,23946,23952,23967,23973,23979,23985,23991,23997,24003,24012,24018,24024,24030,24036,24042,24048,24054,24060,24066,24072,24078,24084,24090,24096,24102,24108,24114,24120,24126,24132,24138,24144,24150,24156,24162,24168,24177,24183,24189,24195,24201,24216,24225,24231,24237,24243,24249,24255,24261,24267,24276,24294,24303,24309,24315,24321,24327,24333,24342,24360,24366,24372,24378,24384,24393,24399,24405,24411,24417,24423,24429,24435,24441,24447,24450,24453,24456,24459,24462,24465,24468,24471,24474,24477,24480,24483,24486,24489,24492,24495,24498,24501,24504,24507,24510,24513,24516,24519,24522,24525,24528,24531,24534,24537,24540,24543,24546,24549,24552,24555,24558,24561,24564,24567,24570,24573,24576,24579,24582,24585,24588,24591,24594,24597,24600,24603,24606,24609,24612,24615,24618,24621,24624,24627,24630,24633,24636,24639,24642,24645,24648,24651,24654,24657,24660,24663,24666,24669,24672,24675,24678,24681,24684,24687,24690,24693,24696,24699,24702,24705,24708,24711,24714,24717,24720,24723,24726,24729,24732,24735,24738,24741,24744,24750,24756,24768,24780,24825,24843,24861,24870,24888,24906,24918,24939,24960,24966,24972,24978,24984,25017,25023,25032,25083,25092,25098,25107,25131,25137,25152,25179,25206,25212,25248,25269,25278,25290,25299,25329,25335,25341,25347,25353,25365,25374,25383,25401,25413,25428,25443,25455,25473,25488,25497,25506,25521,25530,25536,25542,25551,25560,25566,25575,25584,25590,25596,25602,25605,25608,25611,25614,25617,25620,25623,25626,25629,25632,25635,25638,25641,25644,25647,25650,25653,25656,25659,25662,25665,25668,25671,25674,25677,25680,25683,25686,25689,25692,25695,25698,25701,25704,25707,25713,25719,25728,25734,25740,25752,25764,25773,25782,25788,25800,25809,25815,25824,25833,25839,25845,25851,25857,25866,25878,25890,25899,25905,25911,25917,25923,25926,25932,25938,25944,25950,25953,25956,25959,25962,25965,25968,25971,25974,25977,25980,25983,25986,25989,25992,25995,25998,26001,26004,26007,26010,26013,26016,26019,26022,26025,26028,26031,26037,26043,26049,26055,26112,26139,26157,26187,26217,26238,26277,26289,26304,26325,26337,26358,26391,26406,26436,26463,26469,26475,26481,26487,26493,26502,26511,26520,26526,26535,26544,26553,26562,26568,26574,26580,26586,26592,26598,26604,26607,26610,26613,26616,26619,26622,26625,26628,26631,26634,26637,26640,26643,26646,26649,26652,26655,26658,26661,26664,26667,26670,26673,26676,26679,26682,26685,26688,26691,26694,26697,26700,26703,26706,26709,26712,26715,26718,26721,26724,26727,26730,26733,26739,26745,26751,26757,26763,26769,26778,26784,26790,26796,26808,26817,26902,26911,26917,26923,26929,26940,26943,26949,26955,26958,26961,26964,26967,26970,26973,26976,26979,26982,26985,26991,26994,26997,27000,27003,27006,27009,27012,27015,27018,27021,27024,27027,27030,27033,27036,27039,27042,27045,27048,27051,27054,27057,27060,27063,27066,27069,27072,27075,27078,27081,27084,27087,27090,27093,27096,27099,27102,27105,27108,27111,27114,27117,27123,27129,27135,27141,27144,27147,27150,27153,27156,27159,27162,27165,27168,27171,27174,27177,27180,27183,27186,27189,27192,27195,27198,27201,27204,27207,27210,27213,27216,27219,27222,27225,27228,27231,27234,27237,27240,27243,27246,27249,27252,27255,27258,27261,27264,27267,27270,27273,27276,27279,27282,27285,27288,27294,27306,27312,27318,27324,27330,27336,27342,27348,27354,27360,27366,27372,27393,27399,27405]],"type":"access_route","source":"recorded_gps_prefix"},"geometry":{"type":"MultiLineString","coordinates":[[[51.55208,35.7378],[51.55192,35.73782],[51.55155,35.7376],[51.55142,35.73748],[51.55038,35.73664],[51.54875,35.73629],[51.54903,35.73596],[51.54949,35.73587],[51.5496,35.73584],[51.55033,35.73578],[51.55048,35.7354],[51.55075,35.7351],[51.55078,35.7348],[51.55068,35.73467],[51.55051,35.73453],[51.55051,35.73435],[51.55052,35.73408],[51.55057,35.73384],[51.55052,35.73356],[51.55062,35.73333],[51.55089,35.7332],[51.55103,35.73294],[51.55105,35.73282],[51.55126,35.7326],[51.55148,35.73228],[51.55174,35.73224],[51.55186,35.73219],[51.55188,35.732],[51.55231,35.73207],[51.55208,35.73201],[51.55211,35.73195],[51.55257,35.73209],[51.55301,35.73201],[51.55299,35.73185],[51.55287,35.73149],[51.55243,35.73168],[51.55228,35.73177],[51.55228,35.73175],[51.55227,35.73169],[51.55227,35.73171],[51.55208,35.73144],[51.55218,35.73124],[51.55244,35.73157],[51.55289,35.7316],[51.55351,35.73175],[51.55404,35.73193],[51.5545,35.73214],[51.55507,35.73232],[51.55557,35.73253],[51.55606,35.73276],[51.55658,35.73297],[51.55714,35.73314],[51.55763,35.73338],[51.55811,35.73362],[51.55857,35.73386],[51.559,35.73405],[51.55952,35.73412],[51.55999,35.73423],[51.56046,35.73445],[51.56098,35.73471],[51.56163,35.73494],[51.56224,35.73526],[51.56284,35.7356],[51.56328,35.73584],[51.56362,35.73607],[51.56403,35.73634],[51.56453,35.73665],[51.56509,35.73698],[51.56563,35.73733],[51.56621,35.73766],[51.56675,35.73801],[51.56728,35.73832],[51.56778,35.73866],[51.56829,35.739],[51.56883,35.73934],[51.56938,35.73966],[51.56992,35.73999],[51.57046,35.74031],[51.57103,35.74063],[51.5716,35.74095],[51.57215,35.74124],[51.5727,35.74157],[51.57301,35.74197],[51.57293,35.74245],[51.57255,35.74296],[51.57212,35.7435],[51.57203,35.74407],[51.57222,35.74462],[51.57246,35.74518],[51.5727,35.74567],[51.57323,35.74582],[51.57384,35.74564],[51.57445,35.74546],[51.57515,35.74526],[51.57582,35.74506],[51.57635,35.74494],[51.57647,35.7454],[51.57663,35.74579],[51.57681,35.74624],[51.57699,35.74667],[51.57709,35.74707],[51.57692,35.74756],[51.57665,35.74794],[51.57643,35.74833],[51.57628,35.74876],[51.57644,35.74916],[51.57674,35.74947],[51.57707,35.74977],[51.57746,35.75011],[51.57791,35.75043],[51.57837,35.75076],[51.57881,35.75108],[51.57921,35.75137],[51.57912,35.75177],[51.57874,35.752],[51.57822,35.75234],[51.57767,35.75274],[51.5774,35.75321],[51.57789,35.75365],[51.57825,35.75407],[51.5784,35.75457],[51.57818,35.75505],[51.57771,35.75545],[51.57736,35.75588],[51.57688,35.75611],[51.57631,35.75629],[51.57597,35.75684],[51.57553,35.75745],[51.57529,35.75776],[51.575,35.75805],[51.57469,35.75832],[51.57434,35.75858],[51.57397,35.75885],[51.57361,35.75912],[51.57323,35.75941],[51.57285,35.7597],[51.57246,35.76],[51.57207,35.76033],[51.57168,35.76065],[51.57126,35.76097],[51.57083,35.7613],[51.57038,35.76164],[51.56994,35.76198],[51.56949,35.76233],[51.56906,35.76265],[51.56865,35.76298],[51.56822,35.76331],[51.56778,35.76363],[51.56733,35.76396],[51.56685,35.76427],[51.56635,35.76458],[51.56584,35.76489],[51.56532,35.76519],[51.5648,35.7655],[51.56427,35.7658],[51.56373,35.76613],[51.56321,35.76645],[51.56269,35.76678],[51.56217,35.76714],[51.56164,35.76748],[51.56111,35.76785],[51.56057,35.76823],[51.56001,35.76857],[51.55943,35.7689],[51.55882,35.76922],[51.55818,35.76952],[51.55755,35.76981],[51.5569,35.77008],[51.55623,35.77031],[51.55555,35.77055],[51.55486,35.77077],[51.55419,35.77101],[51.5535,35.77126],[51.55282,35.7715],[51.55214,35.77174],[51.55145,35.77199],[51.55076,35.77224],[51.55007,35.77249],[51.5494,35.77271],[51.54874,35.77295],[51.54806,35.7732],[51.54738,35.77345],[51.54669,35.77369],[51.546,35.77392],[51.5453,35.77418],[51.5446,35.77443],[51.54389,35.77469],[51.54318,35.77494],[51.54245,35.77518],[51.54173,35.77541],[51.54099,35.77561],[51.54026,35.7758],[51.53951,35.77598],[51.53876,35.77617],[51.53801,35.77635],[51.53724,35.7765],[51.53646,35.77662],[51.53567,35.77673],[51.53486,35.77683],[51.53401,35.77692],[51.53313,35.777],[51.53222,35.77706],[51.5313,35.77712],[51.53039,35.77718],[51.52947,35.77726],[51.52854,35.77731],[51.52762,35.77737],[51.5267,35.77743],[51.52579,35.77748],[51.5249,35.77754],[51.52403,35.7776],[51.52314,35.77767],[51.52227,35.77776],[51.52147,35.7779],[51.52071,35.77809],[51.51998,35.77835],[51.51926,35.77867],[51.51858,35.77905],[51.51793,35.77951],[51.51732,35.77996],[51.51674,35.78041],[51.51614,35.78087],[51.51555,35.78131],[51.51493,35.78173],[51.5143,35.78212],[51.51367,35.78245],[51.51318,35.78265],[51.51248,35.78288],[51.51188,35.78305],[51.51138,35.7832],[51.51088,35.78336],[51.5104,35.78353],[51.50998,35.78368],[51.50944,35.78385],[51.50901,35.78396],[51.50853,35.78409],[51.50806,35.78424],[51.50763,35.78436],[51.50714,35.7845],[51.50658,35.78463],[51.5061,35.78478],[51.50553,35.78493],[51.50497,35.78504],[51.50454,35.78514],[51.50412,35.78526],[51.50359,35.7854],[51.50303,35.78557],[51.50252,35.78572],[51.50185,35.78589],[51.50139,35.78602],[51.50092,35.78611],[51.50048,35.78621],[51.50003,35.78629],[51.49956,35.78632],[51.499,35.78632],[51.49841,35.78631],[51.49792,35.78627],[51.49742,35.78624],[51.49693,35.78619],[51.49641,35.78609],[51.49591,35.78598],[51.49534,35.7859],[51.49472,35.78585],[51.4942,35.78577],[51.49367,35.78566],[51.49321,35.78565],[51.49275,35.78566],[51.49219,35.78571],[51.49167,35.78577],[51.49114,35.78587],[51.49066,35.78602],[51.4902,35.78619],[51.48969,35.78638],[51.48932,35.78659],[51.48881,35.78687],[51.48835,35.78708],[51.48787,35.78728],[51.48725,35.78755],[51.48683,35.78774],[51.48645,35.78793],[51.48591,35.78812],[51.48544,35.78831],[51.48503,35.78852],[51.48465,35.78874],[51.48433,35.78907],[51.48446,35.78946],[51.4849,35.78952],[51.48501,35.78912],[51.48484,35.78873],[51.4846,35.78824],[51.48428,35.78761],[51.48411,35.78726],[51.48394,35.78691],[51.48376,35.78656],[51.48355,35.7862],[51.48333,35.78584],[51.48311,35.78548],[51.48287,35.78512],[51.48263,35.78475],[51.48238,35.78436],[51.48209,35.78392],[51.48178,35.78343],[51.48146,35.78289],[51.48113,35.78234],[51.48079,35.78179],[51.48038,35.78124],[51.4799,35.78075],[51.47936,35.78032],[51.4788,35.7799],[51.47822,35.77945],[51.47774,35.77898],[51.47739,35.77845],[51.47711,35.77788],[51.47692,35.77728],[51.47676,35.77667],[51.47659,35.77608],[51.47641,35.77554],[51.47618,35.77502],[51.4759,35.77453],[51.47557,35.77407],[51.47519,35.77363],[51.47473,35.77325],[51.4742,35.7729],[51.47366,35.77253],[51.47319,35.77212],[51.47284,35.77175],[51.4724,35.77125],[51.47205,35.7709],[51.47159,35.77052],[51.47119,35.77028],[51.4708,35.77004],[51.47038,35.76979],[51.4699,35.76951],[51.46955,35.76927],[51.46915,35.7689],[51.46893,35.76858],[51.46877,35.76819],[51.46854,35.76772],[51.46835,35.76732],[51.46812,35.76696],[51.46794,35.76657],[51.46774,35.76608],[51.46749,35.76563],[51.46724,35.76518],[51.46696,35.76477],[51.46676,35.76442],[51.46673,35.76404],[51.46663,35.7636],[51.46652,35.76318],[51.46632,35.76264],[51.46617,35.7621],[51.46601,35.76154],[51.46584,35.76084],[51.46578,35.76048],[51.46565,35.75981],[51.46555,35.75913],[51.46546,35.75852],[51.4654,35.75791],[51.46538,35.75755],[51.46535,35.75718],[51.46533,35.75679],[51.46531,35.75633],[51.46529,35.75589],[51.46526,35.75544],[51.46527,35.75498],[51.46525,35.75452],[51.46523,35.75404],[51.46522,35.75356],[51.46517,35.75304],[51.46518,35.75252],[51.46515,35.75207],[51.46514,35.7516],[51.46512,35.75117],[51.46506,35.75075],[51.46498,35.75029],[51.46491,35.7498],[51.46484,35.74932],[51.46474,35.74885],[51.46456,35.7484],[51.46434,35.74793],[51.46413,35.74746],[51.46399,35.74701],[51.4639,35.74655],[51.46377,35.74609],[51.46362,35.7457],[51.46345,35.74531],[51.46325,35.74491],[51.46294,35.74453],[51.46259,35.74417],[51.46226,35.7439],[51.46196,35.74361],[51.46175,35.74328],[51.46145,35.74298],[51.46099,35.7429],[51.46053,35.74305],[51.46017,35.74278],[51.46003,35.74243],[51.45991,35.74208],[51.45962,35.7417],[51.45927,35.7414],[51.45881,35.74133],[51.45833,35.74126],[51.45784,35.74124],[51.45738,35.74133],[51.45681,35.74139],[51.45631,35.74143],[51.45582,35.74144],[51.45532,35.74146],[51.45478,35.74147],[51.45429,35.7415],[51.45365,35.74155],[51.45309,35.74155],[51.45254,35.74158],[51.4521,35.74162],[51.45154,35.74166],[51.45106,35.7417],[51.45054,35.74173],[51.44988,35.74178],[51.44931,35.74183],[51.44866,35.74188],[51.44811,35.74189],[51.44755,35.74189],[51.44682,35.74193],[51.44604,35.74204],[51.44519,35.74223],[51.44474,35.74237],[51.44427,35.74251],[51.4438,35.74262],[51.4433,35.74267],[51.44279,35.74269],[51.44226,35.74269],[51.44173,35.7427],[51.4412,35.74271],[51.44067,35.74273],[51.44012,35.74273],[51.43959,35.74273],[51.43909,35.74273],[51.43859,35.74274],[51.43815,35.74273],[51.4377,35.74273],[51.43722,35.74272],[51.43676,35.74268],[51.43627,35.74265],[51.4358,35.74259],[51.43532,35.74249],[51.43483,35.74236],[51.43431,35.74217],[51.43379,35.74192],[51.43327,35.74161],[51.43272,35.74131],[51.43208,35.74106],[51.43139,35.74084],[51.43067,35.7407],[51.42994,35.74064],[51.42922,35.74061],[51.42851,35.74058],[51.42784,35.74056],[51.42719,35.74053],[51.42661,35.74051],[51.42603,35.7405],[51.42548,35.74047],[51.42497,35.74043],[51.42444,35.7404],[51.42385,35.74038],[51.42324,35.74036],[51.4226,35.74034],[51.42195,35.74031],[51.42139,35.74028],[51.42079,35.74025],[51.42033,35.74023],[51.41988,35.74021],[51.41938,35.74016],[51.41877,35.74013],[51.41828,35.74011],[51.41773,35.74008],[51.41717,35.74017],[51.41676,35.74031],[51.41635,35.74051],[51.41598,35.74075],[51.41543,35.74103],[51.4076,35.74407],[51.40707,35.74413],[51.40657,35.74415],[51.40596,35.74415],[51.40535,35.74414],[51.40406,35.74412],[51.40359,35.74397],[51.40285,35.74378],[51.40203,35.74355],[51.4016,35.74335],[51.40117,35.74314],[51.40073,35.74285],[51.40028,35.74258],[51.39983,35.74233],[51.39936,35.74209],[51.39888,35.74183],[51.39836,35.74163],[51.39786,35.7415],[51.39741,35.7414],[51.3965,35.74131],[51.39597,35.74129],[51.39539,35.74132],[51.39479,35.74141],[51.39417,35.74153],[51.39355,35.7417],[51.39291,35.74192],[51.39225,35.74216],[51.39159,35.7424],[51.39097,35.74263],[51.39038,35.74286],[51.38981,35.74306],[51.38927,35.74323],[51.38872,35.74336],[51.38818,35.74345],[51.38762,35.74351],[51.38705,35.74354],[51.38644,35.74352],[51.38582,35.74347],[51.38516,35.74336],[51.38449,35.74321],[51.3838,35.74305],[51.38308,35.74288],[51.38235,35.74271],[51.38162,35.74253],[51.3809,35.74236],[51.3802,35.74219],[51.37951,35.74203],[51.37883,35.7419],[51.37815,35.74177],[51.37747,35.74166],[51.37677,35.74154],[51.37602,35.74142],[51.37526,35.7413],[51.37448,35.74117],[51.3737,35.74104],[51.37292,35.7409],[51.37215,35.74074],[51.37138,35.74056],[51.37063,35.74038],[51.36991,35.74021],[51.36931,35.7401],[51.36884,35.74006],[51.3683,35.7404],[51.36837,35.74099],[51.36907,35.74118],[51.36966,35.74071],[51.36977,35.74034],[51.36991,35.73992],[51.37004,35.73947],[51.37016,35.73893],[51.37029,35.73838],[51.3704,35.73785],[51.37052,35.73731],[51.37063,35.73679],[51.37075,35.73629],[51.37086,35.73582],[51.37095,35.73537],[51.37104,35.73492],[51.37113,35.73446],[51.37121,35.73397],[51.37126,35.73346],[51.37123,35.73295],[51.37113,35.73244],[51.371,35.73194],[51.37085,35.73145],[51.37064,35.731],[51.37038,35.73059],[51.37006,35.73019],[51.36967,35.72979],[51.36921,35.72938],[51.36873,35.72895],[51.3683,35.72851],[51.36789,35.72812],[51.36748,35.72775],[51.36711,35.7274],[51.36673,35.72705],[51.36633,35.72668],[51.36593,35.72629],[51.36552,35.7259],[51.36508,35.72549],[51.36461,35.72507],[51.36416,35.72465],[51.3638,35.7243],[51.36347,35.72401],[51.36317,35.72374],[51.36286,35.72346],[51.36255,35.72317],[51.36223,35.72289],[51.36187,35.7226],[51.36152,35.72228],[51.36117,35.72195],[51.36086,35.72164],[51.36055,35.72137],[51.36025,35.72109],[51.35994,35.7208],[51.35957,35.72039],[51.36,35.72054],[51.36043,35.72097],[51.3608,35.72134],[51.36132,35.72172],[51.36182,35.7222],[51.3623,35.72267],[51.36281,35.72317],[51.36334,35.72362],[51.36381,35.72404],[51.36424,35.72447],[51.36467,35.72488],[51.36509,35.72526],[51.36569,35.72541],[51.36621,35.72545],[51.36681,35.72554]]]}},{"type":"Feature","properties":{"route":3,"color":"#7c3aed","times":[[27093,27105,27165,27225,27285,27345,27405,27465,27525,27537,27546,27552,27567,27627,27687,27747,27807,27867,27927,27987,28002,28008,28017,28077,28137,28197,28209,28218,28230,28236,28248,28308,28368,28404,28422,28434,28470,28530,28590,28650,28710,28719,28725,28737,28743,28749,28782,28842,28902,28962,28971,28977,28983,28989,28995,29004,29016,29031,29037,29043,29049,29055,29061,29067,29076,29088,29097,29109,29154,29214,29244,29274,29295,29325,29340,29400,29460,29520,29574,29583,29592,29604,29616,29625,29634,29673,29733,29793,29853,29913,29973,30033,30093,30153,30213,30261,30273,30279,30300,30312,30318,30324,30333,30393,30453,30513,30573,30633,30693,30753,30792,30852,30912,30972,31032,31092,31104,31113,31119,31125,31131,31137,31146,31152,31158,31164,31170,31176,31182,31188,31194,31203,31212,31251,31311,31371,31440,31500,31542,31551,31557,31563,31569,31572,31575,31578,31581,31584,31587,31590,31596,31623,31653,31671,31683,31695,31710,31722,31731,31737,31746,31755,31761,31767,31773,31779,31788,31794,31806,31824,31830,31836,31845,31857,31875,31884,31899,31908,31914,31920,31926,31932,31938,31944,31950,31965,31974,31980,31989,31998,32007,32013,32019,32040,32049,32109,32169,32229,32289,32301,32307,32319,32325,32367,32415,32475,32481,32487,32493,32508,32514,32520,32532,32550,32559,32571,32580,32598,32619,32631,32640,32646,32652,32658,32664,32673,32682,32742,32802,32862,32904,32910,32916,32922,32934,32943,32949,32958,32979,32994,33042,33057,33150,33255,33297,33306,33318,33330,33342,33348,33354,33375,33396,33456,33516,33576,33609,33615,33621,33645,33648,33654,33663,33666,33669,33675,33681,33690,33699,33708,33717,33723,33729,33789,33849,33909,33969,34029,34089,34119,34125,34131,34170,34307,34331,34343,34349,34355,34361,34379,34385,34391,34403,34409,34469,34529,34586,34592,34598,34604,34607,34610,34613,34619,34628,34634,34640,34646,34652,34658,34664,34670,34676,34682,34688,34697,34709,34715,34721,34730,34739,34748,34754,34760,34820,34905,34950,35010,35070,35130,35190,35250,35310,35370,35430,35490,35529,35541,35547,35553,35559,35565,35577,35592,35598,35604,35610,35619,35628,35634,35640,35646,35655,35664,35676,35682,35697,35757,35870,35931,35991,36012,36021,36033,36039,36048,36054,36063,36069,36084,36102,36114,36126,36135,36141,36147,36153,36159,36165,36168,36171,36174,36177,36180,36183,36186,36189,36192,36198,36204,36210,36216,36219,36225,36231,36237,36252,36261,36267,36273,36279,36285,36291,36297,36303,36306,36312,36321,36327,36333,36339,36399,36459,36492,36552,36600,36648,36654,36660,36666,36678,36684,36690,36696,36702,36720,36780,36840,36861,36873,36879,36885,36894,36900,36906,36909,36915,36939,36945,36960,36975,37020,37080,37140,37161,37179,37194,37203,37257,37302,37362,37404,37410,37470,37479,37485,37491,37503,37509,37518,37530,37590,37650,37710,37770,37830,37890,37950,37986,37995,38004,38013,38022,38082,38142,38202,38262,38322,38382,38442,38502,38562,38651,38711,38756,38759,38762,38768,38780,38786,38795,38801,38807,38867,38924,38984,39044,39104,39140,39146,39155,39164,39170,39176,39185,39191,39197,39209,39251,39311,39371,39431,39485,39494,39500,39506,39512,39584,39644,39671,39698,39758,39818,39878,39938,39983,40019,40025,40031,40037,40043,40049,40052,40058,40067,40073,40076,40079,40082,40088,40100,40160,40220,40280,40286,40292,40298,40304,40310,40343,40403,40463,40514,40574,40631,40682,40688,40697,40703,40709,40715,40727,40772,40805,40826,40853,40985,41027,41042,41051,41057,41063,41072,41132,41192,41252,41288,41297,41303,41309,41321,41435,41477,41486,41504,41513,41546,41558,41564,41570,41576,41594,41600,41627,41642,41672,41681,41687,41696,41708,41714,41720,41726,41735,41741,41750,41759,41821,41881,41941,42001,42049,42055,42064,42073,42079,42085,42091,42106,42112,42118,42127,42136,42145,42151,42157,42163,42169,42175,42181,42217,42226,42241,42247,42265,42271,42332,42398,42449,42509,42569,42581,42599,42608,42614,42620,42623,42626,42629,42632,42635,42638,42641,42644,42647,42650,42653,42659,42719,42752,42782,42842,42902,42962,42998,43028,43088,43118,43124,43130,43136,43145,43151,43157,43160,43163,43166,43172,43178,43187,43199,43208,43217,43223,43229,43235,43241,43250,43256,43262,43268,43274,43277,43283,43295,43301,43304,43310,43370,43412,43418,43424,43427,43430,43433,43436,43439,43442,43445,43448,43451,43454,43457,43460,43463,43466,43469,43472,43475,43478,43481,43484,43487,43490,43493,43496,43499,43502,43505,43508,43511,43514,43517,43520,43523,43526,43529,43532,43535,43538,43541,43544,43547,43550,43553,43556,43559,43562,43565,43568,43571,43574,43577,43580,43583,43586,43589,43592,43595,43598,43601,43604,43607,43610,43613,43616,43619,43622,43625,43628,43631,43634,43637,43640,43643,43646,43649,43652,43655,43658,43661,43664,43667,43670,43673,43676,43679,43682,43685,43688,43691,43694,43697,43700,43703,43706,43709,43712,43715,43718,43721,43724,43727,43730,43733,43736,43739,43742,43745,43748,43751,43754,43757,43760,43763,43766,43769,43772,43775,43778,43781,43784,43787,43790,43793,43796,43799,43802,43805,43808,43811,43814,43817,43820,43823,43826,43829,43832,43835,43838,43841,43844,43847,43850,43853,43856,43859,43862,43865,43868,43871,43874,43877,43880,43883,43886,43889,43892,43895,43898,43901,43904,43907,43910,43913,43916,43919,43922,43925,43928,43931,43934,43937,43940,43943,43946,43949,43952,43955,43958,43961,43964,43967,43970,43973,43976,43979,43982,43985,43988,43991,43994,44000,44003,44006,44009,44047,44050,44053,44056,44059,44062,44065,44068,44071,44074,44077,44080,44083,44086,44089,44092,44095,44098,44101,44104,44107,44110,44113,44116,44119,44122,44125,44128,44131,44134,44137,44140,44143,44146,44149,44152,44155,44158,44161,44164,44167,44170,44173,44176,44179,44182,44185,44188,44191,44194,44197,44200,44203,44206,44209,44212,44215,44218,44224,44233,44239,44245,44248,44251,44254,44257,44260,44263,44266,44269,44272,44275,44278,44281,44284,44287,44290,44293,44296,44299,44302,44305,44308,44311,44314,44317,44320,44323,44329,44335,44338,44341,44344,44350,44356,44359,44365,44371,44377,44383,44389,44392,44395,44398,44401,44404,44407,44410,44413,44416,44419,44422,44425,44428,44431,44434,44437,44440,44443,44446,44449,44455,44461,44467,44485,44497,44527,44536,44554,44563,44569,44572,44575,44578,44584,44590,44599,44608,44614,44620,44626,44632,44638,44647,44653,44659,44665,44668,44671,44674,44677,44680,44683,44686,44689,44692,44695,44698,44701,44704,44707,44710,44713,44716,44719,44722,44728,44737,44752,44758,44764,44779,44785,44788,44791,44794,44800,44809,44815,44821,44827,44836,44845,44854,44860,44869,44875,44881,44887,44893,44917,44923,44929,44935,44941,44947,44953,44959,44968,45028,45088,45100,45106,45115,45121,45127,45133,45139,45145,45154,45160,45166,45172,45178,45184,45244,45304,45313,45328,45334,45340,45346,45352,45358,45367,45373,45382,45388,45397,45406,45412,45418,45421,45424,45427,45433,45442,45448,45454,45457,45460,45463,45466,45469,45493,45499,45505,45511,45517,45523,45529,45541,45547,45556,45562,45568,45628,45688,45748,45808,45868,45928]],"type":"operational_gps","source":"recorded_gps"},"geometry":{"type":"MultiLineString","coordinates":[[[51.30227,35.73236],[51.30195,35.73265],[51.30206,35.73276],[51.30205,35.73275],[51.30201,35.73276],[51.30204,35.73266],[51.30213,35.73263],[51.30209,35.73271],[51.30213,35.73298],[51.30198,35.73337],[51.30143,35.73351],[51.30095,35.73362],[51.30056,35.73385],[51.30055,35.73388],[51.30055,35.73391],[51.3006,35.73395],[51.30063,35.73389],[51.30062,35.7339],[51.30058,35.73388],[51.30059,35.73397],[51.30069,35.73439],[51.30079,35.73474],[51.30091,35.73508],[51.30078,35.73538],[51.30075,35.73541],[51.30085,35.7354],[51.30099,35.73583],[51.30111,35.7362],[51.30163,35.73625],[51.30218,35.73614],[51.30261,35.73583],[51.30261,35.73555],[51.30268,35.73567],[51.30303,35.73596],[51.30352,35.73587],[51.30399,35.73574],[51.30441,35.73586],[51.30437,35.73568],[51.30428,35.73584],[51.30444,35.73564],[51.3046,35.73564],[51.30512,35.73551],[51.30567,35.73547],[51.30583,35.73508],[51.30567,35.7345],[51.30554,35.73392],[51.30547,35.73356],[51.30545,35.73348],[51.30546,35.73348],[51.30543,35.73336],[51.30524,35.73275],[51.30481,35.73242],[51.30419,35.73232],[51.30348,35.73228],[51.30283,35.73227],[51.30226,35.73234],[51.30204,35.7327],[51.30214,35.73321],[51.30225,35.73373],[51.30243,35.73441],[51.30257,35.73502],[51.30269,35.73549],[51.30298,35.73597],[51.30298,35.73649],[51.30301,35.73688],[51.30244,35.737],[51.30207,35.73677],[51.30193,35.73713],[51.30175,35.73747],[51.30164,35.73757],[51.30205,35.73777],[51.30163,35.73766],[51.30122,35.73806],[51.30076,35.73805],[51.30036,35.73787],[51.30047,35.73779],[51.30036,35.73789],[51.30036,35.7378],[51.29991,35.73781],[51.29943,35.73769],[51.29896,35.73753],[51.29879,35.73799],[51.29871,35.73836],[51.29862,35.73885],[51.2985,35.73932],[51.29843,35.73975],[51.29839,35.7398],[51.29846,35.7398],[51.29849,35.73983],[51.2985,35.73984],[51.29852,35.73985],[51.29847,35.73986],[51.2984,35.73985],[51.29844,35.73989],[51.29853,35.73992],[51.2986,35.74029],[51.29861,35.74081],[51.2986,35.74119],[51.29863,35.74163],[51.29908,35.74171],[51.29962,35.74154],[51.30015,35.74138],[51.30064,35.74122],[51.30068,35.74135],[51.30072,35.74132],[51.30068,35.74134],[51.30078,35.74132],[51.30073,35.74132],[51.30087,35.7414],[51.30083,35.74134],[51.30038,35.74135],[51.30074,35.74127],[51.30062,35.74132],[51.30068,35.74131],[51.30073,35.74129],[51.30067,35.74121],[51.30107,35.7414],[51.30152,35.74115],[51.30194,35.74093],[51.30259,35.74067],[51.30322,35.74037],[51.30363,35.74018],[51.30396,35.73991],[51.30436,35.73957],[51.30485,35.7391],[51.30533,35.73852],[51.30585,35.73795],[51.30629,35.73739],[51.30669,35.7369],[51.3071,35.73643],[51.30744,35.73604],[51.30782,35.73562],[51.30807,35.7353],[51.30835,35.73501],[51.30827,35.73523],[51.30831,35.73504],[51.3082,35.73518],[51.30821,35.73534],[51.3085,35.73491],[51.30881,35.73449],[51.30922,35.73407],[51.30968,35.73361],[51.31022,35.73302],[51.31052,35.7327],[51.31084,35.73238],[51.31116,35.73199],[51.3115,35.73164],[51.31185,35.73129],[51.3122,35.73094],[51.31252,35.73068],[51.31297,35.73039],[51.31336,35.73019],[51.31385,35.73],[51.31428,35.72989],[51.31477,35.72972],[51.31517,35.72953],[51.31562,35.72937],[51.31603,35.72921],[51.3166,35.729],[51.31705,35.72876],[51.31748,35.72858],[51.31793,35.72839],[51.31836,35.72821],[51.31882,35.72803],[51.31936,35.72785],[51.31981,35.72768],[51.32044,35.72744],[51.3209,35.72727],[51.32137,35.72708],[51.32198,35.72685],[51.32259,35.7266],[51.32316,35.72639],[51.32364,35.7262],[51.32404,35.72604],[51.32448,35.7259],[51.32505,35.72571],[51.32546,35.72555],[51.32568,35.72589],[51.32578,35.72628],[51.32585,35.7267],[51.32597,35.7272],[51.32614,35.72772],[51.32627,35.72831],[51.32643,35.72886],[51.32664,35.72933],[51.32715,35.72944],[51.3278,35.72924],[51.32832,35.7289],[51.3288,35.72854],[51.32923,35.72837],[51.32912,35.72801],[51.32891,35.72762],[51.32875,35.72723],[51.32915,35.72707],[51.32968,35.72687],[51.32996,35.72678],[51.32979,35.72666],[51.33026,35.72657],[51.33071,35.72664],[51.33116,35.72644],[51.33161,35.72625],[51.33183,35.72584],[51.33188,35.72538],[51.33224,35.72511],[51.33216,35.72474],[51.33209,35.72477],[51.3316,35.72499],[51.33098,35.72529],[51.3305,35.72551],[51.33061,35.72588],[51.33083,35.72636],[51.33111,35.72681],[51.33132,35.72713],[51.3308,35.7274],[51.33024,35.72744],[51.32976,35.72761],[51.32922,35.7277],[51.32882,35.72791],[51.3292,35.72816],[51.32974,35.72812],[51.33037,35.728],[51.33059,35.72843],[51.33077,35.7291],[51.33121,35.72928],[51.33167,35.72929],[51.33224,35.72936],[51.33284,35.72943],[51.33324,35.72948],[51.33337,35.7293],[51.33337,35.72934],[51.3328,35.72923],[51.33222,35.72917],[51.33161,35.72918],[51.33112,35.7292],[51.33053,35.72914],[51.32995,35.72914],[51.32945,35.72917],[51.32897,35.72913],[51.32884,35.72955],[51.32891,35.72993],[51.32879,35.73029],[51.3286,35.73063],[51.32885,35.73053],[51.32878,35.73046],[51.32895,35.73089],[51.32937,35.73109],[51.32991,35.73105],[51.33047,35.73114],[51.33099,35.73128],[51.33158,35.7313],[51.33211,35.73124],[51.33258,35.73132],[51.33267,35.73172],[51.33273,35.73204],[51.33256,35.73222],[51.33291,35.73222],[51.33264,35.73261],[51.33257,35.73307],[51.3325,35.73349],[51.33221,35.73386],[51.33208,35.73424],[51.33201,35.73473],[51.33149,35.73494],[51.33093,35.73525],[51.33074,35.73622],[51.33007,35.73633],[51.32955,35.73638],[51.32906,35.73646],[51.3284,35.73651],[51.32784,35.73658],[51.32728,35.73665],[51.32671,35.7367],[51.32614,35.73669],[51.32609,35.73698],[51.32608,35.73699],[51.32599,35.73702],[51.32597,35.73703],[51.32613,35.73697],[51.32612,35.73692],[51.3256,35.73703],[51.32505,35.73706],[51.32446,35.73706],[51.32429,35.73742],[51.32446,35.73755],[51.32433,35.73717],[51.32376,35.73698],[51.32312,35.73709],[51.32226,35.73707],[51.32163,35.73714],[51.32135,35.73677],[51.32132,35.73629],[51.3213,35.73587],[51.32157,35.73554],[51.32216,35.73547],[51.32248,35.73547],[51.32229,35.73561],[51.32275,35.73557],[51.32327,35.7355],[51.324,35.73548],[51.32482,35.73543],[51.3253,35.73539],[51.32576,35.73539],[51.32622,35.73539],[51.32675,35.73541],[51.32689,35.73502],[51.32689,35.73447],[51.32676,35.73396],[51.32668,35.73335],[51.32664,35.73299],[51.32658,35.73257],[51.32657,35.73211],[51.32649,35.73155],[51.3265,35.73091],[51.32654,35.73049],[51.32646,35.73009],[51.32633,35.72972],[51.32576,35.72988],[51.32522,35.73009],[51.32466,35.7302],[51.32409,35.73023],[51.32382,35.72982],[51.32342,35.72954],[51.323,35.72904],[51.32264,35.72853],[51.32247,35.7282],[51.32247,35.72812],[51.32224,35.72781],[51.32226,35.72773],[51.32233,35.72783],[51.32239,35.72779],[51.32236,35.72778],[51.32238,35.72778],[51.32245,35.72784],[51.3224,35.72789],[51.32244,35.72789],[51.32224,35.72782],[51.32204,35.72732],[51.32162,35.72718],[51.3211,35.72737],[51.32064,35.72751],[51.32006,35.72773],[51.31958,35.72792],[51.31914,35.72808],[51.31861,35.72826],[51.31811,35.72847],[51.3176,35.72866],[51.31717,35.72884],[51.31676,35.72906],[51.31664,35.72958],[51.31674,35.73004],[51.31661,35.73044],[51.31598,35.73053],[51.31557,35.73073],[51.31565,35.73123],[51.31531,35.73148],[51.31471,35.7316],[51.31433,35.73184],[51.31443,35.73183],[51.31411,35.73279],[51.31411,35.73267],[51.31412,35.73241],[51.3147,35.73236],[51.31511,35.73202],[51.31521,35.73166],[51.31525,35.73125],[51.31574,35.73111],[51.31622,35.731],[51.31642,35.7305],[51.31636,35.73003],[51.31583,35.72991],[51.31535,35.72989],[51.31489,35.73005],[51.31443,35.73022],[51.31388,35.73042],[51.31334,35.73067],[51.31284,35.73092],[51.31247,35.73115],[51.312,35.73153],[51.31142,35.73208],[51.31112,35.73238],[51.31082,35.73268],[51.31051,35.73299],[51.31019,35.7333],[51.30991,35.73359],[51.30963,35.73388],[51.30932,35.73419],[51.30902,35.73452],[51.30878,35.73482],[51.30855,35.73514],[51.30821,35.73551],[51.30773,35.73603],[51.30723,35.73662],[51.30697,35.73692],[51.30651,35.73748],[51.30607,35.73794],[51.30581,35.73827],[51.30552,35.73863],[51.30513,35.73905],[51.30475,35.73946],[51.30434,35.7398],[51.30407,35.74011],[51.30387,35.74049],[51.30384,35.74107],[51.3038,35.7415],[51.3038,35.74207],[51.30382,35.74244],[51.30387,35.743],[51.30433,35.74299],[51.30502,35.74295],[51.30567,35.74287],[51.30613,35.74278],[51.30638,35.74285],[51.30635,35.74291],[51.3064,35.74328],[51.30652,35.74319],[51.3065,35.74282],[51.30599,35.74307],[51.30544,35.74308],[51.30481,35.7431],[51.30421,35.7431],[51.3039,35.74353],[51.30389,35.74392],[51.30389,35.74445],[51.30393,35.74491],[51.30394,35.7454],[51.30397,35.74577],[51.30381,35.74593],[51.30392,35.74586],[51.30397,35.74629],[51.30419,35.74663],[51.30474,35.74663],[51.30541,35.74663],[51.30595,35.7466],[51.30658,35.74659],[51.30745,35.74658],[51.3079,35.74661],[51.30835,35.74665],[51.3079,35.74677],[51.30736,35.74679],[51.30716,35.74723],[51.30714,35.74761],[51.3067,35.74779],[51.30668,35.74801],[51.30666,35.74785],[51.3069,35.74754],[51.30714,35.7471],[51.30672,35.74679],[51.30622,35.74676],[51.30583,35.74696],[51.30573,35.74731],[51.30566,35.74706],[51.30516,35.7468],[51.30444,35.74683],[51.3039,35.74679],[51.30314,35.74677],[51.30237,35.74678],[51.30181,35.74685],[51.30172,35.74737],[51.30171,35.74777],[51.30166,35.74815],[51.30174,35.74864],[51.30179,35.74897],[51.30175,35.74899],[51.30181,35.74919],[51.30186,35.74906],[51.30195,35.74896],[51.30168,35.74913],[51.30182,35.74904],[51.30179,35.74864],[51.30171,35.74825],[51.30174,35.74769],[51.30173,35.74723],[51.30116,35.74692],[51.30078,35.74683],[51.30068,35.747],[51.30075,35.74698],[51.30073,35.74711],[51.30071,35.74693],[51.30066,35.74688],[51.30066,35.74703],[51.30069,35.74672],[51.30097,35.74654],[51.30069,35.747],[51.30058,35.74674],[51.30118,35.74676],[51.30163,35.7467],[51.3021,35.74661],[51.30267,35.74655],[51.30307,35.74675],[51.30329,35.7471],[51.30332,35.74761],[51.30345,35.748],[51.30351,35.74839],[51.30367,35.74822],[51.30365,35.74862],[51.30372,35.74889],[51.30377,35.74879],[51.30369,35.74885],[51.30385,35.74931],[51.30391,35.74983],[51.30412,35.75015],[51.30471,35.7503],[51.30542,35.75034],[51.30596,35.7504],[51.3066,35.75031],[51.3073,35.7502],[51.30795,35.75024],[51.30816,35.75062],[51.30812,35.75098],[51.30829,35.751],[51.308,35.75102],[51.30787,35.75101],[51.30818,35.75074],[51.3086,35.75049],[51.30916,35.7504],[51.30978,35.75038],[51.31024,35.75044],[51.31038,35.75013],[51.31051,35.75021],[51.31094,35.75003],[51.31142,35.75004],[51.3115,35.75015],[51.31141,35.75017],[51.31146,35.75002],[51.31145,35.75017],[51.311,35.75015],[51.31062,35.74986],[51.31057,35.7494],[51.31047,35.74902],[51.3103,35.74865],[51.30993,35.74819],[51.30949,35.74762],[51.30921,35.7473],[51.30883,35.74682],[51.3092,35.74658],[51.30991,35.7466],[51.3104,35.74662],[51.31088,35.74658],[51.31134,35.74659],[51.31202,35.74658],[51.31188,35.74616],[51.31196,35.7461],[51.31186,35.74609],[51.3115,35.74591],[51.31108,35.74546],[51.31058,35.74489],[51.31022,35.74438],[51.3098,35.74386],[51.30953,35.74348],[51.30944,35.74312],[51.30936,35.74334],[51.30931,35.74311],[51.30975,35.74292],[51.30944,35.74285],[51.30903,35.74306],[51.30892,35.74258],[51.30888,35.7422],[51.30863,35.74171],[51.30832,35.74126],[51.30805,35.74074],[51.30783,35.74036],[51.30771,35.73999],[51.30797,35.73967],[51.30807,35.74022],[51.30795,35.73984],[51.30766,35.73952],[51.30752,35.73954],[51.30804,35.7394],[51.30842,35.73919],[51.30893,35.73923],[51.30941,35.73925],[51.30988,35.73933],[51.31038,35.73947],[51.31053,35.73927],[51.31034,35.73911],[51.31016,35.73905],[51.31016,35.73864],[51.30974,35.73842],[51.30902,35.73846],[51.30843,35.73852],[51.30798,35.73856],[51.30821,35.73878],[51.30772,35.73858],[51.3072,35.7386],[51.30674,35.73837],[51.30661,35.73796],[51.30617,35.73768],[51.30582,35.73806],[51.30542,35.7385],[51.30495,35.73904],[51.30467,35.73933],[51.30427,35.73969],[51.30397,35.73998],[51.30362,35.73965],[51.30389,35.73931],[51.30373,35.73896],[51.30362,35.73853],[51.30355,35.73813],[51.30344,35.73778],[51.30323,35.73719],[51.30312,35.73672],[51.30297,35.73625],[51.30265,35.73598],[51.30261,35.73552],[51.30258,35.73512],[51.30241,35.73466],[51.30225,35.7342],[51.30216,35.73417],[51.30232,35.73394],[51.30232,35.7339],[51.30231,35.73394],[51.30172,35.73382],[51.30121,35.73399],[51.30071,35.73415],[51.30077,35.73456],[51.30086,35.7351],[51.30097,35.7357],[51.30113,35.73622],[51.30125,35.73675],[51.30134,35.73719],[51.30145,35.73764],[51.30161,35.73812],[51.30176,35.73867],[51.30183,35.73907],[51.30193,35.73948],[51.30203,35.73996],[51.30216,35.74043],[51.30235,35.74075],[51.30285,35.74059],[51.30335,35.74041],[51.30289,35.74062],[51.30244,35.74084],[51.30195,35.74106],[51.3016,35.74132],[51.30153,35.74178],[51.30155,35.74214],[51.3016,35.74216],[51.3016,35.74218],[51.30115,35.74219],[51.30148,35.74216],[51.30149,35.7421],[51.30143,35.7417],[51.30097,35.74159],[51.30048,35.74179],[51.29987,35.74207],[51.29918,35.7424],[51.29878,35.74259],[51.29837,35.74277],[51.29795,35.74292],[51.29751,35.74305],[51.29705,35.74316],[51.29657,35.74326],[51.29606,35.74335],[51.29554,35.74346],[51.29502,35.7436],[51.29453,35.74381],[51.29415,35.74402],[51.29371,35.74432],[51.29416,35.74441],[51.29449,35.74466],[51.29475,35.74496],[51.29473,35.74509],[51.29485,35.745],[51.29465,35.74489],[51.29434,35.7446],[51.29399,35.74439],[51.29362,35.74445],[51.29309,35.74468],[51.29255,35.74498],[51.29188,35.74535],[51.29147,35.74554],[51.29102,35.74578],[51.29051,35.74602],[51.28977,35.74638],[51.28929,35.74654],[51.28882,35.74664],[51.28837,35.74672],[51.2876,35.74685],[51.28706,35.74698],[51.28661,35.74706],[51.28639,35.74661],[51.28623,35.74618],[51.28605,35.74563],[51.28587,35.74512],[51.28565,35.74456],[51.28548,35.74399],[51.28529,35.74348],[51.28511,35.74291],[51.28493,35.74243],[51.28475,35.74188],[51.28455,35.74125],[51.2844,35.74056],[51.2843,35.7402],[51.28415,35.73967],[51.28398,35.73917],[51.28379,35.73854],[51.28367,35.73817],[51.28353,35.73775],[51.28348,35.7376],[51.2835,35.73717],[51.28365,35.73666],[51.28401,35.73604],[51.28421,35.73565],[51.28444,35.73524],[51.28467,35.73483],[51.28495,35.73444],[51.28532,35.73407],[51.28575,35.73378],[51.2863,35.73353],[51.28692,35.73338],[51.28757,35.73333],[51.28822,35.73336],[51.28884,35.73343],[51.28945,35.73347],[51.2901,35.73351],[51.29078,35.73355],[51.29148,35.73356],[51.2922,35.73356],[51.29289,35.73357],[51.29359,35.73353],[51.29428,35.73343],[51.29497,35.7333],[51.29567,35.73317],[51.29637,35.73305],[51.29713,35.73289],[51.29788,35.73277],[51.29865,35.73262],[51.29943,35.73247],[51.3002,35.73235],[51.30091,35.73225],[51.30159,35.73216],[51.30227,35.7321],[51.30293,35.73208],[51.30357,35.73209],[51.30419,35.73216],[51.30481,35.73222],[51.30533,35.73229],[51.3058,35.73235],[51.3063,35.73246],[51.30685,35.7326],[51.30741,35.73272],[51.30798,35.73284],[51.30855,35.73297],[51.30907,35.73314],[51.30956,35.73335],[51.31006,35.73354],[51.31055,35.73377],[51.31103,35.73402],[51.3115,35.73431],[51.312,35.73461],[51.3125,35.73496],[51.31303,35.73528],[51.31362,35.73558],[51.31423,35.73583],[51.31484,35.73605],[51.31542,35.73622],[51.31593,35.73634],[51.31648,35.73647],[51.31703,35.7366],[51.31758,35.73673],[51.31811,35.73686],[51.3186,35.73699],[51.3191,35.7371],[51.3196,35.73722],[51.32011,35.73736],[51.32064,35.73747],[51.32119,35.73757],[51.3218,35.73772],[51.32245,35.73788],[51.32314,35.73801],[51.32386,35.73818],[51.32457,35.73833],[51.32529,35.7385],[51.32599,35.73869],[51.32666,35.73885],[51.3273,35.739],[51.32795,35.73918],[51.3286,35.73931],[51.32926,35.73948],[51.32994,35.73962],[51.33062,35.73976],[51.33127,35.73991],[51.33191,35.74005],[51.33258,35.74016],[51.33324,35.74026],[51.33394,35.74033],[51.33469,35.74036],[51.33543,35.74042],[51.33617,35.74047],[51.33691,35.74051],[51.33769,35.74053],[51.33846,35.74049],[51.33924,35.74043],[51.33999,35.74039],[51.34074,35.74036],[51.34149,35.74036],[51.34224,35.74041],[51.34294,35.74047],[51.34362,35.74053],[51.3443,35.74058],[51.34499,35.74064],[51.34572,35.7407],[51.34645,35.74079],[51.34721,35.74084],[51.34795,35.74078],[51.34869,35.7407],[51.34945,35.7406],[51.35021,35.74047],[51.35097,35.74035],[51.35169,35.74022],[51.35242,35.74007],[51.35311,35.73997],[51.35378,35.73987],[51.35445,35.73976],[51.35513,35.73965],[51.35583,35.73952],[51.35654,35.73939],[51.35727,35.73927],[51.35802,35.73915],[51.35875,35.73904],[51.3595,35.73893],[51.36024,35.73885],[51.361,35.73879],[51.36178,35.73875],[51.36257,35.73872],[51.36334,35.73873],[51.36411,35.73878],[51.36487,35.73886],[51.36563,35.73897],[51.36639,35.7391],[51.36713,35.73928],[51.36788,35.73947],[51.3686,35.73965],[51.36931,35.73984],[51.37,35.74003],[51.37069,35.74018],[51.37137,35.74034],[51.37204,35.7405],[51.37268,35.74064],[51.37334,35.74076],[51.37398,35.74089],[51.37461,35.74099],[51.37521,35.7411],[51.37578,35.74118],[51.37633,35.74128],[51.37691,35.74137],[51.37751,35.74148],[51.37814,35.74159],[51.3788,35.74173],[51.37948,35.74187],[51.38016,35.74201],[51.38084,35.74216],[51.38154,35.74231],[51.38224,35.74247],[51.38291,35.74264],[51.38356,35.7428],[51.38423,35.74295],[51.38487,35.7431],[51.38551,35.74324],[51.38614,35.74335],[51.38677,35.74341],[51.38738,35.74341],[51.38801,35.74334],[51.38871,35.74325],[51.3894,35.74306],[51.39012,35.74281],[51.39084,35.74252],[51.39156,35.74226],[51.39224,35.74201],[51.39288,35.74177],[51.39348,35.74157],[51.39404,35.74141],[51.39461,35.7413],[51.39519,35.74121],[51.39579,35.74117],[51.39634,35.7412],[51.39685,35.74125],[51.39732,35.7413],[51.39778,35.74138],[51.39823,35.74149],[51.39875,35.74163],[51.39929,35.74182],[51.39986,35.74209],[51.40044,35.74243],[51.40099,35.74278],[51.40155,35.74315],[51.40208,35.74354],[51.40271,35.74379],[51.40341,35.74386],[51.40401,35.74399],[51.40463,35.74406],[51.4053,35.74411],[51.40676,35.7439],[51.40739,35.74388],[51.40806,35.74377],[51.40873,35.74367],[51.41643,35.74024],[51.41695,35.74009],[51.41765,35.74],[51.4184,35.74005],[51.41911,35.74008],[51.41984,35.74011],[51.42058,35.74012],[51.42131,35.74014],[51.42208,35.74016],[51.42278,35.74018],[51.4235,35.74021],[51.42417,35.74022],[51.42479,35.74025],[51.4254,35.74028],[51.42604,35.74031],[51.42671,35.74034],[51.42742,35.74037],[51.42816,35.7404],[51.42889,35.74041],[51.42963,35.74041],[51.4304,35.74048],[51.43117,35.7406],[51.43187,35.74081],[51.43249,35.74106],[51.433,35.74133],[51.43351,35.74162],[51.43402,35.74191],[51.43456,35.74216],[51.43513,35.74239],[51.43576,35.74256],[51.43644,35.74265],[51.43715,35.74267],[51.43787,35.74268],[51.43859,35.74268],[51.43931,35.74267],[51.44001,35.74267],[51.44071,35.74267],[51.44146,35.74265],[51.44218,35.74265],[51.44285,35.74266],[51.4435,35.74264],[51.44406,35.74257],[51.44462,35.74242],[51.44517,35.74226],[51.44565,35.74214],[51.44613,35.74205],[51.44665,35.74202],[51.44721,35.74199],[51.44782,35.74198],[51.44844,35.74196],[51.44905,35.74193],[51.4496,35.7419],[51.45013,35.74184],[51.45061,35.74178],[51.4511,35.7417],[51.4516,35.74164],[51.4521,35.7416],[51.45261,35.74156],[51.45327,35.74153],[51.45388,35.74147],[51.45454,35.74141],[51.45532,35.74132],[51.45578,35.74128],[51.45628,35.74123],[51.45682,35.74117],[51.45742,35.74112],[51.45806,35.74111],[51.45873,35.74119],[51.45941,35.74127],[51.46009,35.74134],[51.46076,35.74133],[51.46141,35.74123],[51.46206,35.74105],[51.46269,35.74083],[51.46333,35.74065],[51.46397,35.74054],[51.46462,35.74049],[51.46527,35.74051],[51.4659,35.74048],[51.46648,35.7404],[51.46699,35.7403],[51.46749,35.74023],[51.46801,35.74016],[51.46857,35.74008],[51.46907,35.74001],[51.46958,35.73995],[51.47007,35.73988],[51.47053,35.73983],[51.47119,35.7397],[51.47196,35.7396],[51.47243,35.73953],[51.47291,35.73943],[51.47336,35.73936],[51.47413,35.73922],[51.47495,35.73903],[51.47539,35.73889],[51.4761,35.73878],[51.47688,35.73868],[51.47754,35.73856],[51.47825,35.73843],[51.47912,35.73826],[51.47957,35.73818],[51.48006,35.73808],[51.4806,35.73797],[51.48115,35.73785],[51.48173,35.73775],[51.48234,35.73767],[51.48298,35.73759],[51.4836,35.7375],[51.48423,35.7374],[51.48486,35.73729],[51.4855,35.73718],[51.48612,35.73707],[51.48669,35.73698],[51.48723,35.73687],[51.48777,35.73678],[51.48832,35.73671],[51.48882,35.73656],[51.48936,35.7365],[51.48991,35.73648],[51.49041,35.73642],[51.49118,35.73625],[51.49182,35.73615],[51.49227,35.73611],[51.49289,35.73603],[51.49333,35.73596],[51.49382,35.73591],[51.49427,35.7358],[51.49474,35.73576],[51.49551,35.7357],[51.49636,35.73558],[51.49684,35.73552],[51.49736,35.73544],[51.49786,35.73536],[51.49868,35.73524],[51.49927,35.73517],[51.49976,35.73511],[51.50022,35.73504],[51.50075,35.73497],[51.5014,35.73489],[51.50206,35.73481],[51.50269,35.73472],[51.50326,35.73465],[51.50386,35.73457],[51.50449,35.73448],[51.50518,35.7344],[51.50602,35.73427],[51.50654,35.73418],[51.5071,35.7341],[51.50769,35.73402],[51.50828,35.73394],[51.50881,35.73385],[51.50928,35.73379],[51.50974,35.73373],[51.51023,35.73369],[51.51075,35.73362],[51.51131,35.73355],[51.51186,35.7335],[51.51244,35.73344],[51.51298,35.73337],[51.51354,35.73329],[51.51411,35.73321],[51.5147,35.73313],[51.51525,35.73306],[51.51577,35.73301],[51.51626,35.73296],[51.51698,35.7328],[51.5172,35.73246],[51.51688,35.73192],[51.51661,35.73155],[51.51635,35.73116],[51.51682,35.73159],[51.51724,35.73217],[51.51749,35.73251],[51.51771,35.73283],[51.51793,35.73315],[51.51833,35.73371],[51.51867,35.73414],[51.51893,35.73455],[51.51924,35.73501],[51.51951,35.73546],[51.51978,35.73578],[51.52002,35.73612],[51.52049,35.73624],[51.52096,35.73618],[51.52147,35.73611],[51.52197,35.73604],[51.52271,35.73594],[51.52339,35.73585],[51.52395,35.73577],[51.52449,35.73571],[51.52507,35.73562],[51.52568,35.73552],[51.52618,35.73546],[51.52672,35.73539],[51.52724,35.73532],[51.52788,35.73522],[51.52839,35.73515],[51.52898,35.73512],[51.52936,35.73507],[51.52935,35.73507],[51.5298,35.735],[51.53032,35.73493],[51.53099,35.73488],[51.53167,35.73479],[51.53238,35.73468],[51.533,35.73463],[51.53377,35.73452],[51.53446,35.7344],[51.53495,35.73434],[51.53549,35.7343],[51.53606,35.73423],[51.53663,35.73415],[51.53712,35.73405],[51.53757,35.73394],[51.53776,35.73391],[51.53802,35.73387],[51.53857,35.73386],[51.53919,35.73377],[51.53979,35.73368],[51.54041,35.73356],[51.54113,35.73347],[51.54185,35.73337],[51.54237,35.73331],[51.54295,35.73322],[51.5434,35.73318],[51.54404,35.733],[51.54453,35.73271],[51.54488,35.73239],[51.54516,35.7319],[51.54565,35.73161],[51.54617,35.73102],[51.54647,35.73068],[51.54679,35.73033],[51.54712,35.72997],[51.54746,35.72955],[51.54785,35.72913],[51.54836,35.72859],[51.54888,35.72801],[51.54919,35.72768],[51.54951,35.72732],[51.54985,35.72695],[51.55017,35.72656],[51.55043,35.72625],[51.55089,35.72656],[51.55143,35.72689],[51.55192,35.72719],[51.55233,35.72742],[51.55277,35.72768],[51.55319,35.72794],[51.5536,35.72816],[51.55409,35.72845],[51.55454,35.72874],[51.5548,35.72906],[51.55441,35.72946],[51.55406,35.72981],[51.55419,35.72994],[51.55414,35.72992],[51.55413,35.72994],[51.55411,35.7299],[51.55389,35.72994],[51.55397,35.7299]]]}},{"type":"Feature","properties":{"route":3,"color":"#7c3aed","times":[[21815,21875,21935,21995,22055,22115,22175,22235,22295,22355,22415,22475,22535,22595,22655,22715,22775,22835,22895,22955,23015,23075,23135,23165,23207,23219,23225,23231,23237,23243,23249,23255,23261,23270,23279,23291,23303,23315,23321,23330,23339,23345,23351,23357,23366,23372,23378,23387,23393,23399,23402,23405,23408,23411,23414,23420,23480,23489,23495,23501,23504,23507,23513,23519,23525,23531,23540,23546,23555,23570,23579,23639,23699,23717,23723,23729,23735,23741,23747,23753,23759,23768,23777,23783,23789,23795,23801,23807,23816,23825,23831,23849,23861,23876,23894,23915,23963,23969,23972,23975,23978,23981,23984,23987,23993,23999,24008,24014,24020,24026,24032,24038,24044,24050,24053,24056,24059,24062,24065,24068,24071,24074,24077,24080,24086,24089,24092,24095,24098,24101,24104,24107,24110,24116,24122,24131,24140,24146,24152,24158,24164,24173,24179,24185,24191,24197,24203,24209,24215,24233,24245,24251,24257,24263,24269,24275,24281,24284,24287,24290,24293,24296,24299,24302,24305,24308,24311,24314,24317,24320,24323,24326,24329,24332,24335,24338,24344,24347,24353,24374,24386,24416,24446,24467,24527,24560,24614,24668,24725,24785,24827,24881,24935,24980,24998,25058,25115,25148,25208,25232,25274,25316,25349,25370,25421,25469,25520,25547,25583,25631,25661,25700,25736,25760,25787,25811,25829,25856,25877,25895,25919,25934,25949,25964,25982,25997,26012,26021,26033,26060,26075,26087,26105,26117,26126,26138,26147,26153,26159,26165,26171,26177,26183,26186,26189,26192,26195,26198,26201,26204,26207,26210,26213,26216,26219,26222,26225,26228,26231,26234,26237,26240,26243,26246,26249,26252,26255,26258,26261,26264,26267,26270,26273,26276,26279,26282,26285,26288,26291,26294,26297,26300,26303,26306,26309,26312,26315,26318,26324,26330,26339,26348,26360,26369,26378,26387,26399,26423,26435,26444,26548,26560,26566,26572,26578,26589,26595,26601,26604,26607,26610,26613,26616,26619,26622,26625,26628,26631,26634,26637,26640,26643,26646,26649,26652,26655,26658,26661,26664,26667,26670,26673,26676,26679,26682,26685,26688,26691,26694,26697,26700,26703,26706,26709,26712,26715,26718,26721,26724,26727,26730,26733,26736,26739,26742,26745,26748,26751,26754,26757,26760,26763,26769,26772,26775,26778,26781,26784,26787,26790,26793,26796,26799,26802,26805,26808,26811,26814,26817,26820,26823,26826,26829,26832,26835,26838,26841,26844,26847,26850,26853,26856,26859,26862,26865,26868,26871,26874,26877,26880,26883,26886,26889,26892,26895,26898,26901,26904,26907,26910,26913,26916,26919,26922,26925,26928,26931,26934,26937,26940,26943,26946,26949,26952,26955,26958,26961,26964,26967,26970,26973,26976,26979,26982,26985,26988,26991,26994,26997,27000,27003,27006,27009,27012,27015,27018,27021,27024,27027,27030,27033,27036,27039,27042,27045,27048,27051,27054,27057,27060,27063,27066,27069,27072,27075,27078,27081,27084,27087,27093]],"type":"access_route","source":"recorded_gps_prefix"},"geometry":{"type":"MultiLineString","coordinates":[[[51.554,35.72974],[51.55439,35.72985],[51.55431,35.72984],[51.55409,35.72979],[51.55412,35.72985],[51.55417,35.72983],[51.55417,35.72983],[51.55418,35.72982],[51.55421,35.7298],[51.55418,35.72976],[51.55417,35.72976],[51.55417,35.72976],[51.55417,35.72975],[51.55418,35.72973],[51.5542,35.72969],[51.55421,35.72967],[51.55421,35.72967],[51.55421,35.72968],[51.55421,35.72968],[51.55421,35.72968],[51.5541,35.72984],[51.55413,35.7299],[51.55391,35.72991],[51.55365,35.73024],[51.55335,35.73061],[51.553,35.73098],[51.55271,35.73126],[51.55244,35.73155],[51.55207,35.73193],[51.55172,35.73236],[51.55137,35.73273],[51.55103,35.73308],[51.55074,35.7334],[51.55047,35.73379],[51.55015,35.73409],[51.54947,35.73413],[51.54885,35.73413],[51.54837,35.73389],[51.54798,35.73363],[51.54752,35.73335],[51.54707,35.73307],[51.54662,35.73282],[51.54615,35.7325],[51.54575,35.73224],[51.54514,35.73233],[51.54472,35.73274],[51.54414,35.73308],[51.54357,35.73326],[51.54296,35.73334],[51.54216,35.73344],[51.54169,35.7335],[51.54119,35.73355],[51.54068,35.7336],[51.54018,35.73364],[51.53972,35.73369],[51.53897,35.73379],[51.53862,35.73386],[51.53797,35.73395],[51.53739,35.73405],[51.53668,35.73413],[51.53623,35.73419],[51.53577,35.73426],[51.53502,35.73435],[51.53448,35.73444],[51.53365,35.73455],[51.53289,35.73464],[51.53231,35.7347],[51.53175,35.73477],[51.53131,35.73482],[51.53086,35.73489],[51.53035,35.73492],[51.52995,35.73499],[51.52995,35.73499],[51.52935,35.73503],[51.52889,35.7351],[51.52832,35.73518],[51.52749,35.73529],[51.52671,35.73542],[51.52606,35.73551],[51.52554,35.73557],[51.52495,35.73566],[51.52439,35.73576],[51.52367,35.73586],[51.52293,35.73596],[51.52217,35.73606],[51.52154,35.73612],[51.52089,35.73619],[51.52054,35.73649],[51.52051,35.73686],[51.52062,35.73721],[51.52082,35.73754],[51.52105,35.7379],[51.52127,35.73824],[51.52157,35.73858],[51.52181,35.73892],[51.52202,35.73925],[51.52163,35.73876],[51.52123,35.73818],[51.52099,35.73787],[51.52075,35.73751],[51.52052,35.73713],[51.52028,35.73675],[51.52001,35.73639],[51.51978,35.73607],[51.51941,35.73555],[51.51912,35.73512],[51.51879,35.73462],[51.51851,35.73419],[51.5181,35.73367],[51.51773,35.7332],[51.51735,35.73294],[51.51683,35.73294],[51.51619,35.73301],[51.51536,35.73313],[51.51491,35.7332],[51.51443,35.73328],[51.5139,35.73336],[51.51341,35.73342],[51.51295,35.73346],[51.51244,35.73353],[51.5119,35.73362],[51.51134,35.7337],[51.51085,35.73376],[51.5104,35.73381],[51.50955,35.73394],[51.50911,35.73399],[51.50863,35.73405],[51.50814,35.7341],[51.50769,35.73416],[51.50724,35.73422],[51.50679,35.73428],[51.50635,35.73435],[51.5059,35.7344],[51.50509,35.73451],[51.5044,35.7346],[51.50383,35.73467],[51.50337,35.73475],[51.50282,35.73485],[51.50217,35.73491],[51.50145,35.73501],[51.50091,35.73506],[51.50032,35.7351],[51.4998,35.73519],[51.49924,35.73528],[51.4986,35.73538],[51.49784,35.73547],[51.49706,35.73555],[51.49624,35.73567],[51.49559,35.73574],[51.49503,35.73581],[51.49451,35.73587],[51.49404,35.73593],[51.49356,35.736],[51.4929,35.73609],[51.49211,35.73619],[51.49135,35.73633],[51.49061,35.73652],[51.49015,35.73661],[51.48966,35.73667],[51.48911,35.73673],[51.48851,35.73683],[51.48784,35.73694],[51.48721,35.73702],[51.48657,35.73712],[51.48597,35.73723],[51.48538,35.73731],[51.48479,35.73739],[51.48419,35.73751],[51.4836,35.73759],[51.483,35.73766],[51.48241,35.73773],[51.48183,35.73781],[51.48128,35.73789],[51.48073,35.738],[51.48017,35.73811],[51.47963,35.7382],[51.4788,35.73839],[51.47836,35.73846],[51.4779,35.7386],[51.47744,35.73875],[51.477,35.73884],[51.47655,35.73893],[51.4761,35.73897],[51.47566,35.73907],[51.47524,35.73917],[51.4748,35.73928],[51.47436,35.73927],[51.47388,35.73937],[51.47337,35.73948],[51.47322,35.7395],[51.47275,35.73959],[51.47226,35.73966],[51.47183,35.7398],[51.47132,35.73987],[51.47085,35.73995],[51.47072,35.73992],[51.47022,35.74],[51.46971,35.74005],[51.4693,35.74013],[51.46879,35.74022],[51.46835,35.74039],[51.4679,35.74043],[51.46747,35.74052],[51.46699,35.74047],[51.46651,35.74052],[51.46612,35.74071],[51.46556,35.7407],[51.46508,35.74071],[51.46464,35.74063],[51.46418,35.74065],[51.46368,35.74074],[51.46321,35.74081],[51.46275,35.74092],[51.46226,35.741],[51.46183,35.74109],[51.4614,35.74125],[51.46095,35.74133],[51.46048,35.74137],[51.46,35.74138],[51.45947,35.74135],[51.45898,35.74128],[51.45845,35.74119],[51.45801,35.74113],[51.45748,35.74117],[51.45704,35.7412],[51.45659,35.74123],[51.45607,35.74128],[51.45545,35.74133],[51.45495,35.74137],[51.45444,35.74142],[51.45398,35.74147],[51.45351,35.74151],[51.45299,35.74156],[51.45241,35.74162],[51.45186,35.74168],[51.45123,35.74169],[51.45065,35.74174],[51.45006,35.7418],[51.44931,35.74185],[51.44857,35.7419],[51.4479,35.74193],[51.44722,35.74194],[51.4464,35.74205],[51.44595,35.74212],[51.44547,35.74221],[51.44498,35.74236],[51.44448,35.74253],[51.44398,35.74265],[51.44347,35.74271],[51.44296,35.74274],[51.44245,35.74274],[51.44193,35.74274],[51.44142,35.74275],[51.44091,35.74275],[51.4404,35.74275],[51.43988,35.74275],[51.43938,35.74276],[51.43889,35.74277],[51.43839,35.74276],[51.43787,35.74277],[51.43734,35.74277],[51.43677,35.74276],[51.4362,35.7427],[51.43562,35.7426],[51.43506,35.74246],[51.43452,35.74227],[51.43399,35.74202],[51.43346,35.74173],[51.43294,35.74143],[51.43237,35.74117],[51.43178,35.74096],[51.43117,35.7408],[51.43055,35.74067],[51.42992,35.74059],[51.42931,35.74054],[51.42871,35.74051],[51.42812,35.74049],[51.42755,35.74046],[51.42699,35.74045],[51.42644,35.74043],[51.42588,35.74042],[51.42531,35.74042],[51.4247,35.74041],[51.42406,35.74038],[51.42341,35.74036],[51.42277,35.74034],[51.42223,35.74032],[51.42177,35.74032],[51.42106,35.7403],[51.42062,35.74028],[51.42009,35.74028],[51.41951,35.74027],[51.41905,35.74026],[51.4186,35.74023],[51.41805,35.7402],[51.41751,35.7402],[51.41705,35.7403],[51.41653,35.74044],[51.41604,35.74069],[51.41551,35.74095],[51.40747,35.74402],[51.40696,35.74406],[51.4065,35.7441],[51.40582,35.74409],[51.40522,35.74416],[51.4041,35.74405],[51.40336,35.74393],[51.40253,35.74374],[51.40209,35.74357],[51.40163,35.7434],[51.40119,35.74316],[51.40074,35.74289],[51.40027,35.74262],[51.39979,35.74232],[51.39929,35.74205],[51.39878,35.74181],[51.39828,35.74163],[51.39775,35.74148],[51.39722,35.74137],[51.39668,35.74129],[51.39608,35.74125],[51.39544,35.74127],[51.39476,35.74136],[51.39406,35.74151],[51.39339,35.7417],[51.39276,35.74196],[51.39212,35.74222],[51.3915,35.74247],[51.39088,35.74271],[51.39026,35.74294],[51.38964,35.74315],[51.38903,35.74332],[51.38843,35.74345],[51.38783,35.74354],[51.3872,35.7436],[51.38656,35.74362],[51.38591,35.74354],[51.38526,35.74341],[51.38461,35.74326],[51.38395,35.74308],[51.38327,35.74291],[51.38259,35.74275],[51.38191,35.74259],[51.38122,35.74242],[51.38052,35.74226],[51.37987,35.74211],[51.37924,35.74198],[51.37864,35.74187],[51.37809,35.74177],[51.37753,35.74166],[51.37696,35.74155],[51.37638,35.74146],[51.37576,35.74137],[51.37511,35.74127],[51.37442,35.74115],[51.37375,35.74104],[51.3731,35.74092],[51.37246,35.74078],[51.37184,35.74065],[51.37126,35.74052],[51.37074,35.7404],[51.37027,35.74028],[51.36946,35.74006],[51.36899,35.73993],[51.36847,35.73979],[51.36794,35.73965],[51.36736,35.7395],[51.36675,35.73934],[51.36612,35.7392],[51.36549,35.73909],[51.36486,35.73903],[51.36419,35.73897],[51.36351,35.73892],[51.3628,35.73888],[51.36207,35.73887],[51.36133,35.73891],[51.36058,35.73897],[51.35984,35.73905],[51.3591,35.73915],[51.35837,35.73926],[51.35765,35.73938],[51.35695,35.73949],[51.35626,35.7396],[51.35557,35.73971],[51.35488,35.73983],[51.35419,35.73994],[51.35352,35.74005],[51.35286,35.74015],[51.35219,35.74027],[51.35151,35.74039],[51.35082,35.7405],[51.35012,35.74063],[51.34942,35.74075],[51.34871,35.74086],[51.34801,35.74093],[51.3473,35.74097],[51.34661,35.74097],[51.34592,35.74095],[51.34523,35.74091],[51.34452,35.74085],[51.34381,35.74079],[51.34309,35.74073],[51.34235,35.74068],[51.34161,35.74065],[51.34089,35.74065],[51.34021,35.74067],[51.33954,35.74073],[51.33888,35.74075],[51.33822,35.74077],[51.33757,35.74077],[51.33693,35.74077],[51.3363,35.74072],[51.33567,35.74066],[51.33507,35.74059],[51.33447,35.74052],[51.33386,35.74046],[51.33325,35.74038],[51.33263,35.74031],[51.33199,35.74021],[51.33135,35.74009],[51.33068,35.73993],[51.32999,35.73975],[51.32934,35.73958],[51.32876,35.73943],[51.32815,35.73929],[51.32752,35.73915],[51.32688,35.739],[51.32623,35.73885],[51.32558,35.73871],[51.32493,35.73856],[51.32428,35.73841],[51.32364,35.73827],[51.32299,35.73814],[51.32236,35.73801],[51.32175,35.73786],[51.32115,35.73771],[51.32055,35.73758],[51.31996,35.73746],[51.31936,35.73734],[51.31875,35.7372],[51.31814,35.73706],[51.3175,35.73692],[51.31689,35.73676],[51.31626,35.73659],[51.31562,35.73642],[51.31499,35.73625],[51.31436,35.73604],[51.31378,35.73581],[51.31322,35.73557],[51.31272,35.73528],[51.31223,35.735],[51.31175,35.73469],[51.31129,35.73441],[51.31081,35.73413],[51.31034,35.73389],[51.30985,35.73365],[51.30935,35.73344],[51.3088,35.73324],[51.30826,35.73308],[51.30771,35.73291],[51.30716,35.73278],[51.30662,35.73263],[51.30605,35.73252],[51.3055,35.73244],[51.30498,35.73237],[51.30444,35.73231],[51.30391,35.73227],[51.30338,35.73226],[51.3029,35.73227],[51.30227,35.73236]]]}},{"type":"Feature","properties":{"route":4,"color":"#d97706","times":[[29414,29420,29481,29541,29602,29611,29617,29623,29629,29635,29641,29647,29653,29659,29665,29671,29677,29683,29689,29695,29701,29707,29713,29719,29725,29728,29731,29734,29740,29746,29752,29758,29767,29773,29779,29785,29788,29791,29794,29800,29806,29812,29818,29824,29830,29836,29842,29848,29854,29860,29866,29869,29875,29881,29884,29887,29890,29896,29902,29920,29929,29941,30001,30061,30121,30181,30190,30196,30202,30208,30214,30220,30226,30232,30235,30238,30241,30244,30247,30253,30259,30265,30271,30274,30277,30280,30283,30286,30289,30292,30295,30298,30301,30304,30307,30313,30325,30331,30337,30343,30349,30355,30364,30370,30373,30376,30382,30388,30397,30403,30409,30415,30421,30427,30436,30442,30448,30454,30460,30466,30472,30478,30484,30490,30496,30502,30508,30517,30526,30532,30538,30544,30556,30562,30568,30574,30634,30646,30652,30658,30664,30670,30676,30682,30688,30694,30700,30706,30712,30724,30736,30742,30751,30757,30763,30769,30778,30790,30799,30811,30820,30829,30835,30841,30847,30853,30859,30865,30874,30880,30886,30892,30898,30904,30910,30913,30916,30919,30925,30931,30991,31006,31012,31018,31024,31030,31036,31078,31084,31090,31096,31102,31108,31114,31153,31165,31177,31183,31189,31195,31201,31207,31213,31273,31333,31360,31366,31372,31378,31384,31390,31396,31402,31462,31522,31582,31642,31702,31717,31777,31837,31897,31957,32017,32077,32137,32158,32204,32264,32324,32384,32444,32504,32564,32624,32684,32744,32804,32864,32924,32984,33044,33104,33164,33224,33284,33344,33404,33446,33455,33464,33470,33476,33482,33488,33494,33500,33506,33512,33518,33542,33554,33560,33566,33569,33572,33578,33584,33590,33596,33602,33611,33617,33623,33629,33635,33641,33647,33659,33665,33671,33677,33683,33689,33695,33701,33707,33713,33719,33725,33728,33731,33737,33743,33749,33752,33755,33758,33764,33794,33803,33809,33815,33827,33842,33902,33962,34022,34263,34299,34311,34320,34326,34338,34344,34353,34359,34365,34377,34392,34401,34410,34428,34437,34446,34458,34473,34482,34491,34500,34521,34530,34539,34599,34659,34719,34779,34818,34851,34905,34941,34953,34974,35034,35046,35052,35064,35070,35076,35082,35091,35100,35109,35118,35130,35190,35247,35307,35367,35376,35385,35391,35400,35406,35412,35418,35424,35430,35436,35442,35448,35508,35568,35601,35661,35721,35781,35841,35901,35961,36021,36081,36141,36201,36261,36321,36381,36441,36542,36602,36662,36722,36782,36842,36851,36863,36884,36893,36905,36941,37001,37061,37121,37181,37190,37205,37220,37232,37250,37310,37328,37337,37346,37355,37367,37373,37382,37388,37397,37406,37415,37421,37430,37436,37442,37448,37454,37463,37478,37496,37508,37520,37547,37580,37640,37700,37874,37934,37994,38054,38114,38174,38234,38294,38354,38390,38402,38432,38441,38450,38462,38480,38495,38522,38531,38540,38552,38558,38564,38576,38588,38600,38660,38720,38822,38882,38971,39013,39022,39043,39058,39070,39085,39100,39112,39124,39151,39231,39292,39352,39412,39472,39532,39562,39577,39589,39601,39610,39619,39625,39631,39640,39646,39655,39667,39676,39682,39694,39715,39733,39748,39766,39781,39787,39796,39805,39814,39820,39829,39838,39844,39853,39865,39880,39886,39892,39898,39922,39937,39952,39967,39973,39979,40039,40099,40132,40141,40147,40153,40159,40165,40171,40180,40189,40195,40201,40204,40207,40210,40213,40216,40219,40222,40225,40228,40234,40246,40252,40258,40264,40270,40276,40291,40297,40303,40357,40375,40381,40384,40390,40396,40399,40405,40411,40417,40423,40429,40435,40441,40447,40453,40459,40468,40474,40480,40507,40567,40627,40687,40954,40987,41323,41383,41443,41503,41563,41623,41683,41743,41803,41833,41842,41851,41857,41866,41875,41881,41902,41914,41923,41932,41941,41950,41959,41965,41971,41977,41986,42040,42043,42050,42056,42116,42176,42236,42266,42275,42722,42758,42782,42794,42803,42818,42830,42848,42863,42893,42908,42923,42950,43063,43320,43380,43437,43452,43470,43530,43590,43629,43689,43749,43809,43869,43929,43986,43995,44007,44019,44079,44094,44109,44121,44136,44148,44154,44184,44220,44226,44235,44241,44301,44361,44406,44466,44523,44532,44541,44556,44565,44577,44589,44601,44610,44619,44631,44643,44655,44670,44679,44694,44706,44718,44739,44748,44757,44766,44775,44790,44802,44814,44823,44832,44847,44862,44871,44880,44889,44898,44907,44916,44925,44946,44961,44967,44973,44982,44988,44994,45003,45009,45015,45024,45033,45042,45102,45162,45222,45282,45342,45402,45462,45522,45570,45597,45639,45699,45759,45819,45879,45912,45972,46020,46029,46089,46150,46159,46165,46171,46177,46186,46195,46204,46213,46219,46225,46231,46237,46255,46261,46321,46351,46357,46363,46423,46483,46519,46528,46537,46546,46552,46558,46564,46570,46576,46582,46588,46594,46600,46603,46606,46609,46615,46618,46624,46630,46636,46642,46648,46654,46660,46666,46672,46678,46687,46696,46702,46705,46708,46711,46714,46717,46720,46723,46726,46729,46732,46735,46738,46741,46744,46747,46750,46753,46756,46759,46762,46768,46774,46780,46786,46789,46792,46795,46798,46804,46810,46816,46822,46828,46834,46840,46846,46852,46858,46861,46867,46873,46879,46885,46888,46891,46894,46897,46903,46909,46912,46915,46918,46921,46924,46927,46930,46933,46936,46939,46942,46945,46948,46951,46954,46957,46960,46963,46966,46972,46978,46984,46990,46996,47008,47020,47026,47032,47038,47044,47050,47056,47062,47068,47074,47080,47086,47092,47098,47104,47107,47110,47113,47119,47125,47131,47137,47140,47143,47146,47149,47152,47155,47158,47161,47164,47167,47170,47173,47179,47185,47191,47197,47203,47218,47224,47230,47236,47242,47248,47254,47260,47266,47275,47281,47287,47293,47299,47305,47311,47320,47335,47344,47356,47362,47368,47374,47380,47386,47392,47398,47404,47410,47416,47422,47428,47446,47452,47455,47458,47461,47464,47470,47476,47482,47488,47491,47497,47542,47569,47581,47587,47593,47599,47605,47611,47617,47623,47629,47635,47641,47647,47653,47659,47665,47671,47680,47740,47800,47860,47920,47980,48040,48100,48160,48208,48217,48226,48232,48238,48253,48271,48280,48286,48289,48292,48295,48298,48301,48307,48313,48319,48325,48328,48331,48337,48397,48412,48418,48424,48430,48436,48442,48466,48475,48481,48487,48493,48499,48505,48511,48517,48523,48529,48535,48544,48550,48553,48556,48559,48562,48565,48571,48577,48583,48586,48589,48592,48595,48598,48601,48607,48619,48625,48631,48637,48643,48649,48658,48664,48670,48679,48685,48700,48760,48771]],"type":"operational_gps","source":"recorded_gps"},"geometry":{"type":"MultiLineString","coordinates":[[[51.56637,35.7378],[51.56683,35.73807],[51.5668,35.7381],[51.56688,35.73808],[51.56697,35.73817],[51.56741,35.73848],[51.56789,35.7388],[51.56847,35.73916],[51.56908,35.73951],[51.56968,35.73986],[51.57032,35.74025],[51.57097,35.74063],[51.57157,35.74098],[51.5722,35.74131],[51.57274,35.74165],[51.57301,35.74203],[51.57295,35.7425],[51.57252,35.74303],[51.57208,35.74364],[51.57211,35.74432],[51.57238,35.74498],[51.57266,35.74558],[51.57296,35.74587],[51.5735,35.74574],[51.57426,35.7455],[51.57469,35.74538],[51.57514,35.74526],[51.57556,35.74513],[51.57617,35.74496],[51.57668,35.7448],[51.57741,35.74461],[51.57814,35.7444],[51.57857,35.74426],[51.57899,35.74413],[51.57967,35.74395],[51.5805,35.74371],[51.58092,35.74358],[51.58135,35.74345],[51.58178,35.74333],[51.5825,35.74315],[51.58315,35.74294],[51.58362,35.74282],[51.58423,35.74266],[51.58483,35.74249],[51.58529,35.74238],[51.5859,35.74219],[51.58666,35.74199],[51.58745,35.74189],[51.58829,35.74178],[51.58913,35.74168],[51.59,35.74159],[51.59043,35.74153],[51.59129,35.74141],[51.59211,35.7413],[51.59256,35.74124],[51.59302,35.74117],[51.5935,35.74104],[51.59428,35.74076],[51.5947,35.74059],[51.59427,35.74085],[51.59374,35.74106],[51.59376,35.74148],[51.59377,35.74155],[51.59376,35.7416],[51.59375,35.74161],[51.5934,35.74149],[51.59286,35.74136],[51.59238,35.74141],[51.5918,35.74146],[51.59116,35.74153],[51.59055,35.74159],[51.58987,35.74166],[51.58917,35.74175],[51.58833,35.7419],[51.58785,35.74195],[51.58734,35.742],[51.58683,35.7421],[51.58637,35.74219],[51.58593,35.74231],[51.58538,35.74247],[51.58495,35.74259],[51.58432,35.74275],[51.58347,35.74298],[51.58297,35.74312],[51.58248,35.74325],[51.58197,35.74339],[51.58143,35.74354],[51.58091,35.74369],[51.5804,35.74384],[51.57988,35.744],[51.57938,35.74416],[51.57888,35.7443],[51.57837,35.74443],[51.57787,35.74456],[51.57739,35.74469],[51.57675,35.74486],[51.57628,35.74495],[51.57574,35.74515],[51.57497,35.74538],[51.57417,35.74562],[51.5734,35.74586],[51.57285,35.74597],[51.57254,35.74562],[51.57231,35.74504],[51.57215,35.74466],[51.572,35.74432],[51.57191,35.74367],[51.57217,35.74317],[51.57252,35.74278],[51.57283,35.74242],[51.573,35.74205],[51.57271,35.74164],[51.57207,35.74126],[51.57146,35.74093],[51.57107,35.7407],[51.57055,35.74044],[51.56997,35.74012],[51.56943,35.73979],[51.56887,35.73944],[51.56828,35.73909],[51.56769,35.73872],[51.56718,35.73837],[51.56661,35.73802],[51.56603,35.73765],[51.56549,35.73732],[51.56491,35.73696],[51.56443,35.73665],[51.56401,35.73642],[51.56341,35.73614],[51.56284,35.73578],[51.56226,35.73541],[51.56184,35.73517],[51.56134,35.7349],[51.56097,35.73469],[51.5606,35.73445],[51.56024,35.73424],[51.56003,35.73411],[51.55957,35.7338],[51.55914,35.73358],[51.5586,35.73327],[51.55811,35.73295],[51.55759,35.73266],[51.5571,35.73236],[51.55666,35.73213],[51.55622,35.73187],[51.55575,35.73159],[51.55523,35.73124],[51.55457,35.73092],[51.55397,35.73062],[51.55349,35.73049],[51.55318,35.73077],[51.5529,35.73107],[51.5525,35.73146],[51.55221,35.73176],[51.55183,35.73218],[51.55152,35.73253],[51.5512,35.7329],[51.55094,35.7332],[51.55057,35.73355],[51.55014,35.73392],[51.54955,35.73409],[51.5489,35.73413],[51.54847,35.73393],[51.54795,35.73363],[51.54743,35.73333],[51.5469,35.73303],[51.54633,35.73266],[51.54592,35.73238],[51.54533,35.73226],[51.54489,35.73259],[51.5443,35.73298],[51.54384,35.73315],[51.5433,35.73325],[51.54259,35.73336],[51.54176,35.73347],[51.54128,35.73355],[51.54083,35.7336],[51.54039,35.73365],[51.53958,35.73374],[51.53901,35.73382],[51.53862,35.73384],[51.53805,35.73396],[51.53755,35.73403],[51.53698,35.7341],[51.5364,35.73415],[51.53585,35.73421],[51.53529,35.73429],[51.53468,35.73443],[51.53401,35.7345],[51.53324,35.73456],[51.53254,35.7346],[51.53189,35.73469],[51.53121,35.73477],[51.5307,35.7348],[51.53025,35.73488],[51.52973,35.73495],[51.52937,35.73456],[51.52915,35.73418],[51.52895,35.73376],[51.52873,35.73326],[51.52844,35.73274],[51.52816,35.73227],[51.52795,35.73178],[51.52777,35.73148],[51.52772,35.73147],[51.52748,35.73105],[51.52734,35.73067],[51.5272,35.73024],[51.52701,35.72985],[51.52681,35.72953],[51.52664,35.72917],[51.52642,35.72882],[51.52621,35.72843],[51.52593,35.72827],[51.52587,35.72824],[51.52607,35.72816],[51.52609,35.72833],[51.52643,35.72823],[51.52633,35.72859],[51.5262,35.72858],[51.52615,35.72847],[51.5263,35.72864],[51.52612,35.72866],[51.52599,35.7288],[51.52591,35.72877],[51.52608,35.72858],[51.52645,35.72827],[51.52602,35.72881],[51.52605,35.72856],[51.52611,35.72853],[51.52618,35.7285],[51.52596,35.72834],[51.52621,35.7284],[51.52605,35.72827],[51.52617,35.7285],[51.52631,35.72838],[51.52633,35.72828],[51.52636,35.72848],[51.5261,35.72846],[51.52612,35.72819],[51.52646,35.72834],[51.52643,35.72855],[51.52624,35.72863],[51.52613,35.72871],[51.52613,35.72888],[51.52587,35.72885],[51.52611,35.72885],[51.52614,35.72851],[51.52594,35.72818],[51.52575,35.72776],[51.52533,35.72737],[51.52499,35.72708],[51.52473,35.72671],[51.52445,35.72643],[51.52393,35.72645],[51.5232,35.72654],[51.5226,35.72662],[51.5221,35.72674],[51.5214,35.7269],[51.52083,35.72702],[51.52031,35.72707],[51.51979,35.72702],[51.51916,35.72709],[51.5184,35.7272],[51.51796,35.72724],[51.51749,35.72728],[51.51675,35.72738],[51.51619,35.72744],[51.51547,35.72751],[51.51473,35.72761],[51.51423,35.72774],[51.51413,35.7282],[51.5144,35.72866],[51.51477,35.72917],[51.51516,35.72964],[51.51554,35.73007],[51.51595,35.73054],[51.51627,35.73093],[51.5158,35.73054],[51.5154,35.73003],[51.51498,35.72951],[51.51457,35.72902],[51.51408,35.72849],[51.51353,35.7281],[51.51284,35.72793],[51.51204,35.72797],[51.51121,35.72807],[51.51045,35.72822],[51.50968,35.72836],[51.5088,35.72845],[51.50834,35.72851],[51.50788,35.72859],[51.50703,35.72873],[51.50618,35.72887],[51.50529,35.72897],[51.50482,35.72903],[51.50436,35.72911],[51.50391,35.72916],[51.50334,35.72925],[51.50315,35.72962],[51.50323,35.73009],[51.50331,35.73051],[51.50335,35.73094],[51.50343,35.73137],[51.50404,35.73137],[51.50425,35.73144],[51.50436,35.73148],[51.50437,35.73147],[51.50409,35.73137],[51.50371,35.73164],[51.50324,35.73174],[51.50261,35.73186],[51.50211,35.73188],[51.50146,35.73197],[51.50099,35.73198],[51.50033,35.73207],[51.49979,35.73216],[51.49926,35.73227],[51.49885,35.73246],[51.49853,35.73278],[51.49815,35.73297],[51.49759,35.73303],[51.49728,35.73263],[51.49705,35.7322],[51.49706,35.7318],[51.49687,35.73146],[51.4962,35.73151],[51.49565,35.73153],[51.49549,35.73112],[51.49532,35.73078],[51.49519,35.73036],[51.49562,35.73016],[51.49609,35.73008],[51.4964,35.73017],[51.49636,35.73005],[51.49634,35.73021],[51.49639,35.73046],[51.49624,35.73011],[51.49662,35.72991],[51.49706,35.72971],[51.49661,35.72975],[51.49619,35.72963],[51.49623,35.73007],[51.49643,35.73001],[51.49692,35.72994],[51.49747,35.72984],[51.49806,35.72979],[51.49852,35.72974],[51.49899,35.72969],[51.49945,35.7296],[51.49994,35.72951],[51.50059,35.72941],[51.50108,35.7293],[51.50171,35.7293],[51.50216,35.72924],[51.50222,35.72922],[51.50208,35.72958],[51.50218,35.72967],[51.50229,35.72955],[51.50271,35.72935],[51.50299,35.72904],[51.50294,35.72863],[51.50286,35.7281],[51.50279,35.7277],[51.50273,35.7273],[51.50267,35.72692],[51.5026,35.72648],[51.50245,35.72592],[51.50234,35.72541],[51.50226,35.72494],[51.5022,35.72453],[51.5022,35.72439],[51.50205,35.72404],[51.50222,35.72441],[51.50221,35.72437],[51.50228,35.72465],[51.50231,35.72472],[51.50223,35.72464],[51.50218,35.72464],[51.50215,35.72457],[51.50225,35.72464],[51.50228,35.72445],[51.50223,35.72435],[51.50208,35.72413],[51.502,35.72411],[51.50209,35.72416],[51.50181,35.72407],[51.50196,35.72384],[51.50187,35.72385],[51.50188,35.72363],[51.50206,35.7238],[51.5021,35.72401],[51.5021,35.72391],[51.50194,35.72385],[51.50197,35.72348],[51.5019,35.72306],[51.5014,35.72309],[51.50089,35.72313],[51.50037,35.72295],[51.50002,35.72322],[51.50007,35.7233],[51.50007,35.72332],[51.50004,35.72336],[51.50021,35.7231],[51.50073,35.72295],[51.50107,35.72329],[51.50116,35.72371],[51.50152,35.72398],[51.50196,35.72405],[51.50204,35.72399],[51.50199,35.72356],[51.50192,35.72314],[51.50185,35.72276],[51.50176,35.72233],[51.50166,35.72179],[51.50159,35.72138],[51.50143,35.72088],[51.50132,35.72053],[51.50119,35.72],[51.50079,35.71969],[51.50012,35.71977],[51.49962,35.71983],[51.49913,35.71993],[51.49862,35.71997],[51.49808,35.71999],[51.49748,35.72002],[51.49689,35.72002],[51.49643,35.72],[51.49684,35.71978],[51.49687,35.71929],[51.4968,35.71882],[51.49668,35.7184],[51.4962,35.71817],[51.49574,35.71847],[51.49574,35.71852],[51.49571,35.71844],[51.4957,35.71853],[51.49564,35.7186],[51.49576,35.71885],[51.49571,35.71862],[51.49556,35.71866],[51.49567,35.71874],[51.49561,35.71876],[51.49558,35.7188],[51.49575,35.71886],[51.49583,35.71926],[51.49599,35.71966],[51.49589,35.72003],[51.49541,35.72013],[51.49479,35.72023],[51.49435,35.72037],[51.49442,35.72073],[51.49445,35.72109],[51.49483,35.72137],[51.49533,35.72128],[51.49591,35.72127],[51.4963,35.72161],[51.4965,35.72196],[51.49665,35.72233],[51.49677,35.72269],[51.49682,35.72313],[51.49692,35.72351],[51.49696,35.72368],[51.49709,35.72363],[51.49701,35.72391],[51.49696,35.72384],[51.49711,35.72375],[51.49694,35.72409],[51.49714,35.72442],[51.49724,35.72478],[51.49725,35.72519],[51.49736,35.7256],[51.49741,35.72601],[51.49753,35.72642],[51.49754,35.7268],[51.49758,35.72717],[51.49763,35.72754],[51.49774,35.72801],[51.49774,35.7276],[51.49779,35.72752],[51.49773,35.72751],[51.49759,35.7275],[51.49761,35.7275],[51.4972,35.72775],[51.49679,35.7279],[51.49637,35.72774],[51.49579,35.72779],[51.49527,35.72789],[51.4946,35.72795],[51.49406,35.7281],[51.49371,35.72836],[51.49385,35.7288],[51.49396,35.72915],[51.49407,35.72953],[51.49415,35.72991],[51.49419,35.73038],[51.49417,35.73075],[51.49373,35.73088],[51.49347,35.73058],[51.49299,35.73048],[51.49251,35.73059],[51.49196,35.73069],[51.49133,35.73064],[51.49086,35.73067],[51.49025,35.7308],[51.48983,35.73094],[51.48982,35.73134],[51.48985,35.73175],[51.48964,35.73209],[51.48894,35.73216],[51.48842,35.73217],[51.48801,35.73233],[51.4876,35.73251],[51.48705,35.73262],[51.4866,35.73274],[51.48608,35.73282],[51.48564,35.73288],[51.48511,35.73289],[51.48459,35.73291],[51.48406,35.73288],[51.4835,35.73267],[51.48322,35.73238],[51.48277,35.73207],[51.48248,35.73198],[51.48251,35.73194],[51.482,35.73182],[51.48136,35.73192],[51.48069,35.73199],[51.48003,35.73211],[51.47931,35.73224],[51.47862,35.73232],[51.47797,35.73243],[51.47732,35.73254],[51.47677,35.73252],[51.47624,35.73253],[51.47546,35.73259],[51.47499,35.73251],[51.47444,35.73248],[51.47387,35.73249],[51.4733,35.73247],[51.47275,35.73243],[51.47222,35.73236],[51.47166,35.73236],[51.47115,35.73229],[51.47066,35.73223],[51.46993,35.7322],[51.46948,35.73215],[51.46904,35.73203],[51.46851,35.73194],[51.46794,35.73194],[51.46724,35.73205],[51.46648,35.73212],[51.46599,35.73185],[51.46541,35.73154],[51.46493,35.73114],[51.46462,35.73087],[51.46392,35.73074],[51.46326,35.73094],[51.46281,35.73107],[51.46201,35.73117],[51.46113,35.73116],[51.46069,35.73112],[51.45991,35.73091],[51.45929,35.73079],[51.45873,35.73091],[51.45823,35.73071],[51.458,35.73026],[51.45838,35.7299],[51.45887,35.73002],[51.45917,35.7304],[51.4597,35.73069],[51.46021,35.73068],[51.4607,35.73024],[51.46113,35.72984],[51.46144,35.7295],[51.46177,35.72921],[51.46171,35.72934],[51.46162,35.72937],[51.46151,35.72942],[51.46158,35.72964],[51.46176,35.7293],[51.46148,35.72935],[51.4618,35.72933],[51.46166,35.72946],[51.46156,35.72948],[51.46164,35.72944],[51.4615,35.72944],[51.46157,35.72953],[51.46173,35.7294],[51.46176,35.72934],[51.46204,35.72904],[51.46237,35.72865],[51.46273,35.72817],[51.46304,35.72783],[51.46346,35.72743],[51.46386,35.72702],[51.46418,35.72675],[51.46457,35.72646],[51.46484,35.72613],[51.46535,35.72591],[51.46584,35.72555],[51.46623,35.72515],[51.46645,35.72483],[51.46688,35.72445],[51.46726,35.7241],[51.46755,35.7237],[51.46784,35.72334],[51.46809,35.72301],[51.46859,35.72311],[51.46886,35.72279],[51.46907,35.72238],[51.46946,35.72189],[51.46863,35.72449],[51.46858,35.72422],[51.46852,35.72413],[51.46838,35.72369],[51.46847,35.72319],[51.46851,35.7227],[51.469,35.72233],[51.46938,35.72211],[51.46967,35.72181],[51.47003,35.72156],[51.47031,35.72124],[51.47067,35.72093],[51.47118,35.72084],[51.47168,35.72085],[51.47199,35.72046],[51.47207,35.72001],[51.4723,35.71967],[51.47255,35.71937],[51.47257,35.71921],[51.47246,35.71939],[51.47257,35.71923],[51.47242,35.7196],[51.47252,35.71995],[51.47254,35.72033],[51.47248,35.72039],[51.47245,35.72032],[51.47285,35.72013],[51.47261,35.72037],[51.47245,35.72059],[51.47243,35.72064],[51.47248,35.72056],[51.47245,35.72066],[51.47249,35.72024],[51.47227,35.7199],[51.47173,35.71989],[51.47123,35.71992],[51.47113,35.71988],[51.47103,35.71948],[51.47092,35.71912],[51.47056,35.71937],[51.47022,35.71963],[51.46989,35.71994],[51.46946,35.72012],[51.46938,35.72048],[51.46981,35.72012],[51.47014,35.71986],[51.47055,35.71953],[51.47087,35.71927],[51.47105,35.71903],[51.47121,35.71892],[51.47138,35.71932],[51.47125,35.71916],[51.4714,35.71874],[51.47174,35.71841],[51.47219,35.71817],[51.47271,35.71804],[51.47325,35.71802],[51.47369,35.71812],[51.4741,35.71789],[51.47417,35.71745],[51.47417,35.71705],[51.47413,35.71656],[51.47442,35.71614],[51.47478,35.71585],[51.4752,35.71561],[51.47561,35.71582],[51.476,35.71605],[51.47649,35.71613],[51.4769,35.71582],[51.47733,35.71557],[51.47776,35.71523],[51.47818,35.715],[51.47827,35.71455],[51.4785,35.71418],[51.47879,35.71384],[51.47915,35.71357],[51.47952,35.71329],[51.47989,35.71294],[51.48035,35.71256],[51.48064,35.71228],[51.48043,35.71193],[51.47989,35.71181],[51.47938,35.71172],[51.47886,35.71154],[51.47844,35.71135],[51.4779,35.71117],[51.47736,35.71097],[51.47682,35.71087],[51.47626,35.71068],[51.47579,35.71062],[51.47528,35.71088],[51.47496,35.71117],[51.47462,35.71144],[51.47424,35.71183],[51.47389,35.71207],[51.47353,35.71232],[51.47305,35.71255],[51.4727,35.71282],[51.47237,35.71317],[51.47196,35.71354],[51.47158,35.71403],[51.47121,35.71435],[51.47111,35.71431],[51.47118,35.71429],[51.47115,35.71428],[51.47123,35.71426],[51.47128,35.71429],[51.47104,35.71437],[51.47098,35.71446],[51.47102,35.71447],[51.47133,35.71419],[51.47163,35.71391],[51.47194,35.71363],[51.47163,35.7138],[51.47187,35.71366],[51.47194,35.71371],[51.47155,35.71394],[51.47121,35.7142],[51.47106,35.71439],[51.47071,35.71465],[51.47037,35.71489],[51.47016,35.71497],[51.46998,35.7151],[51.46958,35.71543],[51.46929,35.71572],[51.46898,35.71606],[51.46866,35.71633],[51.46818,35.71662],[51.46771,35.71687],[51.46734,35.71721],[51.4669,35.71759],[51.46663,35.71795],[51.46625,35.71824],[51.46576,35.71858],[51.46538,35.71886],[51.46484,35.71885],[51.46453,35.71856],[51.46433,35.71852],[51.46439,35.71813],[51.46471,35.71784],[51.46494,35.71744],[51.46504,35.71715],[51.46495,35.71701],[51.46474,35.71739],[51.46449,35.71776],[51.46424,35.71819],[51.4641,35.71866],[51.46388,35.71913],[51.46355,35.71962],[51.46326,35.72008],[51.4629,35.72062],[51.46246,35.72124],[51.46208,35.72186],[51.46174,35.72243],[51.46136,35.72298],[51.46095,35.72353],[51.46073,35.72387],[51.46051,35.72421],[51.46028,35.72456],[51.45984,35.72521],[51.45962,35.72554],[51.45931,35.72608],[51.45914,35.72642],[51.45898,35.72691],[51.4588,35.72756],[51.45875,35.72822],[51.45872,35.72882],[51.45876,35.72939],[51.45882,35.72981],[51.45904,35.73016],[51.45919,35.7305],[51.45908,35.73089],[51.45871,35.73116],[51.45865,35.73171],[51.45864,35.73211],[51.45863,35.73251],[51.45863,35.73298],[51.45859,35.73345],[51.45853,35.73392],[51.45844,35.73438],[51.45835,35.73484],[51.45824,35.73532],[51.45813,35.73576],[51.45813,35.73622],[51.45823,35.73665],[51.45838,35.73708],[51.4586,35.73753],[51.45886,35.73795],[51.45911,35.73841],[51.45942,35.73884],[51.45972,35.73925],[51.45999,35.73967],[51.46024,35.7401],[51.46046,35.7405],[51.46107,35.74082],[51.46181,35.74068],[51.46261,35.74062],[51.46346,35.74057],[51.46394,35.74052],[51.46442,35.7405],[51.46486,35.74047],[51.46535,35.74046],[51.46612,35.74037],[51.46663,35.74026],[51.46724,35.74019],[51.46803,35.74007],[51.46871,35.73996],[51.46937,35.73981],[51.47014,35.7397],[51.47087,35.73954],[51.47154,35.73945],[51.47232,35.7394],[51.47275,35.73933],[51.47363,35.73924],[51.47438,35.73906],[51.47509,35.73893],[51.47594,35.73881],[51.47643,35.73874],[51.47691,35.73865],[51.47737,35.73855],[51.4778,35.73842],[51.47862,35.73822],[51.4795,35.73801],[51.47998,35.73793],[51.48049,35.73784],[51.48097,35.73773],[51.48151,35.73765],[51.4821,35.7376],[51.4827,35.73754],[51.48332,35.73746],[51.48396,35.73736],[51.4846,35.73727],[51.48524,35.73717],[51.48589,35.73707],[51.48655,35.73699],[51.48724,35.73691],[51.48793,35.73682],[51.48862,35.73673],[51.48929,35.73661],[51.48991,35.73649],[51.49046,35.73638],[51.49093,35.7363],[51.4916,35.73613],[51.49211,35.73602],[51.49258,35.73591],[51.49315,35.73577],[51.49363,35.7357],[51.49412,35.73556],[51.49476,35.73549],[51.49546,35.73541],[51.49608,35.73534],[51.49679,35.73534],[51.49758,35.73525],[51.49834,35.73511],[51.49907,35.73498],[51.49987,35.73492],[51.50066,35.73481],[51.50146,35.7347],[51.5023,35.73462],[51.50312,35.73451],[51.50379,35.7344],[51.50429,35.73435],[51.50501,35.73428],[51.50546,35.73425],[51.50592,35.73422],[51.50637,35.73419],[51.50722,35.7341],[51.50808,35.734],[51.50888,35.73384],[51.50974,35.73371],[51.51023,35.73366],[51.51074,35.7336],[51.51128,35.73353],[51.51185,35.73344],[51.51244,35.73339],[51.51305,35.73331],[51.51368,35.73325],[51.51428,35.73318],[51.51487,35.73312],[51.51543,35.73306],[51.51597,35.73302],[51.51644,35.73295],[51.51717,35.73277],[51.5173,35.73238],[51.51698,35.732],[51.51666,35.73152],[51.51641,35.73117],[51.51691,35.7316],[51.51729,35.7321],[51.51765,35.7325],[51.51808,35.73268],[51.5187,35.73266],[51.51938,35.73255],[51.52013,35.73237],[51.52081,35.73224],[51.52143,35.73219],[51.52194,35.7321],[51.52237,35.732],[51.52298,35.73189],[51.52372,35.73179],[51.52434,35.73167],[51.52508,35.73159],[51.52575,35.7315],[51.52619,35.73147],[51.52673,35.73145],[51.52721,35.73135],[51.52783,35.7313],[51.52838,35.73131],[51.52908,35.73122],[51.52986,35.73109],[51.5307,35.73099],[51.53147,35.73087],[51.53207,35.73076],[51.53265,35.73073],[51.53334,35.73064],[51.53402,35.73053],[51.53478,35.73045],[51.5354,35.73033],[51.53587,35.73025],[51.53534,35.73049],[51.53451,35.73063],[51.53403,35.73071],[51.53351,35.73079],[51.53299,35.73085],[51.53247,35.73087],[51.5319,35.73094],[51.53149,35.73106],[51.53081,35.73118],[51.52993,35.73134],[51.52945,35.73142],[51.52869,35.73153],[51.52825,35.73158],[51.52786,35.73136],[51.52743,35.73109],[51.5272,35.73077],[51.52696,35.73032],[51.52671,35.72982],[51.52647,35.72938],[51.52619,35.72896],[51.526,35.72851],[51.52575,35.72807],[51.52547,35.72755],[51.52505,35.72708],[51.52485,35.72659],[51.52518,35.72635],[51.52555,35.7266],[51.52568,35.72712],[51.52574,35.72763],[51.52591,35.72801],[51.52612,35.72836],[51.52616,35.72825],[51.52617,35.7283],[51.52609,35.72839],[51.52606,35.72835],[51.52599,35.72837],[51.52608,35.72835],[51.52611,35.72834],[51.52608,35.72836],[51.52628,35.72872],[51.52645,35.72908],[51.52667,35.72954],[51.5269,35.72999],[51.52712,35.73035],[51.52736,35.73069],[51.5275,35.73106],[51.52813,35.73111],[51.52894,35.73106],[51.52939,35.731],[51.52987,35.73095],[51.53041,35.73091],[51.53092,35.73086],[51.53139,35.73083],[51.53193,35.7308],[51.53262,35.73073],[51.53344,35.73063],[51.53431,35.73047],[51.53479,35.7304],[51.5353,35.7304],[51.53591,35.73028],[51.53596,35.73023],[51.53634,35.73047],[51.53661,35.73094],[51.53687,35.7315],[51.53715,35.73215],[51.53739,35.73267],[51.53766,35.73298],[51.53791,35.73336],[51.5386,35.73351],[51.53941,35.73352],[51.54018,35.7335],[51.541,35.73344],[51.54178,35.73338],[51.54252,35.73335],[51.54306,35.7333],[51.54352,35.73323],[51.54414,35.73303],[51.54474,35.73264],[51.54511,35.73231],[51.5453,35.73197],[51.54573,35.73159],[51.54602,35.73128],[51.54629,35.73094],[51.5466,35.73059],[51.54691,35.73023],[51.54722,35.72992],[51.5476,35.72955],[51.54797,35.72915],[51.54848,35.72856],[51.5488,35.72821],[51.54912,35.72785],[51.54948,35.7275],[51.54984,35.72714],[51.55015,35.72675],[51.5504,35.72641],[51.55065,35.72608],[51.55081,35.72652],[51.55132,35.72682],[51.55201,35.72721],[51.55264,35.72759],[51.55316,35.7279],[51.55367,35.72821],[51.55405,35.72842],[51.55441,35.72866],[51.55476,35.72891],[51.5544,35.72929],[51.55403,35.7296],[51.55407,35.73001],[51.55414,35.72993],[51.55483,35.73101]]]}},{"type":"Feature","properties":{"route":4,"color":"#d97706","times":[[24065,24125,24185,24225,24285,24345,24405,24465,24633,24693,25067,25070,25115,25175,25235,25295,25346,25406,25466,25526,25565,25605,25614,25617,25677,25704,25707,25767,25800,25821,25827,25845,25848,25890,25950,26010,26070,26130,26190,26250,26310,26370,26430,26458,26509,26515,26548,26608,26632,26692,26707,26722,26737,26747,26750,26765,26774,26814,26823,26829,26874,26889,26907,26910,26931,26946,26952,26958,26976,26988,27006,27024,27084,27108,27114,27138,27191,27194,27210,27213,27237,27279,27294,27297,27306,27312,27354,27360,27381,27444,27447,27459,27465,27471,27498,27516,27531,27588,27609,27669,27729,27747,27774,27834,27858,27918,27939,27999,28044,28104,28164,28209,28269,28329,28389,28449,28509,28569,28629,28691,28751,28811,28871,28931,28991,29051,29112,29174,29234,29264,29270,29276,29282,29288,29294,29300,29306,29312,29318,29324,29330,29339,29345,29351,29357,29363,29369,29375,29384,29390,29396,29399,29402,29408,29414]],"type":"access_route","source":"recorded_gps_prefix"},"geometry":{"type":"MultiLineString","coordinates":[[[51.54851,35.73356],[51.5482,35.73346],[51.54829,35.73344],[51.54879,35.73347],[51.5484,35.73339],[51.54803,35.73329],[51.5514,35.73352],[51.55154,35.73362],[51.57637,35.73268],[51.54748,35.73293],[51.54821,35.73231],[51.54745,35.73229],[51.547,35.73238],[51.54683,35.73237],[51.54674,35.73232],[51.54653,35.73217],[51.54698,35.73233],[51.54681,35.73211],[51.5472,35.73219],[51.54724,35.73209],[51.54674,35.73209],[51.547,35.73143],[51.54659,35.73166],[51.54725,35.73193],[51.54731,35.73204],[51.54677,35.73203],[51.54631,35.73197],[51.54639,35.73187],[51.55039,35.73089],[51.55068,35.73062],[51.55088,35.73022],[51.55137,35.73001],[51.55225,35.72994],[51.55289,35.72949],[51.55288,35.72945],[51.55291,35.72944],[51.55302,35.72945],[51.55317,35.72929],[51.55312,35.72914],[51.55309,35.72908],[51.55325,35.72905],[51.55342,35.72908],[51.55318,35.72936],[51.55298,35.72976],[51.55312,35.72939],[51.55284,35.72911],[51.55239,35.729],[51.55263,35.72894],[51.55245,35.72859],[51.5526,35.72848],[51.5522,35.7282],[51.55238,35.72785],[51.55246,35.72747],[51.55279,35.72918],[51.55362,35.72935],[51.55346,35.72892],[51.55332,35.72857],[51.55473,35.72987],[51.55317,35.72794],[51.5534,35.72835],[51.5529,35.72816],[51.55278,35.72779],[51.55393,35.7289],[51.55437,35.72905],[51.55403,35.72878],[51.55378,35.7283],[51.55384,35.72873],[51.55432,35.72883],[51.55411,35.72849],[51.55391,35.72814],[51.55359,35.72785],[51.55331,35.72751],[51.55339,35.72765],[51.55337,35.72723],[51.55347,35.72682],[51.55355,35.72642],[51.55224,35.72717],[51.55198,35.7275],[51.55211,35.72707],[51.55185,35.72756],[51.55173,35.72796],[51.53867,35.72606],[51.5393,35.72589],[51.53882,35.72572],[51.53852,35.726],[51.53803,35.72649],[51.53738,35.72631],[51.53687,35.72617],[51.5363,35.72605],[51.55163,35.72665],[51.5513,35.72596],[51.55144,35.72645],[51.55151,35.72688],[51.55164,35.72723],[51.55179,35.72759],[51.55135,35.72773],[51.55097,35.72749],[51.55087,35.72785],[51.55044,35.72775],[51.55047,35.72776],[51.55063,35.72757],[51.55087,35.72791],[51.55136,35.72799],[51.55156,35.72815],[51.55203,35.72792],[51.55199,35.72795],[51.55159,35.72816],[51.55165,35.72843],[51.55116,35.72832],[51.55139,35.72834],[51.55145,35.72834],[51.5517,35.72872],[51.55171,35.72875],[51.55186,35.72889],[51.55199,35.7289],[51.55183,35.72897],[51.55161,35.72886],[51.55172,35.7287],[51.55205,35.72883],[51.55218,35.72873],[51.55216,35.72849],[51.55243,35.72833],[51.55261,35.72841],[51.55256,35.72861],[51.55279,35.72858],[51.55293,35.72866],[51.553,35.72869],[51.55309,35.72888],[51.55303,35.72895],[51.55274,35.7293],[51.55274,35.72971],[51.55313,35.73002],[51.55361,35.73038],[51.55415,35.7308],[51.55471,35.73117],[51.55529,35.73154],[51.55595,35.73188],[51.55656,35.73222],[51.55713,35.73256],[51.55766,35.73284],[51.55816,35.73314],[51.55864,35.73343],[51.55912,35.73371],[51.55973,35.73407],[51.56044,35.73445],[51.5611,35.73485],[51.56171,35.73522],[51.56209,35.73543],[51.56291,35.73585],[51.56357,35.73615],[51.56423,35.73653],[51.56461,35.73673],[51.56499,35.73696],[51.56571,35.73739],[51.56637,35.7378]]]}},{"type":"Feature","properties":{"route":5,"color":"#0891b2","times":[[21180,21240,21300,21360,21420,21480,21519,21528,21534,21540,21546,21552,21558,21561,21564,21567,21570,21573,21576,21579,21582,21585,21588,21591,21594,21597,21600,21603,21606,21609,21612,21615,21618,21621,21624,21627,21630,21633,21636,21639,21642,21645,21648,21651,21654,21657,21660,21663,21666,21669,21672,21675,21678,21681,21684,21687,21690,21693,21696,21699,21702,21705,21711,21717,21723,21726,21729,21732,21735,21738,21741,21744,21747,21750,21753,21756,21759,21762,21765,21768,21771,21774,21777,21780,21783,21786,21789,21792,21795,21798,21801,21804,21807,21810,21813,21816,21819,21822,21825,21828,21831,21834,21837,21840,21843,21846,21849,21852,21855,21858,21861,21864,21867,21870,21873,21876,21879,21882,21885,21888,21891,21894,21897,21900,21903,21906,21909,21912,21915,21918,21921,21924,21927,21930,21933,21936,21939,21942,21945,21948,21951,21954,21957,21960,21963,21966,21969,21972,21975,21978,21981,21987,21993,21999,22005,22011,22017,22023,22029,22035,22038,22041,22044,22050,22056,22062,22068,22074,22080,22086,22092,22098,22104,22110,22116,22122,22128,22134,22140,22146,22152,22158,22167,22173,22179,22188,22197,22203,22209,22215,22221,22227,22233,22248,22257,22266,22275,22293,22305,22317,22347,22356,22362,22371,22386,22395,22407,22422,22431,22437,22446,22458,22464,22473,22479,22485,22494,22503,22509,22518,22527,22542,22554,22560,22566,22578,22590,22602,22614,22641,22656,22677,22716,22731,22746,22764,22782,22809,22869,22887,22929,22938,22947,22956,22968,22977,22983,22992,23019,23031,23052,23073,23091,23109,23136,23166,23178,23196,23208,23220,23235,23250,23265,23280,23298,23310,23322,23334,23349,23361,23373,23385,23394,23412,23430,23463,23493,23544,23556,23571,23598,23619,23634,23649,23664,23685,23697,23706,23721,23742,23757,23775,23790,23805,23832,23856,23871,23877,23883,23889,23895,23901,23910,23937,23964,24009,24051,24084,24114,24150,24168,24177,24183,24192,24201,24210,24216,24222,24228,24234,24237,24240,24243,24246,24249,24252,24255,24258,24261,24264,24267,24270,24273,24276,24279,24282,24285,24288,24291,24294,24297,24300,24303,24306,24309,24312,24315,24318,24321,24324,24327,24330,24333,24336,24339,24342,24345,24348,24351,24354,24357,24360,24363,24366,24369,24372,24375,24378,24381,24384,24387,24390,24393,24396,24399,24402,24405,24408,24411,24414,24417,24420,24423,24426,24429,24432,24435,24438,24441,24444,24447,24450,24453,24456,24459,24462,24465,24468,24471,24477,24483,24489,24495,24501,24507,24567,24576,24582,24588,24594,24600,24603,24606,24609,24612,24615,24618,24621,24624,24627,24630,24633,24636,24639,24642,24645,24648,24651,24657,24663,24669,24672,24675,24681,24684,24687,24690,24693,24696,24699,24702,24705,24708,24711,24714,24720,24723,24726,24729,24732,24735,24738,24741,24744,24747,24750,24753,24756,24759,24762,24765,24768,24771,24774,24777,24780,24783,24786,24789,24792,24795,24798,24801,24804,24807,24810,24813,24816,24819,24822,24825,24828,24831,24834,24837,24840,24843,24846,24849,24852,24855,24858,24861,24864,24867,24870,24873,24876,24879,24882,24885,24888,24891,24894,24897,24900,24903,24906,24909,24915,24921,24924,24927,24930,24933,24936,24939,24942,24945,24948,24951,24954,24957,24960,24966,24972,24978,24984,24987,24990,24993,24999,25005,25011,25023,25029,25035,25041,25047,25053,25059,25062,25065,25068,25071,25074,25077,25080,25083,25086,25089,25092,25095,25098,25101,25104,25107,25110,25113,25116,25119,25122,25125,25128,25131,25134,25137,25140,25143,25146,25149,25152,25155,25158,25161,25164,25167,25170,25173,25176,25179,25182,25185,25188,25191,25194,25197,25200,25203,25206,25209,25212,25215,25218,25221,25224,25227,25230,25233,25236,25239,25242,25245,25248,25251,25254,25257,25260,25263,25266,25269,25272,25275,25278,25281,25284,25287,25290,25293,25296,25299,25302,25305,25308,25311,25314,25317,25320,25323,25326,25329,25332,25335,25338,25341,25347,25353,25356,25359,25362,25365,25371,25377,25383,25386,25389,25392,25395,25398,25401,25404,25407,25410,25413,25416,25419,25422,25425,25428,25431,25434,25437,25440,25443,25446,25449,25452,25455,25458,25461,25464,25467,25470,25473,25476,25479,25482,25485,25488,25491,25494,25497,25500,25503,25506,25509,25512,25515,25518,25521,25524,25527,25530,25533,25536,25539,25542,25545,25548,25551,25554,25557,25560,25563,25566,25569,25572,25575,25578,25581,25584,25587,25590,25593,25596,25599,25602,25605,25608,25614,25620,25626,25632,25638,25644,25650,25710,25770,25830,25890,25950,25956,25962,26022,26082,26142,26148,26151,26154,26157,26160,26163,26166,26169,26172,26175,26181,26232,26238,26241,26247,26253,26259,26265,26271,26277,26280,26283,26286,26289,26292,26295,26298,26301,26304,26307,26310,26313,26316,26319,26322,26325,26328,26331,26334,26337,26340,26343,26346,26349,26352,26355,26358,26361,26364,26367,26370,26373,26376,26379,26382,26385,26388,26391,26394,26397,26400,26403,26406,26409,26412,26415,26418,26421,26424,26427,26430,26433,26436,26439,26442,26445,26448,26451,26454,26457,26460,26463,26466,26469,26472,26475,26478,26481,26484,26487,26490,26493,26496,26499,26502,26505,26508,26511,26514,26517,26520,26523,26526,26529,26532,26535,26538,26541,26544,26547,26550,26553,26556,26559,26562,26565,26568,26571,26574,26577,26580,26583,26586,26589,26592,26595,26598,26601,26604,26607,26610,26613,26616,26619,26622,26625,26628,26631,26634,26637,26640,26643,26646,26649,26652,26655,26658,26661,26664,26667,26670,26673,26676,26679,26682,26685,26688,26691,26694,26700,26709,26715,26721,26724,26730,26736,26742,26748,26766,26772,26778,26784,26790,26793,26796,26799,26802,26805,26808,26811,26814,26817,26820,26826,26829,26832,26835,26841,26847,26853,26856,26859,26862,26865,26868,26871,26874,26877,26880,26883,26886,26889,26892,26895,26898,26901,26904,26907,26913,26919,26928,26937,26943,26949,26955,26961,26973,26979,26985,26991,26997,27003,27063,27123,27183,27243,27300,27312,27318,27324,27339,27345,27351,27357,27363,27369,27387,27447,27507,27567,27627,27687,27723,27735,27744,27753,27771,27831,27855,27915,27975,28035,28095,28155,28215,28230,28236,28242,28248,28254,28260,28266,28272,28278,28290,28350,28410,28470,28530,28590,28650,28710,28770,28830,28890,28950,29010,29070,29130,29190,29250,29310,29370,29430,29436,29442,29448,29454,29460,29466,29472,29478,29481,29484,29487,29490,29493,29499,29505,29511,29538,29544,29553,29562,29571,29583,29643,29703,29763,29823,29883,29943,29985,29991,30000,30006,30012,30018,30024,30030,30036,30042,30048,30054,30060,30066,30075,30081,30087,30147,30207,30267,30327,30387,30447,30492,30498,30510,30516,30522,30525,30528,30531,30537,30573,30633,30693,30753,30807,30816,30822,30828,30834,30843,30849,30855,30861,30867,30873,30879,30885,30891,30897,30903,30909,30915,30924,30933,30939,30945,30954,30963,31023,31083,31122,31131,31140,31146,31152,31158,31164,31170,31176,31182,31188,31194,31200,31203,31206,31209,31212,31215,31221,31233,31245,31251,31254,31257,31260,31266,31326,31386,31446,31473,31479,31485,31491,31497,31503,31509,31515,31521,31527,31533,31548,31608,31668,31728,31788,31818,31824,31830,31836,31842,31845,31848,31851,31857,31869,31929,31989,32049,32109,32169,32229,32256,32262,32268,32274,32280,32286,32292,32352,32412,32439,32448,32508,32568,32628,32688,32748,32808,32814,32820,32829,32835,32844,32850,32856,32862,32868,32874,32880,32889,32895,32913,32934,32940,32946,32952,32958,33018,33078,33138,33183,33189,33195,33201,33261,33321,33381,33441,33501,33558,33564,33567,33573,33579,33585,33588,33591,33594,33597,33600,33603,33606,33609,33612,33615,33621,33627,33633,33636,33639,33642,33645,33648,33651,33654,33657,33660,33663,33666,33669,33672,33675,33681,33687,33693,33699,33705,33711,33741,33747,33807,33867,33927,33987,34002,34011,34020,34029,34038,34047,34056,34062,34071,34131,34191,34251,34287,34296,34305,34314,34323,34329,34335,34341,34347,34353,34359,34365,34371,34380,34389,34395,34401,34407,34413,34419,34437,34449,34461,34470,34479,34488,34494,34500,34506,34512,34518,34524,34530,34539,34545,34551,34557,34563,34569,34575,34581,34587,34593,34599,34614,34623,34644,34653,34659,34719,34779,34839,34899,34959,34968,34980,34992,35001,35016,35022,35028,35037,35043,35049,35055,35061,35064,35070,35076,35082,35085,35088,35094,35100,35106,35115,35127,35178,35187,35196,35205,35214,35223,35232,35247,35307,35367,35427,35487,35547,35553,35562,35580,35589,35601,35613,35673,35706,35715,35721,35730,35739,35799,35853,35862,35868,35877,35886,35895,35907,35913,35919,35925,35940,35946,35952,35958,35964,35973,35979,35985,35994,36054,36114,36174,36234,36294,36354,36414,36456,36462,36468,36480,36540,36600,36660,36720,36741,36747,36759,36783,36792,36798,36804,36810,36816,36837,36843,36849,36855,36861,36867,36873,36879,36885,36891,36897,36903,36909,36915,36921,36927,36933,36939,36999,37059,37119,37179,37239,37299,37359,37419,37449,37458,37473,37503,37512,37518,37521,37524,37527,37530,37533,37536,37539,37542,37545,37551,37563,37569,37575,37581,37587,37647,37707,37767,37800,37806,37812,37815,37818,37824,37830,37836,37842,37848,37854,37857,37860,37863,37866,37869,37875,37881,37887,37893,37899,37905,37911,37917,37923,37929,37932,37938,37944,37950,37956,37962,37968,37971,37977,37983,37989,37995,38001,38004,38007,38010,38013,38019,38025,38031,38040,38046,38052,38058,38064,38070,38076,38079,38082,38085,38088,38091,38094,38100,38106,38112,38118,38124,38130,38136,38139,38142,38148,38151,38154,38160,38166,38172,38178,38184,38190,38250,38310,38364,38373,38382,38388,38394,38400,38406,38412,38418,38424,38430,38436,38442,38448,38454,38460,38463,38466,38469,38472,38475,38478,38481,38484,38487,38490,38493,38499,38502,38505,38511,38514,38517,38520,38523,38526,38529,38532,38538,38544,38550,38553,38556,38559,38562,38565,38568,38571,38574,38577,38580,38583,38586,38589,38592,38595,38598,38601,38604,38607,38610,38613,38616,38619,38622,38625,38628,38631,38634,38637,38640,38649,38658,38664,38670,38676,38688,38694,38712,38772,38832,38892,38952,38964,38970,38976,38985,38991,38997,39003,39006,39009,39012,39015,39018,39021,39024,39027,39030,39033,39036,39039,39042,39045,39048,39051,39054,39057,39060,39063,39066,39069,39072,39075,39078,39081,39084,39087,39090,39093,39096,39099,39102,39105,39108,39111,39114,39117,39120,39123,39126,39129,39132,39135,39138,39141,39144,39147,39150,39153,39156,39159,39162,39165,39168,39171,39174,39177,39180,39183,39186,39189,39192,39195,39198,39201,39204,39207,39210,39213,39216,39219,39222,39225,39228,39231,39234,39237,39240,39243,39246,39249,39252,39255,39258,39261,39264,39267,39270,39273,39276,39279,39282,39285,39288,39291,39294,39297,39300,39303,39306,39309,39312,39315,39318,39321,39324,39327,39330,39333,39336,39339,39342,39345,39348,39351,39354,39357,39360,39363,39366,39369,39372,39375,39378,39381,39384,39387,39390,39396,39402,39405,39408,39411,39414,39417,39423,39429,39435,39441,39447,39453,39459,39462,39465,39468,39471,39474,39477,39480,39483,39486,39489,39492,39495,39498,39501,39504,39507,39510,39513,39516,39519,39522,39525,39528,39531,39534,39537,39540,39543,39546,39549,39552,39555,39558,39561,39564,39567,39570,39573,39576,39579,39582,39585,39588,39591,39594,39597,39600,39603,39606,39609,39612,39615,39618,39621,39624,39627,39630,39633,39636,39639,39642,39645,39648,39651,39654,39657,39660,39663,39666,39669,39672,39675,39678,39681,39684,39687,39690,39693,39696,39699,39702,39705,39708,39711,39714,39717,39720,39723,39726,39729,39732,39735,39738,39741,39747,39753,39756,39759,39762,39765,39768,39771,39774,39777,39780,39783,39786,39789,39792,39795,39798,39801,39804,39807,39810,39813,39816,39819,39822,39825,39828,39831,39834,39837,39840,39843,39846,39849,39852,39855,39858,39861,39864,39867,39870,39873,39876,39879,39882,39885,39888,39891,39894,39897,39900,39903,39906,39909,39912,39915,39918,39921,39924,39927,39930,39933,39936,39939,39942,39945,39948,39951,39954,39957,39960,39963,39966,39969,39972,39975,39978,39981,39984,39987,39990,39993,39996,39999,40002,40005,40008,40011,40014,40017,40020,40023,40026,40029,40032,40038,40086,40092,40095,40098,40101,40104,40107,40110,40113,40116,40119,40122,40125,40128,40131,40134,40137,40140,40143,40146,40149,40152,40155,40158,40161,40164,40167,40170,40173,40176,40179,40182,40185,40188,40191,40194,40197,40200,40203,40206,40209,40212,40215,40218,40221,40224,40227,40230,40233,40236,40239,40242,40245,40248,40251,40254,40257,40260,40263,40266,40269,40272,40275,40278,40281,40284,40287,40290,40293,40296,40299,40302,40305,40308,40311,40314,40317,40320,40323,40326,40332,40344,40353,40374,40383,40389,40392,40395,40398,40401,40404,40407,40410,40413,40416,40419,40422,40425,40428,40431,40434,40437,40440,40443,40446,40449,40452,40455,40458,40461,40464,40467,40470,40473,40476,40479,40482,40485,40488,40491,40494,40497,40500,40503,40506,40509,40512,40515,40518,40521,40524,40527,40530,40533,40536,40539,40542,40545,40548,40551,40554,40557,40560,40563,40566,40572,40581,40590,40599,40608,40623,40629,40635,40644,40653,40659,40668,40674,40734,40794,40824,40830,40836,40842,40848,40854,40863,40884,40896,40902,40908,40911,40914,40920,40926,40932,40938,40941,40944,40947,40950,40953,40956,40959,40962,40965,40968,40971,40974,40977,40980,40983,40986,40989,40992,40995,40998,41001,41004,41007,41010,41013,41016,41019,41022,41025,41028,41031,41034,41037,41040,41043,41046,41049,41052,41055,41058,41061,41064,41067,41070,41073,41076,41079,41082,41085,41088,41091,41094,41097,41100,41103,41106,41109,41112,41115,41118,41121,41124,41127,41130,41133,41136,41139,41142,41145,41148,41154,41160,41166,41172,41175,41178,41181,41184,41187,41190,41193,41196,41199,41202,41205,41208,41211,41214,41217,41220,41223,41226,41229,41232,41235,41238,41241,41244,41247,41250,41253,41256,41259,41262,41265,41268,41271,41274,41277,41280,41283,41286,41289,41292,41295,41298,41301,41304,41307,41310,41313,41316,41319,41322,41325,41328,41331,41334,41337,41340,41343,41346,41349,41352,41355,41358,41361,41364,41367,41370,41373,41376,41379,41382,41385,41388,41391,41394,41397,41400,41403,41406,41409,41412,41415,41418,41421,41424,41427,41430,41433,41436,41439,41442,41445,41448,41451,41454,41457,41460,41463,41466,41469,41472,41475,41478,41481,41484,41487,41490,41493,41496,41499,41502,41505,41508,41511,41514,41517,41523,41529,41535,41538,41541,41544,41547,41550,41553,41556,41559,41562,41565,41568,41571,41574,41577,41580,41583,41586,41589,41592,41595,41598,41601,41604,41607,41610,41613,41616,41619,41622,41625,41628,41631,41634,41637,41640,41643,41646,41649,41652,41655,41658,41661,41664,41667,41670,41673,41676,41679,41682,41685,41688,41691,41694,41697,41700,41703,41706,41709,41712,41715,41721,41727,41733,41739,41745,41751,41760,41772,41784,41793,41799,41805,41808,41811,41817,41823,41826,41829,41832,41835,41838,41841,41844,41847,41850,41853,41856,41859,41862,41865,41868,41871,41874,41877,41880,41883,41886,41889,41892,41895,41898,41901,41904,41907,41910,41913,41916,41919,41922,41925,41928,41931,41934,41937,41940,41943,41946,41949,41952,41955,41958,41961,41964,41967,41970,41973,41976,41979,41982,41985,41988,41991,41994,41997,42000,42003,42006,42009,42012,42015,42018,42021,42024,42027,42030,42033,42036,42039,42042,42045,42048,42051,42054,42057,42060,42063,42066,42069,42072,42075,42078,42081,42084,42087,42090,42093,42096,42099,42102,42105,42108,42111,42114,42117,42120,42123,42126,42129,42132,42135,42138,42141,42144,42147,42150,42153,42156,42159,42162,42165,42168,42171,42174,42177,42180,42183,42186,42189,42192,42195,42198,42201,42204,42207,42210,42213,42216,42219,42222,42225,42228,42231,42234,42237,42240,42243,42246,42249,42252,42255,42258,42261,42264,42267,42270,42273,42276,42279,42282,42285,42288,42291,42294,42297,42300,42303,42306,42309,42312,42315,42318,42321,42324,42327,42330,42333,42336,42339,42342,42345,42348,42351,42354,42357,42360,42363,42366,42369,42372,42378,42387,42393,42399,42405,42411,42417,42423,42429,42438,42444,42450,42456,42465,42477,42483,42489,42495,42501,42510,42516,42522,42531,42537,42543,42552,42561,42621,42681,42708,42723,42729,42735,42741,42753,42759,42765,42774,42789,42798,42804,42807,42825,42828,42831,42834,42837,42840,42846,42849,42852,42855,42858,42861,42864,42867,42870,42873,42876,42882,42891,42897,42900,42903,42906,42909,42912,42915,42918,42921,42924,42927,42930,42933,42936,42945,42954,42960,42966,42972,42978,42981,42987,42993,42999,43005,43011,43023,43032,43041,43047,43050,43053,43056,43059,43062,43065,43068,43071,43074,43077,43080,43083,43086,43089,43092,43095,43098,43101,43104,43107,43110,43113,43116,43119,43122,43125,43128,43134,43140,43146,43149,43152,43155,43158,43161,43164,43167,43170,43173,43176,43179,43182,43185,43188,43191,43194,43197,43200,43203,43206,43209,43212,43215,43218,43221,43224,43227,43230,43233,43239,43245,43251,43260,43266,43269,43272,43275,43278,43281,43284,43287,43290,43293,43296,43299,43302,43305,43308,43311,43314,43317,43320,43323,43326,43329,43332,43335,43338,43341,43344,43347,43350,43353,43356,43359,43362,43365,43368,43371,43374,43377,43380,43383,43386,43389,43392,43395,43398,43401,43404,43407,43410,43413,43416,43419,43422,43425,43428,43431,43434,43437,43440,43443,43446,43449,43452,43455,43458,43461,43464,43467,43470,43473,43476,43479,43482,43485,43488,43491,43494,43497,43503,43515,43521,43524,43527,43533,43542,43548,43551,43554,43557,43560,43563,43566,43569,43572,43578,43587,43593,43596,43599,43605,43611,43617,43620,43623,43626,43629,43632,43635,43638,43641,43644,43647,43650,43653,43656,43659,43662,43665,43668,43671,43674,43677,43680,43683,43686,43689,43692,43695,43698,43701,43704,43707,43710,43713,43716,43719,43722,43725,43728,43731,43734,43737,43761,43767,43773,43785,43791,43797,43803,43812,43821,43827,43833,43845]],"type":"operational_gps","source":"recorded_gps"},"geometry":{"type":"MultiLineString","coordinates":[[[51.35247,35.60956],[51.35247,35.60972],[51.35232,35.60977],[51.35224,35.60981],[51.35227,35.6098],[51.35226,35.60978],[51.35192,35.60939],[51.35166,35.60897],[51.35124,35.60872],[51.35065,35.60861],[51.34998,35.60853],[51.3492,35.60848],[51.34829,35.60844],[51.34779,35.60844],[51.34728,35.60844],[51.34677,35.60845],[51.34625,35.60847],[51.34575,35.6085],[51.34525,35.60853],[51.34475,35.60856],[51.34426,35.6086],[51.34376,35.60866],[51.34324,35.60875],[51.34272,35.60885],[51.34219,35.60895],[51.34165,35.60906],[51.34113,35.60919],[51.3406,35.60933],[51.34007,35.60948],[51.33954,35.60963],[51.33902,35.6098],[51.33848,35.61],[51.33794,35.6102],[51.33741,35.61043],[51.33688,35.61067],[51.33635,35.61094],[51.33582,35.61122],[51.33531,35.6115],[51.3348,35.61179],[51.33431,35.61208],[51.33385,35.61238],[51.33341,35.61269],[51.33298,35.613],[51.33256,35.61332],[51.33215,35.61365],[51.33175,35.61399],[51.33136,35.61433],[51.33099,35.61469],[51.33062,35.61504],[51.33025,35.61541],[51.3299,35.61578],[51.32956,35.61617],[51.32921,35.61658],[51.32885,35.61699],[51.32851,35.61738],[51.32818,35.61776],[51.32786,35.61815],[51.32752,35.61853],[51.32721,35.61891],[51.32689,35.61929],[51.32658,35.61964],[51.32631,35.61998],[51.32587,35.62052],[51.32547,35.62103],[51.32499,35.62159],[51.32473,35.62191],[51.32446,35.62225],[51.32415,35.62259],[51.32387,35.62293],[51.32355,35.62331],[51.32322,35.62369],[51.32289,35.62406],[51.32256,35.62444],[51.32226,35.62478],[51.32199,35.6251],[51.32173,35.6254],[51.32145,35.62571],[51.32115,35.62602],[51.32084,35.62635],[51.32051,35.62668],[51.32016,35.62702],[51.31981,35.62737],[51.31944,35.6277],[51.31907,35.62802],[51.31871,35.62834],[51.31834,35.62864],[51.31795,35.62895],[51.31754,35.62926],[51.31713,35.62957],[51.31673,35.62987],[51.31631,35.63015],[51.31588,35.63043],[51.31548,35.63067],[51.31504,35.63092],[51.31459,35.63118],[51.31412,35.63144],[51.31364,35.6317],[51.31317,35.63196],[51.31271,35.63223],[51.31222,35.6325],[51.31171,35.63276],[51.31121,35.63302],[51.31072,35.63328],[51.31024,35.63353],[51.30977,35.63377],[51.30928,35.63401],[51.3088,35.63425],[51.3083,35.63449],[51.30779,35.63474],[51.30726,35.635],[51.30673,35.63528],[51.30618,35.63556],[51.30563,35.63585],[51.30507,35.63615],[51.30451,35.63645],[51.30395,35.63673],[51.30341,35.637],[51.30287,35.63727],[51.30235,35.63754],[51.30183,35.6378],[51.30134,35.63804],[51.30088,35.63827],[51.30041,35.63851],[51.29994,35.63875],[51.29945,35.639],[51.29896,35.63925],[51.29849,35.63949],[51.29805,35.6397],[51.29765,35.6399],[51.29726,35.6401],[51.29683,35.64031],[51.2964,35.64053],[51.29595,35.64076],[51.29551,35.64099],[51.29508,35.6412],[51.29467,35.6414],[51.29427,35.64159],[51.29387,35.64179],[51.29344,35.64199],[51.29301,35.6422],[51.29254,35.64242],[51.29208,35.64264],[51.29161,35.64287],[51.29116,35.64308],[51.29074,35.64329],[51.29029,35.64351],[51.28985,35.6437],[51.28941,35.64391],[51.28898,35.6441],[51.28857,35.64429],[51.28818,35.64446],[51.28744,35.6448],[51.28669,35.64514],[51.28597,35.64547],[51.28539,35.64574],[51.28483,35.64599],[51.28421,35.64627],[51.28355,35.64656],[51.28285,35.64686],[51.28207,35.6472],[51.28168,35.64738],[51.28128,35.64757],[51.28088,35.64773],[51.28014,35.64805],[51.27944,35.64834],[51.27868,35.64867],[51.27792,35.64898],[51.27721,35.64928],[51.27653,35.64956],[51.27585,35.64984],[51.27512,35.65013],[51.2744,35.65044],[51.27368,35.65073],[51.27294,35.65102],[51.27224,35.6513],[51.27156,35.65158],[51.27089,35.65183],[51.27019,35.65209],[51.26949,35.65237],[51.26875,35.65264],[51.26802,35.65293],[51.26752,35.65311],[51.26696,35.65329],[51.2665,35.65348],[51.26609,35.65364],[51.26559,35.6538],[51.26517,35.65397],[51.26474,35.65412],[51.2642,35.65432],[51.2635,35.65459],[51.26275,35.6549],[51.2621,35.65514],[51.26162,35.65534],[51.26117,35.65551],[51.26072,35.65566],[51.26028,35.65584],[51.25988,35.65599],[51.25938,35.65615],[51.25884,35.65632],[51.25839,35.65649],[51.2579,35.65665],[51.25744,35.65681],[51.257,35.65698],[51.25653,35.65716],[51.25612,35.65731],[51.25568,35.65749],[51.25524,35.65765],[51.25472,35.65782],[51.25417,35.65803],[51.25371,35.65821],[51.25324,35.65838],[51.25262,35.65861],[51.25218,35.65876],[51.25172,35.6589],[51.2513,35.65908],[51.25087,35.65923],[51.25039,35.65939],[51.24991,35.65958],[51.2495,35.65973],[51.24895,35.65995],[51.2485,35.66011],[51.24802,35.66029],[51.24753,35.66051],[51.24708,35.66068],[51.24666,35.66083],[51.24613,35.66098],[51.24574,35.66116],[51.24531,35.66128],[51.2449,35.66143],[51.24443,35.66154],[51.24402,35.66168],[51.2436,35.66187],[51.24313,35.66205],[51.2427,35.66221],[51.24225,35.66241],[51.2418,35.6626],[51.24137,35.66279],[51.24098,35.66298],[51.24073,35.66311],[51.24027,35.66332],[51.23984,35.66356],[51.23944,35.66379],[51.23908,35.66402],[51.23863,35.66426],[51.23824,35.66457],[51.23781,35.66495],[51.23738,35.66523],[51.23699,35.66548],[51.23661,35.66582],[51.23631,35.66612],[51.236,35.66642],[51.23571,35.66671],[51.23542,35.66698],[51.23516,35.66729],[51.2349,35.66759],[51.23462,35.66795],[51.23438,35.66826],[51.23411,35.66862],[51.23389,35.66895],[51.23365,35.66929],[51.23341,35.66967],[51.23321,35.67003],[51.23305,35.67037],[51.23287,35.67076],[51.23271,35.67113],[51.23257,35.67148],[51.23243,35.67184],[51.23229,35.67222],[51.23217,35.67258],[51.23205,35.67297],[51.23195,35.67342],[51.23188,35.6738],[51.23181,35.67425],[51.23173,35.67471],[51.23169,35.67515],[51.23163,35.67553],[51.23166,35.67592],[51.23163,35.67635],[51.23164,35.67678],[51.23167,35.67716],[51.23172,35.67755],[51.23176,35.67793],[51.23183,35.67834],[51.23193,35.67871],[51.23202,35.67907],[51.23209,35.67947],[51.23219,35.67987],[51.23229,35.68022],[51.23244,35.68061],[51.23259,35.681],[51.23273,35.68135],[51.23293,35.68171],[51.23308,35.6821],[51.23327,35.68247],[51.23345,35.6828],[51.23361,35.68315],[51.23398,35.68347],[51.23417,35.68393],[51.23446,35.68428],[51.23477,35.68462],[51.23521,35.685],[51.23576,35.68525],[51.2362,35.68523],[51.23657,35.68501],[51.23677,35.68464],[51.23671,35.68421],[51.23653,35.68385],[51.23628,35.68349],[51.23596,35.68321],[51.23554,35.68307],[51.23508,35.68309],[51.23448,35.6833],[51.23402,35.68345],[51.23346,35.68363],[51.23298,35.68379],[51.23254,35.68391],[51.23211,35.68404],[51.23153,35.68422],[51.23082,35.68447],[51.23004,35.68478],[51.22962,35.68495],[51.22919,35.68512],[51.22874,35.6853],[51.22827,35.68549],[51.22778,35.68568],[51.22727,35.68588],[51.22674,35.68608],[51.22621,35.68628],[51.22568,35.68648],[51.22514,35.68669],[51.22459,35.6869],[51.22406,35.68711],[51.22353,35.68732],[51.22301,35.68753],[51.22251,35.68774],[51.22198,35.68794],[51.22145,35.68816],[51.22091,35.68838],[51.22037,35.68859],[51.21985,35.6888],[51.21933,35.68901],[51.21882,35.68922],[51.21831,35.68943],[51.21778,35.68965],[51.21724,35.68988],[51.21668,35.69011],[51.2161,35.69034],[51.21553,35.69057],[51.21496,35.6908],[51.21441,35.69103],[51.21386,35.69125],[51.21332,35.69149],[51.21275,35.69172],[51.21218,35.69196],[51.21161,35.69221],[51.21105,35.69242],[51.21054,35.69262],[51.21005,35.69282],[51.20957,35.69301],[51.2091,35.69321],[51.20864,35.69341],[51.20818,35.6936],[51.20769,35.6938],[51.20717,35.69403],[51.20663,35.69425],[51.20605,35.69449],[51.20549,35.69473],[51.20492,35.69495],[51.20437,35.69517],[51.20385,35.69538],[51.20334,35.69559],[51.20281,35.69579],[51.20228,35.696],[51.20173,35.69622],[51.20116,35.69645],[51.20059,35.69669],[51.19999,35.69693],[51.19938,35.69718],[51.19879,35.69741],[51.19821,35.69763],[51.19765,35.69784],[51.1971,35.69805],[51.19657,35.69826],[51.19603,35.69848],[51.19552,35.69869],[51.19499,35.6989],[51.19449,35.6991],[51.19402,35.69929],[51.19357,35.69946],[51.19313,35.69964],[51.19269,35.69982],[51.19223,35.70001],[51.19175,35.7002],[51.19126,35.7004],[51.19079,35.70059],[51.19033,35.70079],[51.18987,35.70097],[51.18943,35.70114],[51.18903,35.70131],[51.18828,35.70161],[51.18762,35.70188],[51.18691,35.70218],[51.18613,35.70248],[51.18537,35.70278],[51.18489,35.70298],[51.18483,35.70299],[51.18435,35.70319],[51.18389,35.70338],[51.18348,35.70353],[51.18304,35.7037],[51.18236,35.70394],[51.18195,35.70408],[51.18152,35.70423],[51.18109,35.70435],[51.18067,35.70446],[51.18023,35.70457],[51.17977,35.70468],[51.17931,35.70479],[51.17886,35.70491],[51.1784,35.70502],[51.17794,35.70513],[51.17746,35.70524],[51.17697,35.70536],[51.17648,35.70548],[51.17602,35.7056],[51.17556,35.70569],[51.17511,35.7058],[51.17468,35.70592],[51.17385,35.70613],[51.173,35.70635],[51.17216,35.70655],[51.17173,35.70665],[51.1713,35.70676],[51.17047,35.70697],[51.17004,35.70706],[51.16958,35.70717],[51.16912,35.70728],[51.16865,35.7074],[51.16817,35.70752],[51.1677,35.70764],[51.16723,35.70774],[51.16679,35.70784],[51.16636,35.70792],[51.16593,35.708],[51.16549,35.70808],[51.16466,35.70828],[51.16423,35.70842],[51.16377,35.70855],[51.1633,35.70872],[51.16281,35.70889],[51.16231,35.70906],[51.16179,35.70923],[51.16126,35.70943],[51.16073,35.7096],[51.16019,35.70978],[51.15965,35.70996],[51.15911,35.71014],[51.15857,35.71032],[51.15805,35.71049],[51.15753,35.71065],[51.15701,35.71082],[51.15649,35.71099],[51.15599,35.71116],[51.15551,35.71133],[51.15503,35.7115],[51.15455,35.71166],[51.15407,35.71181],[51.15358,35.71197],[51.15309,35.71214],[51.15263,35.71228],[51.15216,35.71243],[51.15172,35.71258],[51.15127,35.71271],[51.15082,35.71287],[51.15032,35.71303],[51.14979,35.71321],[51.14923,35.7134],[51.14868,35.71358],[51.14811,35.71376],[51.14756,35.71394],[51.147,35.71415],[51.14644,35.71435],[51.14589,35.71456],[51.14535,35.71474],[51.14481,35.71493],[51.14426,35.71514],[51.14374,35.71533],[51.14321,35.71553],[51.14268,35.71577],[51.14214,35.71602],[51.14161,35.71627],[51.14108,35.71654],[51.14056,35.71684],[51.14004,35.71714],[51.13952,35.71746],[51.13901,35.71779],[51.13854,35.71813],[51.13808,35.71845],[51.13764,35.71878],[51.13722,35.71912],[51.1368,35.71944],[51.13639,35.71975],[51.13599,35.72008],[51.13558,35.7204],[51.1352,35.72071],[51.13484,35.72099],[51.13449,35.72126],[51.13415,35.72153],[51.13384,35.72179],[51.13338,35.72221],[51.1329,35.72267],[51.13258,35.72295],[51.13221,35.72325],[51.13183,35.72358],[51.13145,35.72395],[51.13106,35.72432],[51.13069,35.72468],[51.13032,35.72502],[51.12996,35.72537],[51.1296,35.72571],[51.12924,35.72605],[51.12889,35.72635],[51.12859,35.72662],[51.1283,35.7269],[51.12786,35.72749],[51.12772,35.72813],[51.12792,35.72863],[51.12821,35.72919],[51.1284,35.72956],[51.12862,35.72993],[51.1288,35.73027],[51.12897,35.73086],[51.12852,35.73119],[51.12794,35.73133],[51.12744,35.73141],[51.12687,35.73152],[51.12638,35.73167],[51.12574,35.73188],[51.12507,35.73212],[51.12441,35.73242],[51.1237,35.7328],[51.12332,35.73298],[51.12292,35.73319],[51.1225,35.7334],[51.12208,35.73361],[51.12165,35.73383],[51.1212,35.73406],[51.12075,35.73429],[51.12028,35.73451],[51.11982,35.73473],[51.11937,35.73496],[51.11889,35.73519],[51.11842,35.73543],[51.11793,35.73568],[51.11744,35.73593],[51.11695,35.73616],[51.11646,35.73641],[51.11596,35.73666],[51.11546,35.73689],[51.11495,35.7371],[51.11444,35.73728],[51.11395,35.73742],[51.11344,35.73756],[51.11292,35.73772],[51.11239,35.73789],[51.11184,35.73804],[51.11128,35.73821],[51.1107,35.73837],[51.11011,35.73853],[51.10952,35.73871],[51.10893,35.73889],[51.10834,35.73908],[51.10776,35.73924],[51.10718,35.73942],[51.10661,35.73959],[51.10602,35.73976],[51.10542,35.73991],[51.10481,35.74003],[51.10419,35.74014],[51.10354,35.74023],[51.10289,35.74032],[51.10224,35.74041],[51.10158,35.74051],[51.10093,35.74062],[51.10029,35.74073],[51.09965,35.74086],[51.09902,35.74098],[51.09844,35.74111],[51.09786,35.74123],[51.09727,35.74137],[51.09668,35.74149],[51.0961,35.74161],[51.09551,35.74173],[51.09491,35.74186],[51.09431,35.74197],[51.09369,35.7421],[51.09307,35.74222],[51.09246,35.74235],[51.09186,35.74248],[51.09128,35.74259],[51.09069,35.74271],[51.09012,35.74282],[51.08956,35.74295],[51.089,35.74308],[51.08846,35.74321],[51.08792,35.74336],[51.0874,35.74352],[51.0869,35.74367],[51.0864,35.74385],[51.08591,35.74408],[51.08543,35.74432],[51.08498,35.74458],[51.08454,35.74486],[51.0841,35.74514],[51.08367,35.74539],[51.08324,35.74565],[51.08281,35.74592],[51.08238,35.7462],[51.08196,35.74647],[51.08157,35.74674],[51.08116,35.74699],[51.08076,35.74725],[51.08035,35.74753],[51.07992,35.74781],[51.07951,35.74806],[51.0791,35.7483],[51.07869,35.74852],[51.07828,35.74874],[51.07784,35.74896],[51.07741,35.74915],[51.07698,35.74935],[51.07653,35.74956],[51.0761,35.74976],[51.07569,35.74994],[51.07529,35.75012],[51.07451,35.75047],[51.07374,35.7508],[51.07333,35.751],[51.07291,35.7512],[51.07247,35.75138],[51.07208,35.75155],[51.07135,35.75185],[51.07068,35.75212],[51.06982,35.75247],[51.06934,35.75269],[51.06885,35.75291],[51.06832,35.75313],[51.06776,35.75337],[51.0672,35.75362],[51.06663,35.75389],[51.06604,35.75415],[51.06548,35.75442],[51.06493,35.75468],[51.06439,35.75494],[51.06384,35.75518],[51.06329,35.75542],[51.06273,35.75567],[51.06216,35.75594],[51.06157,35.75622],[51.06099,35.75649],[51.06038,35.75679],[51.05975,35.7571],[51.05913,35.7574],[51.05848,35.7577],[51.05784,35.75798],[51.05721,35.75826],[51.05658,35.75854],[51.05597,35.75884],[51.05533,35.75914],[51.05477,35.75942],[51.05425,35.75975],[51.05376,35.76012],[51.05324,35.7605],[51.05273,35.76086],[51.0522,35.76123],[51.05161,35.76158],[51.05102,35.7619],[51.0504,35.7622],[51.04978,35.76249],[51.04915,35.76279],[51.04852,35.76309],[51.0479,35.7634],[51.04726,35.7637],[51.04663,35.76402],[51.04599,35.76433],[51.04536,35.76461],[51.04474,35.7649],[51.04414,35.76519],[51.04356,35.76548],[51.04301,35.76579],[51.04251,35.76615],[51.04202,35.76657],[51.04157,35.767],[51.04114,35.76743],[51.04073,35.76786],[51.04034,35.76828],[51.03996,35.76867],[51.0396,35.76903],[51.03926,35.76936],[51.03895,35.76966],[51.0386,35.76991],[51.03822,35.77017],[51.03786,35.77048],[51.03752,35.77083],[51.03715,35.77121],[51.03677,35.7716],[51.03639,35.77202],[51.03601,35.77243],[51.03561,35.77287],[51.03523,35.77329],[51.03487,35.77368],[51.03453,35.77407],[51.03422,35.77447],[51.03397,35.77482],[51.03375,35.77519],[51.0335,35.77555],[51.03319,35.77587],[51.03288,35.77614],[51.03257,35.77641],[51.03199,35.77694],[51.03154,35.77744],[51.03105,35.77798],[51.03053,35.77852],[51.03007,35.77904],[51.0296,35.77951],[51.02934,35.77984],[51.02933,35.77986],[51.02933,35.77986],[51.02934,35.77986],[51.02934,35.77986],[51.02897,35.78022],[51.02862,35.78058],[51.02836,35.78087],[51.02827,35.78093],[51.02827,35.78093],[51.02775,35.78136],[51.02714,35.78189],[51.02678,35.78222],[51.02642,35.78252],[51.02604,35.78284],[51.02566,35.78315],[51.02532,35.78347],[51.02499,35.78379],[51.02465,35.78409],[51.02432,35.78439],[51.02403,35.78466],[51.02366,35.785],[51.02325,35.78534],[51.02268,35.78582],[51.02239,35.7861],[51.02184,35.78664],[51.02132,35.78712],[51.02085,35.78756],[51.02037,35.7881],[51.0201,35.78846],[51.01965,35.78901],[51.01928,35.78924],[51.01879,35.78938],[51.01822,35.78945],[51.0176,35.7895],[51.01692,35.78958],[51.01619,35.78973],[51.01543,35.78989],[51.01462,35.79003],[51.01376,35.79014],[51.01286,35.79023],[51.01194,35.79033],[51.01108,35.7904],[51.01023,35.79043],[51.00934,35.79048],[51.00844,35.79053],[51.00754,35.79058],[51.00664,35.79064],[51.00577,35.79069],[51.0049,35.79076],[51.00404,35.79082],[51.00318,35.79087],[51.00235,35.79093],[51.00155,35.79098],[51.00076,35.79103],[50.99997,35.79107],[50.99916,35.79111],[50.99835,35.79115],[50.99754,35.79121],[50.99672,35.79126],[50.99592,35.7913],[50.99512,35.79136],[50.9943,35.79143],[50.9935,35.79151],[50.9927,35.7916],[50.99191,35.79172],[50.99112,35.79186],[50.99033,35.79201],[50.98956,35.79216],[50.98883,35.79233],[50.98811,35.7925],[50.98737,35.79269],[50.98665,35.7929],[50.98595,35.7931],[50.98526,35.79331],[50.98457,35.79355],[50.98391,35.7938],[50.98328,35.79404],[50.98266,35.79427],[50.98204,35.79451],[50.98141,35.79477],[50.98078,35.79506],[50.98013,35.79535],[50.97948,35.79565],[50.97883,35.79594],[50.97819,35.79626],[50.97754,35.79656],[50.97687,35.79687],[50.97621,35.79721],[50.97555,35.79756],[50.97489,35.79792],[50.97427,35.79827],[50.97363,35.79863],[50.97302,35.79901],[50.97246,35.79939],[50.97195,35.79977],[50.97149,35.80017],[50.97106,35.80058],[50.97065,35.80101],[50.97028,35.80145],[50.96994,35.80188],[50.96966,35.80234],[50.9694,35.8028],[50.96912,35.80326],[50.96881,35.80368],[50.96852,35.80411],[50.9682,35.8045],[50.96782,35.80486],[50.96743,35.80519],[50.96702,35.80553],[50.96663,35.80588],[50.96623,35.80624],[50.96579,35.80661],[50.96531,35.807],[50.96481,35.80739],[50.96427,35.80777],[50.96371,35.80817],[50.9631,35.80855],[50.96248,35.8089],[50.96183,35.80927],[50.96116,35.80961],[50.96047,35.80994],[50.95979,35.81028],[50.9591,35.81063],[50.95841,35.81096],[50.9577,35.8113],[50.95701,35.81164],[50.9563,35.81199],[50.9556,35.81231],[50.9549,35.81261],[50.95419,35.81289],[50.95348,35.81316],[50.95278,35.81342],[50.95205,35.81367],[50.95132,35.81388],[50.95056,35.8141],[50.94981,35.8143],[50.94905,35.81449],[50.94829,35.81466],[50.94752,35.81481],[50.94673,35.81497],[50.94593,35.81511],[50.94513,35.81522],[50.94433,35.81535],[50.94355,35.8155],[50.94279,35.81562],[50.94207,35.81573],[50.94135,35.81584],[50.94065,35.81595],[50.93992,35.81608],[50.9392,35.81619],[50.93845,35.8163],[50.93773,35.8164],[50.937,35.81653],[50.9363,35.81664],[50.93563,35.81677],[50.93496,35.81687],[50.93426,35.81698],[50.93354,35.81709],[50.93277,35.81721],[50.932,35.81733],[50.93121,35.81746],[50.93047,35.81759],[50.92983,35.81769],[50.92926,35.81788],[50.9288,35.81816],[50.92853,35.81851],[50.92839,35.81895],[50.92838,35.81941],[50.9284,35.81982],[50.92849,35.82043],[50.92861,35.82086],[50.92871,35.82136],[50.92874,35.82209],[50.9288,35.82247],[50.92897,35.82286],[50.92943,35.82292],[50.93018,35.82284],[50.93088,35.82277],[50.93031,35.82294],[50.92956,35.82301],[50.92901,35.82303],[50.92822,35.82309],[50.92731,35.82317],[50.9268,35.82322],[50.92623,35.82329],[50.92568,35.82337],[50.92513,35.82344],[50.92456,35.82349],[50.92398,35.82356],[50.92339,35.82362],[50.92283,35.82369],[50.9223,35.82374],[50.92182,35.8238],[50.92093,35.8239],[50.92048,35.82394],[50.92003,35.82399],[50.9196,35.82408],[50.91884,35.82415],[50.91803,35.82417],[50.91717,35.82422],[50.91671,35.82422],[50.91624,35.82419],[50.91573,35.82413],[50.91523,35.82402],[50.91473,35.82386],[50.91424,35.82366],[50.91373,35.82344],[50.91328,35.82318],[50.91289,35.82285],[50.91256,35.82247],[50.91223,35.82206],[50.91188,35.82164],[50.91152,35.82124],[50.91116,35.82084],[50.91078,35.82044],[50.91044,35.82005],[50.9101,35.81966],[50.9098,35.81934],[50.90937,35.81889],[50.90898,35.81842],[50.90859,35.81824],[50.9082,35.81857],[50.90782,35.81886],[50.9073,35.81919],[50.90684,35.81957],[50.90642,35.81993],[50.90642,35.82035],[50.90672,35.82072],[50.90711,35.82102],[50.9075,35.82121],[50.908,35.82137],[50.90844,35.82156],[50.90812,35.82145],[50.90811,35.82126],[50.9081,35.82118],[50.90807,35.82128],[50.90755,35.82131],[50.90699,35.82118],[50.90668,35.82086],[50.90641,35.82053],[50.9064,35.82006],[50.90676,35.8197],[50.90715,35.81936],[50.90755,35.81898],[50.908,35.81862],[50.90839,35.81834],[50.90846,35.81798],[50.90844,35.81794],[50.90845,35.81793],[50.90846,35.81784],[50.90851,35.81778],[50.90851,35.81778],[50.90812,35.81758],[50.90771,35.8173],[50.90736,35.81696],[50.90708,35.81663],[50.90679,35.81636],[50.90682,35.81625],[50.90656,35.81596],[50.90645,35.81581],[50.90635,35.81576],[50.90643,35.81573],[50.90654,35.81581],[50.90655,35.81577],[50.90651,35.81575],[50.90635,35.81539],[50.90609,35.81506],[50.90585,35.81474],[50.90555,35.81439],[50.9052,35.81401],[50.90484,35.81363],[50.90449,35.81329],[50.90416,35.81294],[50.90389,35.81258],[50.90357,35.81228],[50.90352,35.81218],[50.90353,35.81211],[50.90353,35.81209],[50.90351,35.81209],[50.90353,35.81212],[50.90352,35.81209],[50.90354,35.81209],[50.90358,35.81206],[50.90359,35.81206],[50.90359,35.81208],[50.90357,35.81208],[50.90357,35.81207],[50.90357,35.81207],[50.90357,35.81206],[50.90357,35.81206],[50.90358,35.81206],[50.90325,35.8119],[50.90328,35.81183],[50.90316,35.81163],[50.90288,35.81132],[50.90246,35.81088],[50.90199,35.81035],[50.90154,35.80978],[50.90108,35.80924],[50.90075,35.80886],[50.90037,35.80845],[50.89985,35.8079],[50.89953,35.80753],[50.89925,35.80718],[50.89898,35.80685],[50.8987,35.80652],[50.89842,35.80621],[50.89789,35.80566],[50.8974,35.80506],[50.89704,35.80461],[50.89739,35.80488],[50.89777,35.80514],[50.89831,35.80485],[50.89877,35.80453],[50.89929,35.80427],[50.89977,35.80428],[50.89999,35.80446],[50.9,35.80449],[50.89999,35.80451],[50.89998,35.8045],[50.89996,35.80451],[50.89996,35.80452],[50.90023,35.80489],[50.90033,35.80528],[50.90048,35.8058],[50.90067,35.80629],[50.90086,35.80667],[50.90113,35.80707],[50.90147,35.80751],[50.90183,35.80786],[50.90245,35.8082],[50.90298,35.80845],[50.90347,35.80866],[50.90403,35.80887],[50.9046,35.80906],[50.90505,35.80922],[50.90556,35.80936],[50.90602,35.80941],[50.90661,35.80939],[50.90702,35.80929],[50.90704,35.80924],[50.90709,35.80916],[50.90709,35.80919],[50.90705,35.80921],[50.90705,35.80919],[50.90757,35.80909],[50.90803,35.80894],[50.90848,35.80873],[50.90894,35.8084],[50.9096,35.80802],[50.90998,35.80781],[50.9104,35.80761],[50.91079,35.80738],[50.91124,35.80711],[50.91168,35.80679],[50.91186,35.80678],[50.91189,35.80679],[50.91197,35.80676],[50.91233,35.80646],[50.9128,35.80618],[50.91317,35.80595],[50.91363,35.80568],[50.91405,35.80544],[50.91457,35.80515],[50.91502,35.80491],[50.91549,35.80464],[50.91599,35.80435],[50.91649,35.80407],[50.91695,35.8038],[50.91741,35.80353],[50.91791,35.80325],[50.91849,35.80292],[50.91902,35.8026],[50.9194,35.80221],[50.91962,35.80175],[50.91965,35.80132],[50.91969,35.80083],[50.91943,35.80038],[50.91926,35.79995],[50.91908,35.79958],[50.91876,35.79914],[50.91837,35.79879],[50.9185,35.79891],[50.91856,35.7989],[50.91894,35.79925],[50.91923,35.79963],[50.91949,35.80005],[50.91966,35.80044],[50.91969,35.80085],[50.91964,35.80125],[50.91962,35.80166],[50.91986,35.802],[50.9196,35.80231],[50.91915,35.80259],[50.91865,35.8029],[50.91808,35.80325],[50.91735,35.80365],[50.91696,35.80387],[50.91658,35.8041],[50.9162,35.80432],[50.91582,35.80453],[50.91544,35.80474],[50.91484,35.80508],[50.91439,35.8053],[50.91381,35.80504],[50.9133,35.80448],[50.913,35.80414],[50.91268,35.8038],[50.91236,35.80352],[50.91201,35.80322],[50.91196,35.80318],[50.91196,35.80318],[50.91195,35.80318],[50.91151,35.80279],[50.9111,35.80252],[50.91069,35.80233],[50.91027,35.80208],[50.90981,35.80174],[50.9094,35.80147],[50.909,35.80127],[50.90848,35.80107],[50.90792,35.80081],[50.90716,35.80047],[50.90653,35.80022],[50.90613,35.80005],[50.90602,35.79999],[50.90601,35.79999],[50.90601,35.79998],[50.90601,35.79998],[50.90558,35.7998],[50.90505,35.79958],[50.90446,35.79931],[50.90383,35.79903],[50.90316,35.79872],[50.90269,35.79852],[50.90227,35.79833],[50.90187,35.79814],[50.90129,35.79787],[50.90092,35.79767],[50.90089,35.79765],[50.90089,35.79765],[50.9009,35.79765],[50.9009,35.79763],[50.90089,35.79759],[50.90091,35.79757],[50.90042,35.79737],[50.9,35.79718],[50.89956,35.797],[50.8991,35.79677],[50.89855,35.79654],[50.89799,35.79628],[50.89749,35.79607],[50.89741,35.79606],[50.89739,35.79606],[50.89698,35.79585],[50.89646,35.79566],[50.89641,35.79566],[50.89641,35.79565],[50.89641,35.79565],[50.89641,35.79565],[50.89641,35.79565],[50.8963,35.79558],[50.89582,35.79537],[50.8954,35.79522],[50.89479,35.79543],[50.8944,35.79565],[50.89393,35.79593],[50.89358,35.79616],[50.89311,35.79647],[50.89263,35.79675],[50.89218,35.79702],[50.89171,35.7973],[50.89134,35.79754],[50.89149,35.798],[50.89175,35.79834],[50.89201,35.79868],[50.89163,35.79836],[50.89127,35.79796],[50.89092,35.79755],[50.89055,35.79711],[50.89014,35.79668],[50.88992,35.79642],[50.88992,35.79642],[50.88992,35.79643],[50.88962,35.79605],[50.88931,35.79568],[50.88898,35.79528],[50.8887,35.79499],[50.88865,35.79495],[50.88867,35.79495],[50.88867,35.79496],[50.88869,35.79496],[50.88867,35.79497],[50.88826,35.79447],[50.8878,35.79392],[50.88753,35.79363],[50.88705,35.79306],[50.88659,35.79255],[50.88615,35.79203],[50.8859,35.79173],[50.88563,35.79141],[50.88537,35.79111],[50.8851,35.7908],[50.88484,35.79049],[50.88457,35.79017],[50.88426,35.78981],[50.88393,35.78943],[50.8836,35.78906],[50.88333,35.78876],[50.88297,35.78839],[50.88255,35.78789],[50.88203,35.7873],[50.88172,35.78695],[50.8814,35.78656],[50.88105,35.78617],[50.8807,35.78578],[50.88036,35.78539],[50.88003,35.78501],[50.87971,35.78464],[50.8794,35.78428],[50.8791,35.78392],[50.87881,35.78358],[50.87852,35.78325],[50.87823,35.78293],[50.87796,35.78262],[50.8777,35.78232],[50.87724,35.78182],[50.87693,35.78148],[50.8766,35.78105],[50.8762,35.78062],[50.87581,35.78019],[50.87545,35.77982],[50.87518,35.7795],[50.87483,35.77914],[50.87452,35.77902],[50.8745,35.77903],[50.8746,35.77905],[50.87456,35.77904],[50.87421,35.77934],[50.87388,35.77963],[50.8735,35.77985],[50.87302,35.78014],[50.87256,35.78042],[50.87212,35.78071],[50.87166,35.7805],[50.87136,35.78022],[50.87103,35.7799],[50.87077,35.77984],[50.87074,35.77993],[50.87075,35.77986],[50.8706,35.77949],[50.87022,35.77911],[50.8699,35.77875],[50.86954,35.77839],[50.86911,35.77862],[50.86868,35.77891],[50.86824,35.77919],[50.86773,35.77952],[50.86723,35.77987],[50.86672,35.78023],[50.8662,35.78056],[50.86573,35.7809],[50.8653,35.78119],[50.86491,35.78145],[50.86438,35.78181],[50.86398,35.78208],[50.86351,35.78239],[50.86299,35.78274],[50.8625,35.78307],[50.86212,35.78334],[50.86181,35.78369],[50.86139,35.78399],[50.86099,35.78426],[50.86054,35.78456],[50.86015,35.7848],[50.86032,35.78516],[50.8606,35.7855],[50.86096,35.78592],[50.86133,35.7863],[50.86169,35.78672],[50.86209,35.78718],[50.86247,35.78762],[50.86278,35.78796],[50.86263,35.78842],[50.86224,35.78866],[50.86184,35.78889],[50.86133,35.78918],[50.86074,35.7895],[50.86019,35.7899],[50.85985,35.79031],[50.85959,35.7908],[50.85948,35.79136],[50.85945,35.79181],[50.85943,35.79219],[50.85886,35.79224],[50.85845,35.79245],[50.85816,35.79282],[50.85768,35.79292],[50.85723,35.79285],[50.85702,35.79274],[50.857,35.7927],[50.85701,35.79273],[50.85696,35.79267],[50.85727,35.79277],[50.85789,35.79274],[50.8583,35.79254],[50.85859,35.79214],[50.85912,35.79212],[50.85943,35.79166],[50.85952,35.79099],[50.85982,35.79035],[50.86016,35.78995],[50.86049,35.78966],[50.86085,35.78943],[50.86133,35.7892],[50.86197,35.78882],[50.86234,35.78861],[50.86278,35.78817],[50.86266,35.78777],[50.86219,35.78726],[50.86193,35.78696],[50.86167,35.78667],[50.86119,35.78613],[50.86073,35.78565],[50.86032,35.7852],[50.85994,35.78496],[50.85949,35.78525],[50.85907,35.78552],[50.85864,35.78584],[50.85827,35.78611],[50.85796,35.7864],[50.85747,35.78651],[50.85703,35.78679],[50.85661,35.78709],[50.85631,35.78738],[50.8561,35.78738],[50.85604,35.78737],[50.8561,35.78731],[50.85612,35.78729],[50.85561,35.78762],[50.85528,35.78788],[50.85478,35.7882],[50.85442,35.78792],[50.85412,35.78762],[50.85377,35.78728],[50.85341,35.78691],[50.85333,35.78666],[50.85317,35.78621],[50.85321,35.7858],[50.85337,35.78546],[50.85363,35.78503],[50.85401,35.78484],[50.85429,35.78481],[50.85476,35.78466],[50.85527,35.78462],[50.85572,35.78461],[50.85622,35.78463],[50.85678,35.78461],[50.85734,35.78458],[50.85757,35.78427],[50.85762,35.78385],[50.85761,35.78325],[50.85765,35.78258],[50.85768,35.78216],[50.85772,35.78173],[50.85772,35.7811],[50.85767,35.78047],[50.85757,35.78008],[50.85774,35.77954],[50.85777,35.7789],[50.85781,35.7783],[50.8579,35.77791],[50.85792,35.77792],[50.85791,35.77791],[50.85782,35.7779],[50.85782,35.77808],[50.85781,35.77807],[50.85781,35.77807],[50.8578,35.77807],[50.85777,35.77846],[50.85773,35.77906],[50.85772,35.77956],[50.8579,35.77993],[50.85794,35.78004],[50.85794,35.78005],[50.85795,35.7801],[50.85793,35.78016],[50.85773,35.78061],[50.85771,35.78098],[50.85767,35.78138],[50.85764,35.78194],[50.85763,35.78241],[50.85763,35.78277],[50.85764,35.78315],[50.85762,35.78363],[50.85759,35.78405],[50.85752,35.78448],[50.85748,35.78488],[50.85744,35.78542],[50.85753,35.7858],[50.85798,35.78589],[50.85846,35.78572],[50.85896,35.78541],[50.8595,35.78507],[50.86004,35.78472],[50.86054,35.7844],[50.86104,35.78405],[50.86155,35.7837],[50.86203,35.78337],[50.86254,35.78302],[50.86311,35.78264],[50.86365,35.78227],[50.86415,35.78195],[50.86462,35.7816],[50.86477,35.78144],[50.86479,35.78142],[50.86479,35.78142],[50.86479,35.78142],[50.86479,35.78142],[50.86479,35.78142],[50.86479,35.78142],[50.86479,35.78142],[50.86527,35.78112],[50.86567,35.78083],[50.86601,35.78056],[50.86641,35.78031],[50.86689,35.77996],[50.8675,35.77951],[50.86789,35.77924],[50.86831,35.77895],[50.86875,35.77865],[50.86919,35.77835],[50.86966,35.77804],[50.87014,35.77772],[50.87062,35.7774],[50.87106,35.77709],[50.87146,35.77681],[50.872,35.77643],[50.87248,35.77629],[50.87281,35.77661],[50.87319,35.77704],[50.87361,35.77749],[50.8739,35.7778],[50.87391,35.77782],[50.87391,35.77782],[50.87391,35.77782],[50.87422,35.77812],[50.87465,35.77855],[50.87511,35.77909],[50.87537,35.7794],[50.87563,35.77971],[50.87608,35.78032],[50.87653,35.78087],[50.87697,35.78136],[50.87725,35.78166],[50.87762,35.78211],[50.8781,35.78267],[50.87837,35.78298],[50.87864,35.78329],[50.87894,35.7836],[50.87923,35.7839],[50.8795,35.78421],[50.88001,35.78478],[50.88046,35.78533],[50.88091,35.78584],[50.88138,35.78638],[50.88181,35.78687],[50.88222,35.78734],[50.8826,35.78776],[50.8829,35.78809],[50.88322,35.7885],[50.88374,35.7891],[50.88401,35.78941],[50.8845,35.78997],[50.88499,35.79052],[50.88546,35.79104],[50.88592,35.79156],[50.88641,35.79215],[50.8869,35.79272],[50.88716,35.79302],[50.88759,35.79352],[50.88801,35.79402],[50.88847,35.79453],[50.88897,35.7951],[50.88947,35.79567],[50.88973,35.79597],[50.89,35.79629],[50.89028,35.7966],[50.89055,35.79692],[50.89101,35.79746],[50.89135,35.79788],[50.89166,35.79823],[50.89205,35.79869],[50.89243,35.79914],[50.89293,35.7997],[50.8934,35.80025],[50.8938,35.8007],[50.8942,35.8012],[50.89469,35.80178],[50.89498,35.80209],[50.89528,35.80242],[50.8956,35.80277],[50.89591,35.80313],[50.89618,35.80344],[50.89644,35.80374],[50.89684,35.8042],[50.89712,35.80453],[50.89748,35.80496],[50.89789,35.80542],[50.8983,35.80587],[50.89871,35.80633],[50.8992,35.80687],[50.89946,35.80716],[50.89972,35.80745],[50.90024,35.808],[50.90055,35.80827],[50.90085,35.80855],[50.90121,35.80915],[50.90168,35.80971],[50.90216,35.81024],[50.90262,35.81079],[50.9031,35.81135],[50.90349,35.81181],[50.90366,35.81205],[50.90363,35.81207],[50.90389,35.81242],[50.90432,35.8127],[50.90461,35.81313],[50.90494,35.8135],[50.90539,35.814],[50.90583,35.8145],[50.90628,35.81499],[50.90674,35.81555],[50.9072,35.81609],[50.90765,35.81659],[50.90805,35.81702],[50.90838,35.81739],[50.90867,35.81772],[50.909,35.81812],[50.90933,35.81849],[50.90974,35.81895],[50.91,35.81925],[50.91028,35.81959],[50.9106,35.81995],[50.91093,35.82032],[50.91125,35.82068],[50.91155,35.82101],[50.91185,35.82133],[50.91214,35.82166],[50.91245,35.82202],[50.91275,35.82236],[50.91304,35.82267],[50.91365,35.82319],[50.91403,35.8234],[50.91444,35.82357],[50.91523,35.82351],[50.9156,35.82324],[50.91597,35.82296],[50.91637,35.82266],[50.91676,35.8224],[50.91712,35.82216],[50.91749,35.8219],[50.91784,35.82164],[50.91851,35.82119],[50.91919,35.82076],[50.91991,35.82036],[50.9203,35.82014],[50.92069,35.81995],[50.92111,35.81974],[50.92155,35.81954],[50.92202,35.81938],[50.92249,35.81918],[50.92298,35.81897],[50.92345,35.81879],[50.92391,35.81863],[50.92438,35.81848],[50.92488,35.81834],[50.92541,35.8182],[50.92595,35.81808],[50.92652,35.81795],[50.92709,35.81783],[50.92766,35.81773],[50.92824,35.81763],[50.92882,35.81754],[50.9294,35.81744],[50.93002,35.81734],[50.93064,35.81722],[50.93129,35.8171],[50.9319,35.81702],[50.9325,35.81693],[50.93307,35.81683],[50.93364,35.81674],[50.93422,35.81661],[50.93477,35.81645],[50.93532,35.81632],[50.93577,35.81624],[50.93604,35.81591],[50.93595,35.81553],[50.9359,35.81514],[50.93581,35.8147],[50.93567,35.81426],[50.93553,35.81391],[50.93545,35.8135],[50.93564,35.81384],[50.93568,35.81401],[50.93568,35.81401],[50.93569,35.81401],[50.93568,35.81401],[50.9358,35.81465],[50.93591,35.81515],[50.93601,35.81554],[50.93621,35.81591],[50.93678,35.81592],[50.93745,35.81584],[50.93833,35.81585],[50.93881,35.81584],[50.93933,35.8158],[50.93986,35.81576],[50.94042,35.81573],[50.941,35.81565],[50.94159,35.81554],[50.9422,35.81545],[50.94281,35.81537],[50.94344,35.8153],[50.94407,35.81521],[50.94472,35.81512],[50.94537,35.81503],[50.94602,35.81494],[50.94667,35.81484],[50.94736,35.81473],[50.94805,35.81459],[50.94876,35.81444],[50.94948,35.81427],[50.95021,35.81408],[50.95094,35.81388],[50.95166,35.81366],[50.95236,35.81343],[50.95306,35.81318],[50.95374,35.81292],[50.95442,35.81267],[50.95507,35.81237],[50.95573,35.81208],[50.95639,35.81176],[50.95706,35.81142],[50.95773,35.81107],[50.95837,35.81076],[50.95904,35.81043],[50.95969,35.81011],[50.96033,35.80979],[50.96096,35.80948],[50.96156,35.80915],[50.96216,35.80882],[50.96274,35.80849],[50.96331,35.80813],[50.96387,35.80778],[50.96445,35.80742],[50.96499,35.80703],[50.96549,35.80659],[50.96598,35.80616],[50.96644,35.80573],[50.96687,35.80529],[50.9673,35.80483],[50.96768,35.80438],[50.96804,35.80393],[50.9684,35.80344],[50.96872,35.80294],[50.969,35.80245],[50.96927,35.80196],[50.96957,35.80149],[50.9699,35.80105],[50.9703,35.80064],[50.97075,35.80024],[50.97124,35.79987],[50.97172,35.79956],[50.9722,35.79927],[50.97264,35.79901],[50.97306,35.79875],[50.97348,35.79848],[50.97391,35.79821],[50.97437,35.79795],[50.97485,35.79767],[50.97534,35.79741],[50.97586,35.79715],[50.9764,35.79688],[50.97697,35.79661],[50.97757,35.79632],[50.97822,35.796],[50.9789,35.79567],[50.97958,35.79535],[50.98031,35.79502],[50.98102,35.79471],[50.98173,35.79441],[50.98242,35.79413],[50.98308,35.79386],[50.98371,35.79363],[50.98434,35.79343],[50.98498,35.79321],[50.98562,35.79301],[50.98631,35.7928],[50.98702,35.79258],[50.98774,35.79237],[50.98848,35.79216],[50.98923,35.79198],[50.99,35.79183],[50.9908,35.79166],[50.9916,35.79151],[50.99239,35.79139],[50.99318,35.79129],[50.99398,35.79122],[50.9948,35.79116],[50.9956,35.79111],[50.99642,35.79106],[50.99723,35.79102],[50.99804,35.79098],[50.99885,35.79091],[50.99964,35.79085],[51.00043,35.79082],[51.00122,35.79077],[51.00202,35.79072],[51.00282,35.79067],[51.00364,35.79063],[51.00445,35.79059],[51.00527,35.79054],[51.0061,35.7905],[51.00692,35.79046],[51.00772,35.7904],[51.0085,35.79035],[51.00927,35.7903],[51.01003,35.79024],[51.01078,35.7902],[51.0115,35.79016],[51.01221,35.79009],[51.01292,35.79001],[51.01364,35.7899],[51.01435,35.78978],[51.01503,35.78966],[51.01567,35.78954],[51.01624,35.78942],[51.01674,35.7893],[51.01725,35.78919],[51.01776,35.78907],[51.01825,35.78894],[51.01871,35.78879],[51.01914,35.78866],[51.01989,35.78837],[51.02059,35.7879],[51.02092,35.78757],[51.02121,35.78717],[51.02151,35.78681],[51.02182,35.78648],[51.02211,35.78618],[51.02264,35.7857],[51.02308,35.78529],[51.02347,35.7849],[51.02388,35.78452],[51.02439,35.78411],[51.02491,35.78366],[51.02545,35.78317],[51.0258,35.78285],[51.02617,35.7825],[51.02655,35.78215],[51.02696,35.7818],[51.02734,35.78148],[51.0277,35.78115],[51.02804,35.78082],[51.02841,35.78051],[51.0288,35.78018],[51.02913,35.77983],[51.02945,35.77949],[51.02979,35.77912],[51.03016,35.77873],[51.03054,35.7783],[51.03091,35.77785],[51.03127,35.77745],[51.03164,35.77703],[51.032,35.77663],[51.03238,35.77624],[51.03274,35.77582],[51.03314,35.7754],[51.03352,35.77499],[51.03391,35.77457],[51.03432,35.77415],[51.03474,35.7737],[51.03516,35.77322],[51.0356,35.77274],[51.03605,35.77223],[51.03651,35.77173],[51.03701,35.77122],[51.0375,35.77072],[51.03796,35.77022],[51.03844,35.76974],[51.03892,35.76926],[51.03941,35.7688],[51.03987,35.76832],[51.04033,35.76786],[51.0408,35.76739],[51.04125,35.76691],[51.04171,35.76644],[51.04219,35.76597],[51.04267,35.76551],[51.04318,35.76505],[51.04374,35.76461],[51.04436,35.76426],[51.04504,35.76394],[51.04573,35.76362],[51.04643,35.7633],[51.04714,35.76297],[51.04788,35.76263],[51.04864,35.76229],[51.04941,35.76192],[51.05022,35.76154],[51.05101,35.76116],[51.05177,35.76078],[51.05252,35.76042],[51.05325,35.76005],[51.0539,35.75971],[51.05449,35.75939],[51.05507,35.75907],[51.05571,35.75875],[51.05639,35.75843],[51.05706,35.75813],[51.05772,35.75783],[51.05839,35.75752],[51.05907,35.7572],[51.05973,35.7569],[51.06036,35.75661],[51.06102,35.75632],[51.06164,35.75603],[51.06219,35.75576],[51.06275,35.75549],[51.06335,35.75521],[51.06397,35.75493],[51.06458,35.75464],[51.06519,35.75435],[51.0658,35.75407],[51.06641,35.75379],[51.06699,35.75353],[51.06756,35.75328],[51.06813,35.75305],[51.06868,35.7528],[51.06921,35.75258],[51.06969,35.75236],[51.07014,35.75217],[51.07057,35.75201],[51.07097,35.75186],[51.0714,35.75169],[51.07186,35.75149],[51.07235,35.75126],[51.07282,35.75106],[51.07328,35.75083],[51.07367,35.75057],[51.07403,35.75032],[51.07465,35.75004],[51.07532,35.74972],[51.07571,35.74953],[51.07614,35.74933],[51.07656,35.74914],[51.07702,35.74894],[51.07746,35.74875],[51.07793,35.74854],[51.07843,35.74829],[51.07894,35.748],[51.07944,35.74769],[51.07995,35.74735],[51.08048,35.74701],[51.08101,35.74666],[51.08155,35.7463],[51.08212,35.74601],[51.08276,35.74567],[51.08341,35.74534],[51.08402,35.74496],[51.0846,35.7446],[51.08518,35.74427],[51.08579,35.74392],[51.08643,35.74366],[51.08714,35.74341],[51.08784,35.74323],[51.08857,35.74302],[51.0893,35.74284],[51.09002,35.74266],[51.09076,35.74252],[51.0915,35.74237],[51.09228,35.74221],[51.09304,35.74205],[51.09383,35.74187],[51.09462,35.7417],[51.09542,35.74154],[51.0962,35.74138],[51.09698,35.74124],[51.09778,35.74108],[51.0986,35.74092],[51.09943,35.74075],[51.10024,35.74059],[51.10105,35.74045],[51.10185,35.74033],[51.10265,35.74023],[51.10348,35.74011],[51.10433,35.73996],[51.10519,35.7398],[51.10606,35.73959],[51.10691,35.73934],[51.10776,35.73908],[51.10859,35.73883],[51.10935,35.7386],[51.11008,35.73838],[51.11077,35.73818],[51.11144,35.73798],[51.11205,35.73779],[51.11262,35.73761],[51.11319,35.73743],[51.11371,35.73727],[51.1142,35.73715],[51.11471,35.73699],[51.11524,35.73679],[51.11581,35.73654],[51.11644,35.73625],[51.11708,35.73595],[51.11774,35.73561],[51.11844,35.73525],[51.11914,35.73491],[51.11982,35.7346],[51.1205,35.73427],[51.12114,35.73392],[51.12177,35.73362],[51.12243,35.7333],[51.12304,35.733],[51.1236,35.73271],[51.12405,35.73243],[51.12439,35.73205],[51.12468,35.73172],[51.12494,35.73137],[51.12522,35.73102],[51.12548,35.73065],[51.12573,35.73029],[51.12596,35.72995],[51.12617,35.72957],[51.12638,35.72922],[51.12659,35.72888],[51.12682,35.72857],[51.12706,35.7282],[51.12732,35.7278],[51.1276,35.72738],[51.1279,35.72695],[51.12826,35.72653],[51.12866,35.72614],[51.12904,35.72577],[51.12936,35.72544],[51.12972,35.7251],[51.13016,35.72479],[51.13065,35.72438],[51.13097,35.72408],[51.13129,35.72376],[51.13166,35.72344],[51.13202,35.7231],[51.13242,35.72273],[51.13286,35.72238],[51.13334,35.72202],[51.13385,35.72163],[51.13439,35.72119],[51.13496,35.72074],[51.13553,35.72031],[51.13612,35.71985],[51.13674,35.71939],[51.13735,35.71892],[51.13797,35.71848],[51.13866,35.71797],[51.13933,35.71745],[51.14003,35.71699],[51.14077,35.71654],[51.14152,35.71614],[51.1423,35.71576],[51.14308,35.71543],[51.14384,35.71511],[51.14461,35.71481],[51.1454,35.71455],[51.14619,35.71426],[51.147,35.71398],[51.1478,35.7137],[51.14859,35.71341],[51.14934,35.71317],[51.15004,35.71293],[51.15074,35.71268],[51.15143,35.71243],[51.15213,35.71221],[51.15283,35.71198],[51.15354,35.71174],[51.15425,35.71151],[51.15496,35.71129],[51.15563,35.71109],[51.15632,35.71085],[51.15703,35.71062],[51.15775,35.71038],[51.15848,35.71013],[51.15921,35.70987],[51.15993,35.70963],[51.16066,35.7094],[51.16139,35.70917],[51.16205,35.70895],[51.16264,35.70876],[51.16322,35.70859],[51.1638,35.7084],[51.1644,35.7082],[51.165,35.70801],[51.16562,35.70784],[51.16625,35.70766],[51.16686,35.70753],[51.16748,35.70743],[51.16812,35.70728],[51.16879,35.70712],[51.1695,35.70694],[51.17023,35.70676],[51.17097,35.7066],[51.17168,35.70643],[51.17237,35.70627],[51.17305,35.7061],[51.17371,35.70595],[51.17437,35.70578],[51.17503,35.70564],[51.17571,35.70546],[51.1764,35.7053],[51.1771,35.70513],[51.17781,35.70496],[51.17849,35.70478],[51.17916,35.70462],[51.17979,35.70447],[51.18041,35.70431],[51.181,35.70417],[51.18146,35.70401],[51.18196,35.70384],[51.1825,35.70362],[51.18292,35.70348],[51.18335,35.70328],[51.1838,35.7031],[51.18442,35.70291],[51.18483,35.70274],[51.1853,35.70255],[51.18582,35.70234],[51.18635,35.70213],[51.18691,35.70193],[51.18752,35.70167],[51.18812,35.70141],[51.18873,35.70117],[51.18938,35.70091],[51.19005,35.70065],[51.19074,35.70035],[51.19142,35.70008],[51.1921,35.69982],[51.19278,35.69955],[51.19347,35.69928],[51.19418,35.69899],[51.19485,35.69871],[51.19552,35.69844],[51.19618,35.69817],[51.19684,35.6979],[51.1975,35.69764],[51.1982,35.69737],[51.19891,35.69708],[51.19963,35.69678],[51.20029,35.69654],[51.20096,35.69628],[51.20162,35.696],[51.20229,35.69574],[51.20295,35.69548],[51.20363,35.69519],[51.20428,35.69493],[51.2049,35.69469],[51.20549,35.69446],[51.20605,35.69421],[51.20659,35.69401],[51.20717,35.69377],[51.20778,35.69353],[51.20845,35.69328],[51.20914,35.693],[51.20985,35.69271],[51.21055,35.6924],[51.21128,35.69209],[51.21203,35.69176],[51.21277,35.69145],[51.21352,35.69114],[51.21422,35.69085],[51.21493,35.69053],[51.21561,35.69024],[51.21628,35.68993],[51.21692,35.68965],[51.21752,35.68937],[51.21809,35.68912],[51.21867,35.68889],[51.21926,35.68865],[51.21987,35.68838],[51.22045,35.68816],[51.22099,35.68794],[51.22146,35.68774],[51.22191,35.68756],[51.22253,35.68729],[51.22304,35.68704],[51.2235,35.68685],[51.22395,35.68668],[51.22452,35.68645],[51.22501,35.68623],[51.22551,35.6861],[51.22592,35.68594],[51.22634,35.68575],[51.22688,35.68553],[51.2273,35.68537],[51.22791,35.68512],[51.22827,35.68479],[51.22819,35.68482],[51.22817,35.68484],[51.22846,35.68436],[51.22887,35.68395],[51.22944,35.68365],[51.23011,35.68339],[51.23078,35.68314],[51.23121,35.68286],[51.23152,35.68254],[51.23188,35.68223],[51.23169,35.68167],[51.23144,35.68106],[51.23121,35.68037],[51.23111,35.68001],[51.23101,35.67963],[51.23083,35.67895],[51.23072,35.67831],[51.23063,35.67766],[51.23057,35.67697],[51.23055,35.67658],[51.23056,35.67617],[51.23058,35.67574],[51.2306,35.67528],[51.23064,35.67479],[51.23071,35.67428],[51.2308,35.67377],[51.2309,35.67325],[51.23103,35.67273],[51.23118,35.67221],[51.23137,35.67169],[51.23157,35.67116],[51.23178,35.67067],[51.232,35.6702],[51.23224,35.66974],[51.2325,35.66928],[51.23277,35.66881],[51.23307,35.66835],[51.2334,35.66789],[51.23374,35.66745],[51.2341,35.66699],[51.23448,35.66654],[51.23491,35.66609],[51.23536,35.66563],[51.23588,35.66517],[51.23643,35.66471],[51.23695,35.66428],[51.23746,35.6639],[51.23798,35.66358],[51.23848,35.66327],[51.23902,35.66295],[51.23958,35.66264],[51.24016,35.66234],[51.24078,35.66206],[51.24142,35.66177],[51.24206,35.6615],[51.24271,35.66127],[51.24335,35.66104],[51.24396,35.66083],[51.24459,35.6606],[51.24522,35.66036],[51.24584,35.66013],[51.24648,35.65989],[51.24715,35.65964],[51.2478,35.6594],[51.24844,35.65918],[51.24906,35.65897],[51.24963,35.65876],[51.25015,35.65856],[51.25064,35.65838],[51.25117,35.6582],[51.25172,35.65802],[51.25229,35.65783],[51.25283,35.65763],[51.25335,35.65745],[51.25381,35.65726],[51.25426,35.65709],[51.25474,35.65691],[51.25524,35.65672],[51.25576,35.65652],[51.2563,35.65633],[51.25685,35.65613],[51.25739,35.65593],[51.25794,35.65572],[51.25852,35.65552],[51.2591,35.65532],[51.25968,35.65511],[51.26019,35.65492],[51.26064,35.65475],[51.26105,35.6546],[51.26176,35.65433],[51.26254,35.65407],[51.26329,35.65378],[51.26402,35.65351],[51.26443,35.65335],[51.26485,35.65317],[51.26527,35.65303],[51.26568,35.65288],[51.26612,35.65272],[51.26658,35.65254],[51.26707,35.65236],[51.26753,35.65218],[51.26798,35.65201],[51.26847,35.65183],[51.26896,35.65166],[51.26943,35.65147],[51.26991,35.65129],[51.27044,35.6511],[51.27103,35.65088],[51.27167,35.65063],[51.27231,35.65035],[51.27294,35.6501],[51.27358,35.64984],[51.27424,35.64956],[51.27493,35.64926],[51.27564,35.64896],[51.27631,35.64868],[51.27697,35.6484],[51.27762,35.64814],[51.27826,35.64787],[51.2789,35.6476],[51.27953,35.64734],[51.28014,35.64707],[51.28075,35.64681],[51.28136,35.64653],[51.28198,35.64625],[51.28258,35.64599],[51.28317,35.64573],[51.28374,35.64548],[51.2843,35.64524],[51.2848,35.64501],[51.28527,35.64481],[51.28574,35.64461],[51.28626,35.64437],[51.28684,35.64413],[51.28746,35.64385],[51.2881,35.64356],[51.28875,35.64325],[51.2894,35.64295],[51.29005,35.64263],[51.29068,35.64233],[51.29128,35.64204],[51.29189,35.64175],[51.29249,35.64145],[51.29307,35.64118],[51.29365,35.64091],[51.29422,35.64064],[51.29477,35.64037],[51.29531,35.64011],[51.29583,35.63984],[51.29635,35.63959],[51.29688,35.63932],[51.29743,35.63906],[51.29802,35.63878],[51.29861,35.6385],[51.29919,35.6382],[51.29975,35.63788],[51.30028,35.6376],[51.30078,35.63734],[51.30126,35.6371],[51.30174,35.63686],[51.30224,35.6366],[51.30273,35.63636],[51.30324,35.6361],[51.30376,35.63584],[51.3043,35.63556],[51.30485,35.63529],[51.30541,35.63501],[51.306,35.63471],[51.30658,35.6344],[51.30715,35.63412],[51.30769,35.63385],[51.30822,35.63358],[51.30872,35.63334],[51.3092,35.63309],[51.30969,35.63284],[51.3102,35.63258],[51.31071,35.63233],[51.31122,35.63208],[51.31169,35.63182],[51.31217,35.63156],[51.31265,35.6313],[51.31311,35.63105],[51.31356,35.63081],[51.314,35.63056],[51.31446,35.63031],[51.3149,35.63005],[51.31535,35.62977],[51.3158,35.62947],[51.31624,35.62917],[51.31665,35.62888],[51.31704,35.62858],[51.31745,35.62827],[51.31786,35.62794],[51.31827,35.6276],[51.31868,35.62724],[51.31908,35.62689],[51.31945,35.62653],[51.31979,35.62618],[51.3201,35.62584],[51.32038,35.62555],[51.32067,35.62524],[51.32098,35.62488],[51.32133,35.62449],[51.32171,35.62404],[51.32212,35.62355],[51.32253,35.62304],[51.32291,35.6226],[51.32317,35.62229],[51.32365,35.62172],[51.32399,35.6213],[51.32443,35.62083],[51.3247,35.62054],[51.32497,35.62022],[51.32528,35.61982],[51.32559,35.61943],[51.32596,35.61903],[51.32633,35.61858],[51.32674,35.6181],[51.32718,35.6176],[51.32761,35.61706],[51.32806,35.61651],[51.32852,35.61598],[51.32901,35.61544],[51.32946,35.61494],[51.32991,35.61446],[51.33039,35.61397],[51.33089,35.61348],[51.33138,35.61303],[51.33183,35.61267],[51.33222,35.61239],[51.33259,35.61212],[51.33297,35.61185],[51.33337,35.61159],[51.33379,35.61133],[51.33422,35.61108],[51.33467,35.61082],[51.33514,35.61055],[51.33565,35.61029],[51.33616,35.61008],[51.3367,35.60984],[51.33723,35.6096],[51.33775,35.60939],[51.33827,35.60918],[51.3388,35.60901],[51.33935,35.60885],[51.3399,35.60869],[51.34046,35.60853],[51.34104,35.60838],[51.34165,35.60824],[51.34226,35.60811],[51.34288,35.608],[51.3435,35.60789],[51.34411,35.60782],[51.3447,35.60777],[51.34529,35.60771],[51.34587,35.60767],[51.34644,35.60763],[51.347,35.60764],[51.34755,35.60764],[51.3481,35.60764],[51.34863,35.60767],[51.34915,35.60769],[51.34965,35.60772],[51.35015,35.60776],[51.35062,35.6078],[51.35108,35.60784],[51.35154,35.60791],[51.35202,35.60798],[51.35248,35.60806],[51.35293,35.60814],[51.35338,35.60822],[51.35416,35.60838],[51.35474,35.60852],[51.35527,35.60869],[51.35589,35.60886],[51.35642,35.60897],[51.35692,35.60912],[51.3574,35.60928],[51.35791,35.60943],[51.35853,35.60961],[51.35898,35.60976],[51.35943,35.60993],[51.36022,35.61022],[51.36068,35.6104],[51.36108,35.61056],[51.36179,35.61086],[51.36267,35.61113],[51.36317,35.61129],[51.36371,35.61145],[51.36426,35.61161],[51.36484,35.61178],[51.36544,35.61195],[51.36607,35.61213],[51.36671,35.61231],[51.36735,35.61248],[51.36794,35.61266],[51.36853,35.61283],[51.36906,35.61296],[51.3695,35.61308],[51.36993,35.61319],[51.37038,35.61331],[51.37089,35.61342],[51.37142,35.61352],[51.37195,35.61364],[51.3725,35.61373],[51.3731,35.61382],[51.37371,35.61389],[51.37435,35.61397],[51.375,35.61405],[51.37568,35.61412],[51.37638,35.61418],[51.37708,35.61425],[51.37777,35.6143],[51.37844,35.61433],[51.37911,35.61436],[51.37982,35.61438],[51.38055,35.61438],[51.3813,35.61437],[51.38204,35.61436],[51.38276,35.61435],[51.38348,35.61434],[51.3842,35.61434],[51.3849,35.61433],[51.38559,35.61432],[51.38627,35.61431],[51.38695,35.61432],[51.38761,35.61432],[51.38828,35.61433],[51.38893,35.61433],[51.38959,35.61433],[51.39029,35.61433],[51.39101,35.61433],[51.39176,35.61433],[51.39252,35.61434],[51.39329,35.61435],[51.39406,35.61434],[51.39484,35.61434],[51.39562,35.61435],[51.39642,35.61436],[51.39721,35.61436],[51.39798,35.61438],[51.39872,35.61439],[51.39944,35.61439],[51.40015,35.6144],[51.40087,35.61442],[51.40159,35.61444],[51.40228,35.61446],[51.40294,35.61447],[51.40351,35.61447],[51.40406,35.61447],[51.40465,35.61445],[51.4053,35.61443],[51.40595,35.61441],[51.40661,35.61441],[51.40726,35.61442],[51.40789,35.61443],[51.40851,35.61444],[51.40917,35.61449],[51.40987,35.61456],[51.4106,35.61464],[51.41136,35.61473],[51.41214,35.61482],[51.41293,35.61491],[51.41373,35.61504],[51.41452,35.61521],[51.41533,35.61542],[51.41614,35.61567],[51.41694,35.61597],[51.4177,35.61628],[51.41843,35.61662],[51.41917,35.61698],[51.41986,35.61739],[51.42051,35.6178],[51.42108,35.61818],[51.42157,35.61855],[51.42208,35.61894],[51.4226,35.61936],[51.42316,35.61979],[51.42371,35.62024],[51.42426,35.62068],[51.4248,35.62112],[51.42533,35.62155],[51.42588,35.62198],[51.42646,35.6224],[51.42706,35.62282],[51.4277,35.62322],[51.42836,35.62361],[51.42905,35.62398],[51.42974,35.62435],[51.43044,35.62472],[51.43113,35.6251],[51.43183,35.62544],[51.4325,35.62575],[51.43318,35.62605],[51.43385,35.62634],[51.43456,35.62661],[51.43529,35.62688],[51.436,35.62712],[51.43671,35.62737],[51.43742,35.62763],[51.43819,35.62784],[51.43898,35.62805],[51.4398,35.62824],[51.44064,35.62845],[51.44149,35.62862],[51.44233,35.6288],[51.44316,35.62898],[51.44403,35.62909],[51.4449,35.62918],[51.44576,35.62924],[51.4466,35.6293],[51.44743,35.62936],[51.4482,35.6294],[51.44893,35.62944],[51.44959,35.62947],[51.45021,35.6295],[51.45074,35.62953],[51.45123,35.62954],[51.45172,35.62957],[51.45224,35.6296],[51.4528,35.62963],[51.45341,35.62967],[51.45405,35.62971],[51.4547,35.62975],[51.45538,35.62978],[51.45609,35.62979],[51.45681,35.62978],[51.45754,35.62984],[51.45829,35.62995],[51.45905,35.63009],[51.45981,35.63025],[51.4606,35.63041],[51.46139,35.6306],[51.46216,35.63082],[51.46292,35.63105],[51.46365,35.6313],[51.46439,35.63157],[51.46514,35.63186],[51.4659,35.63216],[51.46663,35.63247],[51.46737,35.63281],[51.46811,35.63317],[51.46884,35.63354],[51.46956,35.63391],[51.47028,35.6343],[51.47097,35.6347],[51.47159,35.63511],[51.47206,35.63545],[51.47253,35.63577],[51.47303,35.63611],[51.47355,35.63644],[51.47403,35.63667],[51.47445,35.63681],[51.47495,35.63692],[51.4755,35.63701],[51.4761,35.63709],[51.47673,35.63712],[51.47741,35.63711],[51.4781,35.63702],[51.47877,35.63687],[51.47945,35.6367],[51.4801,35.63652],[51.48081,35.63643],[51.48155,35.63645],[51.48226,35.63659],[51.48287,35.63698],[51.4834,35.63742],[51.48377,35.63791],[51.48397,35.6384],[51.48409,35.63879],[51.48425,35.6394],[51.48438,35.63992],[51.48446,35.64038],[51.48451,35.64077],[51.48457,35.64125],[51.48465,35.64177],[51.48474,35.64239],[51.48481,35.64299],[51.48489,35.64348],[51.48517,35.64385],[51.48568,35.64383],[51.48638,35.64377],[51.48717,35.64368],[51.48764,35.64364],[51.48822,35.6436],[51.48869,35.64355],[51.48918,35.64351],[51.48969,35.64346],[51.4904,35.64339],[51.49081,35.6436],[51.49087,35.64397],[51.49092,35.64438],[51.49097,35.6448],[51.49104,35.64519],[51.49112,35.64556],[51.49117,35.64608],[51.49126,35.64644],[51.49146,35.6465],[51.49151,35.64666],[51.49199,35.6466],[51.49256,35.64652],[51.49304,35.64647],[51.49359,35.64637],[51.49408,35.6463],[51.49469,35.64623],[51.49525,35.64619],[51.49589,35.64613],[51.49645,35.64608],[51.49689,35.64597],[51.49682,35.64552],[51.49668,35.64483],[51.49656,35.64448],[51.49685,35.64504],[51.49693,35.64545],[51.49702,35.64589],[51.49711,35.64637],[51.4972,35.64682],[51.49726,35.64722],[51.49742,35.64788],[51.49757,35.64826],[51.49772,35.6487],[51.49788,35.64916],[51.49805,35.64962],[51.49822,35.65008],[51.49838,35.65056],[51.49854,35.65103],[51.49871,35.6515],[51.49884,35.65191],[51.49895,35.65226],[51.49909,35.65276],[51.49926,35.65325],[51.49948,35.65389],[51.49962,35.65425],[51.49977,35.65465],[51.49992,35.65505],[51.50007,35.65547],[51.50023,35.65591],[51.50038,35.65638],[51.50055,35.65689],[51.50071,35.65741],[51.50089,35.65793],[51.50107,35.65845],[51.50125,35.65897],[51.50141,35.65947],[51.50152,35.65985],[51.50169,35.66022],[51.50221,35.66021],[51.5027,35.66012],[51.50333,35.65996],[51.50403,35.65979],[51.50488,35.65959],[51.50531,35.65949],[51.50613,35.6593],[51.50687,35.65912],[51.50751,35.65896],[51.50799,35.65904],[51.50805,35.65941],[51.50805,35.65981],[51.50811,35.66018],[51.50829,35.66054],[51.50841,35.66111],[51.50842,35.66148],[51.50843,35.66189],[51.50845,35.66231],[51.50846,35.66276],[51.50847,35.66322],[51.50849,35.66368],[51.50851,35.66412],[51.50847,35.66454],[51.50842,35.66496],[51.5084,35.66539],[51.50841,35.66585],[51.50842,35.66634],[51.50842,35.66684],[51.50844,35.66738],[51.50845,35.66793],[51.50845,35.66851],[51.50846,35.66909],[51.50848,35.6697],[51.5085,35.67032],[51.50851,35.67094],[51.50851,35.67155],[51.50852,35.67218],[51.50855,35.67282],[51.50857,35.67344],[51.50858,35.67398],[51.5086,35.67443],[51.50859,35.67479],[51.50843,35.67539],[51.50785,35.67557],[51.50716,35.67576],[51.5068,35.676],[51.50641,35.67628],[51.506,35.67657],[51.50559,35.67683],[51.50518,35.6771],[51.50478,35.67739],[51.50438,35.67768],[51.50394,35.67798],[51.50347,35.67832],[51.50296,35.67868],[51.50241,35.67907],[51.50185,35.67948],[51.50127,35.67988],[51.50068,35.68028],[51.50006,35.6807],[51.49947,35.68112],[51.49893,35.68148],[51.49842,35.68181],[51.49791,35.68215],[51.49742,35.6825],[51.49696,35.68283],[51.49654,35.68311],[51.49609,35.68344],[51.49563,35.68378],[51.49515,35.68413],[51.49467,35.68452],[51.49417,35.68492],[51.4937,35.68527],[51.49336,35.68554],[51.49316,35.68618],[51.49318,35.6868],[51.49318,35.68735],[51.49317,35.68787],[51.49315,35.6885],[51.49313,35.68889],[51.4931,35.6893],[51.49313,35.68971],[51.49322,35.69017],[51.49335,35.69066],[51.49352,35.69119],[51.49373,35.69176],[51.49401,35.69236],[51.49439,35.69293],[51.49481,35.69349],[51.49524,35.69403],[51.49566,35.69456],[51.49608,35.69505],[51.4965,35.69554],[51.49696,35.69601],[51.49738,35.69648],[51.49773,35.69692],[51.49812,35.69737],[51.49851,35.69782],[51.4989,35.69828],[51.4993,35.69873],[51.49971,35.69918],[51.50005,35.6997],[51.50032,35.70021],[51.50054,35.70071],[51.50074,35.70119],[51.50094,35.70166],[51.50113,35.70214],[51.50131,35.70262],[51.50148,35.70311],[51.50164,35.70357],[51.5018,35.70405],[51.50197,35.70451],[51.50216,35.70497],[51.50237,35.70544],[51.5026,35.70593],[51.50281,35.70636],[51.503,35.70676],[51.50319,35.70719],[51.50338,35.70762],[51.50354,35.70806],[51.50372,35.70849],[51.50388,35.7089],[51.50404,35.70933],[51.50422,35.70977],[51.50441,35.71023],[51.50463,35.71069],[51.50491,35.71115],[51.50521,35.71161],[51.50554,35.71209],[51.50593,35.71255],[51.50632,35.71303],[51.50673,35.71349],[51.50714,35.71399],[51.50757,35.7145],[51.50802,35.71505],[51.50848,35.71558],[51.50896,35.71612],[51.50948,35.71663],[51.51003,35.71718],[51.51058,35.71769],[51.51111,35.71823],[51.51165,35.71876],[51.51219,35.71928],[51.51273,35.71977],[51.51329,35.72026],[51.51392,35.7207],[51.51462,35.72105],[51.51536,35.72134],[51.5161,35.72155],[51.51684,35.72172],[51.51758,35.72185],[51.51828,35.7219],[51.51888,35.72191],[51.5194,35.72193],[51.5199,35.72194],[51.52036,35.72196],[51.5211,35.72201],[51.52077,35.72168],[51.51986,35.72165],[51.51934,35.72166],[51.51888,35.72167],[51.51834,35.72159],[51.51902,35.72149],[51.5199,35.72152],[51.52043,35.72154],[51.52096,35.72158],[51.5215,35.72164],[51.52203,35.7218],[51.5225,35.72205],[51.52289,35.72239],[51.52315,35.72279],[51.52336,35.72319],[51.5236,35.72374],[51.52416,35.7239],[51.52484,35.72396],[51.52529,35.72399],[51.52575,35.72403],[51.52656,35.72408],[51.52724,35.72414],[51.52794,35.72417],[51.52842,35.7242],[51.52896,35.72424],[51.52955,35.72427],[51.53015,35.72433],[51.53071,35.72436],[51.53126,35.72441],[51.53184,35.72446],[51.53244,35.7245],[51.53307,35.72453],[51.53373,35.72457],[51.5344,35.7246],[51.53508,35.72465],[51.53577,35.72467],[51.53646,35.72471],[51.53711,35.72476],[51.53773,35.72483],[51.53835,35.72488],[51.539,35.72493],[51.53964,35.72497],[51.54029,35.72502],[51.54092,35.72505],[51.54155,35.72505],[51.54216,35.72508],[51.54278,35.72512],[51.54342,35.72517],[51.54408,35.72524],[51.54475,35.7253],[51.54541,35.72536],[51.54609,35.7254],[51.54678,35.72545],[51.54749,35.7255],[51.5482,35.72555],[51.54891,35.7256],[51.54959,35.72564],[51.55026,35.72569],[51.55093,35.72574],[51.55157,35.72577],[51.55215,35.7258],[51.55267,35.72583],[51.55311,35.72588],[51.55264,35.72625],[51.55227,35.72665],[51.55191,35.72705],[51.55237,35.72747],[51.55288,35.72783],[51.55338,35.72816],[51.5539,35.7284],[51.55447,35.72875],[51.55482,35.72904],[51.55455,35.72934],[51.55422,35.72967],[51.55416,35.73007]]]}},{"type":"Feature","properties":{"route":5,"color":"#0891b2","times":[[17980,18402,18535,18547,18607,18667,18673,18679,18685,18691,18697,18703,18709,18715,18796,18856,18918,18978,19038,19098,19104,19110,19116,19122,19128,19134,19137,19140,19143,19146,19149,19152,19155,19158,19161,19164,19167,19170,19173,19176,19179,19182,19185,19188,19191,19194,19197,19200,19203,19206,19209,19212,19215,19218,19221,19224,19227,19230,19233,19236,19239,19242,19245,19248,19251,19254,19260,19266,19272,19278,19287,19299,19308,19317,19335,19341,19347,19356,19362,19368,19374,19380,19386,19389,19392,19395,19398,19401,19404,19407,19410,19413,19416,19419,19422,19425,19428,19431,19434,19437,19440,19443,19446,19449,19452,19455,19458,19461,19464,19467,19470,19473,19476,19479,19482,19485,19488,19491,19494,19497,19500,19503,19506,19509,19512,19515,19518,19521,19524,19527,19530,19533,19536,19539,19542,19545,19548,19551,19554,19557,19560,19563,19566,19569,19572,19575,19578,19581,19584,19587,19590,19593,19596,19599,19602,19605,19608,19611,19614,19617,19620,19623,19626,19629,19632,19635,19638,19641,19644,19647,19650,19653,19656,19659,19662,19665,19668,19671,19677,19680,19683,19686,19689,19692,19695,19701,19707,19713,19719,19725,19731,19737,19740,19743,19746,19749,19752,19755,19758,19761,19764,19767,19770,19773,19776,19779,19785,19791,19797,19803,19809,19815,19821,19830,19836,19842,19848,19854,19860,19866,19872,19878,19890,19899,19905,19911,19917,19923,19929,19932,19938,19944,19950,19956,19962,19998,20016,20040,20058,20079,20088,20094,20100,20106,20112,20118,20124,20130,20136,20142,20148,20154,20160,20163,20166,20169,20172,20175,20178,20181,20187,20193,20199,20205,20211,20217,20223,20229,20235,20241,20244,20247,20250,20253,20256,20259,20262,20265,20268,20271,20274,20277,20283,20286,20289,20292,20295,20298,20304,20310,20313,20316,20319,20322,20325,20328,20331,20334,20337,20340,20343,20346,20349,20352,20355,20358,20361,20364,20367,20370,20373,20376,20379,20382,20385,20388,20391,20394,20397,20400,20403,20406,20409,20412,20415,20418,20421,20424,20427,20430,20433,20436,20439,20442,20445,20448,20451,20454,20457,20460,20463,20466,20469,20472,20475,20478,20481,20484,20487,20493,20553,20613,20643,20649,20652,20655,20658,20661,20664,20667,20670,20673,20676,20679,20682,20685,20688,20691,20694,20697,20700,20703,20706,20709,20712,20715,20718,20721,20724,20727,20730,20733,20736,20739,20742,20745,20748,20751,20754,20757,20760,20763,20766,20769,20772,20775,20778,20781,20784,20787,20790,20793,20796,20799,20802,20805,20808,20811,20814,20817,20820,20823,20826,20829,20832,20835,20838,20841,20844,20847,20850,20853,20856,20859,20862,20865,20868,20871,20874,20877,20880,20883,20886,20889,20892,20895,20898,20901,20904,20907,20910,20913,20916,20919,20922,20925,20928,20931,20934,20937,20940,20943,20946,20949,20952,20955,20958,20961,20964,20967,20970,20973,20976,20979,20982,20985,20988,20991,20994,20997,21000,21003,21006,21009,21012,21015,21018,21021,21024,21027,21030,21033,21036,21039,21042,21045,21048,21051,21054,21057,21060,21063,21066,21069,21072,21075,21078,21081,21084,21087,21090,21093,21096,21099,21102,21105,21108,21111,21114,21117,21120,21123,21126,21129,21132,21135,21138,21141,21144,21147,21150,21153,21156,21159,21162,21165,21171,21180]],"type":"access_route","source":"recorded_gps_prefix"},"geometry":{"type":"MultiLineString","coordinates":[[[51.55416,35.73007],[51.55416,35.72993],[51.54906,35.73122],[51.55406,35.72989],[51.55408,35.72972],[51.55429,35.72961],[51.55456,35.72931],[51.55488,35.72896],[51.5552,35.72859],[51.55556,35.72818],[51.55591,35.72778],[51.55626,35.7274],[51.55659,35.72702],[51.55685,35.72669],[51.55653,35.72657],[51.55649,35.7266],[51.55656,35.72658],[51.55648,35.72656],[51.55644,35.72658],[51.55652,35.72651],[51.55603,35.72637],[51.55524,35.72619],[51.55438,35.72607],[51.55365,35.72602],[51.55305,35.72592],[51.55208,35.72581],[51.55152,35.72577],[51.55096,35.72574],[51.55039,35.7257],[51.5498,35.72565],[51.54919,35.72559],[51.54857,35.72555],[51.54792,35.7255],[51.54728,35.72547],[51.54662,35.72543],[51.54598,35.7254],[51.54534,35.72538],[51.5447,35.72535],[51.54406,35.72532],[51.54342,35.72529],[51.54277,35.72523],[51.54211,35.72518],[51.54147,35.72512],[51.54082,35.72507],[51.54017,35.72502],[51.53952,35.72497],[51.53887,35.72493],[51.53822,35.72489],[51.53756,35.72487],[51.5369,35.72483],[51.53623,35.72478],[51.5356,35.72471],[51.53502,35.72466],[51.53446,35.72462],[51.5339,35.72458],[51.53336,35.72455],[51.53282,35.72451],[51.53225,35.72446],[51.53171,35.72443],[51.53118,35.72441],[51.53067,35.72438],[51.53019,35.72436],[51.52972,35.72432],[51.52927,35.72429],[51.52883,35.72426],[51.52838,35.72424],[51.5275,35.72419],[51.52675,35.72414],[51.52623,35.7241],[51.52572,35.72404],[51.52523,35.72403],[51.52468,35.72398],[51.5241,35.72395],[51.52363,35.7239],[51.52342,35.72348],[51.52322,35.72314],[51.523,35.72279],[51.52251,35.72262],[51.52197,35.72256],[51.52134,35.72242],[51.52067,35.7223],[51.51996,35.72219],[51.51911,35.72207],[51.51866,35.72203],[51.51819,35.72198],[51.51768,35.72193],[51.51717,35.72186],[51.51663,35.72177],[51.51607,35.72165],[51.51551,35.72148],[51.51497,35.72127],[51.51442,35.72104],[51.5139,35.72079],[51.51342,35.72049],[51.51293,35.72015],[51.5125,35.71978],[51.51204,35.71934],[51.51159,35.71891],[51.51113,35.71848],[51.5107,35.71806],[51.51029,35.71764],[51.50988,35.71724],[51.50947,35.71682],[51.50908,35.7164],[51.50867,35.71597],[51.50829,35.71555],[51.50791,35.71511],[51.50753,35.71466],[51.50715,35.71422],[51.50677,35.71377],[51.50639,35.71332],[51.50602,35.71289],[51.50567,35.71246],[51.50532,35.712],[51.50499,35.71155],[51.50469,35.71108],[51.50444,35.71059],[51.50422,35.71008],[51.50401,35.70956],[51.50379,35.70906],[51.50357,35.70854],[51.50336,35.70802],[51.50315,35.70752],[51.50292,35.707],[51.50269,35.70649],[51.50245,35.706],[51.50223,35.70551],[51.502,35.705],[51.50177,35.70449],[51.50155,35.70399],[51.50135,35.70354],[51.50117,35.70309],[51.50099,35.70262],[51.50081,35.70217],[51.50062,35.70171],[51.50041,35.70123],[51.50019,35.70076],[51.49992,35.70031],[51.49965,35.69987],[51.49936,35.69944],[51.49907,35.69901],[51.49878,35.6986],[51.49845,35.69817],[51.49813,35.69777],[51.49781,35.69739],[51.49749,35.69702],[51.4972,35.69666],[51.49691,35.69631],[51.49665,35.696],[51.49639,35.69568],[51.49615,35.69536],[51.49589,35.69503],[51.49562,35.6947],[51.49534,35.69436],[51.49505,35.69399],[51.49475,35.69359],[51.49443,35.69317],[51.49412,35.69274],[51.49383,35.69231],[51.4936,35.69187],[51.49342,35.69142],[51.49327,35.69097],[51.49309,35.69047],[51.49296,35.69],[51.49287,35.68956],[51.4928,35.6891],[51.49276,35.68866],[51.49274,35.6882],[51.49273,35.68773],[51.49271,35.68725],[51.4927,35.68678],[51.49269,35.68633],[51.4927,35.68588],[51.49268,35.68545],[51.49269,35.68504],[51.49267,35.68465],[51.49266,35.68426],[51.49265,35.68389],[51.49261,35.68319],[51.4926,35.68282],[51.49258,35.68243],[51.49256,35.68203],[51.49254,35.68165],[51.49253,35.68127],[51.49252,35.68091],[51.49246,35.68026],[51.49245,35.67963],[51.4924,35.67899],[51.49235,35.6784],[51.49236,35.67777],[51.49234,35.67708],[51.49234,35.67637],[51.49233,35.67601],[51.49232,35.67562],[51.49231,35.67525],[51.49229,35.67489],[51.49228,35.67451],[51.49228,35.67412],[51.49227,35.67372],[51.49227,35.6733],[51.49225,35.67291],[51.49223,35.67254],[51.49222,35.67217],[51.49221,35.6718],[51.4922,35.67142],[51.49219,35.67106],[51.49216,35.67038],[51.49214,35.66978],[51.49214,35.66917],[51.49211,35.66849],[51.49209,35.66786],[51.49198,35.6673],[51.49186,35.66686],[51.49174,35.66644],[51.49162,35.66608],[51.49145,35.66558],[51.49125,35.665],[51.49105,35.66439],[51.49086,35.66386],[51.4907,35.66341],[51.49056,35.66303],[51.49043,35.66266],[51.49032,35.66225],[51.4902,35.66191],[51.49009,35.66155],[51.48996,35.66119],[51.4898,35.66069],[51.4896,35.66011],[51.48938,35.65944],[51.48926,35.65909],[51.48907,35.65849],[51.48879,35.65787],[51.48838,35.65729],[51.48798,35.65679],[51.48777,35.65635],[51.48783,35.65599],[51.48785,35.65561],[51.48786,35.6552],[51.48779,35.6548],[51.48764,35.65439],[51.48752,35.65398],[51.48731,35.65347],[51.48709,35.65284],[51.48687,35.65218],[51.48667,35.65155],[51.48648,35.65101],[51.48629,35.65047],[51.48608,35.64982],[51.48586,35.64918],[51.48564,35.64856],[51.4854,35.64791],[51.4852,35.64726],[51.48505,35.64659],[51.485,35.64622],[51.48492,35.64585],[51.48488,35.64546],[51.48483,35.64508],[51.48478,35.6447],[51.48472,35.64433],[51.48469,35.64397],[51.48459,35.64329],[51.48451,35.64265],[51.48442,35.64201],[51.48431,35.64133],[51.48423,35.64068],[51.48414,35.64008],[51.48406,35.63957],[51.48402,35.6391],[51.48393,35.63863],[51.48367,35.63794],[51.48341,35.63757],[51.4831,35.63722],[51.4827,35.63693],[51.48223,35.63668],[51.48175,35.63653],[51.48121,35.63647],[51.48068,35.63645],[51.48015,35.63653],[51.47967,35.63668],[51.47923,35.63688],[51.47883,35.63707],[51.47844,35.63725],[51.47768,35.63762],[51.47729,35.63781],[51.47688,35.63799],[51.47646,35.63815],[51.47601,35.63828],[51.47555,35.63834],[51.47478,35.63825],[51.47408,35.63801],[51.47371,35.63781],[51.47335,35.63755],[51.47303,35.63723],[51.47274,35.63687],[51.47242,35.63646],[51.47206,35.63606],[51.47167,35.63569],[51.47123,35.63538],[51.47076,35.63508],[51.47029,35.63481],[51.46981,35.63456],[51.4693,35.63435],[51.46877,35.63417],[51.46827,35.63399],[51.46776,35.63379],[51.46727,35.63358],[51.4668,35.63336],[51.46635,35.63316],[51.46587,35.63296],[51.46534,35.63278],[51.46484,35.63255],[51.46431,35.63235],[51.46375,35.63216],[51.46322,35.63199],[51.46272,35.63183],[51.46222,35.63167],[51.46174,35.63152],[51.46126,35.63139],[51.46082,35.63128],[51.46036,35.63116],[51.45989,35.63104],[51.4594,35.63093],[51.45888,35.63082],[51.45836,35.63071],[51.45783,35.6306],[51.45733,35.63048],[51.45684,35.63036],[51.45634,35.63024],[51.4558,35.63011],[51.45521,35.62998],[51.45462,35.62992],[51.45404,35.62986],[51.45345,35.62982],[51.45288,35.62979],[51.45229,35.62976],[51.45171,35.62976],[51.45116,35.62976],[51.45064,35.62975],[51.45014,35.62977],[51.44963,35.6298],[51.44913,35.62983],[51.44864,35.62986],[51.44817,35.62988],[51.44771,35.62987],[51.44724,35.62984],[51.44673,35.6298],[51.44623,35.62975],[51.44572,35.6297],[51.44522,35.62966],[51.44466,35.62961],[51.44466,35.62961],[51.44466,35.62961],[51.44418,35.62955],[51.4434,35.62944],[51.44291,35.62936],[51.4424,35.62928],[51.4419,35.62917],[51.44136,35.62907],[51.4408,35.62896],[51.4402,35.62882],[51.43962,35.62869],[51.43904,35.62854],[51.43846,35.62839],[51.43787,35.62823],[51.43729,35.62805],[51.43671,35.62787],[51.43613,35.6277],[51.43554,35.62749],[51.43493,35.62726],[51.43431,35.62702],[51.43371,35.62678],[51.43308,35.62651],[51.43245,35.62624],[51.43182,35.62595],[51.4312,35.62565],[51.43057,35.62533],[51.42995,35.62501],[51.42936,35.62468],[51.42878,35.62434],[51.42825,35.624],[51.42781,35.62371],[51.42744,35.62344],[51.42708,35.62318],[51.42672,35.62292],[51.42637,35.62266],[51.42601,35.6224],[51.42564,35.62214],[51.42528,35.62185],[51.4249,35.62154],[51.42452,35.62124],[51.42414,35.62094],[51.42377,35.62064],[51.42338,35.62031],[51.42299,35.61999],[51.42262,35.61967],[51.42225,35.61935],[51.42186,35.61903],[51.42146,35.61871],[51.42105,35.61839],[51.42064,35.61808],[51.42023,35.61779],[51.41978,35.6175],[51.41934,35.61725],[51.4189,35.61701],[51.41844,35.61678],[51.41801,35.61657],[51.41756,35.61639],[51.41713,35.61621],[51.4167,35.61603],[51.41625,35.61586],[51.41577,35.6157],[51.41525,35.61554],[51.41471,35.6154],[51.4142,35.6153],[51.4137,35.61519],[51.41319,35.61509],[51.41266,35.61501],[51.41208,35.61494],[51.4115,35.61487],[51.41092,35.61482],[51.41036,35.61475],[51.40983,35.61468],[51.40929,35.61462],[51.40878,35.61458],[51.40826,35.61455],[51.40771,35.61453],[51.40718,35.61454],[51.40665,35.61454],[51.40614,35.61455],[51.40565,35.61455],[51.40516,35.61456],[51.40468,35.61457],[51.4042,35.61457],[51.40372,35.61456],[51.40322,35.61456],[51.40274,35.61456],[51.40225,35.61455],[51.40173,35.61455],[51.40121,35.61454],[51.40068,35.61453],[51.40013,35.61454],[51.39955,35.61453],[51.39897,35.61453],[51.3984,35.61452],[51.39781,35.61451],[51.39721,35.61451],[51.39661,35.6145],[51.39602,35.61449],[51.39544,35.6145],[51.39484,35.61449],[51.39425,35.6145],[51.39367,35.6145],[51.39309,35.61449],[51.3925,35.61449],[51.39189,35.61449],[51.39126,35.6145],[51.39063,35.6145],[51.39002,35.6145],[51.38943,35.6145],[51.38883,35.6145],[51.38821,35.6145],[51.38759,35.61451],[51.38694,35.61452],[51.38629,35.6145],[51.38565,35.6145],[51.38499,35.6145],[51.38434,35.6145],[51.38371,35.61451],[51.3831,35.61451],[51.38251,35.61452],[51.38193,35.61451],[51.38134,35.61452],[51.38077,35.61452],[51.3802,35.61451],[51.37967,35.6145],[51.37916,35.61448],[51.37867,35.61445],[51.37817,35.61441],[51.37766,35.61436],[51.37712,35.61432],[51.37657,35.61429],[51.37601,35.61425],[51.37544,35.6142],[51.37491,35.61413],[51.3744,35.61406],[51.37391,35.61401],[51.37339,35.61395],[51.37289,35.61387],[51.37239,35.61378],[51.37189,35.61368],[51.37139,35.61359],[51.37087,35.61349],[51.37038,35.61337],[51.36989,35.61327],[51.36937,35.61315],[51.36883,35.61301],[51.36826,35.61286],[51.36771,35.6127],[51.36717,35.61254],[51.36666,35.6124],[51.36615,35.61225],[51.36563,35.61211],[51.3651,35.61196],[51.36454,35.6118],[51.364,35.61165],[51.36348,35.6115],[51.36297,35.61136],[51.36248,35.61123],[51.36198,35.61113],[51.36147,35.61104],[51.36095,35.611],[51.36041,35.61094],[51.35989,35.61082],[51.35936,35.61069],[51.35885,35.61056],[51.35835,35.61044],[51.35784,35.6103],[51.35731,35.61015],[51.35674,35.61],[51.35617,35.60985],[51.35561,35.60968],[51.35508,35.60952],[51.35459,35.60938],[51.35412,35.60929],[51.35366,35.60925],[51.35322,35.60918],[51.35255,35.60915],[51.35247,35.60956]]]}},{"type":"Feature","properties":{"route":6,"color":"#e11d48","times":[[29153,29180,29240,29300,29360,29420,29480,29498,29507,29513,29519,29525,29531,29540,29552,29561,29567,29573,29579,29585,29591,29597,29606,29615,29621,29630,29639,29648,29675,29735,29795,29855,29915,29975,30035,30095,30155,30215,30275,30335,30395,30407,30419,30479,30539,30599,30659,30719,30779,30839,30857,30872,30884,30893,30902,30911,30920,30932,30992,31052,31112,31172,31196,31205,31220,31226,31286,31346,31406,31448,31508,31568,31628,31688,31748,31808,31868,31928,31988,32048,32108,32168,32228,32288,32348,32408,32468,32528,32588,32648,32708,32747,32807,32825,32834,32843,32903,32963,33023,33083,33143,33176,33185,33200,33209,33221,33227,33236,33287,33347,33407,33467,33527,33587,33626,33686,33692,33698,33713,33719,33728,33740,33746,33752,33758,33767,33776,33836,33896,33956,34016,34076,34136,34196,34256,34316,34376,34436,34496,34556,34616,34670,34676,34682,34691,34700,34724,34733,34742,34748,34760,34769,34781,34796,34805,34811,34817,34823,34835,34844,34856,34880,34910,34919,34928,34988,35048,35108,35168,35189,35198,35204,35210,35216,35222,35228,35234,35243,35249,35255,35267,35279,35294,35303,35309,35318,35378,35393,35450,35462,35522,35582,35642,35702,35762,35822,35882,35942,36002,36023,36053,36086,36101,36116,36128,36137,36143,36149,36155,36164,36173,36179,36185,36191,36197,36203,36209,36215,36221,36227,36233,36239,36245,36251,36257,36263,36269,36329,36389,36449,36509,36569,36629,36689,36749,36809,36869,36929,36989,37049,37109,37145,37175,37235,37295,37355,37415,37475,37535,37595,37655,37688,37694,37700,37706,37718,37727,37736,37742,37748,37754,37766,37826,37886,37946,38006,38066,38126,38186,38246,38306,38366,38426,38486,38534,38549,38564,38591,38609,38627,38669,38687,38708,38717,38777,38837,38897,38957,39017,39035,39053,39062,39071,39080,39098,39107,39122,39182,39242,39302,39362,39380,39389,39416,39422,39428,39434,39443,39503,39527,39536,39542,39548,39554,39569,39578,39584,39590,39596,39602,39611,39617,39626,39686,39746,39806,39833,39851,39896,39956,40016,40076,40136,40196,40256,40316,40376,40436,40478,40487,40493,40499,40505,40514,40526,40535,40541,40547,40553,40571,40631,40691,40751,40811,40871,40931,40991,41051,41102,41111,41117,41126,41132,41135,41141,41159,41174,41180,41192,41204,41264,41324,41384,41444,41504,41564,41624,41684,41744,41804,41864,41897,41906,41927,41951,41960,41966,41972,41981,41987,41996,42005,42014,42020,42035,42044,42053,42059,42065,42071,42080,42140,42149,42155,42161,42221,42281,42341,42401,42461,42521,42581,42638,42647,42653,42659,42668,42677,42692,42701,42707,42713,42773,42833,42893,42953,43013,43073,43133,43193,43253,43313,43352,43358,43364,43424,43439,43448,43457,43517,43535,43553,43565,43625,43685,43745,43805,43865,43925,43985,44045,44105,44165,44225,44285,44345,44405,44465,44525,44549,44558,44618,44627,44645,44657,44666,44672,44681,44741,44801,44861,44921,44981,45041,45062,45071,45080,45089,45101,45113,45131,45140,45149,45161,45170,45176,45185,45203,45212,45221,45230,45245,45260,45320,45380,45440,45500,45560,45608,45614,45620,45626,45632,45638,45644,45650,45659,45668,45677,45689,45701,45710,45722,45728,45737,45743,45752,45806,45866,45917,45929,45983,45992,46004,46016,46028,46043,46103,46142,46202,46262,46322,46382,46442,46502,46562,46622,46682,46742,46802,46862,46922,46982,47039,47063,47090,47099,47111,47144,47150,47159,47171,47183,47195,47207,47216,47276,47303,47309,47360,47420,47480,47540,47567,47573,47579,47585,47591,47603,47612,47621,47630,47648,47660,47720,47780,47840,47900,47960,47981,47993,48005,48017,48035,48050,48059,48074,48134,48194,48254,48314,48374,48401,48410,48419,48425,48431,48437,48443,48449,48455,48461,48467,48473,48479,48485,48491,48500,48512,48521,48536,48545,48563,48569,48575,48581,48587,48593,48599,48608,48614,48620,48629,48638,48644,48656,48671,48689,48719,48758,48815,48821,48830,48842,48854,48860,48866,48872,48881,48890,48896,48902,48917,48950,48974,48992,49010,49040,49100,49160,49220,49280,49340,49379,49394,49409,49421,49430,49436,49442,49451,49460,49466,49472,49484,49490,49496,49502,49511,49517,49526,49532,49538,49547,49565,49571,49577,49583,49592,49634,49646,49706,49727,49739,49745,49751,49757,49763,49769,49775,49787,49796,49802,49808,49835,49850,49862,49871,49880,49889,49898,49910,49919,49925,49937,49946,49955,49964,49973,49988,49994,50000,50009,50015,50021,50024,50027,50030,50033,50036,50039,50042,50045,50048,50051,50054,50057,50060,50063,50066,50069,50072,50075,50078,50081,50084,50087,50090,50093,50096,50099,50102,50105,50108,50111,50114,50117,50120,50123,50126,50129,50132,50135,50138,50141,50144,50147,50150,50153,50156,50159,50162,50165,50168,50171,50174,50180,50186,50192,50195,50198,50201,50204,50207,50210,50213,50216,50219,50222,50225,50228,50231,50234,50237,50240,50243,50246,50249,50252,50255,50258,50261,50264,50267,50270,50273,50276,50279,50282,50285,50288,50291,50294,50297,50300,50303,50306,50309,50312,50315,50318,50321,50324,50327,50330,50333,50336,50339,50342,50345,50348,50351,50354,50357,50360,50363,50366,50369,50372,50375,50378,50381,50384,50387,50390,50393,50396,50399,50402,50405,50408,50411,50414,50417,50420,50423,50426,50429,50432,50435,50438,50441,50444,50447,50450,50453,50456,50459,50462,50465,50468,50471,50474,50477,50480,50483,50486,50489,50492,50495,50498,50501,50504,50507,50510,50513,50516,50519,50522,50525,50528,50531,50534,50537,50540,50543,50546,50549,50552,50555,50558,50561,50564,50567,50570,50573,50576,50579,50582,50585,50588,50591,50594,50597,50600,50603,50606,50609,50612,50615,50618,50621,50624,50627,50630,50633,50636,50642,50648,50654,50663,50669,50675,50681,50687,50693,50699,50705,50708,50711,50714,50717,50723,50735,50741,50747,50753,50759,50765,50771,50777,50783,50786,50789,50792,50798,50804,50810,50813,50816,50819,50822,50828,50837,50843,50852,50858,50864,50870,50882,50888,50894,50900,50906,50912,50918,50924,50933,50939,50945,50951,50957,50963,50975,50981,50987,50993,50999,51005,51011,51017,51026,51035,51041,51047,51053,51059,51065,51071,51080,51086,51092,51110,51122,51134,51143]],"type":"operational_gps","source":"recorded_gps"},"geometry":{"type":"MultiLineString","coordinates":[[[51.46816,35.78196],[51.46817,35.78156],[51.46778,35.78142],[51.46778,35.78142],[51.46778,35.78142],[51.46778,35.78142],[51.46778,35.78142],[51.46728,35.78139],[51.4667,35.78135],[51.46624,35.78133],[51.46569,35.78122],[51.46513,35.78112],[51.46464,35.78101],[51.4642,35.78095],[51.46405,35.78129],[51.46395,35.7819],[51.46392,35.7823],[51.46392,35.78284],[51.464,35.7833],[51.46417,35.78369],[51.46441,35.78404],[51.46465,35.78435],[51.46496,35.78481],[51.46522,35.78527],[51.46542,35.78559],[51.46571,35.78606],[51.46606,35.78647],[51.46644,35.78681],[51.46636,35.78719],[51.46636,35.7872],[51.46636,35.7872],[51.46636,35.7872],[51.46636,35.7872],[51.46635,35.78719],[51.46635,35.78719],[51.46634,35.78719],[51.46634,35.78719],[51.46634,35.7872],[51.46634,35.7872],[51.46633,35.7872],[51.46631,35.78734],[51.46656,35.78769],[51.4668,35.78807],[51.46672,35.78831],[51.46672,35.78831],[51.46672,35.78831],[51.46671,35.78831],[51.46667,35.78828],[51.46663,35.78828],[51.46667,35.78831],[51.46624,35.78856],[51.46594,35.78886],[51.46561,35.78921],[51.46528,35.7895],[51.46509,35.7899],[51.46527,35.79028],[51.46545,35.79062],[51.4656,35.79098],[51.46548,35.79094],[51.46542,35.79099],[51.4654,35.79102],[51.46542,35.79105],[51.46488,35.79079],[51.46454,35.79048],[51.46489,35.79],[51.46521,35.78963],[51.46521,35.78933],[51.46521,35.78936],[51.46531,35.78941],[51.46521,35.78901],[51.46516,35.78893],[51.46516,35.78893],[51.46516,35.78892],[51.46516,35.78892],[51.46516,35.78892],[51.46517,35.78892],[51.46517,35.78892],[51.46517,35.78892],[51.46517,35.78891],[51.46517,35.78891],[51.4652,35.7889],[51.46523,35.78884],[51.4652,35.78879],[51.4652,35.78879],[51.4652,35.78879],[51.4652,35.7888],[51.4652,35.7888],[51.4652,35.7888],[51.4652,35.7888],[51.4652,35.7888],[51.46525,35.7889],[51.46543,35.78923],[51.46547,35.78927],[51.46521,35.78957],[51.46479,35.78994],[51.4646,35.79028],[51.46454,35.79038],[51.46453,35.79041],[51.46452,35.79046],[51.46451,35.79044],[51.4645,35.79043],[51.4642,35.79082],[51.46384,35.79119],[51.46349,35.79157],[51.46317,35.79193],[51.46263,35.79174],[51.46233,35.79143],[51.46194,35.79105],[51.46168,35.79135],[51.46156,35.79151],[51.46142,35.79186],[51.46137,35.792],[51.46134,35.79211],[51.46119,35.79214],[51.46109,35.79251],[51.46072,35.79234],[51.46043,35.79205],[51.46012,35.79177],[51.45989,35.79131],[51.45992,35.79091],[51.46007,35.79045],[51.46037,35.79006],[51.46076,35.78987],[51.46099,35.78942],[51.46099,35.78904],[51.46076,35.78855],[51.46051,35.7882],[51.46049,35.78816],[51.46049,35.78817],[51.4605,35.78816],[51.46047,35.78813],[51.46046,35.7881],[51.46047,35.78811],[51.46051,35.78811],[51.46058,35.78807],[51.4606,35.78806],[51.46045,35.78811],[51.4605,35.78812],[51.46053,35.78811],[51.46052,35.78811],[51.4605,35.78813],[51.46022,35.78763],[51.45998,35.78715],[51.45986,35.78675],[51.45976,35.78635],[51.45964,35.78585],[51.45915,35.78611],[51.45855,35.78617],[51.45799,35.78647],[51.45754,35.78661],[51.45712,35.78678],[51.45655,35.78701],[51.45609,35.78721],[51.45636,35.78768],[51.45663,35.78816],[51.45684,35.78863],[51.4571,35.78901],[51.45723,35.78938],[51.45748,35.78983],[51.45747,35.79028],[51.45726,35.79061],[51.4571,35.79097],[51.45665,35.79103],[51.45647,35.79055],[51.45633,35.79013],[51.45619,35.78984],[51.45613,35.78969],[51.45611,35.78969],[51.45604,35.78971],[51.45595,35.78928],[51.45578,35.78875],[51.45564,35.78833],[51.45554,35.78788],[51.45545,35.7874],[51.45527,35.78697],[51.4551,35.7866],[51.45495,35.78623],[51.45464,35.78585],[51.45456,35.78548],[51.45452,35.78512],[51.45447,35.78468],[51.45434,35.78431],[51.45426,35.7839],[51.45413,35.78345],[51.45403,35.78309],[51.45394,35.78259],[51.45374,35.78231],[51.45374,35.78186],[51.45376,35.78148],[51.45372,35.78103],[51.45373,35.78079],[51.45378,35.78063],[51.45379,35.78054],[51.4537,35.78032],[51.45375,35.7803],[51.45376,35.78033],[51.45375,35.78035],[51.45374,35.78036],[51.45375,35.78029],[51.45364,35.7799],[51.45371,35.77953],[51.45391,35.77918],[51.45397,35.77879],[51.45403,35.77839],[51.4541,35.77797],[51.45405,35.77741],[51.45391,35.77686],[51.45374,35.77629],[51.45356,35.77572],[51.45308,35.77543],[51.45286,35.77497],[51.45262,35.77445],[51.45235,35.77386],[51.45213,35.77332],[51.45193,35.77295],[51.45179,35.77261],[51.45159,35.77222],[51.45145,35.77182],[51.45123,35.77134],[51.45101,35.77081],[51.45082,35.77029],[51.45056,35.76982],[51.45036,35.76941],[51.45014,35.76894],[51.44996,35.76846],[51.44971,35.76794],[51.44953,35.76759],[51.44943,35.76727],[51.44948,35.76721],[51.44942,35.76709],[51.44942,35.76705],[51.4494,35.76718],[51.44942,35.76711],[51.44941,35.76707],[51.44942,35.767],[51.4494,35.76699],[51.44935,35.76688],[51.44944,35.76698],[51.44945,35.76704],[51.44939,35.76721],[51.44937,35.7672],[51.44883,35.76709],[51.44862,35.76675],[51.44864,35.76675],[51.44867,35.76681],[51.44865,35.76683],[51.44873,35.76688],[51.44869,35.76684],[51.44871,35.76686],[51.44871,35.76686],[51.44871,35.76686],[51.44917,35.76659],[51.44952,35.76637],[51.44991,35.76615],[51.45034,35.76591],[51.45084,35.76559],[51.45113,35.76527],[51.45102,35.76489],[51.45089,35.7645],[51.45072,35.76401],[51.45052,35.7636],[51.45069,35.76318],[51.45088,35.76296],[51.45097,35.7628],[51.45116,35.7627],[51.45121,35.76269],[51.45132,35.7628],[51.45124,35.76274],[51.45124,35.76274],[51.45124,35.76273],[51.45124,35.76273],[51.45125,35.76273],[51.45125,35.76272],[51.45121,35.76277],[51.45111,35.7624],[51.45113,35.76197],[51.45108,35.76157],[51.45101,35.7612],[51.45101,35.76084],[51.45094,35.76033],[51.45093,35.75989],[51.45094,35.75953],[51.45095,35.75915],[51.45088,35.7587],[51.45086,35.75842],[51.45093,35.75852],[51.45099,35.75853],[51.45099,35.75854],[51.4509,35.75829],[51.45045,35.75833],[51.4499,35.75833],[51.44944,35.75847],[51.44892,35.75854],[51.44841,35.75852],[51.44853,35.75892],[51.44878,35.7593],[51.44904,35.75965],[51.44915,35.75983],[51.44913,35.76003],[51.44916,35.75995],[51.44921,35.75988],[51.44953,35.76036],[51.44962,35.76078],[51.4498,35.76122],[51.44989,35.76161],[51.45004,35.76208],[51.45016,35.76248],[51.45026,35.76288],[51.45029,35.76311],[51.45083,35.7632],[51.45093,35.76371],[51.45103,35.76421],[51.45126,35.76468],[51.45149,35.76506],[51.45159,35.76545],[51.45129,35.76573],[51.45092,35.76593],[51.45032,35.76624],[51.44982,35.76643],[51.44929,35.76673],[51.44891,35.76695],[51.44846,35.76709],[51.44803,35.76726],[51.44792,35.76726],[51.4478,35.76727],[51.44761,35.76747],[51.44734,35.7678],[51.44708,35.76814],[51.44728,35.76851],[51.44727,35.76863],[51.44727,35.76869],[51.44733,35.76879],[51.44725,35.76866],[51.44725,35.76866],[51.44727,35.76872],[51.44727,35.76873],[51.44732,35.7689],[51.44722,35.76882],[51.44744,35.7692],[51.44752,35.76973],[51.44767,35.77019],[51.44787,35.77052],[51.44806,35.77094],[51.44835,35.77139],[51.44857,35.77172],[51.44873,35.77219],[51.44893,35.77261],[51.44907,35.77295],[51.44933,35.77331],[51.44961,35.77372],[51.44961,35.7738],[51.4496,35.77385],[51.44959,35.77384],[51.44955,35.7738],[51.44955,35.7738],[51.44955,35.7738],[51.44955,35.77375],[51.44956,35.77375],[51.44971,35.77411],[51.44985,35.77457],[51.45008,35.77493],[51.45036,35.77546],[51.45054,35.77595],[51.45071,35.77635],[51.4509,35.7767],[51.45102,35.77714],[51.45117,35.77751],[51.45134,35.77786],[51.45178,35.77819],[51.45219,35.77835],[51.45222,35.77852],[51.45223,35.77853],[51.45223,35.77852],[51.4523,35.77843],[51.45239,35.77834],[51.4524,35.77842],[51.45265,35.77818],[51.45235,35.77832],[51.45244,35.77836],[51.45228,35.77847],[51.45216,35.77873],[51.45262,35.7786],[51.45318,35.77862],[51.45361,35.77877],[51.45418,35.77873],[51.45482,35.77854],[51.45539,35.77839],[51.45595,35.77822],[51.45651,35.77815],[51.457,35.77799],[51.45737,35.77764],[51.45782,35.77738],[51.45853,35.7775],[51.459,35.77736],[51.45948,35.77725],[51.45988,35.77743],[51.46006,35.77791],[51.46014,35.77848],[51.46023,35.77909],[51.46017,35.77961],[51.46011,35.78002],[51.4599,35.78014],[51.45921,35.78012],[51.4586,35.78012],[51.45804,35.78011],[51.45769,35.78011],[51.45768,35.78012],[51.45768,35.78012],[51.45765,35.78014],[51.45765,35.78014],[51.45765,35.78014],[51.45764,35.78014],[51.45718,35.78012],[51.45657,35.78004],[51.45601,35.78003],[51.45541,35.78014],[51.4548,35.78023],[51.45436,35.78036],[51.45383,35.78037],[51.45327,35.7804],[51.45271,35.78041],[51.45225,35.78037],[51.45205,35.78032],[51.45205,35.78032],[51.45205,35.78032],[51.45205,35.78032],[51.45205,35.78032],[51.45204,35.78032],[51.45205,35.78032],[51.45204,35.78032],[51.45204,35.78031],[51.45204,35.78031],[51.45146,35.7802],[51.45091,35.7801],[51.45037,35.78003],[51.44998,35.78001],[51.44946,35.77989],[51.44891,35.77983],[51.44838,35.77976],[51.44825,35.77975],[51.44775,35.77964],[51.44727,35.77955],[51.4468,35.77952],[51.44654,35.77955],[51.44653,35.77955],[51.44653,35.77955],[51.44653,35.77955],[51.44653,35.77954],[51.44652,35.77954],[51.44652,35.77954],[51.44652,35.77954],[51.44652,35.77954],[51.44652,35.77954],[51.44652,35.77955],[51.44652,35.77955],[51.44652,35.77954],[51.44652,35.77954],[51.44652,35.77954],[51.44651,35.77954],[51.44607,35.77952],[51.44558,35.77949],[51.44503,35.77935],[51.44463,35.77921],[51.44458,35.77959],[51.4446,35.77998],[51.44461,35.78043],[51.44452,35.78088],[51.44442,35.78132],[51.44434,35.78164],[51.44432,35.78173],[51.44429,35.78176],[51.44431,35.78179],[51.44419,35.78163],[51.44433,35.78158],[51.44393,35.78141],[51.44337,35.78138],[51.44283,35.78135],[51.44238,35.78144],[51.44205,35.78108],[51.44149,35.78093],[51.44099,35.78074],[51.44061,35.78048],[51.44019,35.78026],[51.43966,35.78015],[51.43929,35.78039],[51.43907,35.78075],[51.43888,35.78116],[51.43869,35.78154],[51.43854,35.78193],[51.43828,35.78228],[51.43806,35.78261],[51.43763,35.78278],[51.43736,35.7831],[51.43739,35.78316],[51.43761,35.78288],[51.4377,35.78274],[51.43766,35.78271],[51.43767,35.78267],[51.43796,35.78234],[51.4382,35.78199],[51.43843,35.78153],[51.43866,35.78109],[51.43886,35.78062],[51.43916,35.78013],[51.43956,35.77975],[51.43989,35.77924],[51.44022,35.77891],[51.44064,35.77877],[51.44107,35.77869],[51.44134,35.77829],[51.44159,35.77798],[51.44173,35.77734],[51.44139,35.77699],[51.44088,35.77671],[51.44025,35.77663],[51.43978,35.77667],[51.43928,35.77657],[51.4388,35.77646],[51.43855,35.77621],[51.43805,35.77612],[51.43752,35.7759],[51.43707,35.77579],[51.43664,35.77566],[51.4367,35.7753],[51.43686,35.77493],[51.43706,35.7746],[51.43737,35.77425],[51.43745,35.77401],[51.4379,35.7739],[51.43807,35.77406],[51.43808,35.77406],[51.43809,35.77408],[51.4381,35.77408],[51.4381,35.77408],[51.43807,35.77406],[51.43811,35.77409],[51.43805,35.77408],[51.43797,35.77406],[51.43806,35.77413],[51.4381,35.77411],[51.43809,35.77414],[51.43795,35.77391],[51.43774,35.77376],[51.43738,35.77399],[51.4371,35.77427],[51.43744,35.77394],[51.43779,35.77349],[51.43798,35.77309],[51.43836,35.77263],[51.43861,35.7723],[51.43893,35.77188],[51.43924,35.77155],[51.43952,35.77113],[51.43976,35.77074],[51.43997,35.77026],[51.44031,35.76985],[51.44041,35.76961],[51.44072,35.76916],[51.44101,35.76875],[51.44109,35.76911],[51.44104,35.76929],[51.44103,35.76924],[51.4411,35.76928],[51.44083,35.7696],[51.44058,35.76996],[51.44023,35.77037],[51.43996,35.77074],[51.43975,35.77116],[51.44011,35.77152],[51.44066,35.77176],[51.4412,35.77194],[51.44166,35.77201],[51.44216,35.7721],[51.44263,35.77223],[51.44299,35.77235],[51.44298,35.77235],[51.44297,35.77236],[51.44297,35.77235],[51.4431,35.77243],[51.44298,35.77283],[51.44275,35.77327],[51.44262,35.77367],[51.44232,35.77406],[51.44191,35.77428],[51.44132,35.7745],[51.44088,35.77491],[51.44049,35.77516],[51.44026,35.77534],[51.44021,35.77533],[51.44016,35.77533],[51.44016,35.77533],[51.44016,35.77533],[51.44014,35.77578],[51.4401,35.77615],[51.44056,35.77627],[51.44106,35.77643],[51.44167,35.77675],[51.44214,35.77708],[51.44262,35.77739],[51.44304,35.77772],[51.44347,35.77807],[51.44387,35.7784],[51.44424,35.77873],[51.44466,35.77903],[51.44516,35.77925],[51.44578,35.7794],[51.44641,35.77949],[51.44698,35.77948],[51.44753,35.77923],[51.44806,35.77916],[51.44857,35.77913],[51.44913,35.77897],[51.44942,35.77859],[51.44933,35.77821],[51.44917,35.77779],[51.44897,35.77732],[51.4487,35.77675],[51.44838,35.77613],[51.44822,35.77573],[51.44805,35.77528],[51.44776,35.77486],[51.44758,35.77448],[51.44743,35.77406],[51.44723,35.77358],[51.44704,35.7732],[51.44695,35.7728],[51.44676,35.77244],[51.44657,35.77208],[51.44648,35.77171],[51.44626,35.77132],[51.44659,35.77103],[51.44702,35.77089],[51.44761,35.77067],[51.44806,35.77059],[51.44848,35.77042],[51.44895,35.7703],[51.44949,35.77016],[51.44999,35.76996],[51.45053,35.76984],[51.45107,35.76962],[51.45148,35.76948],[51.45201,35.76935],[51.45245,35.7692],[51.45288,35.76906],[51.45336,35.76889],[51.45386,35.76865],[51.45428,35.76855],[51.45473,35.76854],[51.45481,35.76842],[51.45481,35.76842],[51.45481,35.76842],[51.45481,35.76842],[51.45481,35.76842],[51.45503,35.76878],[51.45529,35.76922],[51.4554,35.7696],[51.45562,35.77005],[51.45582,35.77054],[51.45596,35.77095],[51.45621,35.77142],[51.45643,35.77183],[51.45662,35.77228],[51.45679,35.77267],[51.45703,35.77316],[51.45722,35.77365],[51.45738,35.774],[51.45754,35.7744],[51.45776,35.77477],[51.45801,35.77529],[51.4582,35.77565],[51.45838,35.77619],[51.45869,35.77668],[51.45891,35.77704],[51.45936,35.77712],[51.45973,35.77732],[51.45988,35.77773],[51.46,35.77811],[51.46009,35.7785],[51.46016,35.77887],[51.46013,35.77928],[51.46014,35.77969],[51.46008,35.77982],[51.46008,35.78028],[51.46004,35.78075],[51.46006,35.78113],[51.46007,35.78151],[51.46006,35.78201],[51.46004,35.78261],[51.45995,35.78313],[51.4599,35.78349],[51.45994,35.78392],[51.45988,35.78448],[51.4598,35.78494],[51.45987,35.78538],[51.45972,35.78576],[51.4597,35.78616],[51.45978,35.78653],[51.45991,35.78701],[51.46012,35.78749],[51.46037,35.78794],[51.46057,35.78832],[51.46087,35.78872],[51.46108,35.78927],[51.46106,35.78964],[51.46103,35.79004],[51.46136,35.79046],[51.46174,35.79084],[51.4621,35.79122],[51.46245,35.79165],[51.46272,35.792],[51.46297,35.79231],[51.46322,35.79265],[51.46374,35.79273],[51.46435,35.79255],[51.4651,35.7923],[51.46554,35.79219],[51.46604,35.79207],[51.46658,35.79196],[51.46717,35.79186],[51.46775,35.79178],[51.46834,35.7917],[51.46892,35.7916],[51.46951,35.79149],[51.47009,35.79135],[51.47068,35.79119],[51.47126,35.79101],[51.4718,35.79083],[51.47232,35.79067],[51.47285,35.79051],[51.47337,35.79039],[51.47392,35.79028],[51.47447,35.79022],[51.47503,35.79018],[51.47558,35.79016],[51.47614,35.79018],[51.47667,35.79023],[51.47723,35.79027],[51.47777,35.79034],[51.47827,35.7904],[51.47876,35.79044],[51.47922,35.79045],[51.47968,35.79042],[51.48015,35.79031],[51.48062,35.79016],[51.48108,35.78999],[51.48153,35.7898],[51.48195,35.7896],[51.48238,35.78939],[51.48283,35.78919],[51.48329,35.78898],[51.48377,35.78877],[51.48424,35.78856],[51.48474,35.78834],[51.48522,35.78813],[51.48569,35.78793],[51.48615,35.78774],[51.48664,35.78754],[51.48712,35.78733],[51.48759,35.78713],[51.48808,35.78692],[51.48859,35.78671],[51.48909,35.78647],[51.48959,35.78626],[51.49004,35.78607],[51.49049,35.78592],[51.49094,35.78581],[51.49172,35.78566],[51.49246,35.7856],[51.49332,35.78559],[51.49381,35.78561],[51.49433,35.78567],[51.49486,35.78573],[51.49539,35.7858],[51.49592,35.78589],[51.49649,35.78598],[51.49705,35.78605],[51.49762,35.7861],[51.4982,35.78615],[51.49878,35.78619],[51.49936,35.78619],[51.49994,35.78614],[51.50053,35.78606],[51.50109,35.78594],[51.50166,35.78581],[51.50222,35.78566],[51.50279,35.7855],[51.50337,35.78535],[51.50397,35.78518],[51.50455,35.78502],[51.50513,35.78486],[51.50569,35.78469],[51.50626,35.78453],[51.50683,35.78437],[51.50741,35.78422],[51.50798,35.78406],[51.50854,35.7839],[51.50911,35.78374],[51.50966,35.78357],[51.51021,35.7834],[51.51076,35.78324],[51.51132,35.78308],[51.51187,35.78291],[51.51242,35.78272],[51.51297,35.78253],[51.51348,35.7823],[51.51399,35.78207],[51.5145,35.78181],[51.51498,35.78153],[51.5154,35.78123],[51.51582,35.7809],[51.51625,35.78056],[51.51673,35.78022],[51.51721,35.77986],[51.51769,35.7795],[51.5182,35.77914],[51.51871,35.77878],[51.51926,35.77847],[51.51982,35.77822],[51.52042,35.778],[51.52103,35.77782],[51.52165,35.77768],[51.52228,35.77758],[51.52292,35.77752],[51.52352,35.77748],[51.52414,35.77744],[51.52478,35.7774],[51.52538,35.77735],[51.52601,35.77731],[51.52663,35.77727],[51.52732,35.77723],[51.528,35.77719],[51.52873,35.77714],[51.52943,35.77711],[51.53009,35.77705],[51.53073,35.77701],[51.53137,35.77697],[51.532,35.77692],[51.5326,35.7769],[51.53318,35.77687],[51.53375,35.77684],[51.53432,35.77678],[51.53487,35.77671],[51.53542,35.77663],[51.53598,35.77653],[51.53656,35.77645],[51.53716,35.77636],[51.53779,35.77622],[51.53841,35.77609],[51.53903,35.77594],[51.53966,35.77579],[51.54026,35.77564],[51.54086,35.77547],[51.54146,35.7753],[51.54207,35.77511],[51.54268,35.77492],[51.54332,35.77472],[51.54395,35.77451],[51.54458,35.77429],[51.54521,35.77406],[51.54584,35.77385],[51.54646,35.77364],[51.54708,35.77342],[51.54769,35.7732],[51.54829,35.77298],[51.54889,35.77277],[51.54951,35.77256],[51.55013,35.77235],[51.55074,35.77213],[51.55134,35.77191],[51.55195,35.7717],[51.55257,35.77148],[51.55318,35.77127],[51.5538,35.77106],[51.55441,35.77086],[51.55503,35.77065],[51.55565,35.77043],[51.55627,35.77021],[51.55688,35.76998],[51.55746,35.76975],[51.55797,35.76949],[51.55851,35.76921],[51.55907,35.7689],[51.55961,35.76858],[51.56013,35.76821],[51.56067,35.76782],[51.5612,35.76743],[51.56174,35.76708],[51.56227,35.76671],[51.5628,35.76633],[51.56336,35.76597],[51.56393,35.76563],[51.5645,35.7653],[51.56508,35.76499],[51.56565,35.76466],[51.56621,35.7643],[51.56677,35.76394],[51.56733,35.76358],[51.56787,35.76319],[51.56839,35.76276],[51.5689,35.76236],[51.56941,35.76197],[51.56993,35.76157],[51.57044,35.76117],[51.57098,35.76075],[51.57153,35.76034],[51.57207,35.75992],[51.5726,35.75952],[51.57311,35.75912],[51.5736,35.75872],[51.57407,35.75832],[51.57451,35.75792],[51.57492,35.75749],[51.57527,35.75706],[51.57558,35.75661],[51.57587,35.75616],[51.57611,35.75574],[51.57628,35.75537],[51.57642,35.7548],[51.57658,35.75418],[51.57673,35.75381],[51.57694,35.75349],[51.5773,35.75302],[51.57778,35.75257],[51.57835,35.75218],[51.57894,35.75182],[51.57915,35.75149],[51.57874,35.75111],[51.57812,35.75066],[51.57778,35.75041],[51.57742,35.75015],[51.57707,35.74987],[51.57677,35.74958],[51.57637,35.74915],[51.57634,35.74853],[51.5767,35.74786],[51.57706,35.74725],[51.57698,35.74668],[51.57675,35.74608],[51.57648,35.74548],[51.57613,35.74516],[51.57562,35.74531],[51.57486,35.74557],[51.5744,35.74569],[51.57394,35.74581],[51.57349,35.74594],[51.57285,35.74606],[51.57258,35.74575],[51.57233,35.74512],[51.57214,35.74473],[51.57199,35.74431],[51.57191,35.74391],[51.57197,35.74351],[51.57219,35.74317],[51.5725,35.74281],[51.57276,35.74251],[51.57298,35.7421],[51.57264,35.74164],[51.57201,35.74127],[51.57138,35.74095],[51.57088,35.7406],[51.57037,35.74033],[51.56975,35.73998],[51.56909,35.73957],[51.56845,35.73918],[51.56808,35.73892],[51.56763,35.73862],[51.56719,35.73834],[51.56663,35.73802],[51.5662,35.73775],[51.56571,35.73746],[51.56516,35.73713],[51.56457,35.73677],[51.56409,35.73647],[51.5636,35.73627],[51.56321,35.73604],[51.56278,35.73577],[51.56227,35.73547],[51.5617,35.73512],[51.56108,35.73473],[51.56042,35.73434],[51.55987,35.734],[51.55949,35.73374],[51.55895,35.73346],[51.55856,35.73325],[51.55813,35.733],[51.55766,35.73271],[51.55724,35.73248],[51.5568,35.73225],[51.55635,35.73201],[51.55586,35.73173],[51.55547,35.73151],[51.555,35.73123],[51.55459,35.73102],[51.55406,35.73072],[51.55365,35.73045],[51.55387,35.73002]]]}},{"type":"Feature","properties":{"route":6,"color":"#e11d48","times":[[27065,27125,27164,27173,27179,27185,27191,27197,27203,27209,27215,27221,27227,27233,27239,27245,27251,27257,27263,27269,27275,27287,27293,27299,27305,27311,27317,27323,27329,27335,27341,27347,27353,27359,27365,27371,27377,27383,27389,27395,27401,27407,27413,27419,27425,27431,27437,27443,27452,27458,27464,27470,27476,27491,27500,27506,27512,27518,27524,27530,27536,27542,27548,27554,27560,27566,27572,27578,27584,27590,27596,27602,27608,27617,27623,27629,27635,27641,27647,27653,27662,27671,27680,27686,27692,27698,27707,27713,27719,27725,27731,27734,27737,27740,27743,27746,27749,27752,27755,27758,27761,27764,27767,27770,27773,27776,27779,27782,27785,27788,27791,27794,27797,27800,27803,27806,27809,27812,27815,27818,27821,27824,27827,27830,27833,27836,27839,27842,27845,27848,27851,27854,27857,27860,27863,27866,27869,27872,27875,27878,27881,27884,27887,27890,27893,27896,27899,27902,27905,27908,27911,27914,27917,27920,27923,27926,27929,27932,27935,27938,27941,27944,27947,27950,27953,27956,27959,27962,27965,27968,27971,27974,27977,27980,27983,27986,27989,27992,27995,27998,28001,28004,28007,28010,28013,28016,28019,28022,28025,28028,28031,28034,28037,28040,28043,28046,28049,28052,28055,28058,28061,28064,28067,28070,28073,28076,28079,28082,28085,28088,28091,28094,28097,28100,28103,28106,28109,28112,28115,28118,28121,28124,28127,28130,28133,28136,28139,28142,28145,28148,28151,28154,28157,28160,28166,28172,28178,28184,28187,28190,28193,28196,28202,28208,28241,28262,28283,28301,28310,28328,28340,28352,28370,28382,28394,28403,28433,28478,28505,28526,28538,28550,28559,28577,28598,28619,28631,28658,28685,28697,28709,28715,28721,28727,28733,28751,28760,28772,28796,28820,28826,28829,28832,28835,28838,28844,28850,28862,28880,28889,28904,28913,28922,28928,28937,28943,28949,28955,28961,28967,28976,28994,29000,29054,29060,29066,29072,29078,29087,29099,29123,29135,29144,29153]],"type":"access_route","source":"recorded_gps_prefix"},"geometry":{"type":"MultiLineString","coordinates":[[[51.55404,35.73058],[51.55389,35.73047],[51.55432,35.73073],[51.55476,35.73101],[51.55513,35.7312],[51.55551,35.73142],[51.55593,35.73167],[51.55638,35.73193],[51.55686,35.73219],[51.55737,35.73246],[51.55786,35.73274],[51.55836,35.73303],[51.55883,35.7333],[51.55932,35.73358],[51.55974,35.73384],[51.56019,35.73412],[51.56073,35.73444],[51.5613,35.73479],[51.56186,35.73513],[51.56243,35.73546],[51.56296,35.73577],[51.56344,35.73606],[51.56382,35.73628],[51.56427,35.73655],[51.56478,35.73685],[51.56532,35.73717],[51.56591,35.73753],[51.56649,35.73789],[51.56708,35.73826],[51.56763,35.73859],[51.56813,35.73893],[51.5686,35.73921],[51.56907,35.73949],[51.56959,35.73978],[51.5701,35.74007],[51.57059,35.74036],[51.57109,35.74067],[51.57161,35.74097],[51.57214,35.74126],[51.57269,35.74157],[51.57301,35.74199],[51.57291,35.7425],[51.5725,35.74303],[51.57207,35.74364],[51.5721,35.74432],[51.57236,35.74488],[51.57259,35.74538],[51.57281,35.74577],[51.57338,35.74576],[51.57401,35.74558],[51.57468,35.7454],[51.5754,35.7452],[51.57598,35.74505],[51.57643,35.745],[51.57653,35.74544],[51.5767,35.74586],[51.57692,35.74636],[51.57713,35.74692],[51.57699,35.7475],[51.57662,35.74806],[51.57634,35.74862],[51.57644,35.74912],[51.57677,35.74945],[51.57719,35.74986],[51.57769,35.75026],[51.57824,35.75065],[51.57878,35.75104],[51.57923,35.7514],[51.57907,35.75182],[51.57852,35.75214],[51.57796,35.7525],[51.57753,35.75286],[51.57739,35.75322],[51.57787,35.75362],[51.57831,35.75398],[51.57842,35.75447],[51.57821,35.75495],[51.57772,35.75542],[51.57733,35.75587],[51.577,35.75614],[51.57639,35.75622],[51.5761,35.75661],[51.57579,35.75711],[51.57545,35.75757],[51.57503,35.75802],[51.57469,35.75831],[51.57422,35.75867],[51.57377,35.75901],[51.57321,35.75943],[51.5726,35.75991],[51.57195,35.7604],[51.5716,35.76066],[51.57124,35.76094],[51.57086,35.76121],[51.57048,35.76149],[51.57009,35.76179],[51.56969,35.76209],[51.56929,35.76241],[51.56889,35.76273],[51.56848,35.76304],[51.56807,35.76335],[51.56766,35.76365],[51.56723,35.76395],[51.56678,35.76426],[51.56634,35.76454],[51.56589,35.76482],[51.56544,35.7651],[51.56497,35.76537],[51.56452,35.76564],[51.56407,35.76591],[51.56361,35.76617],[51.56314,35.76646],[51.5627,35.76675],[51.56224,35.76707],[51.56177,35.7674],[51.56128,35.76772],[51.56082,35.76804],[51.56037,35.76835],[51.55991,35.76865],[51.55945,35.76892],[51.55901,35.76916],[51.55855,35.76938],[51.55806,35.76961],[51.55756,35.76984],[51.55705,35.77005],[51.55649,35.77026],[51.55591,35.77046],[51.55533,35.77067],[51.55473,35.77088],[51.55412,35.77109],[51.55351,35.77131],[51.55289,35.77152],[51.55227,35.77174],[51.55163,35.77195],[51.551,35.77218],[51.55037,35.7724],[51.54977,35.77261],[51.54918,35.77282],[51.54859,35.77304],[51.54799,35.77325],[51.54739,35.77346],[51.54677,35.77369],[51.54615,35.77391],[51.54552,35.77414],[51.54489,35.77436],[51.54426,35.77457],[51.54364,35.77479],[51.54301,35.775],[51.54238,35.7752],[51.54175,35.7754],[51.54111,35.77558],[51.54047,35.77576],[51.53981,35.77592],[51.53916,35.77608],[51.5385,35.77623],[51.53784,35.77636],[51.53717,35.77649],[51.53651,35.77661],[51.53582,35.77672],[51.53512,35.77681],[51.5344,35.7769],[51.53365,35.77699],[51.5329,35.77705],[51.53214,35.77711],[51.53139,35.77716],[51.53065,35.77721],[51.52991,35.77727],[51.52919,35.77731],[51.52849,35.77734],[51.52781,35.77739],[51.52716,35.77744],[51.52652,35.77747],[51.52589,35.7775],[51.52529,35.77755],[51.52469,35.77758],[51.5241,35.77762],[51.52349,35.77766],[51.52288,35.77771],[51.52226,35.77777],[51.52165,35.77787],[51.52106,35.77802],[51.52048,35.7782],[51.51993,35.77842],[51.51939,35.77867],[51.51889,35.77895],[51.51844,35.77924],[51.51804,35.77953],[51.51765,35.77981],[51.51727,35.78009],[51.51689,35.78038],[51.51651,35.78067],[51.51612,35.78096],[51.51572,35.78126],[51.51531,35.78155],[51.51488,35.78182],[51.51443,35.78209],[51.51395,35.78232],[51.51348,35.78253],[51.51299,35.78272],[51.51249,35.7829],[51.51197,35.78308],[51.51143,35.78324],[51.51087,35.78341],[51.5103,35.78359],[51.50973,35.78376],[51.50914,35.78395],[51.50855,35.78412],[51.50796,35.78429],[51.50736,35.78445],[51.50675,35.78462],[51.50615,35.78478],[51.50555,35.78495],[51.50495,35.78511],[51.50435,35.78527],[51.50374,35.78544],[51.50313,35.78561],[51.50252,35.78578],[51.5019,35.78595],[51.50126,35.78611],[51.50062,35.78627],[51.49999,35.78637],[51.49934,35.78644],[51.49868,35.78645],[51.49803,35.78641],[51.49739,35.78634],[51.49675,35.78628],[51.49611,35.78618],[51.49547,35.78606],[51.49482,35.78596],[51.49422,35.78588],[51.49363,35.7858],[51.49308,35.78574],[51.49258,35.78575],[51.49212,35.78578],[51.49132,35.78591],[51.49072,35.78605],[51.49002,35.7863],[51.48922,35.7866],[51.48878,35.78678],[51.48833,35.78697],[51.48787,35.78717],[51.48744,35.78737],[51.4868,35.78766],[51.48633,35.78787],[51.48591,35.78805],[51.48545,35.78826],[51.48501,35.78844],[51.48456,35.78863],[51.48418,35.78882],[51.48376,35.78903],[51.48333,35.78921],[51.48291,35.78944],[51.4825,35.78962],[51.48209,35.78982],[51.48161,35.79003],[51.4812,35.79016],[51.48076,35.79031],[51.48033,35.79045],[51.47986,35.79055],[51.47936,35.79055],[51.47891,35.79057],[51.47837,35.79055],[51.47778,35.79056],[51.47728,35.79049],[51.47678,35.79041],[51.47628,35.79042],[51.47583,35.79038],[51.47537,35.79036],[51.47482,35.79035],[51.4743,35.79042],[51.47384,35.79065],[51.47393,35.79101],[51.47416,35.7914],[51.47448,35.7918],[51.4748,35.79207],[51.47521,35.79238],[51.47548,35.79274],[51.47579,35.79307],[51.47621,35.79335],[51.47582,35.79312],[51.47529,35.79256],[51.47497,35.79228],[51.47462,35.79202],[51.4743,35.79174],[51.47403,35.79142],[51.47364,35.79091],[51.47331,35.79052],[51.47309,35.79017],[51.47264,35.79001],[51.47228,35.79024],[51.47182,35.79007],[51.47143,35.78979],[51.47088,35.78934],[51.47052,35.78896],[51.4701,35.78854],[51.46976,35.78818],[51.46936,35.78774],[51.46896,35.78729],[51.46854,35.78685],[51.46817,35.78652],[51.46786,35.78612],[51.4682,35.78571],[51.46847,35.78539],[51.46861,35.78503],[51.46821,35.78471],[51.46776,35.78422],[51.4673,35.78392],[51.46704,35.7836],[51.46684,35.78325],[51.46669,35.78291],[51.46675,35.78251],[51.46723,35.78231],[51.46768,35.78213],[51.46816,35.78196]]]}},{"type":"Feature","properties":{"route":7,"color":"#4f46e5","times":[[29754,29769,29829,29889,29949,30009,30069,30129,30147,30156,30168,30180,30189,30201,30216,30246,30279,30327,30351,30372,30381,30390,30396,30405,30414,30432,30441,30465,30489,30507,30531,30543,30558,30564,30570,30576,30585,30591,30600,30612,30633,30651,30663,30672,30684,30693,30699,30705,30711,30720,30768,30783,30798,30807,30813,30819,30828,30834,30843,30849,30858,30864,30870,30876,30882,30891,30903,30909,30915,30927,30933,30939,30945,30951,30957,30963,30978,30987,30993,31005,31017,31029,31038,31047,31077,31137,31197,31239,31251,31257,31269,31278,31284,31293,31311,31320,31326,31335,31365,31398,31458,31518,31653,31704,31719,31731,31737,31743,31752,31767,31779,31791,31803,31809,31815,31821,31827,31833,31839,31845,31955,31968,32001,32007,32013,32019,32043,32055,32073,32085,32094,32103,32112,32118,32124,32130,32154,32163,32169,32181,32187,32193,32199,32205,32223,32232,32250,32310,32370,32424,32442,32448,32454,32484,32490,32496,32505,32520,32526,32535,32541,32553,32568,32577,32583,32589,32595,32610,32622,32631,32637,32643,32649,32655,32664,32724,32784,32835,32853,32859,32865,32874,32883,32889,32895,32904,32910,32916,32928,32934,32940,32946,32955,32961,32979,32985,32991,32997,33003,33018,33024,33033,33045,33051,33063,33072,33081,33087,33093,33099,33108,33117,33123,33129,33135,33156,33165,33225,33285,33345,33405,33465,33525,33585,33630,33636,33642,33651,33660,33666,33672,33681,33687,33696,33705,33723,33744,33756,33765,33777,33786,33792,33804,33813,33828,33843,33858,33870,33879,33891,33906,33918,33978,34058,34097,34106,34121,34127,34136,34142,34151,34211,34271,34331,34391,34451,34511,34571,34631,34691,34751,34811,34835,34853,34865,34871,34883,34889,34895,34919,34946,34955,35003,35063,35114,35135,35141,35150,35156,35168,35228,35288,35348,35405,35456,35468,35481,35561,35579,35609,35633,35651,35711,35753,35759,35768,35777,35786,35795,35804,35816,35828,35888,35921,35981,36041,36101,36161,36221,36284,36299,36326,36359,36368,36374,36389,36404,36416,36425,36431,36437,36452,36464,36473,36482,36488,36494,36500,36506,36515,36524,36530,36539,36572,36578,36584,36590,36596,36602,36614,36620,36626,36638,36644,36653,36659,36665,36671,36677,36686,36710,36719,36740,36749,36755,36815,37249,37309,37333,37345,37357,37363,37378,37387,37393,37399,37405,37411,37417,37423,37441,37450,37459,37468,37477,37486,37504,37522,37543,37555,37561,37567,37576,37636,37696,37756,37771,37789,37795,37804,37810,37816,37825,37834,37843,37855,37864,37924,37984,38026,38052,38076,38109,38127,38187,38223,38283,38343,38403,38463,38529,38589,38649,38709,38769,38829,38889,38919,38964,38973,38985,38994,39042,39102,39162,39180,39204,39234,39249,39285,39309,39330,39342,39351,39360,39375,39384,39396,39420,39453,39480,39498,39513,39543,39549,39558,39567,39576,39636,39696,39776,39836,39863,39869,39875,39890,39908,39920,39998,40343,40361,40376,40385,40394,40400,40406,40430,40436,40442,40451,40463,40472,40481,40490,40502,40520,40721,40724,40742,40910,40970,41067,41094,41127,41136,41145,41154,41163,41169,41175,41184,41193,41199,41205,41211,41217,41223,41232,41241,41247,41253,41262,41274,41289,41304,41310,41316,41325,41334,41343,41355,41415,41475,41535,41595,41655,41715,41754,41802,41808,41820,41829,41844,41853,41859,41865,41883,41895,41904,41916,41934,41940,41946,41952,41958,41964,41973,41982,41988,41994,42000,42009,42024,42030,42036,42045,42063,42069,42075,42081,42141,42201,42261,42321,42372,42378,42384,42390,42396,42402,42408,42414,42420,42426,42435,42441,42447,42453,42465,42489,42498,42504,42510,42522,42534,42543,42552,42564,42570,42576,42588,42597,42657,42717,42777,42822,42834,42849,42909,42960,43020,43080,43140,43202,43264,43285,43291,43297,43303,43318,43378,43438,43498,43558,43618,43678,43732,43738,43750,43768,43774,43783,43792,43801,43810,43825,43834,43846,43906,43945,43960,44021,44033,44039,44048,44054,44060,44069,44129,44189,44249,44309,44369,44429,44474,44480,44489,44498,44507,44513,44519,44525,44531,44537,44549,44555,44561,44570,44630,44766,44828,44888,44948,45008,45038,45047,45053,45059,45065,45077,45137,45197,45257,45317,45377,45437,45497,45548,45569,45605,45665,45725,45785,45845,45905,45965,46025,46040,46049,46058,46064,46070,46076,46085,46094,46109,46115,46121,46133,46142,46151,46157,46166,46172,46184,46193,46199,46205,46217,46235,46295,46355,46415,46475,46493,46499,46529,46538,46598,46658,46718,46772,46787,46793,46799,46859,46883,46943,46967,46988,46997,47009,47018,47039,47057,47069,47078,47090,47096,47102,47117,47123,47135,47141,47168,47177,47237,47297,47357,47417,47479,47539],[48315,48366,48427,48487,48704,48767,48773,48791,48800,48806,48818,48827,48833,48842,48848,48854,48860,48866,48872,48878,48884,48923,49102,49108,49114,49120,49126,49132,49138,49198,49228,49234,49240,49338,49344,49350,49368,49374,49380,49386,49395,49437,49443,49449,49458,49464,49470,49476,49485,49494,49500,49506,49512,49521,49530,49536,49542,49569,49575,49581,49587,49593,49599,49605,49611,49617,49623,49629,49635,49641,49647,49656,49671,49683,49689,49695,49698,49701,49707,49938,49944,49950,49956,49962,49968,49983,49989,49995,50037,50040,50043,50046,50049,50090,50105,50111,50117,50120,50123,50129,50135,50141,50144,50150,50156,50162,50168,50174,50180,50186,50192,50198,50204,50210,50219,50228,50234,50240,50246,50249,50252,50255,50258,50261,50264,50267,50270,50273,50276,50279,50282,50285,50288,50291,50294,50297,50300,50303,50306,50309,50312,50315,50318,50321,50324,50327,50330,50333,50336,50339,50342,50345,50348,50351,50354,50357,50360,50363,50366,50369,50372,50375,50378,50381,50384,50387,50390,50393,50396,50399,50402,50405,50408,50411,50414,50417,50420,50423,50426,50429,50432,50435,50438,50441,50444,50447,50450,50453,50456,50459,50462,50465,50468,50471,50474,50477,50480,50483,50486,50489,50492,50495,50498,50501,50507,50516,50522,50528,50534,50549,50552,50555,50561,50564,50567,50570,50573,50576,50579,50582,50594,50597,50600,50606,50612,50615,50620,50623,50954,51014,51074]],"type":"operational_gps","source":"recorded_gps"},"geometry":{"type":"MultiLineString","coordinates":[[[51.38477,35.66325],[51.3846,35.66363],[51.38479,35.66387],[51.38482,35.66385],[51.38491,35.66382],[51.38488,35.66385],[51.38482,35.66392],[51.3849,35.66389],[51.38512,35.66422],[51.38517,35.6646],[51.38521,35.66506],[51.38534,35.66542],[51.38524,35.66595],[51.38494,35.66634],[51.38465,35.6667],[51.3842,35.6667],[51.38376,35.6668],[51.38353,35.66715],[51.38363,35.66754],[51.3838,35.66797],[51.38432,35.66803],[51.38493,35.66803],[51.38555,35.66803],[51.38605,35.66803],[51.38662,35.66799],[51.38713,35.66795],[51.38762,35.66792],[51.38807,35.66785],[51.38853,35.66776],[51.38902,35.66771],[51.38952,35.66771],[51.39,35.66763],[51.39069,35.66756],[51.39133,35.66749],[51.39197,35.66744],[51.39241,35.66742],[51.39305,35.66739],[51.39357,35.66733],[51.39423,35.6673],[51.39469,35.6673],[51.39522,35.66727],[51.39563,35.6675],[51.39563,35.66792],[51.3956,35.66835],[51.39554,35.66875],[51.39547,35.66929],[51.39539,35.66981],[51.39525,35.67041],[51.39518,35.6709],[51.39513,35.67133],[51.39502,35.67173],[51.39502,35.67209],[51.39501,35.67254],[51.39494,35.67312],[51.39487,35.6736],[51.39485,35.67407],[51.39476,35.67461],[51.39447,35.67496],[51.39404,35.67517],[51.39353,35.67516],[51.39301,35.67515],[51.39255,35.67512],[51.39181,35.67504],[51.39118,35.67484],[51.39062,35.67462],[51.39015,35.6744],[51.38961,35.67421],[51.38922,35.67399],[51.3888,35.67386],[51.38881,35.67422],[51.38898,35.67471],[51.38903,35.67536],[51.38903,35.67604],[51.38906,35.67656],[51.3891,35.67697],[51.3892,35.67733],[51.38932,35.67777],[51.38937,35.67833],[51.38934,35.6788],[51.38941,35.67916],[51.38945,35.67956],[51.3895,35.67992],[51.38968,35.68028],[51.38993,35.68059],[51.38996,35.68096],[51.39,35.68106],[51.39013,35.68116],[51.39057,35.68132],[51.39073,35.68084],[51.39075,35.68047],[51.39092,35.68001],[51.39093,35.67951],[51.39105,35.67915],[51.39106,35.67867],[51.39092,35.6783],[51.39101,35.67789],[51.3912,35.67737],[51.39124,35.67698],[51.39076,35.67694],[51.39032,35.67697],[51.39028,35.67701],[51.39022,35.67704],[51.3901,35.67716],[51.39019,35.67677],[51.39037,35.67636],[51.3903,35.67594],[51.39032,35.67555],[51.39036,35.67517],[51.39042,35.67479],[51.39008,35.67448],[51.38967,35.67424],[51.38909,35.67401],[51.38873,35.67431],[51.38875,35.67479],[51.38888,35.67539],[51.38895,35.67604],[51.389,35.6766],[51.38902,35.67712],[51.38906,35.67753],[51.38905,35.67797],[51.3826,35.67836],[51.38875,35.67813],[51.38815,35.67806],[51.38767,35.67809],[51.38709,35.67816],[51.38652,35.67822],[51.38625,35.67785],[51.38632,35.67746],[51.38649,35.67712],[51.38662,35.67676],[51.38684,35.67634],[51.38706,35.67591],[51.38726,35.67532],[51.38748,35.6748],[51.3877,35.67428],[51.38784,35.67392],[51.38769,35.67352],[51.38716,35.67332],[51.38681,35.67305],[51.38639,35.67285],[51.38592,35.67265],[51.38529,35.67243],[51.3846,35.67216],[51.38408,35.67193],[51.38361,35.67197],[51.38345,35.67243],[51.38328,35.67278],[51.38319,35.67286],[51.38322,35.67301],[51.38306,35.67336],[51.38256,35.67356],[51.38206,35.67359],[51.38161,35.67366],[51.38137,35.67401],[51.38153,35.67441],[51.38141,35.67484],[51.38119,35.67523],[51.38108,35.67576],[51.38099,35.67634],[51.38127,35.67662],[51.3818,35.67681],[51.38216,35.67704],[51.38266,35.67726],[51.38317,35.67728],[51.38374,35.67739],[51.3843,35.67743],[51.38474,35.67752],[51.38481,35.67803],[51.38473,35.67844],[51.38456,35.67897],[51.38445,35.67944],[51.38428,35.6799],[51.38413,35.68035],[51.38401,35.68073],[51.38374,35.68108],[51.38339,35.68131],[51.3834,35.6814],[51.38328,35.6818],[51.38358,35.68207],[51.38334,35.68239],[51.38308,35.68278],[51.38292,35.68323],[51.38273,35.68374],[51.38263,35.68409],[51.38244,35.68465],[51.38185,35.68482],[51.38123,35.68477],[51.38072,35.68479],[51.38008,35.68478],[51.37947,35.68479],[51.37888,35.6847],[51.37826,35.68464],[51.37761,35.68459],[51.37711,35.68455],[51.37657,35.68451],[51.37601,35.68453],[51.3752,35.68445],[51.3744,35.68438],[51.37391,35.68434],[51.37328,35.68427],[51.37275,35.68424],[51.37219,35.6842],[51.37167,35.68418],[51.37121,35.68412],[51.3707,35.684],[51.37022,35.68392],[51.36961,35.68391],[51.36893,35.68384],[51.36814,35.68371],[51.36767,35.68366],[51.36714,35.68363],[51.36662,35.68355],[51.36589,35.68356],[51.36511,35.68352],[51.36462,35.6835],[51.36436,35.68319],[51.3643,35.68268],[51.36438,35.68236],[51.36452,35.68239],[51.36472,35.68244],[51.36454,35.68227],[51.3646,35.68232],[51.36449,35.68221],[51.36459,35.68234],[51.36446,35.68195],[51.36446,35.68159],[51.36449,35.68113],[51.36456,35.6807],[51.36466,35.68017],[51.36465,35.67975],[51.36468,35.67929],[51.36445,35.67895],[51.36409,35.67873],[51.36368,35.67844],[51.36306,35.67847],[51.3626,35.67839],[51.36222,35.67802],[51.36202,35.67762],[51.36188,35.67721],[51.36155,35.67694],[51.36097,35.67692],[51.36047,35.67694],[51.35992,35.67688],[51.35948,35.6768],[51.35943,35.67641],[51.3592,35.67608],[51.35863,35.67604],[51.35818,35.67605],[51.35794,35.67568],[51.35773,35.67527],[51.35746,35.67495],[51.35734,35.67459],[51.35751,35.67454],[51.35753,35.67467],[51.35805,35.67447],[51.35868,35.67436],[51.35898,35.67472],[51.35913,35.67507],[51.35938,35.67551],[51.35961,35.67594],[51.35981,35.67634],[51.3599,35.67646],[51.35988,35.67658],[51.35988,35.67666],[51.3598,35.67669],[51.35984,35.6767],[51.35984,35.67669],[51.35986,35.67667],[51.35991,35.67674],[51.35979,35.67665],[51.35992,35.67665],[51.35989,35.67667],[51.36006,35.67704],[51.36027,35.67744],[51.3608,35.67749],[51.36123,35.67735],[51.36169,35.67714],[51.36215,35.67705],[51.3626,35.67701],[51.36311,35.677],[51.36294,35.67653],[51.36281,35.67605],[51.36269,35.67569],[51.36264,35.67538],[51.36247,35.67504],[51.36286,35.6748],[51.36328,35.67463],[51.36374,35.67445],[51.36418,35.67437],[51.36471,35.67427],[51.36501,35.67426],[51.36507,35.67435],[51.36521,35.67433],[51.36489,35.67408],[51.36522,35.67434],[51.36551,35.67465],[51.36524,35.67426],[51.3654,35.67404],[51.36528,35.67439],[51.36513,35.67484],[51.36512,35.67443],[51.36494,35.6741],[51.3651,35.67409],[51.36563,35.67402],[51.36622,35.67386],[51.36677,35.67376],[51.36742,35.67379],[51.36797,35.6738],[51.36852,35.67382],[51.36902,35.67385],[51.36952,35.67389],[51.37009,35.67392],[51.3705,35.67396],[51.37066,35.67431],[51.37059,35.67428],[51.37064,35.67446],[51.37053,35.67438],[51.37089,35.67431],[51.37102,35.67463],[51.37015,35.67371],[51.37044,35.6741],[51.37082,35.67431],[51.37141,35.67432],[51.37192,35.67435],[51.37242,35.67441],[51.37261,35.67478],[51.37267,35.67517],[51.37259,35.67566],[51.37262,35.67614],[51.3726,35.67658],[51.37256,35.67705],[51.37275,35.67742],[51.37325,35.67735],[51.37382,35.67739],[51.37432,35.67747],[51.37437,35.67786],[51.37445,35.67847],[51.37444,35.67898],[51.37442,35.67938],[51.37437,35.67977],[51.3743,35.68013],[51.37423,35.6805],[51.37421,35.68091],[51.37411,35.68142],[51.37399,35.68179],[51.37387,35.68234],[51.37385,35.683],[51.37384,35.68363],[51.3738,35.684],[51.37335,35.68426],[51.37275,35.68428],[51.37208,35.68425],[51.37147,35.68423],[51.37102,35.68419],[51.37033,35.68417],[51.36974,35.68414],[51.36905,35.68407],[51.36851,35.68405],[51.36805,35.68406],[51.36749,35.68405],[51.36721,35.68453],[51.36714,35.6849],[51.36699,35.68534],[51.3663,35.68548],[51.36572,35.68547],[51.36529,35.68534],[51.36524,35.68545],[51.36534,35.68538],[51.36485,35.68538],[51.36459,35.68508],[51.3639,35.68509],[51.36332,35.68498],[51.36268,35.68491],[51.36209,35.68485],[51.36151,35.68478],[51.36096,35.68471],[51.36027,35.68457],[51.35957,35.68445],[51.3589,35.68429],[51.35838,35.68418],[51.35796,35.684],[51.35738,35.68381],[51.35692,35.68386],[51.35645,35.68411],[51.35604,35.6843],[51.35563,35.68455],[51.35511,35.68469],[51.35471,35.68489],[51.35463,35.68528],[51.35475,35.68566],[51.35485,35.68606],[51.35521,35.68636],[51.35573,35.68647],[51.35578,35.68667],[51.35609,35.68656],[51.35567,35.68664],[51.35521,35.68679],[51.35518,35.68726],[51.35528,35.68763],[51.35516,35.68813],[51.35521,35.6885],[51.35534,35.68885],[51.35564,35.68914],[51.3563,35.68931],[51.35676,35.68924],[51.3572,35.68914],[51.35784,35.68918],[51.35824,35.68927],[51.35834,35.68937],[51.35821,35.68897],[51.35828,35.68939],[51.35802,35.68906],[51.35793,35.68864],[51.35819,35.68901],[51.35849,35.68926],[51.35895,35.68923],[51.35901,35.68932],[51.35903,35.68928],[51.35883,35.68943],[51.35877,35.68923],[51.35897,35.68925],[51.35905,35.68927],[51.35903,35.68917],[51.35904,35.68921],[51.35899,35.68928],[51.35905,35.68932],[51.35929,35.68932],[51.35974,35.68923],[51.36023,35.68929],[51.36082,35.68908],[51.36129,35.68905],[51.36179,35.68929],[51.36214,35.68952],[51.36227,35.68942],[51.36223,35.68955],[51.36265,35.68945],[51.36315,35.68943],[51.36358,35.68924],[51.36397,35.68942],[51.3644,35.68954],[51.36484,35.68945],[51.3653,35.68945],[51.36578,35.68939],[51.36633,35.68947],[51.36672,35.68963],[51.36677,35.69004],[51.36675,35.69044],[51.36678,35.69083],[51.36684,35.6912],[51.36675,35.69162],[51.36672,35.69198],[51.36668,35.69237],[51.36659,35.69278],[51.36624,35.69308],[51.36578,35.6931],[51.36526,35.69302],[51.36481,35.69296],[51.3642,35.69288],[51.36392,35.69276],[51.36356,35.69292],[51.36366,35.69299],[51.36385,35.69295],[51.36375,35.69254],[51.36379,35.69208],[51.36383,35.69166],[51.36382,35.69122],[51.3637,35.69082],[51.3638,35.69046],[51.36382,35.69025],[51.36378,35.69023],[51.36383,35.68983],[51.36402,35.68931],[51.36404,35.68886],[51.36408,35.68827],[51.36411,35.68773],[51.36415,35.68726],[51.36407,35.68676],[51.36411,35.68623],[51.36419,35.68555],[51.3642,35.68507],[51.36405,35.68472],[51.36403,35.68432],[51.36405,35.68381],[51.36404,35.68338],[51.36411,35.68301],[51.36427,35.68257],[51.36465,35.68249],[51.36476,35.6821],[51.36483,35.68166],[51.36445,35.68221],[51.36439,35.68231],[51.36459,35.68178],[51.3646,35.68214],[51.36447,35.68171],[51.36451,35.68123],[51.36461,35.6808],[51.36502,35.68056],[51.36559,35.68029],[51.36617,35.68027],[51.36666,35.68042],[51.36711,35.68057],[51.36758,35.68071],[51.36803,35.68079],[51.36864,35.68093],[51.36933,35.68097],[51.37003,35.68103],[51.3706,35.68106],[51.3711,35.68114],[51.37168,35.68113],[51.37226,35.68112],[51.37283,35.68119],[51.37344,35.68129],[51.37392,35.68126],[51.3745,35.68132],[51.37508,35.68138],[51.37569,35.68144],[51.37627,35.68156],[51.37676,35.6815],[51.37721,35.6814],[51.3777,35.68138],[51.3782,35.68145],[51.37837,35.68131],[51.37843,35.68136],[51.37838,35.68147],[51.37857,35.68129],[51.37864,35.68124],[51.37869,35.68127],[51.3786,35.68163],[51.37904,35.68182],[51.37955,35.68199],[51.37954,35.68239],[51.37939,35.68282],[51.37918,35.68323],[51.37907,35.68379],[51.37908,35.68415],[51.37913,35.6846],[51.37868,35.6847],[51.37822,35.68465],[51.3777,35.68459],[51.37721,35.68454],[51.37686,35.68482],[51.37678,35.6852],[51.37671,35.68561],[51.37666,35.68612],[51.37657,35.68668],[51.37653,35.68717],[51.37659,35.6876],[51.37712,35.68762],[51.3777,35.68765],[51.37823,35.68767],[51.37873,35.68762],[51.37924,35.68765],[51.37842,35.68777],[51.37782,35.68774],[51.37732,35.68771],[51.37678,35.68772],[51.37638,35.688],[51.37636,35.68845],[51.37632,35.68896],[51.37628,35.68932],[51.37617,35.68947],[51.37623,35.68946],[51.37627,35.68956],[51.37628,35.6896],[51.37623,35.69008],[51.37615,35.69051],[51.3761,35.69094],[51.37604,35.69134],[51.37601,35.6917],[51.37597,35.69208],[51.37588,35.69248],[51.37586,35.69295],[51.37583,35.69352],[51.37579,35.69395],[51.37568,35.69447],[51.37564,35.69498],[51.37558,35.69542],[51.37553,35.69584],[51.3755,35.69625],[51.37567,35.69662],[51.37631,35.69674],[51.37696,35.69678],[51.37772,35.6968],[51.37819,35.6967],[51.37868,35.69685],[51.37853,35.69728],[51.37861,35.69771],[51.37901,35.69791],[51.37976,35.6979],[51.38046,35.69793],[51.38106,35.69782],[51.38154,35.69783],[51.38176,35.69806],[51.38167,35.69821],[51.38176,35.69799],[51.38222,35.6982],[51.38274,35.69801],[51.38288,35.69765],[51.38298,35.69746],[51.38324,35.69716],[51.38338,35.69699],[51.38346,35.6967],[51.38324,35.6966],[51.38328,35.69657],[51.38336,35.69675],[51.38339,35.69634],[51.38347,35.69584],[51.38353,35.69543],[51.38357,35.69493],[51.3841,35.69489],[51.38432,35.69505],[51.38443,35.69501],[51.38439,35.69501],[51.3843,35.69501],[51.38444,35.69498],[51.38437,35.69497],[51.3848,35.69505],[51.38537,35.69523],[51.38581,35.69538],[51.38598,35.69579],[51.38592,35.69629],[51.38635,35.69646],[51.38686,35.6964],[51.38754,35.69638],[51.38798,35.69622],[51.38801,35.69583],[51.38804,35.69539],[51.38808,35.69501],[51.38819,35.69494],[51.38754,35.6949],[51.38798,35.69494],[51.38823,35.69482],[51.38832,35.69424],[51.38837,35.69383],[51.38794,35.69372],[51.38734,35.6937],[51.38661,35.69373],[51.38606,35.6938],[51.38589,35.69381],[51.38586,35.69368],[51.38589,35.69369],[51.38578,35.69372],[51.38588,35.69363],[51.38592,35.69359],[51.38546,35.6938],[51.38498,35.69385],[51.38427,35.69389],[51.38382,35.69384],[51.38383,35.69334],[51.38383,35.69294],[51.38388,35.69253],[51.38395,35.69203],[51.38404,35.6915],[51.38407,35.69088],[51.38363,35.69073],[51.38308,35.69079],[51.38249,35.69085],[51.38201,35.69099],[51.38172,35.69088],[51.38159,35.69085],[51.38165,35.69093],[51.38145,35.69116],[51.38132,35.69108],[51.38146,35.69113],[51.38147,35.69161],[51.3814,35.69209],[51.38136,35.69262],[51.38134,35.69322],[51.38128,35.6937],[51.38119,35.69407],[51.38108,35.69422],[51.38115,35.69423],[51.38108,35.69427],[51.38109,35.6943],[51.38113,35.69425],[51.38112,35.69426],[51.38112,35.69425],[51.38067,35.69432],[51.38013,35.69443],[51.37961,35.69467],[51.37942,35.69459],[51.37955,35.69479],[51.37961,35.69476],[51.37959,35.69465],[51.37947,35.69444],[51.37947,35.6946],[51.37955,35.69473],[51.37911,35.69494],[51.37878,35.69518],[51.37865,35.69569],[51.37859,35.69609],[51.37856,35.69652],[51.37865,35.69687],[51.37846,35.69735],[51.37843,35.69781],[51.37894,35.69794],[51.37956,35.69795],[51.38025,35.69795],[51.38067,35.6978],[51.38116,35.69776],[51.38167,35.69781],[51.38222,35.69777],[51.38266,35.69774],[51.38317,35.69758],[51.38367,35.69767],[51.38425,35.69788],[51.38471,35.69792],[51.38523,35.69785],[51.38574,35.6978],[51.38619,35.69798],[51.38602,35.69828],[51.38601,35.69825],[51.38593,35.69815],[51.38609,35.69814],[51.38662,35.69803],[51.38727,35.69804],[51.38759,35.69832],[51.38756,35.69874],[51.38743,35.69901],[51.38733,35.69909],[51.38739,35.69921],[51.38769,35.69886],[51.38804,35.69853],[51.38851,35.69844],[51.38905,35.69839],[51.38905,35.69836],[51.38888,35.69874],[51.38881,35.69904],[51.38896,35.69862],[51.38954,35.69872],[51.39007,35.69879],[51.39072,35.69877],[51.39114,35.6989],[51.39154,35.69865],[51.39176,35.69831],[51.39221,35.69817],[51.39267,35.6981],[51.39327,35.69815],[51.39393,35.69816],[51.39437,35.69824],[51.39466,35.69794],[51.3948,35.69752],[51.39494,35.69701],[51.395,35.69651],[51.39504,35.69613],[51.39507,35.69574],[51.39505,35.69571],[51.39497,35.69568],[51.39506,35.6957],[51.395,35.69565],[51.39508,35.696],[51.39512,35.69585]],[[51.395,35.69568],[51.39542,35.69557],[51.39507,35.69567],[51.39511,35.69577],[51.39493,35.69569],[51.39671,35.69451],[51.39735,35.69446],[51.39756,35.69485],[51.39763,35.69532],[51.39773,35.69572],[51.39798,35.69605],[51.39863,35.69603],[51.39921,35.69596],[51.39982,35.69585],[51.40052,35.69573],[51.40123,35.69557],[51.40196,35.69539],[51.40254,35.6953],[51.40307,35.69535],[51.40357,35.69549],[51.40408,35.69556],[51.40452,35.69548],[51.41517,35.69503],[51.41589,35.69493],[51.41653,35.69488],[51.41722,35.69486],[51.41804,35.69481],[51.41885,35.69476],[51.41964,35.6947],[51.41967,35.69478],[51.4201,35.69506],[51.4207,35.6948],[51.42127,35.69454],[51.43106,35.69069],[51.43182,35.69054],[51.43241,35.69039],[51.43286,35.69017],[51.43281,35.68975],[51.43285,35.6893],[51.43278,35.68891],[51.43253,35.68847],[51.43548,35.68867],[51.43562,35.6891],[51.4359,35.68946],[51.43611,35.68979],[51.43644,35.69028],[51.43667,35.69074],[51.4368,35.69113],[51.43697,35.6916],[51.43729,35.69202],[51.43776,35.69215],[51.43834,35.69215],[51.43892,35.6923],[51.4395,35.69251],[51.43994,35.69231],[51.44054,35.69209],[51.44111,35.69203],[51.44157,35.69202],[51.44204,35.69199],[51.44255,35.69189],[51.44302,35.6918],[51.44358,35.69172],[51.44401,35.69151],[51.44438,35.69123],[51.44462,35.69087],[51.44488,35.69038],[51.44519,35.69005],[51.44561,35.68982],[51.44612,35.68966],[51.44657,35.68944],[51.44717,35.68935],[51.44763,35.68945],[51.44811,35.6894],[51.4484,35.68999],[51.44864,35.69051],[51.44961,35.69065],[51.45014,35.69057],[51.4506,35.69042],[51.45121,35.69024],[51.46618,35.6912],[51.46696,35.69111],[51.46775,35.69106],[51.46853,35.69107],[51.46936,35.69108],[51.46993,35.69124],[51.4704,35.69138],[51.47109,35.69144],[51.47181,35.69149],[51.47391,35.69196],[51.4747,35.69202],[51.47532,35.69211],[51.47587,35.69216],[51.47634,35.69217],[51.47864,35.69176],[51.47925,35.69185],[51.4799,35.69197],[51.4808,35.69204],[51.4813,35.69206],[51.48179,35.69208],[51.48255,35.69209],[51.48334,35.69217],[51.4842,35.69225],[51.48465,35.69229],[51.48547,35.69238],[51.48627,35.69241],[51.48692,35.69251],[51.48769,35.69257],[51.48835,35.69259],[51.48882,35.6927],[51.4895,35.69275],[51.49028,35.6928],[51.49109,35.69286],[51.49184,35.69293],[51.49247,35.69298],[51.49292,35.69288],[51.49318,35.69244],[51.49377,35.69208],[51.49445,35.69214],[51.49482,35.69267],[51.49488,35.69309],[51.49507,35.6935],[51.49529,35.69386],[51.49555,35.69418],[51.49582,35.69452],[51.49607,35.69483],[51.49635,35.69515],[51.49664,35.69545],[51.49694,35.69575],[51.49726,35.69606],[51.49761,35.6964],[51.49792,35.69671],[51.49825,35.697],[51.49852,35.69732],[51.49875,35.69768],[51.49899,35.69805],[51.49927,35.69843],[51.49957,35.69879],[51.49988,35.69914],[51.50017,35.69949],[51.50039,35.69986],[51.50057,35.70026],[51.50072,35.70068],[51.50088,35.70106],[51.50103,35.70149],[51.50117,35.70195],[51.50128,35.70238],[51.50144,35.70285],[51.50158,35.70329],[51.50171,35.70375],[51.5019,35.70419],[51.50208,35.70464],[51.50222,35.7051],[51.50245,35.70562],[51.50264,35.70606],[51.50281,35.70651],[51.50298,35.70698],[51.50317,35.70747],[51.50336,35.70795],[51.50353,35.7084],[51.50374,35.70886],[51.50394,35.7093],[51.50412,35.70971],[51.50429,35.71014],[51.50446,35.71052],[51.50466,35.71096],[51.5049,35.71145],[51.50516,35.71194],[51.50541,35.7124],[51.50572,35.71277],[51.50603,35.7131],[51.50633,35.71341],[51.50666,35.71373],[51.507,35.7141],[51.50733,35.71445],[51.50767,35.7148],[51.50801,35.71521],[51.50837,35.71564],[51.50874,35.71604],[51.50912,35.71638],[51.50952,35.71674],[51.50991,35.71711],[51.51032,35.71749],[51.5107,35.71786],[51.51106,35.71823],[51.51143,35.71858],[51.51179,35.71894],[51.51216,35.71933],[51.51252,35.71972],[51.51287,35.72005],[51.5133,35.72034],[51.51374,35.72062],[51.51425,35.72097],[51.51475,35.72124],[51.51529,35.72142],[51.51583,35.72158],[51.51639,35.72171],[51.51695,35.72183],[51.51754,35.72185],[51.5181,35.72187],[51.5186,35.72191],[51.51911,35.72195],[51.51964,35.72198],[51.52015,35.72202],[51.52061,35.72208],[51.52105,35.72191],[51.52055,35.72168],[51.51973,35.72154],[51.51893,35.72152],[51.51818,35.72144],[51.51852,35.72184],[51.51899,35.72202],[51.51942,35.7222],[51.52022,35.72254],[51.52079,35.72273],[51.52136,35.72286],[51.5219,35.72313],[51.5223,35.72331],[51.52267,35.72351],[51.52299,35.72378],[51.5233,35.7241],[51.52378,35.72446],[51.52388,35.72484],[51.52414,35.72514],[51.52481,35.72572],[51.52553,35.72614],[51.52605,35.72631],[51.52647,35.72473],[51.52667,35.72413],[51.55404,35.72988],[51.55401,35.72991],[51.55397,35.72993]]]}},{"type":"Feature","properties":{"route":7,"color":"#4f46e5","times":[[29256,29265,29271,29277,29283,29292,29298,29310,29316,29322,29328,29334,29343,29349,29355,29364,29370,29376,29382,29388,29394,29400,29406,29412,29418,29424,29430,29436,29442,29448,29454,29460,29466,29472,29478,29484,29490,29499,29505,29511,29517,29526,29559,29568,29574,29580,29586,29592,29598,29607,29616,29622,29634,29640,29646,29655,29661,29667,29676,29682,29688,29694,29700,29706,29712,29718,29724,29730,29736,29742,29748,29754]],"type":"access_route","source":"recorded_gps_prefix"},"geometry":{"type":"MultiLineString","coordinates":[[[51.42392,35.66864],[51.42336,35.66864],[51.4227,35.66857],[51.42194,35.66846],[51.42132,35.66839],[51.42061,35.66831],[51.42005,35.66824],[51.41957,35.66818],[51.41901,35.6681],[51.41829,35.66801],[51.41756,35.66793],[51.41697,35.66786],[51.41646,35.66796],[51.41601,35.66813],[51.41551,35.66791],[51.41501,35.66772],[51.41439,35.6677],[51.41376,35.66768],[51.41312,35.66766],[51.41244,35.66764],[51.41173,35.66762],[51.41103,35.66761],[51.41051,35.66758],[51.41004,35.66754],[51.40946,35.66754],[51.40884,35.66751],[51.40816,35.66749],[51.40747,35.66748],[51.40687,35.66747],[51.4064,35.66747],[51.40594,35.66745],[51.40545,35.66743],[51.40495,35.66743],[51.40439,35.66741],[51.40383,35.66738],[51.40335,35.66737],[51.40288,35.66736],[51.40221,35.66733],[51.40169,35.66732],[51.40108,35.66731],[51.40044,35.66727],[51.39998,35.66727],[51.39941,35.66725],[51.39876,35.66724],[51.39816,35.66722],[51.39751,35.66719],[51.39686,35.66719],[51.3964,35.66723],[51.39595,35.66725],[51.39578,35.66676],[51.39529,35.66645],[51.39484,35.66623],[51.39439,35.66605],[51.39375,35.66584],[51.39318,35.6656],[51.39266,35.66544],[51.39209,35.66519],[51.39161,35.66497],[51.39118,35.66469],[51.39074,35.6643],[51.3902,35.66387],[51.38965,35.66342],[51.38926,35.66318],[51.38881,35.66287],[51.38837,35.66252],[51.38793,35.66228],[51.38745,35.66231],[51.3869,35.66245],[51.38632,35.6626],[51.38577,35.66282],[51.38514,35.66304],[51.38477,35.66325]]]}},{"type":"Feature","properties":{"route":8,"color":"#65a30d","times":[[29836,29896,29956,30016,30076,30136,30196,30256,30316,30376,30436,30496,30556,30616,30676,30685,30691,30697,30703,30709,30715,30721,30724,30727,30733,30739,30745,30754,30760,30766,30769,30772,30775,30778,30781,30784,30787,30790,30793,30796,30799,30805,30817,30823,30832,30838,30844,30853,30868,30874,30880,30886,30892,30898,30904,30910,30922,30931,30943,31003,31063,31093,31099,31105,31111,31117,31123,31129,31135,31141,31150,31156,31162,31168,31174,31180,31186,31192,31198,31207,31222,31234,31243,31249,31255,31267,31291,31297,31315,31327,31336,31342,31348,31408,31468,31528,31558,31564,31570,31582,31588,31594,31600,31606,31627,31633,31639,31645,31651,31657,31690,31696,31702,31762,31822,31882,31942,32002,32035,32050,32056,32062,32068,32074,32083,32089,32095,32101,32161,32221,32281,32341,32401,32461,32521,32581,32641,32647,32653,32662,32671,32677,32686,32746,32806,32815,32875,32935,32995,33055,33115,33175,33235,33295,33355,33415,33475,33535,33559,33565,33571,33577,33583,33589,33595,33601,33607,33616,33676,33736,33796,33856,33877,33886,33892,33898,33904,33910,33970,34030,34090,34150,34210,34270,34330,34390,34450,34480,34489,34495,34501,34507,34513,34519,34525,34534,34540,34600,34660,34720,34750,34756,34762,34768,34783,34789,34798,34804,34810,34816,34822,34828,34837,34843,34882,34942,35002,35062,35122,35182,35242,35302,35362,35413,35419,35425,35431,35443,35449,35455,35461,35467,35473,35479,35491,35497,35503,35506,35512,35518,35524,35575,35635,35695,35755,35815,35875,35929,35935,35938,35944,35953,35962,35968,35974,35980,35983,35986,35992,35998,36010,36022,36028,36034,36040,36046,36052,36058,36067,36076,36082,36088,36094,36100,36109,36151,36160,36166,36187,36193,36205,36265,36316,36322,36328,36334,36394,36454,36493,36499,36505,36511,36517,36523,36529,36535,36541,36547,36553,36559,36571,36631,36691,36751,36811,36871,36931,36961,36967,36973,36979,36985,36988,36991,36997,37003,37015,37030,37036,37096,37156,37210,37216,37222,37228,37237,37249,37258,37267,37273,37282,37294,37306,37315,37324,37384,37444,37504,37564,37618,37624,37630,37636,37645,37651,37657,37672,37732,37792,37852,37912,37972,38032,38092,38152,38212,38230,38254,38272,38296,38305,38311,38317,38323,38332,38341,38350,38356,38362,38368,38374,38380,38386,38398,38458,38518,38578,38638,38698,38707,38713,38719,38725,38734,38740,38746,38755,38761,38767,38779,38785,38791,38797,38803,38809,38815,38833,38845,38857,38866,38875,38935,38995,39055,39115,39163,39172,39181,39187,39193,39211,39220,39229,39244,39262,39274,39280,39286,39295,39301,39307,39313,39319,39325,39331,39337,39343,39349,39355,39364,39382,39388,39391,39397,39403,39409,39415,39424,39433,39439,39445,39448,39451,39454,39457,39460,39463,39466,39469,39475,39481,39487,39493,39499,39505,39514,39520,39526,39532,39538,39544,39553,39568,39628,39688,39727,39739,39745,39751,39754,39760,39766,39772,39781,39787,39793,39799,39802,39805,39808,39811,39814,39817,39820,39823,39826,39829,39832,39835,39838,39841,39844,39847,39850,39853,39856,39862,39868,39877,39895,39901,39907,39913,39919,39925,39931,39937,39943,39952,39958,39964,39970,39976,39982,39985,39991,39997,40003,40009,40015,40021,40027,40030,40033,40036,40039,40042,40045,40051,40057,40063,40069,40075,40081,40084,40087,40090,40093,40096,40102,40108,40120,40126,40135,40144,40156,40189,40249,40309,40369,40405,40465,40483,40495,40501,40510,40516,40531,40537,40543,40552,40561,40567,40576,40588,40597,40603,40609,40615,40624,40642,40654,40663,40672,40684,40690,40696,40702,40735,40795,40855,40900,40906,40933,40948,40966,40978,40993,41005,41023,41044,41062,41083,41089,41101,41113,41125,41140,41149,41161,41179,41191,41200,41209,41215,41221,41227,41236,41260,41269,41275,41281,41287,41296,41305,41365,41425,41485,41545,41572,41584,41608,41617,41626,41638,41647,41653,41659,41665,41674,41680,41689,41701,41716,41725,41740,41800,41860,41911,41932,41938,41944,41950,41962,41974,42007,42016,42022,42037,42049,42058,42064,42070,42076,42082,42091,42100,42106,42115,42124,42133,42139,42145,42151,42157,42163,42169,42172,42178,42187,42193,42199,42205,42223,42232,42238,42250,42256,42316,42376,42436,42496,42529,42562,42571,42598,42607,42616,42625,42631,42637,42643,42649,42658,42664,42670,42676,42682,42688,42703,42709,42718,42727,42736,42742,42751,42757,42763,42769,42775,42781,42787,42793,42799,42808,42814,42820,42829,42841,42901,42961,43021,43042,43057,43084,43096,43105,43114,43123,43138,43144,43150,43156,43165,43174,43180,43192,43198,43204,43210,43216,43222,43228,43234,43237,43240,43246,43252,43261,43267,43273,43279,43285,43291,43297,43303,43309,43315,43324,43333,43339,43345,43351,43360,43366,43369,43372,43375,43378,43381,43384,43387,43390,43393,43399,43405,43411,43414,43417,43420,43423,43429,43435,43441,43453,43459,43465,43471,43477,43483,43489,43495,43498,43501,43504,43507,43510,43516,43522,43528,43534,43546,43552,43558,43564,43573,43579,43588,43594,43603,43609,43618,43624,43627,43630,43633,43636,43639,43645,43654,43660,43669,43678,43684,43690,43693,43696,43702,43711,43717,43726,43732,43738,43741,43744,43747,43750,43753,43756,43759,43762,43765,43774,43780,43789,43795,43801,43807,43816,43822,43831,43837,43843,43852,43858,43864,43870,43879,43885,43891,43900,43906,43909,43912,43915,43918,43921,43924,43927,43930,43933,43936,43939,43942,43945,43948,43951,43954,43957,43960,43963,43966,43969,43972,43975,43978,43981,43984,43987,43990,43993,43996,43999,44002,44005,44008,44011,44014,44017,44020,44026,44035,44041,44101,44161,44221,44281,44341,44401,44461,44521,44581,44641,44701,44761,44821,44881,44941,45001,45061,45109,45124,45130,45136,45142,45157,45163,45166,45169,45172,45175,45178,45181,45184,45187,45190,45193,45196,45199,45202,45205,45208,45211,45214,45217,45220,45223,45226,45229,45232,45235,45238,45241,45244,45247,45250,45253,45259,45265,45271,45277,45283,45289,45295,45304,45310,45316,45319,45322,45325,45328,45331,45334,45337,45340,45343,45346,45349,45352,45355,45358,45361,45364,45367,45370,45373,45376,45379,45382,45385,45388,45391,45394,45397,45400,45403,45406,45409,45412,45415,45418,45421,45424,45427,45430,45433,45436,45439,45442,45445,45448,45451,45454,45457,45460,45463,45466,45469,45472,45475,45478,45481,45484,45487,45490,45493,45496,45499,45502,45505,45508,45511,45514,45517,45520,45523,45526,45529,45532,45535,45538,45541,45544,45547,45550,45553,45556,45559,45562,45565,45568,45571,45574,45577,45580,45583,45586,45589,45592,45595,45598,45601,45604,45607,45610,45613,45616,45619,45622,45625,45628,45631,45634,45637,45640,45643,45646,45649,45652,45655,45658,45661,45664,45667,45670,45673,45676,45679,45682,45685,45688,45691,45694,45697,45700,45703,45706,45709,45712,45715,45718,45721,45724,45727,45730,45733,45736,45739,45742,45745,45748,45751,45754,45757,45760,45763,45766,45769,45772,45775,45778,45781,45784,45787,45790,45793,45796,45799,45802,45805,45808,45811,45814,45817,45820,45823,45826,45829,45832,45835,45838,45841,45844,45847,45850,45853,45856,45859,45862,45865,45868,45871,45874,45877,45880,45883,45886,45889,45892,45895,45898,45901,45904,45907,45910,45913,45916,45919,45922,45925,45928,45931,45934,45937,45943,45949,45955,45958,45961,45964,45967,45970,45973,45976,45979,45982,45985,45991,45994,45997,46000,46003,46006,46009,46012,46015,46018,46021,46024,46027,46030,46033,46036,46039,46042,46045,46048,46051,46054,46057,46063,46069,46075,46081,46087,46090,46093,46096,46099,46102,46105,46108,46114,46120,46123,46126,46129,46132,46135,46138,46144,46150,46168,46174,46177,46180,46183,46186,46189,46192,46198,46204,46210,46216,46219,46222,46225,46228,46231,46234,46237,46240,46243,46246,46249,46252,46255,46258,46261,46264,46267,46270,46273,46276,46279,46282,46285,46288,46291,46294,46297,46300,46303,46306,46309,46312,46315,46318,46321,46324,46327,46330,46333,46336,46339,46342,46345,46348,46351,46354,46357,46360,46363,46366,46369,46372,46375,46378,46381,46384,46387,46390,46393,46396,46399,46402,46405,46408,46411,46414,46417,46420,46423,46426,46429,46432,46435,46438,46441,46444,46447,46450,46453,46456,46459,46462,46465,46468,46471,46474,46477,46480,46483,46486,46489,46492,46495,46498,46504,46510,46516,46522,46531,46537,46543,46549,46555,46561,46567,46573,46579,46585,46591,46594,46597,46600,46603,46606,46609,46612,46615,46618,46621,46624,46627,46630,46633,46636,46639,46642,46645,46648,46651,46654,46657,46660,46663,46666,46669,46672,46675,46678,46681,46684,46687,46690,46693,46696,46699,46702,46705,46708,46711,46714,46717,46720,46723,46726,46729,46732,46735,46738,46741,46744,46747,46750,46753,46756,46759,46762,46765,46768,46771,46774,46777,46780,46783,46786,46789,46792,46795,46798,46801,46804,46807,46810,46813,46816,46819,46822,46825,46831,46837,46840,46843,46846,46849,46852,46858,46861,46864,46867,46870,46873,46876,46879,46882,46885,46888,46891,46894,46897,46900,46903,46906,46909,46912,46915,46918,46921,46924,46927,46930,46933,46936,46939,46942,46945,46948,46951,46954,46957,46960,46963,46966,46969,46972,46975,46978,46981,46984,46987,46990,46993,46996,46999,47002,47005,47008,47011,47014,47017,47020,47023,47026,47029,47032,47035,47038,47041,47044,47047,47050,47053,47056,47059,47062,47065,47068,47071,47074,47077,47080,47083,47086,47089,47092,47095,47098,47101,47104,47110,47140,47149,47155,47161,47164,47167,47170,47173,47176,47179,47182,47185,47188,47191,47194,47197,47200,47203,47206,47209,47212,47215,47218,47221,47224,47227,47230,47233,47236,47239,47242,47245,47248,47251,47254,47257,47260,47263,47266,47269,47272,47275,47278,47281,47284,47287,47290,47293,47296,47299,47302,47305,47308,47311,47314,47317,47320,47323,47326,47329,47332,47335,47338,47341,47344,47347,47350,47353,47356,47359,47362,47365,47368,47371,47374,47377,47380,47383,47386,47389,47392,47395,47398,47401,47404,47407,47410,47413,47416,47419,47422,47425,47428,47431,47434,47437,47440,47443,47446,47449,47452,47455,47458,47461,47464,47467,47470,47473,47476,47482,47488,47494,47500,47506,47512,47518,47524,47527,47530,47533,47536,47539,47542,47545,47548,47551,47554,47557,47560,47563,47566,47569,47572,47575,47578,47581,47584,47587,47590,47593,47596,47599,47602,47605,47608,47611,47614,47617,47620,47623,47626,47629,47632,47635,47638,47641,47644,47647,47650,47653,47656,47659,47662,47665,47668,47671,47674,47677,47680,47683,47686,47689,47692,47695,47698,47701,47704,47707,47710,47713,47716,47719,47722,47725,47728,47731,47734,47737,47740,47743,47746,47749,47752,47755,47758,47761,47764,47767,47770,47773,47776,47779,47782,47785,47788,47791,47794,47797,47800,47803,47806,47809,47812,47815,47818,47821,47824,47827,47830,47833,47836,47839,47842,47845,47848,47851,47854,47857,47860,47863,47866,47869,47872,47875,47878,47881,47884,47887,47890,47893,47896,47899,47902,47905,47908,47911,47917,47923,47926,47929,47932,47935,47938,47944,47950,47956,47962,47971,47977,47983,47989,47992,47995,47998,48001,48004,48007,48010,48013,48016,48019,48022,48025,48028,48031,48034,48037,48040,48043,48046,48049,48052,48055,48058,48061,48064,48067,48070,48073,48076,48079,48082,48085,48088,48091,48094,48097,48100,48103,48106,48109,48112,48115,48118,48121,48124,48130,48133,48139,48142,48145,48148,48151,48154,48157,48160,48163,48166,48169,48172,48175,48178,48181,48184,48187,48190,48193,48196,48199,48205,48211,48217,48220,48223,48229,48235,48241,48247,48253,48256,48262,48268,48274,48280,48286,48292,48298,48304,48307,48310,48313,48316,48319,48322,48325,48328,48331,48334,48337,48340,48343,48346,48349,48352,48355,48358,48361,48364,48367,48370,48373,48376,48379,48382,48385,48388,48391,48394,48397,48400,48403,48406,48409,48412,48415,48418,48421,48424,48427,48430,48433,48436,48439,48442,48445,48448,48451,48454,48457,48460,48463,48466,48469,48472,48475,48478,48481,48484,48487,48490,48493,48496,48499,48502,48505,48508,48511,48514,48517,48520,48523,48526,48529,48532,48535,48538,48541,48544,48547,48550,48553,48556,48559,48562,48565,48568,48571,48574,48577,48580,48583,48586,48589,48592,48595,48598,48601,48604,48607,48610,48613,48616,48619,48622,48625,48628,48631,48634,48637,48640,48643,48646,48649,48652,48655,48658,48661,48664,48667,48670,48673,48676,48679,48682,48685,48688,48691,48694,48697,48700,48703,48706,48709,48712,48715,48718,48721,48724,48727,48730,48733,48736,48742,48751,48757,48760,48763,48766,48769,48775,48781,48784,48787,48790,48793,48796,48802,48814,48820,48823,48826,48829,48832,48835,48838,48844,48850,48856,48859,48862,48865,48868,48874,48880,48883,48886,48889,48892,48895,48907,48916,48925,48931,48934,48937,48943,48952,48958,48961,48964,48967,48970,48973,48976,48982,48988,48994,49000,49006,49015,49024,49030,49036,49042,49048,49054,49060,49066,49075,49081,49096,49102,49108,49114,49120,49126,49132,49138,49141,49147,49159,49174]],"type":"operational_gps","source":"recorded_gps"},"geometry":{"type":"MultiLineString","coordinates":[[[51.00328,35.76667],[51.00321,35.76655],[51.00321,35.76657],[51.00321,35.76658],[51.00363,35.76651],[51.00374,35.76652],[51.00354,35.76656],[51.00343,35.76661],[51.00323,35.76657],[51.00366,35.76654],[51.00367,35.76654],[51.0037,35.76656],[51.00369,35.76659],[51.00343,35.7666],[51.00315,35.76631],[51.0031,35.76592],[51.00303,35.76552],[51.00296,35.76502],[51.00286,35.76444],[51.00279,35.76387],[51.00269,35.76318],[51.00256,35.76246],[51.00249,35.76208],[51.00243,35.76172],[51.00233,35.76108],[51.00217,35.76051],[51.00192,35.76001],[51.00169,35.75956],[51.0014,35.75898],[51.00106,35.75831],[51.00087,35.75795],[51.00069,35.75758],[51.00047,35.7572],[51.00027,35.75683],[51.00006,35.75646],[50.99985,35.75606],[50.99966,35.75569],[50.99947,35.7553],[50.99928,35.75493],[50.99914,35.75453],[50.99903,35.75417],[50.99887,35.75361],[50.9987,35.75308],[50.99861,35.75263],[50.9985,35.75213],[50.99838,35.75167],[50.99827,35.75125],[50.99813,35.75078],[50.99797,35.75036],[50.99788,35.74996],[50.99775,35.74939],[50.99758,35.74885],[50.99739,35.74826],[50.99721,35.74754],[50.99701,35.74686],[50.99688,35.74647],[50.99673,35.7461],[50.99661,35.74568],[50.9965,35.74528],[50.99646,35.74524],[50.99645,35.74523],[50.99629,35.74479],[50.99621,35.74443],[50.9961,35.74395],[50.99599,35.74344],[50.9959,35.743],[50.99585,35.74261],[50.99583,35.74225],[50.99578,35.74189],[50.9957,35.74146],[50.99564,35.74096],[50.99559,35.74049],[50.99553,35.73991],[50.99552,35.73942],[50.99547,35.73902],[50.99543,35.73866],[50.99539,35.73815],[50.99533,35.73762],[50.99527,35.73721],[50.99521,35.73675],[50.99485,35.73648],[50.99458,35.7368],[50.99425,35.73709],[50.99374,35.73715],[50.9933,35.73719],[50.99285,35.73731],[50.99217,35.73741],[50.99174,35.73762],[50.99128,35.73729],[50.9914,35.73683],[50.99131,35.73629],[50.99111,35.73569],[50.99101,35.73512],[50.99093,35.73493],[50.99093,35.7349],[50.99094,35.73491],[50.99086,35.73446],[50.99078,35.73397],[50.99066,35.7335],[50.99016,35.73333],[50.98963,35.73343],[50.98904,35.7335],[50.98848,35.73357],[50.988,35.73367],[50.9875,35.73344],[50.98729,35.73304],[50.98706,35.73263],[50.98687,35.73229],[50.98664,35.73192],[50.98642,35.73156],[50.98611,35.73111],[50.98583,35.73071],[50.9855,35.73025],[50.98527,35.72995],[50.98527,35.72995],[50.98527,35.72995],[50.98526,35.72995],[50.98526,35.72995],[50.98504,35.72956],[50.98454,35.72957],[50.9841,35.72985],[50.98356,35.73015],[50.98296,35.73048],[50.98237,35.73083],[50.98197,35.73104],[50.9815,35.73126],[50.98098,35.73154],[50.98054,35.73178],[50.98035,35.73192],[50.98035,35.73192],[50.98035,35.73192],[50.98035,35.73192],[50.98034,35.73193],[50.98034,35.73193],[50.98034,35.73192],[50.98033,35.73192],[50.98006,35.73205],[50.97958,35.7323],[50.97902,35.73259],[50.97871,35.73287],[50.97898,35.73322],[50.97922,35.73358],[50.97948,35.73394],[50.97948,35.73397],[50.97979,35.73446],[50.97997,35.7348],[50.97992,35.73482],[50.97991,35.73483],[50.97991,35.73483],[50.97991,35.73484],[50.97991,35.73483],[50.97985,35.73481],[50.9798,35.73468],[50.9798,35.73468],[50.97991,35.73477],[50.97994,35.73484],[50.97987,35.73487],[50.97991,35.73482],[50.98011,35.73526],[50.98044,35.73554],[50.98056,35.73593],[50.98084,35.73636],[50.98116,35.73683],[50.98141,35.73723],[50.98181,35.73771],[50.98215,35.73824],[50.98245,35.73857],[50.98305,35.73857],[50.98306,35.73864],[50.98306,35.73864],[50.98305,35.73863],[50.98305,35.73863],[50.98243,35.73876],[50.98171,35.73888],[50.98107,35.73905],[50.98052,35.73917],[50.98001,35.73931],[50.97949,35.73942],[50.97911,35.73954],[50.9791,35.73954],[50.9791,35.73954],[50.9791,35.73954],[50.9791,35.73954],[50.9791,35.73954],[50.9791,35.73954],[50.97909,35.73954],[50.97909,35.73953],[50.97861,35.73933],[50.97829,35.73881],[50.97801,35.73837],[50.97771,35.73788],[50.97734,35.73736],[50.97707,35.73703],[50.97679,35.73665],[50.97651,35.73622],[50.97624,35.73572],[50.97606,35.73538],[50.97592,35.73516],[50.97591,35.73515],[50.97587,35.73513],[50.97557,35.73478],[50.97516,35.73463],[50.97462,35.73485],[50.97413,35.73505],[50.97444,35.73473],[50.97497,35.7345],[50.97504,35.73407],[50.97481,35.73367],[50.97455,35.73328],[50.97427,35.73286],[50.97394,35.73239],[50.97368,35.73207],[50.97325,35.73222],[50.9728,35.73238],[50.97245,35.7326],[50.97245,35.73262],[50.97245,35.73262],[50.97245,35.73262],[50.97245,35.73262],[50.97245,35.73262],[50.97245,35.73262],[50.97245,35.73262],[50.97245,35.73262],[50.97189,35.73277],[50.97133,35.73296],[50.97075,35.73322],[50.97034,35.73333],[50.96979,35.73296],[50.96932,35.7325],[50.96885,35.73199],[50.96853,35.73166],[50.96813,35.73123],[50.96771,35.73081],[50.96738,35.73052],[50.96706,35.73014],[50.96662,35.72973],[50.9661,35.72922],[50.9658,35.72895],[50.96531,35.72847],[50.965,35.72807],[50.96475,35.7277],[50.9644,35.72736],[50.96481,35.7275],[50.96475,35.72746],[50.96476,35.72742],[50.9647,35.7275],[50.9647,35.7275],[50.96514,35.7276],[50.96546,35.72792],[50.96572,35.72825],[50.96613,35.72896],[50.96623,35.72932],[50.96662,35.72973],[50.96703,35.73023],[50.96751,35.73073],[50.96791,35.73095],[50.96844,35.73091],[50.96887,35.73075],[50.96953,35.73077],[50.97001,35.7307],[50.97045,35.73061],[50.97098,35.7308],[50.97158,35.73052],[50.97222,35.7304],[50.97279,35.73047],[50.97314,35.73088],[50.97336,35.7313],[50.97358,35.73163],[50.97383,35.73197],[50.97434,35.73178],[50.97484,35.73157],[50.97523,35.73139],[50.9758,35.73114],[50.97643,35.73087],[50.97672,35.73056],[50.97666,35.73013],[50.97644,35.72969],[50.97626,35.72933],[50.97664,35.72968],[50.97689,35.73007],[50.97717,35.73036],[50.97718,35.73047],[50.97747,35.73087],[50.97776,35.73137],[50.97807,35.73189],[50.97829,35.73231],[50.97828,35.73256],[50.97828,35.73256],[50.97874,35.7324],[50.97921,35.73217],[50.97973,35.73192],[50.9802,35.73171],[50.98059,35.73148],[50.98104,35.73127],[50.98157,35.73098],[50.98202,35.73077],[50.98251,35.73051],[50.98315,35.73013],[50.9838,35.72974],[50.98433,35.72937],[50.98468,35.72915],[50.98469,35.72917],[50.98469,35.72917],[50.98469,35.72917],[50.98469,35.72917],[50.9847,35.72917],[50.98469,35.72917],[50.98502,35.72878],[50.98539,35.72832],[50.98581,35.72782],[50.98624,35.72725],[50.98676,35.72667],[50.98705,35.72635],[50.98734,35.72607],[50.98783,35.72563],[50.98806,35.7253],[50.98822,35.72491],[50.98828,35.7244],[50.98819,35.72401],[50.98778,35.724],[50.98773,35.72402],[50.98714,35.72412],[50.98662,35.72424],[50.986,35.72438],[50.98542,35.72449],[50.98478,35.7245],[50.98442,35.72427],[50.98429,35.72375],[50.98454,35.72343],[50.98497,35.72335],[50.98542,35.72325],[50.98588,35.72312],[50.98646,35.72299],[50.98696,35.72289],[50.98746,35.72285],[50.98753,35.72284],[50.98754,35.72284],[50.98754,35.72284],[50.98754,35.72284],[50.98764,35.72231],[50.9875,35.72168],[50.98734,35.72105],[50.98722,35.72052],[50.98696,35.72009],[50.98701,35.71968],[50.98693,35.71929],[50.98681,35.71891],[50.98678,35.71887],[50.98674,35.71878],[50.98669,35.71866],[50.98668,35.71862],[50.98668,35.71863],[50.98668,35.71864],[50.98668,35.71865],[50.98669,35.71866],[50.98666,35.71846],[50.98658,35.71808],[50.98648,35.71769],[50.98645,35.71731],[50.98633,35.7169],[50.98622,35.71648],[50.98614,35.71607],[50.98597,35.71556],[50.98581,35.71508],[50.98555,35.71466],[50.9855,35.71423],[50.98537,35.7137],[50.98525,35.71317],[50.98513,35.71261],[50.98492,35.71209],[50.98479,35.71159],[50.98467,35.71108],[50.98457,35.71065],[50.98433,35.71031],[50.98399,35.71015],[50.98397,35.71012],[50.98397,35.71012],[50.98397,35.71012],[50.98407,35.70968],[50.98371,35.70925],[50.98328,35.70887],[50.98282,35.70845],[50.98253,35.70811],[50.98212,35.70795],[50.98161,35.70804],[50.981,35.70814],[50.98048,35.70822],[50.97997,35.70832],[50.97936,35.70843],[50.97876,35.70856],[50.97809,35.70867],[50.97725,35.7088],[50.97652,35.70894],[50.97572,35.70907],[50.97525,35.70916],[50.97481,35.70916],[50.97429,35.709],[50.97398,35.70851],[50.97386,35.70804],[50.97384,35.70768],[50.97367,35.70724],[50.97371,35.70701],[50.97369,35.70702],[50.97368,35.70697],[50.97366,35.70689],[50.97319,35.70693],[50.97265,35.70698],[50.97209,35.70704],[50.97146,35.70712],[50.97076,35.70718],[50.97024,35.70724],[50.96981,35.70735],[50.96931,35.70745],[50.96884,35.70749],[50.96829,35.70757],[50.96793,35.70799],[50.96765,35.70836],[50.96733,35.70874],[50.96708,35.70916],[50.9674,35.70947],[50.96787,35.70987],[50.96827,35.71019],[50.96868,35.71056],[50.96919,35.71102],[50.96971,35.71155],[50.97021,35.71202],[50.97071,35.71233],[50.97129,35.71267],[50.97188,35.71299],[50.9723,35.71326],[50.97199,35.71365],[50.97138,35.71386],[50.97096,35.71398],[50.97014,35.7142],[50.9694,35.71447],[50.96879,35.71472],[50.96827,35.71491],[50.96773,35.71509],[50.96715,35.71534],[50.9665,35.71558],[50.9657,35.7159],[50.96525,35.7161],[50.96481,35.71627],[50.96436,35.71639],[50.96387,35.71645],[50.96333,35.71641],[50.96278,35.71637],[50.96224,35.7163],[50.96175,35.71625],[50.96097,35.71619],[50.96017,35.7161],[50.9593,35.71604],[50.95847,35.71598],[50.95796,35.71603],[50.95752,35.71618],[50.95696,35.71639],[50.95633,35.71654],[50.9556,35.71673],[50.95478,35.71692],[50.95399,35.7171],[50.95335,35.71726],[50.95283,35.71741],[50.953,35.71783],[50.95311,35.71817],[50.95308,35.7181],[50.95297,35.71766],[50.9533,35.71726],[50.95397,35.71704],[50.95479,35.71686],[50.95521,35.71676],[50.95596,35.71653],[50.95675,35.71634],[50.9574,35.71608],[50.95764,35.71576],[50.95819,35.71587],[50.95876,35.71582],[50.95954,35.71566],[50.95999,35.71552],[50.96047,35.71538],[50.96098,35.71522],[50.96148,35.7151],[50.96201,35.71503],[50.9626,35.71495],[50.96319,35.71491],[50.96379,35.71493],[50.9644,35.71492],[50.96504,35.7149],[50.9657,35.71484],[50.96634,35.71474],[50.96699,35.71465],[50.96764,35.71455],[50.96826,35.71446],[50.9689,35.71434],[50.96955,35.7142],[50.97013,35.71407],[50.97062,35.71394],[50.97127,35.71375],[50.97173,35.71356],[50.97221,35.71336],[50.97184,35.71307],[50.97135,35.71278],[50.97082,35.71246],[50.97032,35.71217],[50.9699,35.71182],[50.96943,35.71137],[50.96902,35.711],[50.96858,35.71063],[50.96815,35.71022],[50.96767,35.70977],[50.96719,35.70938],[50.96691,35.70903],[50.96721,35.70864],[50.96767,35.70813],[50.96809,35.70755],[50.96827,35.70722],[50.96853,35.70661],[50.96865,35.70603],[50.96859,35.7055],[50.96839,35.70513],[50.96856,35.70473],[50.96854,35.70424],[50.9683,35.70373],[50.96813,35.70339],[50.96796,35.70303],[50.96777,35.70268],[50.96755,35.7023],[50.96734,35.70188],[50.96714,35.70148],[50.96687,35.70102],[50.96669,35.70065],[50.96648,35.70023],[50.96632,35.69989],[50.96603,35.69934],[50.96567,35.69867],[50.96547,35.6983],[50.96527,35.69793],[50.96506,35.69755],[50.96486,35.69716],[50.96469,35.69682],[50.96457,35.69645],[50.96433,35.69604],[50.96397,35.69557],[50.96373,35.69512],[50.96379,35.69471],[50.96366,35.6943],[50.96388,35.69391],[50.96389,35.69349],[50.96375,35.69315],[50.96355,35.69339],[50.9635,35.69348],[50.96391,35.69335],[50.96371,35.6934],[50.96348,35.69305],[50.96334,35.69256],[50.9631,35.69222],[50.96277,35.69185],[50.96256,35.69145],[50.96275,35.69101],[50.96321,35.69073],[50.96368,35.69057],[50.9641,35.69035],[50.96453,35.6902],[50.96489,35.68998],[50.96535,35.68972],[50.9658,35.68952],[50.96635,35.68934],[50.96692,35.68915],[50.96734,35.689],[50.96773,35.68878],[50.96813,35.68855],[50.96849,35.68898],[50.9686,35.6894],[50.96858,35.68979],[50.96855,35.69015],[50.96859,35.69056],[50.9686,35.69093],[50.96865,35.69135],[50.96877,35.69178],[50.96898,35.69214],[50.96908,35.69231],[50.9691,35.69236],[50.9695,35.69267],[50.96979,35.69297],[50.97005,35.6933],[50.97019,35.69366],[50.97028,35.69402],[50.9705,35.69437],[50.97068,35.69474],[50.97081,35.6951],[50.97099,35.69544],[50.9712,35.69583],[50.97134,35.69618],[50.97156,35.69651],[50.9717,35.69693],[50.97168,35.6974],[50.97164,35.69792],[50.97164,35.69829],[50.97165,35.69869],[50.97184,35.69914],[50.97205,35.69948],[50.97261,35.69958],[50.97316,35.69965],[50.97373,35.69969],[50.97427,35.6997],[50.97475,35.69952],[50.97523,35.69951],[50.9757,35.69954],[50.97613,35.69971],[50.97662,35.69956],[50.9772,35.69959],[50.97773,35.69959],[50.97822,35.69959],[50.97868,35.69961],[50.97934,35.69959],[50.97982,35.69955],[50.97995,35.69943],[50.97995,35.69942],[50.97995,35.69942],[50.97996,35.69942],[50.98051,35.69929],[50.98108,35.69925],[50.98146,35.69948],[50.98165,35.69983],[50.9819,35.70018],[50.98238,35.70015],[50.98309,35.70014],[50.98375,35.7001],[50.98435,35.70006],[50.98488,35.70005],[50.98533,35.70007],[50.9858,35.70002],[50.98627,35.70004],[50.98672,35.70005],[50.9873,35.69991],[50.98777,35.69981],[50.98825,35.69969],[50.98831,35.69975],[50.9883,35.69975],[50.98879,35.69962],[50.98902,35.69928],[50.9889,35.69882],[50.98878,35.69831],[50.9886,35.69781],[50.98839,35.69739],[50.98826,35.69694],[50.98864,35.69729],[50.98915,35.69718],[50.98959,35.69707],[50.99007,35.69687],[50.99052,35.69678],[50.99114,35.6967],[50.99162,35.69654],[50.99216,35.69634],[50.99259,35.69621],[50.99306,35.69606],[50.99359,35.69585],[50.99404,35.69569],[50.99453,35.69549],[50.99496,35.69519],[50.99483,35.69461],[50.99463,35.69421],[50.99442,35.69382],[50.99421,35.69338],[50.99406,35.69292],[50.99383,35.69237],[50.99354,35.69173],[50.99322,35.69103],[50.99305,35.69063],[50.99282,35.69017],[50.99264,35.68978],[50.99243,35.68932],[50.99228,35.68894],[50.99211,35.68861],[50.99157,35.68851],[50.99104,35.68868],[50.9905,35.68886],[50.98996,35.68898],[50.98953,35.68912],[50.98929,35.68923],[50.98928,35.68924],[50.98927,35.68924],[50.98927,35.68924],[50.98882,35.68938],[50.98831,35.6896],[50.98787,35.68976],[50.98737,35.68991],[50.98691,35.69001],[50.98646,35.69021],[50.9865,35.69065],[50.98662,35.69114],[50.9868,35.69168],[50.98692,35.69218],[50.98702,35.69254],[50.98718,35.69295],[50.9873,35.69345],[50.98745,35.69394],[50.98764,35.69449],[50.98783,35.6951],[50.98795,35.69553],[50.98809,35.696],[50.98822,35.6964],[50.98826,35.69682],[50.98836,35.6972],[50.98854,35.69774],[50.98868,35.69809],[50.98883,35.69854],[50.98896,35.69898],[50.98915,35.69949],[50.98934,35.69994],[50.9895,35.70045],[50.98967,35.70099],[50.98982,35.70158],[50.99005,35.70217],[50.99023,35.70279],[50.99064,35.703],[50.9911,35.70289],[50.99154,35.70277],[50.99212,35.70264],[50.99209,35.70217],[50.99207,35.70217],[50.99207,35.70216],[50.99206,35.70217],[50.99248,35.70237],[50.99298,35.70241],[50.99254,35.70251],[50.99197,35.70266],[50.9914,35.70271],[50.9909,35.70286],[50.99046,35.70295],[50.99048,35.70348],[50.99061,35.70389],[50.99076,35.70434],[50.99089,35.70476],[50.99108,35.70528],[50.99121,35.70575],[50.99131,35.70612],[50.99142,35.7065],[50.99154,35.70689],[50.99174,35.7074],[50.99192,35.70801],[50.99212,35.70863],[50.99232,35.70928],[50.99255,35.70995],[50.99279,35.71065],[50.99289,35.71103],[50.99294,35.7114],[50.993,35.71206],[50.99304,35.71249],[50.9931,35.7129],[50.99314,35.71338],[50.99319,35.71396],[50.99326,35.7146],[50.99329,35.71517],[50.99334,35.71566],[50.9934,35.71623],[50.99345,35.71686],[50.99353,35.71743],[50.9936,35.71781],[50.99365,35.71833],[50.99368,35.71879],[50.99372,35.71923],[50.99377,35.71977],[50.99382,35.72019],[50.99387,35.72073],[50.99393,35.72135],[50.99396,35.72171],[50.994,35.72209],[50.99403,35.72249],[50.99408,35.7229],[50.99411,35.72333],[50.99416,35.72377],[50.9942,35.72421],[50.99424,35.72464],[50.99428,35.72503],[50.99433,35.72542],[50.99437,35.72583],[50.99444,35.7265],[50.99448,35.72692],[50.99451,35.72734],[50.99455,35.72776],[50.99459,35.72814],[50.99465,35.72886],[50.99471,35.72951],[50.99475,35.73003],[50.99483,35.73045],[50.99486,35.73085],[50.99493,35.73143],[50.99504,35.73209],[50.99511,35.73264],[50.99516,35.73316],[50.99518,35.7338],[50.99523,35.73451],[50.99526,35.73489],[50.99529,35.73527],[50.99532,35.73567],[50.99535,35.73606],[50.99537,35.73645],[50.99542,35.73699],[50.99547,35.7375],[50.99554,35.7381],[50.99559,35.73857],[50.99591,35.73889],[50.99642,35.73878],[50.99706,35.73862],[50.9978,35.73844],[50.99847,35.7383],[50.99892,35.73819],[50.99961,35.73804],[51.00013,35.73794],[51.00077,35.73782],[51.00152,35.73765],[51.00223,35.73748],[51.00306,35.7373],[51.00355,35.73719],[51.00407,35.73707],[51.00462,35.73695],[51.00519,35.73683],[51.00574,35.7367],[51.0063,35.73658],[51.00703,35.73642],[51.00761,35.7363],[51.00821,35.73618],[51.00875,35.73604],[51.00934,35.73591],[51.01024,35.73571],[51.01081,35.7356],[51.0114,35.73548],[51.01193,35.73535],[51.01261,35.73517],[51.01338,35.735],[51.01393,35.73486],[51.01458,35.73471],[51.01548,35.7345],[51.01598,35.7344],[51.01652,35.7343],[51.01711,35.73418],[51.01773,35.73408],[51.01838,35.73394],[51.01904,35.73383],[51.01963,35.73372],[51.02022,35.7336],[51.02068,35.73352],[51.02118,35.73344],[51.02168,35.73336],[51.02215,35.73326],[51.02273,35.73317],[51.02347,35.73304],[51.02423,35.73291],[51.02471,35.73281],[51.02526,35.73272],[51.02579,35.73264],[51.02647,35.73252],[51.02707,35.73239],[51.02752,35.73231],[51.0281,35.73223],[51.02882,35.73209],[51.02939,35.73197],[51.02988,35.73187],[51.03055,35.73177],[51.03122,35.73165],[51.03169,35.73135],[51.03197,35.73085],[51.03215,35.73049],[51.03236,35.73007],[51.0326,35.72963],[51.03284,35.72918],[51.0331,35.72868],[51.03338,35.72815],[51.03364,35.72762],[51.03392,35.72707],[51.03422,35.72649],[51.03454,35.7259],[51.0348,35.72538],[51.03504,35.72489],[51.03531,35.72436],[51.03559,35.7238],[51.03591,35.72322],[51.03621,35.7226],[51.03652,35.72197],[51.03685,35.72133],[51.03719,35.72068],[51.03753,35.72002],[51.03787,35.71935],[51.03822,35.71867],[51.03854,35.71802],[51.03887,35.71738],[51.03921,35.71672],[51.03955,35.71604],[51.03988,35.71535],[51.04024,35.71465],[51.04059,35.71394],[51.04096,35.71322],[51.0413,35.71253],[51.04162,35.71189],[51.0419,35.71129],[51.04216,35.71074],[51.04239,35.71021],[51.04258,35.70972],[51.04271,35.70928],[51.04279,35.7089],[51.04287,35.70834],[51.04264,35.70778],[51.04227,35.70731],[51.04202,35.70706],[51.04203,35.70706],[51.04201,35.70707],[51.04206,35.70708],[51.04184,35.70714],[51.04184,35.70714],[51.04184,35.70714],[51.04183,35.70713],[51.04147,35.70715],[51.04146,35.70714],[51.04115,35.70689],[51.04113,35.70689],[51.04121,35.70678],[51.04128,35.70673],[51.04128,35.70674],[51.04129,35.7067],[51.04128,35.70671],[51.0409,35.70642],[51.04153,35.70635],[51.04224,35.70623],[51.04293,35.70577],[51.04325,35.70538],[51.04344,35.70493],[51.04353,35.70437],[51.04358,35.70399],[51.04364,35.70356],[51.04371,35.7031],[51.04379,35.70263],[51.04388,35.70215],[51.04395,35.70164],[51.04405,35.70112],[51.04413,35.70056],[51.04422,35.69998],[51.04432,35.6994],[51.04442,35.6988],[51.04452,35.6982],[51.04462,35.69759],[51.04473,35.69696],[51.04482,35.69635],[51.04492,35.69577],[51.04503,35.6952],[51.04515,35.69461],[51.04525,35.69401],[51.04533,35.69339],[51.04543,35.69274],[51.04553,35.69209],[51.04564,35.69144],[51.04574,35.69079],[51.04584,35.69016],[51.04593,35.68957],[51.04601,35.68901],[51.04608,35.68848],[51.04614,35.68798],[51.04618,35.68757],[51.04615,35.6871],[51.04597,35.68668],[51.04574,35.6863],[51.04581,35.68584],[51.0463,35.6855],[51.04695,35.68557],[51.04747,35.68575],[51.04809,35.68587],[51.04873,35.6858],[51.04954,35.68567],[51.04998,35.68559],[51.05044,35.68552],[51.05091,35.68552],[51.05141,35.68552],[51.05193,35.68555],[51.05242,35.68559],[51.05291,35.68567],[51.05335,35.68577],[51.05377,35.68588],[51.0542,35.68602],[51.05463,35.68617],[51.05508,35.68634],[51.05557,35.68653],[51.05608,35.68672],[51.05659,35.68692],[51.05712,35.68712],[51.05764,35.68732],[51.05816,35.68752],[51.05868,35.68769],[51.05919,35.68789],[51.05971,35.68811],[51.06026,35.68832],[51.06082,35.68855],[51.06142,35.68877],[51.06204,35.68901],[51.06266,35.68924],[51.06331,35.68947],[51.06397,35.6897],[51.06463,35.68994],[51.06526,35.69018],[51.06591,35.69041],[51.06654,35.69064],[51.06714,35.69087],[51.06772,35.69109],[51.0683,35.69132],[51.06888,35.69154],[51.06947,35.69177],[51.07009,35.69197],[51.07075,35.69209],[51.07138,35.69213],[51.07205,35.69215],[51.07272,35.69226],[51.07337,35.6924],[51.07407,35.69249],[51.07478,35.69255],[51.0755,35.6926],[51.07621,35.69265],[51.07692,35.69268],[51.07764,35.69273],[51.07838,35.69278],[51.07915,35.69282],[51.07991,35.69286],[51.08068,35.6929],[51.08148,35.69296],[51.08228,35.693],[51.08307,35.69303],[51.08387,35.69305],[51.0847,35.69309],[51.08552,35.69315],[51.08635,35.69319],[51.08718,35.6932],[51.08801,35.69315],[51.08882,35.693],[51.0896,35.69279],[51.09035,35.6925],[51.09106,35.69214],[51.09174,35.69176],[51.0924,35.69138],[51.09302,35.69103],[51.09356,35.69071],[51.09411,35.69041],[51.0947,35.69011],[51.0953,35.6898],[51.09592,35.68944],[51.09658,35.68907],[51.09722,35.68869],[51.09786,35.68832],[51.09849,35.68797],[51.09914,35.6876],[51.09981,35.68722],[51.1005,35.68684],[51.10121,35.68644],[51.10191,35.68604],[51.10261,35.68562],[51.10334,35.6852],[51.10407,35.68479],[51.10482,35.68435],[51.10554,35.68395],[51.10623,35.68356],[51.1069,35.68318],[51.10755,35.68281],[51.10818,35.68246],[51.10882,35.68212],[51.10949,35.68176],[51.11022,35.68146],[51.111,35.68122],[51.11181,35.68101],[51.11264,35.6808],[51.11348,35.68061],[51.11432,35.68042],[51.11516,35.68022],[51.11602,35.68001],[51.11689,35.67983],[51.11773,35.67974],[51.11856,35.67973],[51.1194,35.67983],[51.1202,35.68002],[51.12093,35.68031],[51.12159,35.6807],[51.12221,35.6811],[51.12283,35.68151],[51.12343,35.68192],[51.12404,35.6823],[51.12464,35.68267],[51.12527,35.68301],[51.12589,35.68335],[51.1265,35.68368],[51.12706,35.68398],[51.12761,35.68428],[51.12812,35.68458],[51.12865,35.68487],[51.12921,35.68517],[51.12976,35.68547],[51.13036,35.68579],[51.13098,35.68611],[51.13161,35.68643],[51.13224,35.68675],[51.13287,35.68709],[51.13351,35.68741],[51.13415,35.68773],[51.13481,35.68807],[51.13547,35.68841],[51.13611,35.68877],[51.13676,35.68914],[51.13735,35.68952],[51.13791,35.68991],[51.13841,35.69033],[51.1389,35.69077],[51.13934,35.69124],[51.13973,35.69173],[51.1401,35.69225],[51.14046,35.6928],[51.14079,35.69336],[51.14111,35.6939],[51.14145,35.69445],[51.14178,35.69499],[51.14211,35.69553],[51.14243,35.69606],[51.14274,35.69658],[51.14303,35.69711],[51.14335,35.69765],[51.14368,35.69818],[51.14402,35.69871],[51.14434,35.69924],[51.14467,35.69978],[51.14499,35.70032],[51.14531,35.70085],[51.14563,35.70138],[51.14596,35.70192],[51.14632,35.70246],[51.14671,35.70296],[51.14708,35.70347],[51.14743,35.70399],[51.14776,35.70453],[51.14802,35.70508],[51.14828,35.70565],[51.14856,35.7062],[51.14886,35.70675],[51.14914,35.70726],[51.14943,35.70778],[51.14971,35.70828],[51.14999,35.70874],[51.15026,35.70919],[51.15053,35.70963],[51.15078,35.71005],[51.15101,35.71044],[51.15122,35.71081],[51.15144,35.71119],[51.15165,35.71158],[51.15186,35.71199],[51.15211,35.7124],[51.15238,35.71284],[51.15269,35.7133],[51.15299,35.71379],[51.15328,35.71429],[51.15359,35.7148],[51.15389,35.7153],[51.1542,35.71579],[51.15451,35.71629],[51.15482,35.71678],[51.15512,35.71728],[51.1554,35.71778],[51.15568,35.71827],[51.15598,35.71875],[51.15627,35.71923],[51.15655,35.71972],[51.15681,35.72022],[51.15704,35.72072],[51.15728,35.7212],[51.15752,35.72165],[51.15774,35.7221],[51.15794,35.72254],[51.15815,35.72299],[51.15835,35.72343],[51.15853,35.72383],[51.1587,35.7242],[51.1589,35.72452],[51.15928,35.72504],[51.15981,35.72508],[51.16056,35.72493],[51.161,35.72485],[51.16152,35.72476],[51.16204,35.72465],[51.1626,35.72455],[51.16316,35.72444],[51.16372,35.72434],[51.16426,35.72423],[51.16481,35.72414],[51.16538,35.72405],[51.16593,35.72395],[51.16677,35.7238],[51.16723,35.7237],[51.1677,35.72361],[51.16821,35.72351],[51.16874,35.72341],[51.16929,35.72331],[51.16984,35.72321],[51.17044,35.72311],[51.17108,35.723],[51.17173,35.72286],[51.17241,35.72272],[51.1731,35.72258],[51.1738,35.72245],[51.17454,35.72231],[51.17527,35.72217],[51.17601,35.72203],[51.17676,35.72188],[51.17748,35.72174],[51.17817,35.72162],[51.17884,35.7215],[51.17948,35.72137],[51.17999,35.72126],[51.18043,35.72115],[51.18126,35.72102],[51.18202,35.72086],[51.18275,35.72075],[51.18342,35.72061],[51.18423,35.72046],[51.18473,35.72038],[51.18526,35.7203],[51.18581,35.72019],[51.18638,35.72008],[51.18695,35.71998],[51.18747,35.71988],[51.18791,35.71976],[51.18817,35.71921],[51.18802,35.71852],[51.1879,35.71813],[51.18779,35.71771],[51.18768,35.7173],[51.18758,35.71691],[51.18748,35.71652],[51.18739,35.71615],[51.18723,35.71558],[51.18706,35.7151],[51.18736,35.71554],[51.18754,35.71619],[51.18765,35.71655],[51.18778,35.71695],[51.18789,35.71736],[51.18803,35.71776],[51.18813,35.71818],[51.18825,35.71855],[51.18845,35.71921],[51.189,35.71955],[51.18966,35.71945],[51.19055,35.71929],[51.19108,35.71919],[51.19163,35.71908],[51.1922,35.719],[51.19281,35.7189],[51.19344,35.71878],[51.1941,35.71866],[51.19477,35.71855],[51.19545,35.7184],[51.19615,35.71826],[51.19686,35.71812],[51.19758,35.71799],[51.19832,35.71785],[51.19903,35.71771],[51.19972,35.71757],[51.20042,35.71744],[51.20113,35.71731],[51.20181,35.71717],[51.2025,35.71706],[51.2032,35.71693],[51.20389,35.7168],[51.2046,35.71666],[51.20529,35.71652],[51.20598,35.71639],[51.20668,35.71627],[51.20739,35.71615],[51.20805,35.71601],[51.20865,35.71588],[51.20922,35.71581],[51.20977,35.71573],[51.21034,35.71563],[51.21091,35.71552],[51.21151,35.71542],[51.21211,35.71532],[51.21274,35.71521],[51.21337,35.71509],[51.21404,35.71499],[51.21473,35.71487],[51.21541,35.71474],[51.2161,35.7146],[51.21681,35.71447],[51.21752,35.71434],[51.21825,35.71419],[51.21897,35.71402],[51.2197,35.71387],[51.22044,35.71375],[51.22117,35.71361],[51.22191,35.71349],[51.22264,35.71335],[51.22337,35.7132],[51.22411,35.71305],[51.22484,35.71292],[51.22556,35.71279],[51.22627,35.71266],[51.22696,35.71253],[51.22766,35.7124],[51.22834,35.71227],[51.22904,35.71215],[51.22972,35.71204],[51.23041,35.71191],[51.23111,35.71178],[51.23179,35.71165],[51.23249,35.71151],[51.23319,35.71136],[51.23389,35.71124],[51.23459,35.71111],[51.23531,35.71098],[51.23602,35.71085],[51.23671,35.71071],[51.23735,35.7106],[51.23799,35.71048],[51.23861,35.71038],[51.23923,35.71027],[51.23988,35.71015],[51.24055,35.71002],[51.24124,35.70989],[51.24194,35.70977],[51.24264,35.70962],[51.24335,35.70946],[51.24407,35.70933],[51.2448,35.70921],[51.24549,35.70907],[51.24616,35.70895],[51.24679,35.70882],[51.24737,35.70869],[51.24792,35.70854],[51.24845,35.70842],[51.24901,35.70831],[51.24958,35.70821],[51.25012,35.7081],[51.2506,35.708],[51.25105,35.7079],[51.25152,35.70779],[51.25201,35.70769],[51.25247,35.7076],[51.25328,35.70743],[51.25372,35.70698],[51.25329,35.70651],[51.25273,35.70672],[51.25275,35.70719],[51.25288,35.70764],[51.25311,35.70808],[51.25313,35.70859],[51.25321,35.70918],[51.25328,35.70981],[51.25331,35.71048],[51.25328,35.71117],[51.25319,35.71184],[51.25311,35.71245],[51.25297,35.71317],[51.2529,35.71357],[51.25284,35.71399],[51.25278,35.7144],[51.25272,35.71482],[51.25267,35.71522],[51.25267,35.71562],[51.2527,35.71603],[51.25271,35.71649],[51.25272,35.71693],[51.25274,35.71739],[51.25276,35.71783],[51.25279,35.71829],[51.25279,35.71877],[51.25281,35.71927],[51.25284,35.71974],[51.25283,35.72023],[51.25284,35.72073],[51.25285,35.72124],[51.25289,35.72176],[51.25294,35.72228],[51.25299,35.7228],[51.25305,35.72332],[51.25312,35.72385],[51.25316,35.72439],[51.25318,35.72494],[51.2532,35.72547],[51.25321,35.72602],[51.25321,35.72655],[51.25321,35.72709],[51.25318,35.72762],[51.25316,35.72817],[51.25311,35.7287],[51.25308,35.72926],[51.25307,35.72981],[51.25306,35.73036],[51.25306,35.7309],[51.25305,35.73145],[51.25304,35.732],[51.25303,35.73256],[51.25301,35.73312],[51.25302,35.73366],[51.25302,35.7342],[51.25303,35.73475],[51.25304,35.73532],[51.25306,35.73589],[51.25311,35.73647],[51.25324,35.73704],[51.2534,35.7376],[51.25358,35.73815],[51.25376,35.73869],[51.25393,35.73922],[51.2541,35.73976],[51.25429,35.74029],[51.25445,35.74081],[51.2546,35.74133],[51.25472,35.74185],[51.25485,35.74238],[51.25494,35.74291],[51.25498,35.74346],[51.25502,35.74402],[51.25502,35.74459],[51.25502,35.74516],[51.25498,35.74573],[51.25492,35.74631],[51.25486,35.7469],[51.25479,35.74748],[51.25472,35.74808],[51.25466,35.74866],[51.25458,35.74926],[51.25449,35.74985],[51.25439,35.75043],[51.2543,35.75101],[51.25424,35.75159],[51.25418,35.75216],[51.25413,35.75273],[51.25411,35.75327],[51.25409,35.75376],[51.25409,35.75412],[51.25402,35.75473],[51.25395,35.75538],[51.25393,35.75574],[51.25392,35.75613],[51.25392,35.75653],[51.25395,35.75693],[51.25404,35.75728],[51.25451,35.75786],[51.2549,35.75803],[51.2554,35.75813],[51.25595,35.75818],[51.25655,35.75819],[51.25712,35.75811],[51.25773,35.75802],[51.25833,35.75794],[51.25896,35.75785],[51.2596,35.75778],[51.26026,35.75772],[51.2609,35.75767],[51.26155,35.7576],[51.26219,35.75756],[51.26288,35.75748],[51.26357,35.75742],[51.26426,35.75734],[51.26495,35.75725],[51.26563,35.75713],[51.2663,35.75699],[51.26694,35.75681],[51.26757,35.75658],[51.26814,35.75633],[51.26868,35.75603],[51.26922,35.75573],[51.26971,35.75543],[51.2702,35.75515],[51.2707,35.75489],[51.2712,35.75467],[51.27173,35.75447],[51.27227,35.75431],[51.27284,35.75416],[51.27343,35.75405],[51.27401,35.75403],[51.27462,35.75399],[51.27523,35.75396],[51.27587,35.75394],[51.27652,35.75392],[51.27717,35.7539],[51.27783,35.75389],[51.27851,35.75387],[51.27917,35.75382],[51.27982,35.7538],[51.28047,35.75378],[51.28108,35.75377],[51.28167,35.75374],[51.28227,35.75369],[51.28284,35.75368],[51.2834,35.75365],[51.28396,35.75364],[51.28451,35.75363],[51.28507,35.75361],[51.28561,35.7536],[51.28615,35.75358],[51.28669,35.75357],[51.28722,35.75354],[51.28775,35.75354],[51.28829,35.75352],[51.28883,35.7535],[51.28939,35.75348],[51.28997,35.75345],[51.29053,35.7534],[51.29111,35.75339],[51.29166,35.75337],[51.2922,35.75336],[51.29275,35.75335],[51.29331,35.75333],[51.29387,35.75331],[51.29445,35.75329],[51.29501,35.75327],[51.29559,35.75325],[51.2962,35.75324],[51.29684,35.75324],[51.29749,35.75323],[51.29814,35.75322],[51.29883,35.7532],[51.2995,35.75318],[51.30018,35.75317],[51.30079,35.75318],[51.30138,35.75318],[51.30195,35.75318],[51.30246,35.75317],[51.30293,35.75316],[51.30353,35.75315],[51.30398,35.75316],[51.30457,35.75319],[51.3052,35.75316],[51.30608,35.75312],[51.30659,35.75313],[51.30712,35.75312],[51.30767,35.75312],[51.30826,35.75312],[51.30891,35.75314],[51.30957,35.75315],[51.31026,35.75315],[51.31098,35.75315],[51.31169,35.75315],[51.3124,35.75316],[51.31311,35.75316],[51.31382,35.75316],[51.31451,35.75315],[51.31521,35.75311],[51.31593,35.75309],[51.31663,35.75306],[51.3173,35.753],[51.31799,35.75293],[51.31866,35.75285],[51.31933,35.75277],[51.31998,35.75267],[51.32064,35.75259],[51.32132,35.75248],[51.32202,35.75235],[51.32272,35.75225],[51.32343,35.75213],[51.32412,35.75201],[51.3248,35.7519],[51.32547,35.75179],[51.32614,35.75168],[51.32682,35.75158],[51.32748,35.75149],[51.32814,35.75142],[51.32878,35.75136],[51.32942,35.7513],[51.33004,35.75124],[51.33069,35.75118],[51.33132,35.75112],[51.33195,35.75109],[51.33258,35.75104],[51.33321,35.751],[51.33385,35.75097],[51.3345,35.75094],[51.33516,35.75092],[51.33583,35.75092],[51.3365,35.75093],[51.33718,35.75095],[51.33785,35.75096],[51.33852,35.75099],[51.3392,35.751],[51.33987,35.75103],[51.34056,35.75105],[51.34125,35.75109],[51.34196,35.75111],[51.34266,35.75111],[51.34334,35.75112],[51.34402,35.75111],[51.34471,35.75112],[51.34541,35.75112],[51.34613,35.7511],[51.34685,35.75107],[51.34756,35.75103],[51.34823,35.75099],[51.34886,35.75097],[51.34949,35.75094],[51.35014,35.7509],[51.35079,35.75084],[51.35147,35.75077],[51.35217,35.7507],[51.35289,35.75062],[51.3536,35.75052],[51.35431,35.75042],[51.35503,35.75032],[51.35575,35.75019],[51.35648,35.75008],[51.35719,35.74998],[51.3579,35.74987],[51.3586,35.74978],[51.35931,35.74969],[51.36005,35.74962],[51.36079,35.74957],[51.36156,35.7495],[51.36235,35.74943],[51.36315,35.74935],[51.36395,35.74929],[51.36475,35.74923],[51.36554,35.74918],[51.3663,35.74913],[51.36707,35.74909],[51.36781,35.74906],[51.36857,35.74904],[51.36933,35.74904],[51.37008,35.74907],[51.37082,35.74911],[51.37154,35.74916],[51.37225,35.74924],[51.37298,35.74931],[51.37371,35.74938],[51.37445,35.74944],[51.37519,35.74951],[51.37591,35.74958],[51.37661,35.74961],[51.37724,35.74965],[51.37777,35.74969],[51.37823,35.74972],[51.37902,35.74978],[51.37968,35.74982],[51.38038,35.74986],[51.38097,35.7499],[51.38161,35.74995],[51.38228,35.74999],[51.38289,35.75004],[51.38375,35.75011],[51.38423,35.75014],[51.38473,35.75017],[51.38522,35.75019],[51.38573,35.75023],[51.38624,35.75028],[51.38676,35.75032],[51.38728,35.75037],[51.38781,35.75041],[51.38837,35.75045],[51.38891,35.75049],[51.38946,35.75053],[51.39005,35.75057],[51.39062,35.75062],[51.39122,35.75068],[51.3918,35.75072],[51.39236,35.75073],[51.39296,35.75077],[51.39358,35.75084],[51.39419,35.75089],[51.39485,35.75096],[51.39549,35.751],[51.39613,35.75103],[51.39677,35.75107],[51.39742,35.75111],[51.39809,35.75113],[51.39876,35.75114],[51.39948,35.75118],[51.40017,35.7512],[51.40085,35.75122],[51.40156,35.75123],[51.40227,35.75123],[51.40299,35.75123],[51.40369,35.75125],[51.40438,35.75125],[51.40505,35.75127],[51.4057,35.75129],[51.40636,35.75129],[51.40707,35.75134],[51.40778,35.75136],[51.40851,35.75138],[51.4092,35.75139],[51.40987,35.75144],[51.4105,35.75151],[51.41108,35.75164],[51.41161,35.75174],[51.4121,35.75185],[51.4126,35.75197],[51.41315,35.75207],[51.41371,35.75215],[51.41426,35.75221],[51.41483,35.75218],[51.41542,35.75213],[51.41605,35.75211],[51.41671,35.75196],[51.41735,35.75177],[51.41795,35.75152],[51.41854,35.7512],[51.4191,35.75086],[51.41967,35.75049],[51.42022,35.75014],[51.42082,35.74984],[51.42148,35.74959],[51.4222,35.74938],[51.42293,35.74923],[51.42371,35.74918],[51.42451,35.74917],[51.42532,35.74918],[51.42611,35.7492],[51.4269,35.74919],[51.42769,35.7492],[51.42846,35.74921],[51.42925,35.74921],[51.43005,35.7492],[51.43083,35.7492],[51.43162,35.74923],[51.4324,35.74923],[51.43318,35.74923],[51.43396,35.74923],[51.43469,35.74927],[51.4354,35.74933],[51.43612,35.74946],[51.43682,35.74963],[51.43745,35.74981],[51.43806,35.75001],[51.43868,35.75023],[51.43927,35.7504],[51.43988,35.75054],[51.4405,35.75065],[51.44114,35.75074],[51.44179,35.75077],[51.44244,35.7508],[51.4431,35.75083],[51.44372,35.75085],[51.44429,35.75089],[51.44487,35.75094],[51.44544,35.75101],[51.44598,35.75108],[51.44651,35.75118],[51.44703,35.75131],[51.44752,35.75144],[51.44802,35.75159],[51.44855,35.75177],[51.44906,35.75196],[51.44961,35.75224],[51.45016,35.75252],[51.45071,35.75282],[51.45125,35.75313],[51.45179,35.7535],[51.45232,35.75385],[51.45285,35.75413],[51.45337,35.75442],[51.45384,35.75468],[51.45431,35.75491],[51.45475,35.75511],[51.45519,35.75529],[51.45562,35.75545],[51.45606,35.75558],[51.45652,35.7557],[51.45699,35.75583],[51.45748,35.75595],[51.45797,35.75606],[51.45847,35.75615],[51.45898,35.75624],[51.45947,35.75631],[51.45995,35.75637],[51.46043,35.75641],[51.46093,35.75645],[51.46142,35.7565],[51.46188,35.75654],[51.46271,35.75658],[51.46359,35.75661],[51.46404,35.75665],[51.46449,35.75666],[51.46497,35.75668],[51.46544,35.75671],[51.4659,35.7567],[51.46666,35.75657],[51.46677,35.75614],[51.46614,35.75604],[51.46574,35.75649],[51.46576,35.757],[51.46576,35.75756],[51.46574,35.75823],[51.46576,35.75892],[51.4658,35.75928],[51.46586,35.75968],[51.46592,35.76008],[51.466,35.76049],[51.46608,35.76089],[51.4662,35.76128],[51.46633,35.76169],[51.46644,35.76213],[51.46653,35.76256],[51.46664,35.76301],[51.46674,35.76345],[51.46685,35.76389],[51.46699,35.76431],[51.46714,35.76469],[51.46733,35.76505],[51.4675,35.76541],[51.4677,35.76578],[51.46789,35.76616],[51.46807,35.76654],[51.46825,35.76689],[51.46845,35.76727],[51.46864,35.7676],[51.46885,35.76795],[51.46905,35.76829],[51.46927,35.76862],[51.46954,35.76896],[51.46993,35.76931],[51.47035,35.76957],[51.47078,35.76985],[51.47124,35.77011],[51.47165,35.77034],[51.47201,35.77059],[51.47229,35.77088],[51.47257,35.77117],[51.47284,35.77153],[51.47312,35.7719],[51.47344,35.77227],[51.47382,35.77261],[51.47427,35.77293],[51.47473,35.77321],[51.47518,35.77346],[51.47558,35.77375],[51.47592,35.77407],[51.47621,35.77445],[51.47645,35.77481],[51.47672,35.77548],[51.47684,35.77587],[51.477,35.77653],[51.47707,35.77689],[51.47716,35.77727],[51.47728,35.77767],[51.4774,35.77804],[51.47757,35.77842],[51.47782,35.77884],[51.47815,35.77923],[51.47853,35.77959],[51.47893,35.77988],[51.47935,35.78018],[51.47977,35.7805],[51.48018,35.78084],[51.48055,35.78121],[51.48084,35.7816],[51.48107,35.782],[51.48129,35.78239],[51.48153,35.78277],[51.48177,35.78315],[51.482,35.7835],[51.48221,35.78382],[51.48258,35.78439],[51.48295,35.78497],[51.48337,35.78559],[51.48358,35.78592],[51.48379,35.78623],[51.48414,35.7869],[51.4843,35.78762],[51.48453,35.78819],[51.48515,35.78815],[51.4858,35.78786],[51.48621,35.78769],[51.48686,35.78739],[51.48729,35.78721],[51.48778,35.787],[51.48842,35.78674],[51.48907,35.78645],[51.48965,35.78619],[51.49041,35.78596],[51.49125,35.78576],[51.49169,35.78569],[51.49214,35.78565],[51.4926,35.7856],[51.49313,35.78559],[51.49368,35.78562],[51.49427,35.78567],[51.49482,35.78576],[51.49537,35.78584],[51.49594,35.78592],[51.49652,35.786],[51.4971,35.78607],[51.49767,35.78612],[51.49825,35.78616],[51.49882,35.78619],[51.49939,35.7862],[51.49997,35.78614],[51.50053,35.78605],[51.50109,35.78592],[51.50164,35.78577],[51.50218,35.78563],[51.50272,35.78548],[51.50326,35.78533],[51.5038,35.78518],[51.50435,35.78504],[51.5049,35.78488],[51.50545,35.78473],[51.506,35.78457],[51.50656,35.78442],[51.50713,35.78426],[51.50769,35.78411],[51.50826,35.78395],[51.50883,35.78379],[51.50939,35.78362],[51.50995,35.78345],[51.51051,35.78328],[51.51109,35.78311],[51.51165,35.78293],[51.51223,35.78275],[51.5128,35.78256],[51.51338,35.78235],[51.51394,35.78211],[51.51449,35.78182],[51.51501,35.7815],[51.51554,35.78116],[51.51605,35.78078],[51.51658,35.78038],[51.5171,35.77998],[51.51763,35.77957],[51.5182,35.77918],[51.51877,35.77879],[51.51938,35.77844],[51.52001,35.77816],[51.52064,35.77795],[51.52125,35.77778],[51.52187,35.77764],[51.52248,35.77756],[51.52312,35.7775],[51.52375,35.77746],[51.52438,35.77743],[51.52503,35.7774],[51.52567,35.77737],[51.52631,35.77732],[51.52696,35.77728],[51.52762,35.77725],[51.52829,35.77721],[51.52898,35.77718],[51.52968,35.77715],[51.53038,35.7771],[51.53107,35.77705],[51.53176,35.777],[51.53246,35.77698],[51.53315,35.77696],[51.53381,35.77691],[51.53446,35.77684],[51.53511,35.77675],[51.53575,35.77665],[51.5364,35.77653],[51.53705,35.77642],[51.53771,35.77629],[51.53837,35.77616],[51.53906,35.77601],[51.53974,35.77584],[51.54042,35.77565],[51.54111,35.77545],[51.54179,35.77524],[51.54249,35.77502],[51.54318,35.77479],[51.54387,35.77454],[51.54457,35.7743],[51.54529,35.77405],[51.546,35.77381],[51.54669,35.77355],[51.54739,35.77331],[51.54808,35.77304],[51.5488,35.77279],[51.54953,35.77255],[51.55025,35.77231],[51.55098,35.77205],[51.55168,35.7718],[51.55241,35.77156],[51.55313,35.7713],[51.55385,35.77104],[51.55457,35.77077],[51.5553,35.77051],[51.55603,35.77026],[51.55676,35.77],[51.55748,35.76974],[51.55816,35.76941],[51.55882,35.76905],[51.55945,35.76871],[51.56006,35.76834],[51.56065,35.76795],[51.56123,35.76756],[51.56178,35.76716],[51.56238,35.76674],[51.56298,35.76633],[51.56363,35.76593],[51.56427,35.76554],[51.56493,35.76514],[51.5656,35.76473],[51.56625,35.76435],[51.56688,35.76394],[51.56748,35.76353],[51.56806,35.7631],[51.56864,35.76267],[51.5692,35.76223],[51.56977,35.76181],[51.57032,35.76139],[51.57087,35.76096],[51.57144,35.76053],[51.57201,35.76012],[51.57256,35.7597],[51.57312,35.75926],[51.57365,35.7588],[51.57418,35.75831],[51.57469,35.75782],[51.57513,35.75731],[51.57551,35.7568],[51.57583,35.75629],[51.57611,35.75579],[51.57632,35.75533],[51.57641,35.75496],[51.57652,35.75457],[51.57663,35.75419],[51.57678,35.75379],[51.577,35.75342],[51.57748,35.75289],[51.57781,35.75262],[51.57815,35.75235],[51.57854,35.7521],[51.57892,35.75188],[51.57921,35.75146],[51.57871,35.75107],[51.57834,35.75083],[51.57792,35.75053],[51.57751,35.75021],[51.57712,35.74989],[51.57681,35.74957],[51.57643,35.74915],[51.5765,35.7487],[51.57675,35.74803],[51.57694,35.74763],[51.5771,35.74726],[51.57708,35.74687],[51.57695,35.74645],[51.57677,35.74601],[51.57661,35.74564],[51.57626,35.74517],[51.57576,35.74527],[51.57499,35.7455],[51.57452,35.74565],[51.57403,35.74579],[51.57355,35.74591],[51.57313,35.74604],[51.5727,35.7459],[51.57243,35.74531],[51.57225,35.7449],[51.57207,35.74447],[51.57195,35.74405],[51.57197,35.74366],[51.57209,35.74331],[51.57241,35.74282],[51.57268,35.74254],[51.57284,35.74204],[51.57238,35.7416],[51.57204,35.74137],[51.57168,35.74115],[51.5712,35.74087],[51.57082,35.74063],[51.57009,35.7402],[51.56968,35.73996],[51.56925,35.7397],[51.5688,35.73943],[51.56838,35.73917],[51.568,35.73896],[51.56766,35.73872],[51.56701,35.73829],[51.56636,35.7379],[51.56567,35.73745],[51.56507,35.73709],[51.56439,35.73666],[51.56397,35.73643],[51.56347,35.7362],[51.56304,35.73593],[51.56246,35.73559],[51.56184,35.73524],[51.56134,35.73491],[51.56071,35.73454],[51.56035,35.7343],[51.55987,35.73399],[51.5593,35.7337],[51.55883,35.7334],[51.55839,35.73313],[51.55785,35.73284],[51.55734,35.73258],[51.55688,35.73232],[51.55631,35.73201],[51.55586,35.73176],[51.55535,35.73145],[51.55464,35.73103],[51.55426,35.73083],[51.55376,35.7306],[51.55371,35.73024],[51.55403,35.72996]]]}},{"type":"Feature","properties":{"route":8,"color":"#65a30d","times":[[21702,21730,21739,21799,21859,21919,21979,22039,22099,22159,22219,22277,22283,22289,22349,22915,22942,22981,23041,23071,23080,23086,23092,23098,23104,23110,23122,23128,23134,23140,23146,23152,23158,23164,23167,23170,23173,23176,23179,23182,23185,23188,23191,23194,23197,23200,23203,23206,23209,23212,23215,23218,23221,23224,23227,23230,23233,23236,23239,23242,23245,23248,23251,23254,23257,23260,23263,23266,23269,23272,23275,23278,23281,23284,23287,23290,23293,23296,23302,23311,23326,23347,23362,23374,23392,23407,23419,23428,23440,23446,23452,23455,23461,23467,23470,23473,23476,23479,23482,23485,23488,23491,23494,23497,23500,23503,23506,23509,23512,23515,23518,23521,23524,23527,23530,23533,23536,23539,23542,23545,23548,23551,23554,23557,23560,23563,23566,23569,23572,23575,23578,23581,23584,23587,23590,23593,23596,23599,23602,23605,23608,23611,23614,23617,23620,23623,23626,23629,23632,23635,23638,23641,23644,23647,23650,23653,23656,23659,23662,23665,23668,23671,23674,23677,23680,23683,23686,23689,23692,23695,23698,23701,23704,23707,23710,23713,23716,23719,23722,23725,23731,23743,23758,23794,23812,23872,23881,23890,23896,23902,23905,23908,23911,23914,23917,23920,23926,23974,23983,24019,24025,24031,24034,24040,24046,24052,24061,24121,24127,24133,24139,24145,24151,24157,24163,24202,24211,24217,24223,24229,24262,24268,24274,24280,24286,24292,24307,24313,24319,24325,24331,24337,24346,24367,24373,24397,24409,24421,24439,24457,24472,24484,24490,24496,24502,24508,24514,24520,24526,24529,24532,24535,24538,24544,24550,24553,24556,24559,24562,24565,24568,24571,24574,24577,24580,24586,24589,24595,24598,24601,24604,24607,24610,24613,24616,24622,24628,24631,24634,24637,24640,24643,24646,24649,24652,24655,24658,24661,24664,24667,24673,24679,24685,24688,24691,24694,24697,24700,24703,24706,24709,24712,24715,24718,24721,24724,24727,24730,24733,24736,24739,24742,24745,24748,24751,24754,24757,24760,24763,24766,24769,24772,24775,24778,24781,24784,24787,24790,24793,24796,24799,24802,24805,24808,24811,24814,24817,24820,24823,24826,24829,24832,24835,24838,24841,24844,24847,24850,24853,24856,24859,24862,24865,24868,24871,24874,24877,24880,24883,24886,24889,24892,24895,24898,24901,24904,24907,24910,24913,24916,24919,24922,24925,24928,24931,24934,24937,24940,24943,24946,24949,24952,24955,24958,24961,24964,24967,24970,24973,24976,24979,24982,24985,24988,24991,24994,24997,25000,25003,25006,25009,25012,25015,25018,25021,25024,25027,25030,25033,25036,25039,25042,25045,25048,25051,25054,25057,25060,25063,25066,25069,25072,25075,25078,25081,25084,25087,25090,25093,25096,25099,25102,25105,25108,25111,25114,25117,25120,25123,25126,25129,25132,25135,25138,25141,25144,25147,25150,25153,25156,25159,25162,25165,25168,25171,25174,25177,25180,25183,25186,25189,25192,25195,25198,25201,25204,25207,25210,25213,25216,25219,25222,25225,25228,25231,25234,25237,25240,25243,25246,25249,25252,25255,25258,25261,25264,25267,25270,25273,25276,25279,25282,25285,25288,25291,25294,25297,25300,25303,25306,25309,25312,25315,25318,25321,25324,25327,25330,25333,25336,25339,25342,25345,25348,25351,25354,25357,25360,25363,25366,25369,25372,25375,25378,25381,25384,25387,25390,25393,25396,25399,25402,25405,25408,25411,25414,25417,25420,25423,25426,25429,25432,25435,25438,25441,25444,25447,25450,25453,25456,25459,25462,25465,25468,25471,25474,25477,25480,25483,25486,25489,25492,25495,25498,25501,25504,25507,25510,25513,25516,25519,25522,25525,25528,25531,25534,25537,25540,25543,25546,25549,25552,25555,25558,25561,25564,25567,25570,25573,25576,25579,25582,25585,25588,25591,25594,25597,25600,25603,25606,25609,25612,25615,25618,25621,25624,25627,25630,25633,25636,25639,25642,25648,25651,25654,25657,25660,25663,25669,25678,25693,25726,25741,25762,25780,25807,25819,25837,25858,25870,25888,25903,25918,25933,25945,25957,25972,25984,25993,25999,26008,26023,26032,26041,26050,26059,26065,26071,26077,26080,26083,26086,26089,26092,26095,26098,26101,26104,26107,26110,26113,26116,26119,26122,26125,26128,26131,26134,26137,26146,26155,26185,26194,26206,26215,26224,26233,26239,26245,26263,26275,26287,26347,26359,26386,26398,26440,26491,26509,26521,26533,26545,26557,26569,26578,26584,26590,26596,26602,26608,26617,26632,26656,26665,26671,26677,26683,26689,26698,26713,26722,26731,26740,26752,26758,26764,26776,26803,26809,26818,26827,26845,26857,26869,26878,26890,26929,26947,26989,26998,27016,27025,27031,27040,27049,27061,27085,27100,27130,27145,27157,27169,27178,27184,27190,27199,27223,27232,27244,27259,27271,27280,27289,27298,27325,27334,27340,27346,27355,27388,27397,27430,27448,27469,27478,27490,27505,27523,27532,27541,27550,27559,27568,27577,27586,27595,27604,27619,27640,27670,27688,27703,27715,27727,27733,27775,27790,27820,27859,27880,27898,27916,27943,27970,27991,28003,28009,28015,28021,28024,28027,28030,28033,28036,28039,28042,28045,28048,28051,28054,28057,28060,28063,28066,28069,28072,28075,28078,28081,28084,28087,28090,28093,28096,28099,28102,28105,28108,28111,28114,28117,28120,28123,28126,28129,28132,28135,28138,28141,28144,28147,28150,28153,28156,28159,28162,28165,28168,28171,28174,28177,28180,28183,28186,28189,28192,28195,28198,28201,28204,28207,28210,28213,28216,28219,28222,28225,28228,28231,28234,28237,28243,28249,28255,28261,28267,28276,28282,28288,28291,28294,28297,28300,28303,28306,28309,28312,28315,28318,28321,28324,28327,28330,28333,28336,28339,28342,28345,28348,28351,28354,28357,28360,28363,28366,28369,28372,28375,28378,28381,28384,28387,28390,28393,28396,28399,28402,28405,28408,28411,28414,28417,28420,28423,28426,28429,28432,28435,28438,28441,28447,28453,28456,28459,28462,28465,28468,28471,28474,28477,28480,28483,28486,28489,28492,28495,28498,28501,28504,28507,28510,28513,28516,28519,28522,28525,28528,28531,28534,28540,28600,28618,28624,28630,28633,28636,28639,28642,28645,28648,28651,28654,28657,28660,28663,28666,28669,28672,28675,28678,28681,28684,28687,28690,28693,28696,28699,28705,28711,28717,28723,28729,28735,28741,28747,28753,28762,28768,28774,28780,28783,28786,28789,28792,28795,28798,28801,28804,28807,28810,28813,28816,28819,28822,28825,28828,28831,28834,28837,28840,28843,28846,28849,28852,28855,28858,28861,28864,28867,28870,28873,28876,28879,28882,28885,28888,28891,28894,28897,28900,28903,28906,28909,28912,28915,28918,28921,28924,28927,28930,28933,28936,28939,28942,28945,28948,28951,28954,28957,28960,28963,28966,28969,28972,28975,28978,28981,28984,28987,28990,28993,28996,28999,29002,29005,29008,29011,29014,29017,29020,29023,29026,29029,29032,29035,29038,29041,29044,29047,29050,29053,29056,29059,29065,29068,29071,29074,29077,29080,29083,29086,29089,29092,29095,29098,29101,29104,29107,29110,29113,29116,29119,29122,29125,29128,29131,29134,29137,29140,29143,29146,29149,29152,29155,29158,29161,29164,29167,29170,29173,29176,29179,29182,29185,29188,29191,29194,29197,29200,29203,29206,29209,29212,29215,29218,29221,29224,29227,29230,29233,29236,29239,29242,29245,29248,29251,29254,29257,29260,29263,29266,29269,29272,29275,29278,29281,29284,29287,29290,29293,29296,29299,29302,29305,29308,29311,29314,29317,29320,29323,29326,29329,29332,29335,29338,29341,29344,29347,29350,29353,29356,29359,29362,29365,29368,29371,29374,29377,29380,29383,29386,29389,29392,29395,29398,29401,29404,29407,29410,29413,29419,29425,29431,29437,29443,29449,29455,29461,29467,29473,29476,29479,29482,29485,29488,29491,29494,29497,29500,29503,29506,29509,29512,29515,29518,29521,29524,29527,29530,29533,29536,29539,29542,29545,29548,29551,29554,29560,29566,29572,29587,29593,29599,29605,29611,29617,29623,29629,29635,29641,29647,29653,29659,29662,29665,29668,29671,29674,29677,29683,29692,29698,29701,29710,29716,29722,29725,29731,29740,29746,29752,29758,29764,29767,29770,29773,29776,29779,29782,29785,29788,29791,29794,29797,29800,29803,29806,29809,29812,29815,29818,29821,29824,29827,29830,29836]],"type":"access_route","source":"recorded_gps_prefix"},"geometry":{"type":"MultiLineString","coordinates":[[[51.5687,35.72965],[51.55484,35.72972],[51.55453,35.72998],[51.55449,35.72994],[51.55448,35.73002],[51.55435,35.73002],[51.55436,35.73001],[51.55429,35.7299],[51.55423,35.72992],[51.55446,35.73016],[51.5548,35.73023],[51.55169,35.73105],[51.55297,35.73152],[51.55412,35.73012],[51.55413,35.73009],[51.5545,35.73009],[51.55399,35.72993],[51.55422,35.7296],[51.5543,35.72957],[51.5546,35.72924],[51.55485,35.72883],[51.55518,35.72852],[51.55551,35.72811],[51.55592,35.72767],[51.55631,35.72727],[51.55667,35.72687],[51.55653,35.72648],[51.55586,35.72632],[51.55511,35.72615],[51.55443,35.726],[51.55368,35.72595],[51.5532,35.72593],[51.55252,35.72588],[51.55164,35.72581],[51.55117,35.72578],[51.55069,35.72575],[51.55019,35.72572],[51.54968,35.72569],[51.54918,35.72563],[51.54865,35.72558],[51.54812,35.72555],[51.54755,35.72551],[51.54698,35.72545],[51.54642,35.72541],[51.54585,35.72535],[51.54527,35.72529],[51.54466,35.72525],[51.54407,35.72522],[51.54344,35.72517],[51.54281,35.72513],[51.54219,35.72508],[51.54157,35.72503],[51.54095,35.72498],[51.54035,35.72494],[51.53974,35.72492],[51.53912,35.72488],[51.53853,35.72485],[51.53794,35.72482],[51.53736,35.72479],[51.53678,35.72477],[51.53619,35.72474],[51.5356,35.7247],[51.535,35.72463],[51.5344,35.72457],[51.53385,35.72453],[51.53335,35.7245],[51.53286,35.72447],[51.5324,35.72444],[51.53192,35.72441],[51.53143,35.72438],[51.53093,35.72434],[51.53044,35.72431],[51.52996,35.72429],[51.52948,35.72427],[51.52902,35.72424],[51.52854,35.7242],[51.52806,35.72417],[51.5276,35.72417],[51.52683,35.72411],[51.52634,35.72408],[51.5259,35.72408],[51.52537,35.72404],[51.5249,35.724],[51.52441,35.72399],[51.52385,35.72397],[51.52355,35.72369],[51.52338,35.72335],[51.52313,35.72299],[51.52273,35.72268],[51.52222,35.72261],[51.52143,35.72251],[51.521,35.72243],[51.52026,35.72227],[51.5195,35.72214],[51.51904,35.7221],[51.51854,35.72205],[51.51796,35.722],[51.51733,35.72192],[51.51668,35.72181],[51.51602,35.72166],[51.51536,35.72146],[51.51472,35.72121],[51.51411,35.72091],[51.51355,35.72054],[51.51301,35.72015],[51.51249,35.71973],[51.51199,35.71931],[51.5115,35.71885],[51.51101,35.71839],[51.51055,35.71793],[51.51007,35.71745],[51.5096,35.71698],[51.50913,35.7165],[51.50867,35.71602],[51.50824,35.71554],[51.50781,35.71504],[51.50738,35.71455],[51.50696,35.71404],[51.50653,35.71352],[51.50611,35.713],[51.50567,35.71248],[51.50525,35.71196],[51.50488,35.71143],[51.50456,35.71087],[51.50429,35.7103],[51.50402,35.70972],[51.50375,35.70914],[51.50351,35.70855],[51.50327,35.70796],[51.50302,35.70736],[51.5028,35.70679],[51.50255,35.70621],[51.50229,35.70561],[51.50201,35.70502],[51.50174,35.70441],[51.50149,35.70383],[51.50124,35.70325],[51.50099,35.70268],[51.50077,35.70207],[51.50055,35.70147],[51.50026,35.70088],[51.49993,35.70031],[51.49958,35.69974],[51.49918,35.69918],[51.49878,35.69864],[51.49838,35.69811],[51.49795,35.69761],[51.49754,35.69712],[51.49718,35.6967],[51.49687,35.69633],[51.49656,35.69595],[51.49624,35.69554],[51.49593,35.69511],[51.49561,35.69467],[51.49525,35.69422],[51.49486,35.69375],[51.49446,35.69329],[51.49408,35.69278],[51.49373,35.69227],[51.49347,35.69179],[51.49329,35.69126],[51.49314,35.69074],[51.493,35.69023],[51.49289,35.68975],[51.49279,35.68927],[51.49274,35.68879],[51.49274,35.68831],[51.49276,35.68779],[51.49274,35.68728],[51.49273,35.68679],[51.49273,35.6863],[51.49271,35.68581],[51.49269,35.68529],[51.49269,35.68475],[51.49268,35.68422],[51.49267,35.6837],[51.49264,35.68319],[51.49261,35.6827],[51.49259,35.68222],[51.49258,35.68181],[51.49256,35.68128],[51.4925,35.68083],[51.49254,35.68045],[51.49246,35.68007],[51.49247,35.67971],[51.49247,35.67941],[51.49247,35.67896],[51.49249,35.67843],[51.49244,35.67802],[51.4924,35.67741],[51.49238,35.67704],[51.49238,35.67665],[51.49236,35.67623],[51.49233,35.67581],[51.49233,35.67536],[51.49232,35.67492],[51.4923,35.67454],[51.4923,35.67412],[51.4923,35.67371],[51.4923,35.67327],[51.49227,35.67276],[51.49222,35.6721],[51.49222,35.67173],[51.49222,35.6711],[51.49221,35.67053],[51.49224,35.67006],[51.49221,35.66963],[51.49218,35.66925],[51.49217,35.66885],[51.49215,35.66835],[51.49214,35.66774],[51.49206,35.66725],[51.49195,35.6668],[51.49177,35.6663],[51.4916,35.66581],[51.49148,35.66546],[51.49132,35.66503],[51.49114,35.66454],[51.49093,35.66395],[51.4908,35.66353],[51.49065,35.66307],[51.49053,35.66267],[51.49039,35.66219],[51.49022,35.66163],[51.49004,35.661],[51.48985,35.6606],[51.4897,35.66025],[51.48957,35.65988],[51.48938,35.6594],[51.48924,35.65896],[51.48914,35.65859],[51.48897,35.65814],[51.48875,35.6577],[51.48843,35.65721],[51.48811,35.65684],[51.48792,35.65646],[51.48792,35.65606],[51.48797,35.65561],[51.48799,35.65519],[51.48785,35.65483],[51.48774,35.6544],[51.48762,35.65402],[51.48747,35.65363],[51.48731,35.65309],[51.48709,35.65244],[51.48686,35.65182],[51.48669,35.65135],[51.48649,35.6508],[51.48626,35.65015],[51.48611,35.6498],[51.48598,35.64945],[51.48584,35.6491],[51.48572,35.64875],[51.4855,35.64807],[51.48531,35.64735],[51.48521,35.64695],[51.48513,35.64651],[51.48506,35.64606],[51.485,35.64563],[51.48494,35.64522],[51.48488,35.64481],[51.48483,35.64441],[51.48477,35.64403],[51.48473,35.64366],[51.48468,35.6433],[51.48457,35.64262],[51.4845,35.64226],[51.48439,35.64155],[51.48433,35.64119],[51.48428,35.64082],[51.48424,35.64044],[51.4842,35.64006],[51.48416,35.63967],[51.4841,35.63928],[51.48405,35.63891],[51.48388,35.63827],[51.48351,35.6376],[51.48322,35.63724],[51.48284,35.63692],[51.48235,35.63667],[51.48181,35.63648],[51.48121,35.63642],[51.48057,35.63645],[51.47995,35.63654],[51.47939,35.63674],[51.47885,35.637],[51.4783,35.63727],[51.47778,35.63753],[51.4773,35.63774],[51.47691,35.63792],[51.47615,35.63819],[51.47536,35.63826],[51.47454,35.63818],[51.4741,35.63804],[51.47366,35.63782],[51.47326,35.63754],[51.47292,35.63718],[51.47261,35.63678],[51.47228,35.63637],[51.47191,35.63597],[51.47148,35.6356],[51.471,35.63527],[51.47052,35.63497],[51.47,35.63469],[51.46945,35.63443],[51.46888,35.63423],[51.46836,35.63406],[51.46785,35.63386],[51.46733,35.63363],[51.4668,35.6334],[51.46625,35.63316],[51.46568,35.6329],[51.46509,35.63266],[51.46451,35.63243],[51.46389,35.63221],[51.46325,35.632],[51.46263,35.6318],[51.46201,35.63161],[51.4614,35.63144],[51.46079,35.63127],[51.46018,35.63111],[51.45956,35.63095],[51.45893,35.6308],[51.4583,35.63066],[51.4577,35.63053],[51.45712,35.63038],[51.45659,35.63026],[51.45609,35.63012],[51.45557,35.63],[51.455,35.6299],[51.45439,35.62982],[51.45375,35.62976],[51.45309,35.62972],[51.45239,35.62969],[51.4517,35.62967],[51.45098,35.62968],[51.45025,35.6297],[51.44953,35.6297],[51.4488,35.62968],[51.44804,35.62964],[51.44727,35.62962],[51.44648,35.62958],[51.44569,35.6295],[51.44489,35.62941],[51.44407,35.62935],[51.44328,35.62925],[51.44251,35.62915],[51.44174,35.62896],[51.441,35.62883],[51.4403,35.62867],[51.43964,35.6285],[51.439,35.62834],[51.43835,35.62817],[51.4377,35.62799],[51.43704,35.62781],[51.43638,35.62762],[51.43572,35.62741],[51.43506,35.62718],[51.43441,35.62692],[51.43373,35.62667],[51.43308,35.62638],[51.43245,35.62608],[51.43183,35.62578],[51.43119,35.62547],[51.43058,35.62515],[51.42996,35.62484],[51.42935,35.62451],[51.42876,35.62418],[51.42817,35.62382],[51.42758,35.62343],[51.42699,35.62305],[51.42642,35.62265],[51.42587,35.62226],[51.42534,35.62188],[51.42484,35.6215],[51.42435,35.62115],[51.42389,35.62081],[51.42348,35.62047],[51.42308,35.62013],[51.42268,35.61979],[51.42228,35.61946],[51.42186,35.61912],[51.42144,35.61878],[51.42103,35.61845],[51.42061,35.61813],[51.42018,35.61782],[51.41974,35.61751],[51.41926,35.61722],[51.41877,35.61693],[51.41824,35.61667],[51.4177,35.61642],[51.41714,35.6162],[51.41656,35.61599],[51.41596,35.61578],[51.41535,35.61559],[51.41477,35.61543],[51.41425,35.61529],[51.41374,35.61518],[51.41321,35.61509],[51.41261,35.615],[51.41202,35.61491],[51.41139,35.61483],[51.41075,35.61477],[51.41009,35.61469],[51.40942,35.61462],[51.40879,35.61454],[51.40817,35.61451],[51.40759,35.61451],[51.40704,35.61452],[51.40648,35.61453],[51.40587,35.61452],[51.40526,35.61453],[51.40462,35.61454],[51.40397,35.61456],[51.40334,35.61455],[51.40272,35.61454],[51.40208,35.61454],[51.40145,35.61453],[51.40081,35.61453],[51.40016,35.61454],[51.3996,35.61453],[51.39908,35.61453],[51.39852,35.61452],[51.39794,35.61451],[51.39735,35.6145],[51.39673,35.6145],[51.3961,35.6145],[51.39547,35.61449],[51.39482,35.61447],[51.39417,35.61446],[51.39352,35.61445],[51.39286,35.61444],[51.39219,35.61445],[51.39151,35.61446],[51.39083,35.61446],[51.39013,35.61446],[51.38942,35.61446],[51.38871,35.61446],[51.38804,35.61446],[51.38737,35.61446],[51.38669,35.61447],[51.38599,35.61448],[51.38531,35.61447],[51.3846,35.61446],[51.3839,35.61446],[51.38321,35.61446],[51.38252,35.61446],[51.38182,35.61447],[51.38113,35.61447],[51.38044,35.61447],[51.37979,35.61446],[51.37913,35.61442],[51.37846,35.6144],[51.37779,35.61436],[51.37711,35.61432],[51.37646,35.61427],[51.37588,35.61421],[51.37534,35.61413],[51.37481,35.61407],[51.37425,35.61402],[51.37366,35.61393],[51.37309,35.61384],[51.3725,35.61375],[51.37191,35.61364],[51.3713,35.61353],[51.37066,35.61341],[51.37002,35.61327],[51.36936,35.61312],[51.36868,35.61294],[51.36797,35.61275],[51.36725,35.61255],[51.36654,35.61236],[51.36582,35.61215],[51.3651,35.61194],[51.36436,35.61172],[51.36362,35.6115],[51.36294,35.61129],[51.36231,35.61113],[51.36165,35.61101],[51.36101,35.61091],[51.36038,35.61081],[51.35975,35.61067],[51.35913,35.61053],[51.35855,35.61041],[51.35796,35.61028],[51.35737,35.61011],[51.35678,35.60993],[51.35619,35.60975],[51.35557,35.6096],[51.35495,35.60942],[51.35427,35.60925],[51.35358,35.60909],[51.35289,35.60894],[51.35217,35.60881],[51.35145,35.60869],[51.35072,35.60858],[51.35001,35.60849],[51.34929,35.60842],[51.3486,35.60838],[51.34788,35.60837],[51.34721,35.60838],[51.3466,35.6084],[51.346,35.60843],[51.34538,35.60849],[51.34475,35.60855],[51.34411,35.60863],[51.34347,35.60874],[51.34283,35.60885],[51.34222,35.60897],[51.34163,35.6091],[51.34108,35.60924],[51.34058,35.60938],[51.34007,35.60951],[51.33956,35.60968],[51.33907,35.60983],[51.3386,35.61],[51.33813,35.61019],[51.33764,35.61039],[51.33715,35.6106],[51.33666,35.61082],[51.33616,35.61104],[51.33567,35.61129],[51.33518,35.61155],[51.33471,35.61182],[51.33424,35.61211],[51.33378,35.61241],[51.33333,35.61274],[51.33289,35.61307],[51.33247,35.61341],[51.33205,35.61377],[51.33162,35.61415],[51.3312,35.61455],[51.33079,35.61494],[51.33039,35.61535],[51.33,35.61575],[51.32964,35.61614],[51.32928,35.61655],[51.32896,35.61695],[51.32864,35.61732],[51.32835,35.61766],[51.32805,35.618],[51.32776,35.61836],[51.32748,35.61867],[51.3272,35.61903],[51.3269,35.61938],[51.32661,35.61972],[51.32635,35.62004],[51.32608,35.62038],[51.32578,35.62074],[51.32548,35.6211],[51.32515,35.6215],[51.32482,35.6219],[51.32448,35.62232],[51.32412,35.62273],[51.32377,35.62317],[51.32339,35.6236],[51.32301,35.62404],[51.32263,35.62447],[51.32227,35.62492],[51.32192,35.62534],[51.32157,35.62572],[51.32123,35.62609],[51.32086,35.62648],[51.32049,35.62686],[51.3201,35.62725],[51.31969,35.62765],[51.31926,35.62804],[51.31882,35.62841],[51.31836,35.62879],[51.31788,35.62914],[51.31739,35.62951],[51.31687,35.62988],[51.31636,35.63019],[51.31584,35.63051],[51.31534,35.63079],[51.31483,35.63105],[51.31431,35.63134],[51.31377,35.63162],[51.31323,35.63191],[51.3127,35.63219],[51.31217,35.63249],[51.3116,35.63278],[51.31103,35.63307],[51.31047,35.63335],[51.30989,35.63366],[51.30929,35.63397],[51.30868,35.63428],[51.30807,35.6346],[51.30745,35.6349],[51.30683,35.63522],[51.30621,35.63554],[51.3056,35.63585],[51.30502,35.63615],[51.30445,35.63643],[51.30388,35.63672],[51.3033,35.63702],[51.30274,35.6373],[51.3022,35.63757],[51.30166,35.63783],[51.30116,35.63811],[51.30071,35.63833],[51.30025,35.63856],[51.29979,35.6388],[51.29931,35.63904],[51.29887,35.63927],[51.29847,35.63948],[51.29804,35.63967],[51.2976,35.63988],[51.29715,35.6401],[51.2967,35.64034],[51.29625,35.64055],[51.29584,35.64075],[51.29508,35.64113],[51.29467,35.64133],[51.29424,35.64154],[51.29379,35.64176],[51.29333,35.64198],[51.29293,35.64217],[51.29247,35.64238],[51.2921,35.64259],[51.2917,35.64276],[51.29127,35.64296],[51.29088,35.64314],[51.2905,35.64334],[51.29003,35.64355],[51.28962,35.64372],[51.28923,35.6439],[51.28883,35.64411],[51.2884,35.64433],[51.28797,35.64455],[51.28755,35.64475],[51.28714,35.64495],[51.28672,35.64514],[51.28631,35.64534],[51.2859,35.64552],[51.28542,35.64575],[51.28501,35.64597],[51.28445,35.64617],[51.28394,35.64641],[51.28353,35.64658],[51.28304,35.64679],[51.28252,35.647],[51.28211,35.64719],[51.2817,35.64737],[51.28128,35.64758],[51.28078,35.64778],[51.28033,35.64796],[51.27974,35.64821],[51.27901,35.64852],[51.27861,35.64869],[51.27819,35.64886],[51.27775,35.64903],[51.2773,35.64922],[51.27679,35.64944],[51.27628,35.64965],[51.27577,35.64986],[51.27525,35.65007],[51.27471,35.65029],[51.27413,35.65054],[51.27358,35.65076],[51.27302,35.65099],[51.27244,35.65121],[51.27187,35.65145],[51.27129,35.65167],[51.27071,35.6519],[51.27012,35.65213],[51.26959,35.65234],[51.26911,35.65246],[51.2687,35.6526],[51.26828,35.65278],[51.26778,35.65298],[51.26721,35.65318],[51.26672,35.65338],[51.26622,35.6536],[51.26573,35.65381],[51.26526,35.65397],[51.2647,35.6542],[51.26426,35.65434],[51.26379,35.65452],[51.26326,35.65472],[51.26283,35.65487],[51.26238,35.65505],[51.26221,35.6551],[51.26175,35.65527],[51.26124,35.65544],[51.2608,35.65561],[51.26038,35.65575],[51.25994,35.65591],[51.2595,35.65606],[51.25908,35.6562],[51.25861,35.6564],[51.25813,35.65658],[51.25766,35.65675],[51.25726,35.65693],[51.25669,35.65711],[51.25628,35.65725],[51.25581,35.65743],[51.25527,35.65763],[51.25459,35.65788],[51.2541,35.65806],[51.25364,35.65822],[51.2532,35.65839],[51.2528,35.65855],[51.2522,35.65876],[51.25162,35.65897],[51.25087,35.65922],[51.25009,35.65947],[51.24948,35.65968],[51.24898,35.65988],[51.24851,35.66005],[51.24795,35.66025],[51.24748,35.66043],[51.24702,35.6606],[51.24651,35.66079],[51.24609,35.66093],[51.24568,35.66108],[51.24523,35.66125],[51.24469,35.66144],[51.24426,35.66159],[51.24378,35.66175],[51.24335,35.66192],[51.24292,35.6621],[51.24242,35.66231],[51.24197,35.66251],[51.24154,35.66269],[51.24114,35.66288],[51.24068,35.6631],[51.24029,35.6633],[51.23983,35.66354],[51.23943,35.66375],[51.239,35.66402],[51.23859,35.66428],[51.23824,35.66454],[51.23786,35.66481],[51.2375,35.66509],[51.23713,35.66536],[51.23678,35.66566],[51.23644,35.66596],[51.23612,35.66633],[51.23582,35.66662],[51.23552,35.66696],[51.23516,35.66735],[51.23487,35.66771],[51.23457,35.66808],[51.2343,35.66845],[51.23401,35.66887],[51.23377,35.66924],[51.23355,35.66956],[51.2333,35.67],[51.23313,35.67034],[51.23298,35.6707],[51.23277,35.67121],[51.23257,35.67167],[51.23243,35.67208],[51.23227,35.67252],[51.23212,35.67298],[51.23203,35.67336],[51.23195,35.67375],[51.23188,35.67418],[51.2318,35.67464],[51.23175,35.67507],[51.23172,35.67549],[51.23169,35.6759],[51.23167,35.67633],[51.23172,35.67669],[51.23167,35.67706],[51.23173,35.67749],[51.23177,35.67789],[51.23183,35.67831],[51.23194,35.67881],[51.23204,35.67923],[51.23216,35.67972],[51.2323,35.6802],[51.23246,35.68066],[51.23266,35.68116],[51.23285,35.68156],[51.23305,35.68191],[51.23324,35.6823],[51.23342,35.68263],[51.2336,35.68299],[51.23383,35.68337],[51.23407,35.68376],[51.23435,35.68413],[51.23472,35.68455],[51.23501,35.68483],[51.2354,35.68512],[51.23591,35.68526],[51.23636,35.68519],[51.23671,35.68488],[51.23682,35.68449],[51.23668,35.68411],[51.23648,35.68378],[51.23623,35.68342],[51.2359,35.68312],[51.23542,35.68307],[51.23485,35.68318],[51.23434,35.68334],[51.2337,35.68355],[51.23287,35.68384],[51.23242,35.68398],[51.23194,35.68413],[51.23142,35.68429],[51.23089,35.68445],[51.23036,35.68465],[51.22981,35.68486],[51.22925,35.68507],[51.22868,35.6853],[51.2281,35.68554],[51.22751,35.68579],[51.2269,35.68603],[51.22628,35.68628],[51.22565,35.68652],[51.22504,35.68675],[51.22442,35.68698],[51.22379,35.68723],[51.22317,35.68747],[51.22256,35.68771],[51.22194,35.68796],[51.22133,35.6882],[51.2207,35.68845],[51.22008,35.6887],[51.21944,35.68896],[51.21879,35.68925],[51.21813,35.68951],[51.21748,35.68977],[51.21683,35.69005],[51.21617,35.69033],[51.21553,35.69059],[51.21486,35.69087],[51.21421,35.69114],[51.21357,35.69141],[51.21292,35.69167],[51.21223,35.69194],[51.2115,35.69222],[51.21081,35.6925],[51.21015,35.69277],[51.20952,35.69304],[51.20889,35.69329],[51.20827,35.69356],[51.20764,35.6938],[51.20702,35.69406],[51.20638,35.69433],[51.20575,35.69458],[51.2051,35.69485],[51.20443,35.69511],[51.20376,35.69538],[51.20308,35.69566],[51.20243,35.69593],[51.20177,35.6962],[51.20109,35.69649],[51.20041,35.69676],[51.19973,35.69703],[51.19903,35.6973],[51.19832,35.69757],[51.19761,35.69785],[51.19689,35.69812],[51.19618,35.6984],[51.19549,35.69867],[51.19482,35.69893],[51.1941,35.69924],[51.19339,35.69953],[51.19267,35.69982],[51.19193,35.70012],[51.19117,35.70046],[51.19043,35.70076],[51.1897,35.70105],[51.18899,35.70133],[51.18831,35.70162],[51.18764,35.70188],[51.18702,35.70214],[51.18656,35.70234],[51.18593,35.7026],[51.18533,35.70285],[51.18485,35.70305],[51.18428,35.70326],[51.18379,35.70346],[51.18325,35.70367],[51.18272,35.70387],[51.18194,35.70412],[51.18148,35.70426],[51.181,35.70441],[51.18051,35.70454],[51.17999,35.70466],[51.17946,35.70478],[51.17889,35.70491],[51.17831,35.70506],[51.17771,35.7052],[51.17709,35.70535],[51.17646,35.7055],[51.1758,35.70567],[51.17516,35.70583],[51.17451,35.70598],[51.17385,35.70613],[51.1732,35.70629],[51.17255,35.70645],[51.17192,35.7066],[51.17132,35.70675],[51.17074,35.70689],[51.17016,35.70702],[51.16957,35.70716],[51.16896,35.70731],[51.16836,35.70745],[51.16777,35.70758],[51.16716,35.7077],[51.16656,35.70782],[51.16596,35.70794],[51.16535,35.70806],[51.16475,35.70823],[51.16416,35.70843],[51.16356,35.70864],[51.16293,35.70883],[51.16232,35.70903],[51.16169,35.70925],[51.16106,35.70947],[51.1604,35.70968],[51.15974,35.7099],[51.15908,35.71012],[51.15845,35.71034],[51.15784,35.71054],[51.15724,35.71074],[51.15664,35.71093],[51.15603,35.71114],[51.15544,35.71133],[51.15485,35.71154],[51.15426,35.71174],[51.1537,35.71192],[51.15317,35.71209],[51.15264,35.71227],[51.15219,35.71242],[51.15178,35.71258],[51.15106,35.71288],[51.15036,35.71319],[51.14995,35.71333],[51.1495,35.71348],[51.14904,35.71363],[51.14856,35.71378],[51.14807,35.71395],[51.14757,35.71411],[51.14707,35.71429],[51.14654,35.71448],[51.146,35.71467],[51.14546,35.71485],[51.14498,35.71502],[51.14452,35.71518],[51.14406,35.71534],[51.14359,35.71554],[51.14312,35.71575],[51.14263,35.71599],[51.14211,35.71622],[51.14161,35.71646],[51.14109,35.71674],[51.14058,35.71704],[51.14006,35.71735],[51.13955,35.71765],[51.13907,35.71795],[51.13862,35.71827],[51.13818,35.71861],[51.13778,35.71893],[51.13747,35.71921],[51.1371,35.7195],[51.13712,35.7195],[51.13666,35.71979],[51.13619,35.72015],[51.13558,35.72064],[51.13524,35.7209],[51.13491,35.72116],[51.13455,35.72144],[51.13419,35.72172],[51.13383,35.72202],[51.13346,35.7223],[51.1331,35.72259],[51.13274,35.7229],[51.1324,35.7232],[51.13204,35.72353],[51.1317,35.72384],[51.13134,35.72417],[51.131,35.7245],[51.13065,35.72481],[51.13031,35.72511],[51.12999,35.72541],[51.12967,35.7257],[51.12935,35.726],[51.12901,35.72631],[51.12867,35.72661],[51.12835,35.72692],[51.12807,35.72723],[51.12785,35.72756],[51.12782,35.72823],[51.12798,35.72876],[51.12827,35.72935],[51.12861,35.73001],[51.12892,35.73063],[51.12881,35.7311],[51.12824,35.73128],[51.12754,35.73141],[51.12694,35.73153],[51.1264,35.73165],[51.12574,35.73185],[51.12496,35.73215],[51.12428,35.73251],[51.12391,35.73271],[51.12351,35.73294],[51.12309,35.73316],[51.12265,35.73338],[51.12219,35.73361],[51.12172,35.73384],[51.12123,35.73407],[51.12073,35.73432],[51.12022,35.73457],[51.1197,35.73483],[51.11916,35.73509],[51.11861,35.73536],[51.11805,35.73563],[51.1175,35.73591],[51.11695,35.73619],[51.11637,35.73648],[51.1158,35.73676],[51.11521,35.73703],[51.11459,35.73724],[51.11396,35.73744],[51.11332,35.73762],[51.11268,35.7378],[51.11202,35.738],[51.11137,35.73819],[51.11069,35.73841],[51.11005,35.7386],[51.1094,35.7388],[51.10873,35.739],[51.10806,35.7392],[51.10739,35.7394],[51.10673,35.73959],[51.10606,35.73978],[51.1054,35.73995],[51.10471,35.74009],[51.10403,35.74021],[51.10333,35.7403],[51.10262,35.7404],[51.10194,35.7405],[51.10126,35.74059],[51.10062,35.7407],[51.09999,35.74081],[51.09937,35.74094],[51.09875,35.74106],[51.09814,35.74119],[51.09754,35.74132],[51.09693,35.74144],[51.09633,35.74157],[51.09573,35.74169],[51.09514,35.74182],[51.09455,35.74193],[51.09397,35.74206],[51.0934,35.74217],[51.09283,35.74229],[51.09225,35.74241],[51.09166,35.74253],[51.09106,35.74266],[51.09045,35.74278],[51.08984,35.74291],[51.08922,35.74305],[51.08862,35.7432],[51.08803,35.74336],[51.08744,35.74353],[51.08686,35.7437],[51.08629,35.74392],[51.08575,35.74416],[51.08525,35.74444],[51.08476,35.74474],[51.08428,35.74505],[51.0838,35.74536],[51.0833,35.74567],[51.08281,35.746],[51.08229,35.74632],[51.08177,35.74665],[51.08124,35.74698],[51.08072,35.74731],[51.0802,35.74765],[51.07967,35.74798],[51.07915,35.74831],[51.0786,35.74862],[51.07802,35.74891],[51.07741,35.74918],[51.07679,35.74945],[51.07615,35.74973],[51.07554,35.75001],[51.07497,35.75026],[51.07449,35.75047],[51.07407,35.75065],[51.07361,35.75085],[51.07317,35.75107],[51.07274,35.75127],[51.0723,35.75147],[51.07191,35.75165],[51.07151,35.75184],[51.07073,35.75216],[51.07032,35.75232],[51.0699,35.7525],[51.06947,35.75269],[51.06902,35.75289],[51.06856,35.75309],[51.0681,35.7533],[51.06762,35.75352],[51.06712,35.75373],[51.06663,35.75395],[51.06614,35.75416],[51.06566,35.75439],[51.06518,35.75462],[51.06471,35.75483],[51.06424,35.75505],[51.06377,35.75527],[51.0633,35.7555],[51.06282,35.75572],[51.06233,35.75592],[51.06184,35.75615],[51.06135,35.75639],[51.06085,35.75663],[51.06034,35.75687],[51.05983,35.75711],[51.05929,35.75735],[51.05876,35.75759],[51.05821,35.75784],[51.05766,35.75809],[51.05711,35.75834],[51.05654,35.7586],[51.05597,35.75886],[51.05543,35.75912],[51.05494,35.75938],[51.05449,35.75966],[51.05405,35.75997],[51.05363,35.76029],[51.0532,35.76061],[51.05276,35.76093],[51.0523,35.76123],[51.05182,35.76153],[51.0513,35.76178],[51.05079,35.76205],[51.05028,35.76232],[51.04977,35.76256],[51.04925,35.7628],[51.04874,35.76305],[51.04823,35.76329],[51.04773,35.76354],[51.04722,35.76377],[51.04671,35.764],[51.0462,35.76424],[51.04569,35.76447],[51.04517,35.7647],[51.04468,35.7649],[51.0442,35.76512],[51.04377,35.76533],[51.04338,35.76554],[51.04298,35.76576],[51.04258,35.76601],[51.04217,35.7663],[51.04176,35.76662],[51.04137,35.76695],[51.04101,35.76732],[51.04064,35.76768],[51.0403,35.76805],[51.03995,35.76842],[51.03961,35.76878],[51.0393,35.76909],[51.039,35.76938],[51.03867,35.7697],[51.03833,35.77002],[51.03798,35.77037],[51.03763,35.77074],[51.03727,35.77115],[51.03691,35.77154],[51.03653,35.77195],[51.03613,35.77235],[51.03573,35.77278],[51.03534,35.7732],[51.03496,35.77363],[51.0346,35.77403],[51.03429,35.77442],[51.03402,35.7748],[51.03379,35.77517],[51.03354,35.77553],[51.0332,35.77586],[51.03282,35.77616],[51.03245,35.77647],[51.03209,35.7768],[51.03176,35.77716],[51.03143,35.77753],[51.03111,35.7779],[51.03079,35.77825],[51.03046,35.77859],[51.03014,35.77893],[51.02983,35.77927],[51.02951,35.77963],[51.02919,35.77998],[51.02889,35.78035],[51.02855,35.78068],[51.02819,35.78101],[51.02781,35.78135],[51.02743,35.7817],[51.02703,35.78204],[51.02663,35.78238],[51.02629,35.78268],[51.02596,35.78298],[51.02562,35.78328],[51.02529,35.78358],[51.02492,35.78391],[51.02454,35.78425],[51.02415,35.7846],[51.02375,35.78494],[51.02335,35.78529],[51.02296,35.78564],[51.02259,35.78594],[51.0223,35.78628],[51.02181,35.7868],[51.02146,35.78706],[51.0211,35.78738],[51.02081,35.78772],[51.02047,35.7881],[51.02012,35.78855],[51.01975,35.78899],[51.01939,35.78928],[51.01884,35.78946],[51.01809,35.78954],[51.01764,35.78956],[51.01716,35.78959],[51.01664,35.78968],[51.01608,35.78979],[51.01552,35.78989],[51.01492,35.78998],[51.01429,35.79007],[51.01367,35.79015],[51.01304,35.79021],[51.01239,35.79027],[51.0117,35.79031],[51.01098,35.79036],[51.01024,35.79042],[51.0095,35.79047],[51.00877,35.79053],[51.0081,35.79057],[51.00745,35.79062],[51.00683,35.79068],[51.00627,35.79073],[51.00582,35.79082],[51.00544,35.79102],[51.00514,35.7913],[51.00484,35.7916],[51.00451,35.79186],[51.00415,35.79208],[51.00377,35.79231],[51.00346,35.79257],[51.00313,35.79308],[51.00294,35.79355],[51.00273,35.79396],[51.00275,35.79339],[51.00299,35.79297],[51.00321,35.79254],[51.00341,35.792],[51.00346,35.79136],[51.00338,35.79074],[51.00334,35.79013],[51.0035,35.78949],[51.00384,35.78887],[51.00424,35.78841],[51.00458,35.788],[51.00496,35.78744],[51.00543,35.78677],[51.00567,35.78636],[51.00585,35.78591],[51.00597,35.78545],[51.00606,35.785],[51.00614,35.78456],[51.00622,35.78414],[51.00626,35.78375],[51.00626,35.78317],[51.00623,35.78249],[51.0062,35.78213],[51.00617,35.78161],[51.00614,35.78105],[51.00608,35.78033],[51.00605,35.77995],[51.00604,35.7794],[51.00598,35.77889],[51.0059,35.77826],[51.00581,35.77759],[51.00571,35.777],[51.00562,35.77636],[51.00556,35.776],[51.00552,35.77562],[51.00547,35.77522],[51.00544,35.77481],[51.00543,35.77439],[51.00542,35.77396],[51.00541,35.77354],[51.0054,35.77311],[51.00538,35.7727],[51.00536,35.77227],[51.00534,35.77184],[51.00531,35.77141],[51.00525,35.77096],[51.00511,35.77053],[51.00491,35.77011],[51.00469,35.76968],[51.00448,35.76924],[51.00429,35.76881],[51.0041,35.76839],[51.00391,35.76797],[51.00374,35.76756],[51.00356,35.76718],[51.00328,35.76667]]]}},{"type":"Feature","properties":{"route":9,"color":"#ea580c","times":[[31386,31446,31506,31566,31626,31686,31746,31806,31866,31896,31908,31917,31926,31941,31965,31980,31992,32016,32031,32046,32064,32106,32166,32226,32286,32319,32337,32355,32373,32391,32412,32427,32451,32481,32496,32520,32526,32532,32538,32544,32553,32559,32565,32571,32583,32589,32595,32601,32610,32616,32622,32631,32643,32670,32679,32691,32700,32706,32715,32730,32742,32754,32760,32766,32772,32778,32790,32850,32910,32970,33030,33090,33150,33210,33246,33273,33294,33312,33372,33432,33492,33552,33561,33567,33573,33609,33618,33627,33642,33651,33669,33678,33684,33690,33699,33759,33813,33846,33906,33966,33984,34008,34023,34035,34044,34053,34059,34119,34152,34170,34179,34182,34200,34260,34320,34380,34440,34500,34560,34611,34629,34638,34650,34659,34677,34689,34695,34698,34707,34716,34731,34743,34749,34758,34773,34782,34791,34797,34803,34812,34818,34824,34830,34842,34851,34863,34878,34896,34914,34926,34944,34950,34956,34962,34971,34980,34995,35007,35016,35031,35043,35058,35070,35085,35097,35103,35109,35121,35130,35139,35145,35154,35166,35184,35220,35280,35340,35400,35460,35520,35580,35607,35619,35628,35637,35655,35664,35724,35784,35844,35904,35964,36024,36084,36111,36171,36231,36291,36336,36348,36366,36375,36393,36408,36420,36432,36450,36459,36465,36471,36477,36483,36489,36495,36504,36510,36516,36522,36528,36534,36543,36555,36615,36675,36735,36765,36792,36798,36804,36810,36816,36825,36840,36849,36858,36867,36879,36909,36969,37029,37089,37149,37209,37251,37266,37275,37287,37308,37368,37428,37488,37548,37608,37668,37728,37788,37848,37908,37968,37980,38004,38013,38022,38028,38037,38049,38055,38064,38070,38088,38097,38130,38139,38154,38211,38271,38331,38391,38451,38511,38571,38613,38631,38640,38652,38712,38772,38811,38820,38829,38838,38856,38883,38892,38898,38910,38919,38925,38931,38940,38961,38988,39050,39110,39170,39230,39290,39350,39377,39386,39398,39407,39419,39428,39443,39458,39470,39479,39491,39500,39506,39515,39548,39566,39584,39593,39599,39614,39626,39635,39644,39653,39713,39773,39797,39857,39917,39977,40019,40034,40055,40067,40079,40088,40097,40106,40115,40130,40154,40169,40229,40289,40349,40409,40469,40529,40553,40565,40571,40580,40589,40595,40601,40610,40619,40625,40634,40646,40655,40664,40673,40694,40754,40814,40874,40934,40952,40961,40979,40991,41012,41072,41132,41192,41252,41312,41372,41432,41492,41552,41612,41672,41732,41792,41852,41912,41957,42017,42065,42125,42185,42194,42200,42242,42302,42314,42332,42338,42341,42347,42353,42362,42368,42374,42380,42383,42389,42395,42404,42410,42419,42440,42452,42458,42467,42488,42500,42512,42524,42539,42551,42572,42632,42692,42752,42812,42872,42884,42893,42902,42914,42926,42938,42947,42956,42974,42983,42992,43004,43016,43037,43046,43052,43061,43070,43076,43082,43097,43106,43115,43127,43136,43145,43154,43175,43235,43277,43337,43397,43457,43517,43577,43607,43625,43634,43643,43670,43682,43697,43706,43715,43763,43769,43778,43784,43790,43799,43805,43814,43820,43829,43838,43847,43865,43874,43883,43904,43964,44024,44084,44144,44204,44264,44324,44384,44444,44504,44564,44594,44600,44606,44612,44621,44648,44657,44666,44678,44687,44699,44708,44717,44726,44732,44738,44753,44759,44780,44840,44900,44960,44984,44996,45005,45014,45020,45026,45032,45038,45044,45050,45056,45062,45071,45083,45089,45095,45101,45110,45170,45230,45245,45251,45257,45263,45269,45275,45281,45284,45290,45296,45302,45308,45314,45320,45326,45335,45347,45359,45371,45377,45380,45389,45398,45404,45410,45416,45425,45485,45545,45605,45665,45725,45785,45845,45905,45965,46025,46061,46070,46079,46091,46115,46127,46139,46148,46154,46163,46169,46178,46184,46190,46196,46211,46217,46223,46226,46232,46238,46247,46253,46259,46265,46271,46280,46286,46292,46298,46310,46322,46331,46337,46346,46352,46358,46367,46376,46403,46412,46421,46448,46457,46463,46469,46475,46481,46493,46499,46505,46511,46517,46523,46529,46541,46547,46553,46559,46565,46571,46586,46592,46601,46610,46622,46628,46637,46697,46757,46799,46811,46817,46826,46835,46847,46853,46859,46865,46874,46892,46922,46937,46949,46958,46976,47036,47096,47156,47216,47276,47303,47318,47327,47342,47351,47360,47369,47378,47438,47471,47510,47570,47630,47690,47699,47711,47720,47729,47738,47741,47753,47762,47768,47774,47780,47786,47795,47801,47807,47813,47819,47825,47831,47837,47843,47849,47858,47864,47870,47876,47894,47912,47918,47921,47924,47927,47930,47936,47942,47945,47948,47951,47957,47963,47969,47975,47981,47987,47993,47999,48008,48029,48035,48041,48044,48047,48050,48053,48056,48059,48065,48074,48080,48086,48092,48098,48107,48113,48119,48125,48131,48137,48143,48149,48152,48155,48158,48164,48167,48173,48179,48188,48194,48200,48212,48221,48227,48233,48239,48248,48254,48260,48266,48272,48278,48281,48287,48293,48299,48305,48311,48317,48323,48329,48335,48341,48350,48356,48362,48368,48377,48383,48389,48395,48401,48404,48407,48410,48413,48416,48419,48422,48425,48428,48431,48434,48437,48440,48443,48446,48449,48452,48455,48458,48461,48464,48467,48470,48473,48476,48479,48482,48485,48488,48491,48494,48497,48500,48503,48506,48509,48512,48515,48518,48521,48524,48527,48530,48536,48542,48548,48554,48557,48560,48563,48566,48569,48572,48575,48578,48584,48587,48590,48593,48596,48599,48602,48605,48614,48623,48629,48635,48641,48647,48653,48659,48665,48668,48671,48674,48680,48689,48701,48707,48710,48713,48716,48719,48722,48725,48728,48731,48734,48737,48740,48746,48752,48758,48761,48767,48773,48776,48779,48782,48788,48800,48806,48812,48818,48824,48830,48836,48842,48848,48857,48878,48890,48902,48920,48929,48938,48947,48956,48965,48989,49049,49109,49169,49184,49202,49208,49232,49244,49280,49289,49307,49319,49328,49334,49394,49456,49498,49507,49516,49522,49528,49534,49540,49546,49552,49558,49564,49573,49579,49588,49594,49600,49609,49618,49633,49639,49645,49660,49669,49675,49681,49687,49696,49702,49708,49714,49720,49726,49729,49732,49738,49744,49750,49756,49780,49789,49795,49801,49813,49822,49828,49888,49948,50008,50026,50032,50041,50053,50059,50065,50074,50080,50086,50092,50104,50116,50134,50146,50152,50158,50164,50170,50173,50176,50182,50188,50194,50206,50212,50218,50227,50239,50251,50311,50371,50419,50428,50434,50440,50443,50446,50449,50452,50458,50464,50470,50476,50482,50485,50488,50491,50494,50497,50500,50503,50506,50509,50512,50515,50518,50521,50524,50527,50530,50533,50536,50539,50542,50545,50548,50551,50554,50557,50560,50563,50566,50569,50572,50575,50578,50581,50584,50587,50590,50596,50602,50608,50614,50617,50620,50623,50626,50632,50638,50647,50653,50659,50665,50671,50674,50680,50686,50692,50695,50698,50701,50704,50707,50710,50713,50716,50722,50728,50734,50737,50740,50743,50746,50749,50755,50758,50761,50764,50767,50773,50779,50785,50794,50800,50803,50809,50833,50845,50851,50857,50863,50866,50872,50878,50881,50884,50887,50890,50893,50896,50899,50902,50905,50908,50914,50920,50923,50926,50929,50932,50935,50938,50941,50944,50947,50950,50953,50956,50959,50962,50965,50968,50971,50974,50977,50980,50983,50986,50989,50992,50995,50998,51001,51004,51007,51010,51013,51016,51019,51022,51025,51028,51031,51034,51037,51040,51043,51046,51049,51052,51055,51058,51061,51064,51067,51070,51073,51076,51079,51082,51085,51088,51091,51094,51097,51100,51103,51106,51109,51112,51115,51118,51121,51124,51127,51130,51133,51136,51139,51142,51145,51148,51151,51154,51157,51160,51163,51166,51169,51172,51175,51178,51181,51184,51187,51190,51193,51196,51199,51205,51211,51217,51223,51229,51235,51241,51247,51253,51259,51265,51271,51277,51283,51289,51295,51298,51301,51304,51307,51310,51313,51316,51319,51322,51325,51328,51331,51334,51337,51340,51343,51346,51349,51352,51355,51358,51361,51364,51370,51376,51385,51394,51400,51406,51412,51418,51424,51430,51436,51442,51463,51475,51481,51487,51493,51499,51505,51511,51517,51577,51586,51592,51598,51604,51619,51631,51640,51646,51652,51658,51664,51670,51691,51706,51721,51733,51751,51769,51775,51781,51784,51787,51790,51793,51796,51799,51802,51805,51808,51811,51814,51817,51820,51823,51826,51829,51832,51835,51838,51841,51844,51847,51853,51859,51862,51865,51868,51871,51874,51877,51880,51883,51886,51889,51892,51895,51898,51901,51904,51907,51910,51913,51916,51919,51922,51925,51928,51931,51934,51937,51940,51943,51946,51949,51952,51955,51958,51961,51964,51967,51970,51973,51976,51979,51982,51985,51988,51991,51994,51997,52000,52003,52006,52009,52012,52015,52018,52021,52024,52027,52030,52033,52036,52039,52042,52045,52048,52051,52054,52057,52060,52063,52066,52069,52072,52075,52078,52090,52096,52099,52105,52111,52120,52126,52129,52132,52135,52138,52141,52144,52147,52150,52153,52159,52171,52177,52183,52186,52189,52192,52195,52201,52207,52213,52219,52222,52225,52228,52231,52234,52237,52240,52243,52246,52249,52252,52255,52258,52261,52264,52267,52270,52273,52276,52279,52282,52285,52288,52291,52294,52297,52300,52303,52306,52309,52312,52315,52318,52321,52324,52327,52330,52336,52348,52357,52363,52375,52381,52387,52396,52411,52420,52426,52438,52444,52504,52564,52624,52684,52744,52804,52864,52924,52984,53044,53104,53164,53224,53284,53344,53404,53464,53524,53584,53644,53704,53764,53824,53884,53944,53998,54058,54118,54178,54238,54298,54358,54418,54478,54538,54598,54658,54718,54778,54838,54898,54958,55012,55072,55132,55192,55252,55273,55297,55357,55381,55442,55502,55562,55624,55686,55746,55806,55866,55926]],"type":"operational_gps","source":"recorded_gps"},"geometry":{"type":"MultiLineString","coordinates":[[[51.37792,35.66412],[51.3781,35.66393],[51.37811,35.66393],[51.37812,35.66393],[51.37812,35.66394],[51.3781,35.66393],[51.37809,35.66393],[51.3781,35.66393],[51.37812,35.66396],[51.37773,35.66376],[51.37729,35.66355],[51.37683,35.66336],[51.37642,35.66321],[51.37605,35.66295],[51.37568,35.66267],[51.37516,35.66258],[51.37471,35.66251],[51.37423,35.6625],[51.37379,35.66263],[51.37333,35.66264],[51.37285,35.66264],[51.37252,35.66289],[51.37248,35.66306],[51.37243,35.66337],[51.37229,35.66343],[51.37239,35.663],[51.37245,35.66259],[51.37248,35.6622],[51.37251,35.66181],[51.37301,35.66187],[51.37346,35.66199],[51.37391,35.66202],[51.37435,35.6621],[51.37463,35.66243],[51.3751,35.66264],[51.37551,35.66243],[51.37586,35.66199],[51.37618,35.66151],[51.37647,35.66112],[51.37667,35.66073],[51.37683,35.66023],[51.37695,35.65986],[51.37712,35.65942],[51.37729,35.65896],[51.37696,35.65858],[51.37643,35.65841],[51.37581,35.65823],[51.37528,35.65807],[51.37469,35.65793],[51.37413,35.65777],[51.37361,35.65762],[51.37313,35.6575],[51.37268,35.65737],[51.37218,35.65719],[51.37163,35.65705],[51.37105,35.65688],[51.37041,35.65691],[51.36996,35.65693],[51.3693,35.65699],[51.36899,35.65665],[51.36888,35.65624],[51.36883,35.65578],[51.36874,35.65534],[51.3687,35.65483],[51.36868,35.65434],[51.3686,35.6539],[51.36819,35.65368],[51.36796,35.65372],[51.36796,35.65373],[51.36795,35.65373],[51.36794,35.65375],[51.36794,35.65374],[51.36793,35.65382],[51.36793,35.65383],[51.3675,35.65391],[51.36756,35.65429],[51.36744,35.65474],[51.36749,35.65511],[51.36746,35.65514],[51.36745,35.65515],[51.36742,35.65518],[51.36737,35.65526],[51.36742,35.65565],[51.36748,35.65603],[51.36745,35.65647],[51.36731,35.65688],[51.36686,35.65706],[51.36632,35.65716],[51.36574,35.65727],[51.36513,35.65736],[51.36464,35.6574],[51.36413,35.65745],[51.36364,35.6575],[51.36319,35.65755],[51.36269,35.65773],[51.36229,35.65767],[51.36184,35.65772],[51.3613,35.65775],[51.36106,35.65782],[51.36086,35.65782],[51.36031,35.65789],[51.35977,35.65793],[51.35924,35.65799],[51.35863,35.65804],[51.35805,35.65811],[51.35736,35.65817],[51.35681,35.65824],[51.35658,35.65822],[51.35674,35.65871],[51.35681,35.65915],[51.357,35.65952],[51.35708,35.6599],[51.35712,35.66028],[51.35713,35.6604],[51.35711,35.66048],[51.35714,35.66053],[51.35714,35.66058],[51.35715,35.66066],[51.35716,35.66084],[51.35728,35.66123],[51.35718,35.6616],[51.35728,35.66197],[51.3574,35.66241],[51.35752,35.66279],[51.35742,35.66322],[51.35699,35.66352],[51.3568,35.6639],[51.35673,35.66428],[51.35621,35.6643],[51.35564,35.66425],[51.35514,35.66415],[51.35458,35.66408],[51.35407,35.66412],[51.35349,35.66421],[51.35305,35.66425],[51.35257,35.66433],[51.35192,35.66444],[51.35131,35.66454],[51.35067,35.66466],[51.35009,35.66478],[51.34958,35.66488],[51.34902,35.66497],[51.34855,35.66504],[51.34822,35.66532],[51.34837,35.66571],[51.34846,35.66619],[51.34839,35.66661],[51.34796,35.66686],[51.34763,35.66718],[51.34746,35.66759],[51.3477,35.66795],[51.34798,35.66825],[51.34846,35.66857],[51.34888,35.66881],[51.34933,35.66913],[51.34987,35.66937],[51.35033,35.66957],[51.35083,35.6698],[51.35125,35.67002],[51.35167,35.67025],[51.35208,35.67043],[51.35256,35.67051],[51.35313,35.67052],[51.35358,35.67038],[51.35413,35.67014],[51.35457,35.66995],[51.35499,35.66982],[51.35548,35.6697],[51.35586,35.66949],[51.35589,35.66894],[51.35597,35.66854],[51.35603,35.66809],[51.35606,35.66766],[51.35611,35.66729],[51.35615,35.66693],[51.35618,35.66671],[51.3562,35.66674],[51.35622,35.66676],[51.3562,35.66673],[51.35621,35.66675],[51.35623,35.66669],[51.35598,35.66636],[51.3555,35.66633],[51.35506,35.66625],[51.35458,35.66623],[51.354,35.66616],[51.35344,35.6661],[51.35325,35.66601],[51.35324,35.66601],[51.35323,35.66602],[51.35322,35.66601],[51.35321,35.66601],[51.35319,35.66602],[51.35306,35.66575],[51.35307,35.66539],[51.35307,35.66534],[51.35307,35.66534],[51.35312,35.66531],[51.35317,35.66494],[51.35313,35.66449],[51.35346,35.66422],[51.35396,35.66411],[51.3543,35.66388],[51.35386,35.66359],[51.35346,35.66341],[51.35311,35.66318],[51.35269,35.66298],[51.35209,35.66281],[51.35155,35.66278],[51.35108,35.66271],[51.35053,35.66262],[51.34999,35.66252],[51.34945,35.66243],[51.34895,35.66237],[51.34837,35.66227],[51.34787,35.66217],[51.34729,35.66205],[51.34675,35.66195],[51.34622,35.66184],[51.34573,35.66176],[51.34516,35.66177],[51.34488,35.66208],[51.34472,35.6624],[51.34472,35.6624],[51.34472,35.6624],[51.3446,35.6628],[51.34441,35.66247],[51.34454,35.66203],[51.34469,35.66158],[51.34484,35.66115],[51.34496,35.6607],[51.34501,35.66029],[51.34452,35.66014],[51.34409,35.66004],[51.34365,35.65995],[51.34309,35.6598],[51.34255,35.65977],[51.34211,35.65969],[51.34199,35.65971],[51.34198,35.65971],[51.34197,35.65972],[51.34194,35.65973],[51.34179,35.65972],[51.34131,35.65956],[51.34076,35.65954],[51.34028,35.65941],[51.33984,35.65927],[51.33941,35.65917],[51.33911,35.65912],[51.3391,35.65912],[51.33909,35.65912],[51.33908,35.65912],[51.33907,35.65912],[51.33906,35.65913],[51.33906,35.65913],[51.33905,35.65913],[51.33905,35.65913],[51.33904,35.65913],[51.33898,35.65913],[51.33841,35.65907],[51.33825,35.65869],[51.33836,35.65826],[51.3385,35.65779],[51.3386,35.65741],[51.3387,35.657],[51.33889,35.65659],[51.33901,35.65623],[51.33917,35.65571],[51.33925,35.65535],[51.33955,35.65484],[51.33973,35.65447],[51.33996,35.65405],[51.3402,35.65366],[51.3404,35.65322],[51.34048,35.65284],[51.34051,35.65271],[51.34048,35.65266],[51.34052,35.65265],[51.34052,35.65266],[51.3405,35.6527],[51.34048,35.65257],[51.34056,35.6522],[51.34074,35.6518],[51.34091,35.65136],[51.34108,35.65102],[51.34118,35.651],[51.34121,35.65097],[51.34135,35.65058],[51.34162,35.65017],[51.34183,35.64971],[51.34197,35.64924],[51.34216,35.6489],[51.34264,35.64873],[51.34327,35.64884],[51.3437,35.64894],[51.34407,35.6492],[51.34383,35.64961],[51.34364,35.64998],[51.34345,35.65035],[51.34316,35.65075],[51.34292,35.65105],[51.34275,35.6514],[51.34271,35.65133],[51.3428,35.6514],[51.34285,35.65133],[51.34284,35.6513],[51.343,35.65138],[51.34282,35.65149],[51.34256,35.65183],[51.34242,35.65219],[51.34221,35.65257],[51.34206,35.65291],[51.34185,35.65336],[51.34167,35.65378],[51.34154,35.6542],[51.34108,35.65434],[51.34063,35.65426],[51.34013,35.65418],[51.33963,35.65411],[51.33909,35.65399],[51.33857,35.65394],[51.3381,35.65384],[51.33758,35.65375],[51.3371,35.6536],[51.33679,35.65329],[51.33679,35.65277],[51.33687,35.65239],[51.33714,35.652],[51.33754,35.65169],[51.33776,35.65137],[51.33799,35.65105],[51.33821,35.65071],[51.3382,35.65063],[51.33824,35.65046],[51.33834,35.6501],[51.33842,35.65018],[51.33818,35.65031],[51.33817,35.65029],[51.33855,35.65003],[51.33909,35.65009],[51.33905,35.6505],[51.339,35.65096],[51.33886,35.65143],[51.3387,35.65188],[51.33847,35.65234],[51.33822,35.6528],[51.33805,35.65319],[51.3379,35.65359],[51.33774,35.65401],[51.3376,35.6544],[51.33762,35.65461],[51.33765,35.65467],[51.3376,35.65468],[51.33743,35.65472],[51.33758,35.65468],[51.33754,35.65463],[51.33773,35.65418],[51.33746,35.65385],[51.33697,35.65375],[51.3365,35.65354],[51.33655,35.65316],[51.33666,35.65277],[51.33677,35.65238],[51.33699,35.65194],[51.33737,35.6515],[51.33767,35.65111],[51.33794,35.65067],[51.33819,35.65036],[51.33847,35.65003],[51.33887,35.64967],[51.33915,35.64934],[51.33925,35.64896],[51.33956,35.64875],[51.33948,35.64871],[51.33945,35.6488],[51.33971,35.64857],[51.33987,35.6482],[51.34022,35.64793],[51.34072,35.64785],[51.34119,35.64789],[51.3416,35.64806],[51.34141,35.64827],[51.34141,35.64837],[51.34161,35.64823],[51.3417,35.64825],[51.34157,35.64825],[51.34169,35.64845],[51.34178,35.64834],[51.34169,35.64837],[51.3417,35.64847],[51.34163,35.64859],[51.34168,35.64835],[51.34172,35.64825],[51.34176,35.64815],[51.34178,35.64814],[51.34178,35.64811],[51.34136,35.64823],[51.34139,35.64791],[51.3416,35.64829],[51.34164,35.64834],[51.34183,35.64856],[51.34229,35.64814],[51.34255,35.64785],[51.34218,35.64811],[51.34253,35.64781],[51.34266,35.64745],[51.34309,35.6472],[51.34324,35.64678],[51.34347,35.64641],[51.34357,35.64597],[51.34365,35.64556],[51.3437,35.6452],[51.34399,35.64473],[51.34412,35.64434],[51.34423,35.64397],[51.34441,35.64356],[51.34467,35.64292],[51.3449,35.6424],[51.34471,35.64207],[51.34422,35.64188],[51.34376,35.64167],[51.34333,35.64148],[51.34284,35.6413],[51.3423,35.64109],[51.34187,35.64092],[51.34176,35.64053],[51.34132,35.6403],[51.34096,35.64007],[51.34054,35.63982],[51.34081,35.63942],[51.3411,35.63913],[51.34143,35.63881],[51.34168,35.63866],[51.34163,35.63862],[51.34163,35.63874],[51.34175,35.63858],[51.3419,35.63839],[51.34156,35.63876],[51.3413,35.63905],[51.34098,35.63935],[51.3406,35.6397],[51.3404,35.64007],[51.34083,35.64043],[51.34123,35.64061],[51.34166,35.64075],[51.3417,35.64113],[51.34144,35.6416],[51.34126,35.642],[51.34102,35.64238],[51.34078,35.6427],[51.34049,35.64301],[51.34019,35.6434],[51.33994,35.6437],[51.33961,35.64415],[51.33921,35.64459],[51.3389,35.64495],[51.3386,35.64529],[51.33825,35.64567],[51.33795,35.64603],[51.33767,35.64637],[51.33753,35.64673],[51.33799,35.64705],[51.33843,35.64732],[51.33882,35.64757],[51.3387,35.64794],[51.3385,35.64817],[51.33874,35.64785],[51.33875,35.64776],[51.33882,35.64773],[51.33877,35.64775],[51.33879,35.64775],[51.33863,35.64795],[51.33834,35.64828],[51.3381,35.64861],[51.33839,35.64888],[51.33877,35.64912],[51.3393,35.6492],[51.33976,35.64927],[51.34018,35.64945],[51.34071,35.64957],[51.3413,35.64965],[51.34156,35.64936],[51.34182,35.649],[51.34248,35.64888],[51.34318,35.64897],[51.34385,35.64911],[51.34394,35.64948],[51.34372,35.64984],[51.34345,35.65028],[51.34322,35.65065],[51.34294,35.65115],[51.3427,35.65158],[51.34249,35.65197],[51.34201,35.65211],[51.34152,35.65186],[51.341,35.65172],[51.34096,35.65127],[51.3411,35.65103],[51.341,35.65113],[51.34101,35.65111],[51.34121,35.65093],[51.3411,35.65102],[51.34116,35.65101],[51.34105,35.65112],[51.34108,35.65105],[51.34109,35.65101],[51.34109,35.65108],[51.34123,35.6509],[51.34137,35.65051],[51.34157,35.6501],[51.34181,35.64961],[51.34196,35.64923],[51.34211,35.64875],[51.34224,35.64839],[51.34249,35.64796],[51.34263,35.6476],[51.34209,35.64748],[51.3416,35.64735],[51.34113,35.64722],[51.3406,35.64701],[51.34013,35.64678],[51.33962,35.64651],[51.33926,35.64631],[51.33882,35.64604],[51.33828,35.64636],[51.33803,35.64675],[51.33758,35.64696],[51.33758,35.64692],[51.33757,35.64699],[51.33748,35.64681],[51.33729,35.64714],[51.33697,35.64756],[51.33668,35.64788],[51.33636,35.64821],[51.33603,35.64865],[51.33568,35.64917],[51.33533,35.64964],[51.33509,35.64995],[51.33489,35.65028],[51.33468,35.65066],[51.33445,35.651],[51.33423,35.65135],[51.33398,35.65168],[51.33369,35.65206],[51.33344,35.65239],[51.33315,35.65276],[51.33292,35.65311],[51.33271,35.65344],[51.33266,35.6535],[51.33255,35.65351],[51.33229,35.65385],[51.33205,35.65423],[51.33174,35.65472],[51.33135,35.65527],[51.33106,35.65572],[51.33078,35.65624],[51.33044,35.65683],[51.33026,35.65716],[51.32991,35.65777],[51.32966,35.65827],[51.32954,35.65862],[51.32975,35.65895],[51.33032,35.65919],[51.33105,35.65943],[51.33149,35.65957],[51.33189,35.65988],[51.33176,35.66023],[51.33164,35.66071],[51.33167,35.66109],[51.33176,35.66145],[51.33186,35.66185],[51.33194,35.66222],[51.332,35.66263],[51.3322,35.66323],[51.33235,35.66373],[51.33249,35.66423],[51.33258,35.66467],[51.33222,35.66485],[51.33228,35.66483],[51.3322,35.66476],[51.3323,35.66489],[51.33234,35.66491],[51.33231,35.66473],[51.33224,35.66498],[51.33222,35.66492],[51.33222,35.66499],[51.33221,35.665],[51.33176,35.66502],[51.33118,35.66509],[51.33075,35.66522],[51.33031,35.6653],[51.32983,35.66522],[51.32955,35.66483],[51.3294,35.66444],[51.32927,35.66405],[51.32913,35.6637],[51.32897,35.66325],[51.32885,35.66285],[51.3287,35.66232],[51.32858,35.6619],[51.32848,35.66155],[51.32834,35.6611],[51.32769,35.66089],[51.32688,35.66085],[51.326,35.66078],[51.32551,35.66073],[51.32471,35.66076],[51.32415,35.6608],[51.32358,35.6609],[51.32311,35.66103],[51.32253,35.66118],[51.32182,35.6613],[51.32124,35.66149],[51.32065,35.66148],[51.32019,35.66155],[51.31961,35.66172],[51.3191,35.66189],[51.31864,35.66206],[51.31821,35.66219],[51.3176,35.66235],[51.31711,35.66247],[51.31652,35.6626],[51.316,35.66267],[51.31534,35.66276],[51.3148,35.66278],[51.31429,35.66278],[51.31372,35.66277],[51.31323,35.66277],[51.31273,35.6628],[51.31224,35.66282],[51.31162,35.66286],[51.31104,35.66281],[51.31029,35.66282],[51.30956,35.66279],[51.30908,35.6628],[51.30861,35.66286],[51.30813,35.66278],[51.30753,35.66269],[51.30716,35.66303],[51.30705,35.66358],[51.30696,35.66402],[51.30684,35.66447],[51.30647,35.66472],[51.30594,35.66463],[51.30532,35.66454],[51.30452,35.66443],[51.30372,35.66428],[51.30321,35.66416],[51.30278,35.66427],[51.3028,35.66463],[51.30282,35.66508],[51.30288,35.66556],[51.3029,35.66617],[51.30291,35.66656],[51.30291,35.66709],[51.30292,35.66715],[51.30286,35.66716],[51.30283,35.6676],[51.30292,35.66813],[51.303,35.66853],[51.30299,35.66901],[51.30301,35.6695],[51.30265,35.66982],[51.30216,35.66989],[51.30157,35.66994],[51.30102,35.66992],[51.30048,35.66997],[51.30034,35.67035],[51.30045,35.6707],[51.30042,35.6711],[51.30042,35.67156],[51.30051,35.67198],[51.30053,35.67234],[51.30052,35.67252],[51.3005,35.67254],[51.30054,35.67251],[51.3005,35.67262],[51.30058,35.67247],[51.3005,35.67203],[51.30043,35.67162],[51.30051,35.671],[51.30059,35.67061],[51.30057,35.67023],[51.30058,35.66981],[51.30064,35.66939],[51.30065,35.66902],[51.3007,35.66877],[51.30056,35.66824],[51.30041,35.6679],[51.30042,35.6678],[51.30043,35.66796],[51.30037,35.66786],[51.3003,35.66735],[51.30039,35.66696],[51.3004,35.6666],[51.30035,35.66615],[51.30015,35.66551],[51.30005,35.6651],[51.30029,35.66474],[51.30073,35.66438],[51.30116,35.66421],[51.30164,35.66401],[51.30237,35.66401],[51.30292,35.66409],[51.3034,35.66418],[51.30391,35.66426],[51.30448,35.66435],[51.30494,35.66444],[51.30541,35.6645],[51.30586,35.66454],[51.3064,35.66463],[51.30698,35.66474],[51.30766,35.66486],[51.30814,35.66488],[51.30839,35.66455],[51.30845,35.66409],[51.3086,35.66366],[51.30875,35.66328],[51.30877,35.66291],[51.3087,35.66237],[51.30864,35.66172],[51.3086,35.66132],[51.30856,35.66091],[51.30855,35.66053],[51.30856,35.66017],[51.3087,35.65955],[51.30886,35.65884],[51.30895,35.65847],[51.30905,35.65808],[51.30914,35.65772],[51.30937,35.65706],[51.30964,35.65641],[51.30984,35.65585],[51.31,35.65545],[51.31019,35.65502],[51.31038,35.65449],[51.31058,35.65393],[51.31074,35.65345],[51.31076,35.65308],[51.31119,35.65288],[51.31185,35.65298],[51.31272,35.6531],[51.31324,35.65317],[51.31372,35.65324],[51.31421,35.65333],[51.31474,35.6534],[51.31526,35.6535],[51.3157,35.6536],[51.31615,35.65374],[51.31674,35.65393],[51.31726,35.65411],[51.31782,35.6543],[51.31836,35.6545],[51.31883,35.65466],[51.31938,35.65485],[51.31992,35.65506],[51.32053,35.65532],[51.32121,35.65565],[51.32162,35.65582],[51.32204,35.65603],[51.32267,35.65633],[51.32342,35.65664],[51.32382,35.6568],[51.32422,35.65696],[51.32462,35.65713],[51.32542,35.65742],[51.32584,35.65756],[51.32653,35.65781],[51.32718,35.65803],[51.32776,35.65823],[51.32833,35.65843],[51.32879,35.65861],[51.32926,35.65874],[51.32985,35.65894],[51.33046,35.65913],[51.331,35.65933],[51.33145,35.65951],[51.33188,35.65969],[51.3323,35.65986],[51.33283,35.66005],[51.33346,35.66024],[51.33424,35.6604],[51.33512,35.66044],[51.33556,35.66045],[51.3364,35.66048],[51.33718,35.66049],[51.33775,35.6605],[51.33826,35.66053],[51.33894,35.66059],[51.33956,35.66067],[51.34019,35.66078],[51.34086,35.66089],[51.34146,35.66097],[51.34196,35.66106],[51.34263,35.66118],[51.34321,35.66129],[51.34378,35.66139],[51.34424,35.66143],[51.34467,35.66098],[51.34494,35.66044],[51.34516,35.65983],[51.3454,35.65931],[51.34569,35.65866],[51.34589,35.65831],[51.34608,35.65793],[51.34628,35.65756],[51.34646,35.65719],[51.34665,35.65678],[51.34682,35.65636],[51.34701,35.65592],[51.34721,35.65544],[51.34742,35.65495],[51.34763,35.65444],[51.34784,35.65394],[51.34806,35.65342],[51.34827,35.65291],[51.34848,35.6524],[51.34871,35.65188],[51.34892,35.65135],[51.34913,35.65084],[51.34934,35.65033],[51.34954,35.64982],[51.34972,35.64932],[51.34991,35.64884],[51.35011,35.64837],[51.3503,35.64792],[51.35046,35.64752],[51.3506,35.64713],[51.35074,35.64674],[51.3509,35.64633],[51.35108,35.64592],[51.35128,35.64549],[51.3515,35.64503],[51.35171,35.64455],[51.35193,35.64406],[51.35213,35.64358],[51.35232,35.64313],[51.3525,35.64269],[51.3527,35.64221],[51.35291,35.64167],[51.35314,35.64109],[51.35337,35.64048],[51.35359,35.63989],[51.35381,35.6394],[51.35397,35.63898],[51.35414,35.63864],[51.35442,35.63804],[51.35465,35.63772],[51.355,35.63738],[51.35565,35.63693],[51.35609,35.63674],[51.35651,35.63661],[51.35699,35.63645],[51.35747,35.63624],[51.35789,35.63593],[51.35822,35.63559],[51.35845,35.63521],[51.35857,35.63486],[51.35867,35.63416],[51.35874,35.63376],[51.35882,35.63334],[51.35891,35.63287],[51.35901,35.63243],[51.35911,35.632],[51.35922,35.63156],[51.3593,35.6312],[51.35945,35.63076],[51.35963,35.63023],[51.35978,35.62968],[51.35993,35.62911],[51.3601,35.62855],[51.36011,35.62819],[51.35992,35.62778],[51.3595,35.62728],[51.3589,35.62683],[51.35853,35.62658],[51.35814,35.62635],[51.35774,35.6261],[51.35728,35.62585],[51.35679,35.62568],[51.35736,35.62572],[51.35794,35.62612],[51.35834,35.62635],[51.35873,35.62659],[51.35916,35.62685],[51.35961,35.62711],[51.36006,35.62738],[51.36048,35.62763],[51.36085,35.62785],[51.36123,35.62809],[51.36163,35.62836],[51.36205,35.62864],[51.36245,35.62887],[51.36314,35.62919],[51.3638,35.62951],[51.36456,35.62988],[51.36496,35.63008],[51.36554,35.63035],[51.36618,35.63065],[51.36657,35.63084],[51.36698,35.63104],[51.36737,35.6312],[51.36798,35.6315],[51.36838,35.63169],[51.36887,35.63189],[51.36943,35.63219],[51.36991,35.63245],[51.37035,35.63271],[51.37084,35.63296],[51.37141,35.63323],[51.37207,35.63354],[51.37276,35.63387],[51.37316,35.6341],[51.37338,35.63443],[51.37385,35.63469],[51.37427,35.63504],[51.37466,35.63528],[51.37501,35.6355],[51.37543,35.63575],[51.37585,35.63602],[51.37632,35.63631],[51.37672,35.63658],[51.37712,35.63674],[51.37744,35.63673],[51.37749,35.63685],[51.37753,35.63659],[51.37787,35.63626],[51.37837,35.63616],[51.37872,35.63642],[51.37922,35.6366],[51.37971,35.63654],[51.38033,35.63661],[51.3808,35.63662],[51.38108,35.63629],[51.38099,35.63583],[51.38087,35.63527],[51.38113,35.63491],[51.38122,35.63489],[51.38144,35.63478],[51.38122,35.63443],[51.38119,35.63393],[51.38123,35.63354],[51.38169,35.63334],[51.38214,35.63319],[51.38271,35.633],[51.38334,35.6328],[51.38383,35.63264],[51.38437,35.63246],[51.38484,35.63231],[51.38535,35.63216],[51.38568,35.63179],[51.38572,35.63137],[51.38626,35.6311],[51.38676,35.63085],[51.38701,35.63048],[51.38724,35.63015],[51.3875,35.62969],[51.38784,35.62925],[51.38803,35.6289],[51.38831,35.62857],[51.38852,35.62825],[51.38871,35.62792],[51.38891,35.62759],[51.38917,35.62723],[51.38949,35.62672],[51.38982,35.62627],[51.39016,35.62587],[51.39049,35.62553],[51.39079,35.62524],[51.39125,35.62484],[51.39177,35.62435],[51.39205,35.62405],[51.39233,35.62377],[51.39276,35.62316],[51.39277,35.62249],[51.39299,35.62186],[51.39337,35.62146],[51.39381,35.62107],[51.39419,35.6208],[51.39469,35.6208],[51.39532,35.6208],[51.39576,35.62078],[51.39647,35.62078],[51.39702,35.62079],[51.39742,35.62074],[51.39748,35.62099],[51.39743,35.62091],[51.39684,35.6208],[51.3962,35.6208],[51.39575,35.62084],[51.39515,35.62084],[51.39457,35.62085],[51.3941,35.62087],[51.39372,35.6213],[51.39328,35.62172],[51.39293,35.62218],[51.39287,35.62256],[51.39284,35.62308],[51.39267,35.62342],[51.39237,35.62374],[51.39206,35.624],[51.39168,35.62439],[51.39132,35.62472],[51.39092,35.62512],[51.39046,35.62563],[51.39019,35.62592],[51.38994,35.62623],[51.38954,35.62678],[51.38916,35.62737],[51.38881,35.62789],[51.38922,35.62814],[51.38988,35.62815],[51.39047,35.62813],[51.39093,35.62816],[51.39063,35.62851],[51.39044,35.62885],[51.39038,35.62906],[51.39029,35.62891],[51.39024,35.62927],[51.39072,35.62934],[51.39136,35.62935],[51.3922,35.62937],[51.39268,35.62938],[51.39314,35.62941],[51.39361,35.62947],[51.39405,35.62953],[51.3948,35.62941],[51.39488,35.62885],[51.39427,35.62873],[51.39397,35.62927],[51.39379,35.62996],[51.39369,35.63034],[51.39355,35.63075],[51.39338,35.63118],[51.39318,35.63162],[51.39301,35.63204],[51.39287,35.63245],[51.39272,35.63289],[51.39258,35.63334],[51.39243,35.63379],[51.39229,35.63422],[51.39216,35.63464],[51.392,35.63508],[51.39186,35.63554],[51.39172,35.63599],[51.39158,35.63643],[51.39144,35.63686],[51.39132,35.63732],[51.39122,35.63779],[51.39111,35.63828],[51.39108,35.63877],[51.39108,35.63924],[51.39114,35.63969],[51.39125,35.64012],[51.3914,35.64052],[51.39158,35.64091],[51.39181,35.6413],[51.39206,35.64168],[51.39229,35.64206],[51.39249,35.64242],[51.3927,35.64283],[51.3929,35.64324],[51.39312,35.64368],[51.39334,35.64411],[51.39355,35.64453],[51.39373,35.64493],[51.39386,35.64527],[51.3941,35.64577],[51.39442,35.64622],[51.39481,35.64666],[51.39537,35.64716],[51.39571,35.64744],[51.3961,35.64774],[51.39652,35.64803],[51.39691,35.64828],[51.39757,35.6487],[51.39799,35.64896],[51.39846,35.64941],[51.39894,35.64946],[51.39959,35.64936],[51.40037,35.64926],[51.40121,35.64918],[51.40165,35.64912],[51.40232,35.64905],[51.40278,35.64899],[51.40357,35.6489],[51.40404,35.64885],[51.40454,35.64881],[51.40507,35.64874],[51.40563,35.64867],[51.40616,35.64861],[51.40668,35.64855],[51.40716,35.6485],[51.4076,35.64845],[51.4083,35.64836],[51.40896,35.64827],[51.40982,35.64817],[51.41033,35.64811],[51.41084,35.64808],[51.41132,35.64804],[51.41179,35.64801],[51.41227,35.64796],[51.41315,35.64786],[51.41363,35.64781],[51.41414,35.64775],[51.41465,35.6477],[51.41514,35.64764],[51.41597,35.64755],[51.41681,35.64746],[51.41736,35.64743],[51.41807,35.64741],[51.41892,35.64728],[51.41934,35.64719],[51.42009,35.64709],[51.42059,35.64701],[51.42115,35.64697],[51.4216,35.64692],[51.42221,35.64684],[51.42302,35.64675],[51.42348,35.64671],[51.42428,35.64664],[51.42515,35.64654],[51.42561,35.64649],[51.42608,35.64644],[51.42657,35.64638],[51.42709,35.64632],[51.42765,35.64626],[51.42818,35.64619],[51.42865,35.64614],[51.42911,35.6461],[51.4296,35.64605],[51.43005,35.64599],[51.43077,35.64592],[51.43165,35.64584],[51.43213,35.64578],[51.4326,35.64572],[51.43305,35.64566],[51.43353,35.6456],[51.43404,35.64554],[51.43458,35.64548],[51.43515,35.64541],[51.43575,35.64534],[51.43634,35.64527],[51.43693,35.6452],[51.43751,35.64514],[51.43807,35.64509],[51.43865,35.64503],[51.43926,35.64499],[51.43988,35.64496],[51.44054,35.64493],[51.44121,35.64491],[51.44185,35.64491],[51.44246,35.64492],[51.44311,35.64492],[51.44377,35.64495],[51.44447,35.645],[51.44516,35.64505],[51.44584,35.64511],[51.44653,35.64518],[51.44722,35.64526],[51.44792,35.64534],[51.44864,35.64541],[51.44936,35.64549],[51.45009,35.64553],[51.45079,35.64556],[51.4515,35.64558],[51.45217,35.64558],[51.45283,35.64555],[51.45344,35.64549],[51.45406,35.64543],[51.45468,35.64536],[51.45533,35.64527],[51.45599,35.64516],[51.45669,35.64503],[51.4574,35.64488],[51.45813,35.64471],[51.45885,35.64451],[51.45956,35.6443],[51.46027,35.64407],[51.46097,35.64381],[51.46166,35.64353],[51.46232,35.64325],[51.46297,35.64297],[51.46362,35.64268],[51.46426,35.64243],[51.46489,35.64219],[51.46554,35.64195],[51.46615,35.64174],[51.46673,35.64155],[51.46731,35.64138],[51.46784,35.64122],[51.4684,35.64106],[51.46897,35.64088],[51.46955,35.64069],[51.47015,35.64049],[51.47074,35.64028],[51.47132,35.64006],[51.47189,35.63981],[51.47243,35.63957],[51.47288,35.63932],[51.47328,35.63902],[51.47362,35.63862],[51.47396,35.6382],[51.47436,35.63783],[51.47482,35.63754],[51.47532,35.63733],[51.47588,35.63722],[51.47646,35.63715],[51.47702,35.6371],[51.47755,35.63706],[51.47811,35.63699],[51.47869,35.63687],[51.47928,35.63671],[51.47983,35.63653],[51.48037,35.6364],[51.4809,35.63636],[51.4814,35.63639],[51.48188,35.63646],[51.48233,35.63665],[51.48275,35.63691],[51.48316,35.63719],[51.4835,35.6375],[51.48374,35.63783],[51.48393,35.6382],[51.48407,35.63859],[51.48418,35.63899],[51.48424,35.63936],[51.48434,35.63997],[51.48445,35.64067],[51.48452,35.64115],[51.48458,35.64168],[51.48465,35.64223],[51.48471,35.64263],[51.48476,35.64306],[51.48483,35.64354],[51.4849,35.64402],[51.48497,35.64451],[51.48506,35.6451],[51.48514,35.64569],[51.48522,35.64633],[51.48534,35.64704],[51.48553,35.64767],[51.48577,35.64834],[51.48589,35.64872],[51.48602,35.6491],[51.48615,35.64948],[51.48628,35.64985],[51.48642,35.65021],[51.48654,35.65058],[51.48667,35.65096],[51.48681,35.65138],[51.48696,35.65182],[51.48712,35.65229],[51.48729,35.65278],[51.48746,35.65329],[51.48763,35.65379],[51.4878,35.65429],[51.48796,35.65477],[51.48811,35.65518],[51.48825,35.6556],[51.4884,35.65603],[51.48856,35.65649],[51.48873,35.65697],[51.4889,35.65745],[51.48907,35.65793],[51.48921,35.65832],[51.48939,35.65885],[51.48953,35.65929],[51.48964,35.65965],[51.48982,35.66016],[51.48995,35.66053],[51.49012,35.66099],[51.49033,35.6616],[51.49053,35.6622],[51.49068,35.66267],[51.4909,35.6632],[51.4911,35.6638],[51.49134,35.66446],[51.49147,35.66483],[51.49161,35.66526],[51.49173,35.66563],[51.49188,35.66609],[51.49209,35.66675],[51.49226,35.66736],[51.49236,35.6679],[51.49238,35.66859],[51.49239,35.6692],[51.49237,35.66959],[51.49239,35.67012],[51.49241,35.67058],[51.49243,35.67111],[51.49244,35.67152],[51.49245,35.67202],[51.49246,35.67238],[51.49247,35.67284],[51.49249,35.67325],[51.49251,35.67376],[51.49253,35.6744],[51.49255,35.67513],[51.49256,35.67576],[51.49255,35.67615],[51.49257,35.67658],[51.49258,35.67696],[51.4926,35.67737],[51.49263,35.67773],[51.49267,35.67817],[51.49268,35.67854],[51.49272,35.6791],[51.49273,35.67947],[51.49276,35.67986],[51.4928,35.68028],[51.49282,35.6807],[51.49285,35.6811],[51.49287,35.68151],[51.49287,35.68194],[51.49288,35.68239],[51.49289,35.68286],[51.4929,35.68334],[51.49291,35.68384],[51.49292,35.68436],[51.49294,35.68485],[51.49295,35.68528],[51.49296,35.68568],[51.49298,35.68611],[51.49299,35.68656],[51.493,35.68703],[51.49301,35.68752],[51.49301,35.68802],[51.49301,35.68849],[51.49302,35.68887],[51.49303,35.68953],[51.49314,35.69024],[51.49326,35.69067],[51.49343,35.69114],[51.49359,35.69166],[51.49382,35.69219],[51.49413,35.69269],[51.49449,35.69316],[51.49484,35.69364],[51.4952,35.69407],[51.49555,35.6945],[51.4959,35.69492],[51.49627,35.69535],[51.49664,35.69579],[51.49703,35.69622],[51.49739,35.69663],[51.49775,35.69703],[51.4981,35.69744],[51.49846,35.69785],[51.49883,35.69825],[51.49921,35.69867],[51.4996,35.69909],[51.49998,35.69953],[51.50029,35.70004],[51.50053,35.70058],[51.50074,35.70114],[51.50095,35.70171],[51.50119,35.70228],[51.50141,35.70287],[51.50161,35.70347],[51.50184,35.70405],[51.50206,35.70464],[51.50233,35.70522],[51.50259,35.7058],[51.50285,35.70636],[51.50309,35.70692],[51.50335,35.70748],[51.50357,35.70804],[51.50381,35.70861],[51.50402,35.70917],[51.50424,35.70973],[51.50449,35.71029],[51.50477,35.71083],[51.50509,35.71137],[51.50544,35.71191],[51.50584,35.71241],[51.50625,35.7129],[51.50667,35.71339],[51.50709,35.71388],[51.50751,35.71437],[51.50793,35.71485],[51.50834,35.71534],[51.50877,35.71584],[51.50921,35.71628],[51.50964,35.71674],[51.5101,35.71719],[51.51056,35.71765],[51.511,35.7181],[51.51141,35.71853],[51.51183,35.71896],[51.51227,35.7194],[51.51274,35.71984],[51.51327,35.72025],[51.51388,35.72062],[51.51452,35.72094],[51.51516,35.72121],[51.51581,35.72144],[51.51647,35.72161],[51.51716,35.72173],[51.51786,35.72182],[51.51858,35.7219],[51.51924,35.72197],[51.51987,35.72201],[51.52049,35.72203],[51.52101,35.72205],[51.52086,35.7217],[51.5201,35.72167],[51.51964,35.72166],[51.51882,35.72168],[51.51836,35.72154],[51.5189,35.72145],[51.51964,35.72147],[51.5201,35.72149],[51.5206,35.72154],[51.52109,35.72156],[51.52161,35.72164],[51.5221,35.72181],[51.52253,35.72205],[51.52287,35.72237],[51.52313,35.72273],[51.52333,35.72311],[51.5236,35.72358],[51.5241,35.72388],[51.52474,35.72397],[51.52564,35.72404],[51.52612,35.72407],[51.52659,35.72409],[51.52707,35.72412],[51.52754,35.72415],[51.52824,35.72418],[51.52894,35.72422],[51.52971,35.72427],[51.53054,35.72437],[51.53099,35.72439],[51.53146,35.72442],[51.53193,35.72444],[51.5324,35.72447],[51.53285,35.72447],[51.5333,35.72449],[51.53376,35.72451],[51.53424,35.72452],[51.53475,35.72453],[51.53528,35.72455],[51.53584,35.72459],[51.53642,35.72462],[51.53704,35.72469],[51.53768,35.72476],[51.53834,35.72481],[51.53901,35.72486],[51.53969,35.72491],[51.54038,35.72495],[51.54107,35.72498],[51.54176,35.725],[51.54245,35.72505],[51.54313,35.72509],[51.54381,35.72516],[51.54446,35.72524],[51.54512,35.7253],[51.54579,35.72535],[51.54645,35.7254],[51.54711,35.72544],[51.54779,35.72549],[51.54847,35.72554],[51.54914,35.72558],[51.5498,35.72563],[51.55045,35.72567],[51.55108,35.72572],[51.55167,35.72576],[51.55219,35.72578],[51.55268,35.7258],[51.55329,35.72587],[51.55284,35.726],[51.55247,35.72642],[51.55211,35.72682],[51.55208,35.72727],[51.55247,35.72755],[51.55294,35.72785],[51.55327,35.72815],[51.55376,35.72839],[51.55435,35.72868],[51.55475,35.72892],[51.55446,35.72943],[51.55413,35.72979],[51.55409,35.73003],[51.55406,35.72995],[51.55411,35.73003],[51.55404,35.72981],[51.55398,35.72979],[51.55404,35.72975],[51.55399,35.72964],[51.55405,35.72975],[51.55398,35.72975],[51.55393,35.72975],[51.55402,35.72973],[51.55406,35.72989],[51.55411,35.72999],[51.55411,35.72996],[51.55411,35.72994],[51.5541,35.7299],[51.55413,35.72986],[51.55443,35.73004],[51.55451,35.73008],[51.55461,35.73003],[51.55449,35.73007],[51.55437,35.73001],[51.55437,35.73006],[51.55412,35.72991],[51.55411,35.72984],[51.5545,35.73002],[51.55422,35.72986],[51.55419,35.72975],[51.55415,35.7299],[51.55448,35.73012],[51.55452,35.73015],[51.55442,35.73018],[51.5545,35.73015],[51.55449,35.73001],[51.55444,35.72995],[51.55465,35.73007],[51.55451,35.73002],[51.55452,35.73001],[51.55425,35.73005],[51.55426,35.72998],[51.55418,35.72996],[51.55447,35.73009],[51.55429,35.72974],[51.55434,35.72992],[51.55418,35.72979],[51.55421,35.72979],[51.55429,35.72988],[51.55479,35.72988],[51.55435,35.72975],[51.55413,35.72985],[51.55456,35.72998],[51.55479,35.72983],[51.55481,35.73006],[51.5545,35.73028],[51.55431,35.73015],[51.55443,35.73008],[51.55429,35.72996],[51.55419,35.73001],[51.55411,35.72996],[51.55408,35.72995]]]}},{"type":"Feature","properties":{"route":9,"color":"#ea580c","times":[[28122,28183,28243,28304,28316,28322,28331,28337,28343,28349,28355,28361,28382,28388,28394,28400,28406,28412,28418,28424,28430,28436,28439,28442,28445,28448,28451,28454,28457,28460,28463,28466,28469,28472,28475,28478,28481,28484,28487,28490,28493,28496,28499,28502,28505,28508,28511,28514,28517,28520,28523,28526,28529,28532,28535,28538,28541,28544,28547,28550,28553,28556,28559,28562,28565,28568,28571,28574,28577,28583,28589,28601,28613,28619,28628,28637,28643,28649,28655,28661,28670,28679,28685,28691,28697,28703,28706,28709,28712,28715,28721,28727,28730,28736,28742,28748,28754,28760,28766,28772,28778,28784,28790,28796,28802,28808,28814,28820,28826,28832,28841,28856,28859,28865,28871,28880,28886,28892,28898,28904,28910,28916,28922,28928,28931,28937,28997,29018,29024,29030,29036,29042,29054,29060,29066,29078,29087,29141,29147,29153,29159,29165,29171,29177,29183,29195,29213,29228,29237,29243,29249,29255,29261,29267,29273,29279,29285,29306,29318,29327,29333,29339,29345,29351,29360,29375,29393,29399,29405,29411,29417,29423,29429,29435,29441,29447,29453,29459,29465,29471,29477,29483,29489,29495,29501,29507,29513,29519,29525,29531,29537,29546,29555,29561,29567,29573,29579,29585,29591,29603,29612,29630,29642,29660,29669,29678,29684,29690,29696,29702,29708,29714,29723,29735,29744,29753,29762,29771,29780,29789,29795,29801,29810,29816,29822,29828,29834,29840,29846,29849,29852,29855,29858,29861,29867,29873,29879,29891,29900,29906,29912,29918,29924,29930,29936,29942,29948,29954,30014,30047,30056,30065,30077,30086,30092,30098,30122,30131,30137,30143,30149,30158,30218,30245,30254,30263,30269,30275,30281,30287,30293,30299,30302,30305,30308,30311,30314,30317,30320,30323,30326,30332,30338,30344,30350,30356,30362,30371,30377,30383,30389,30395,30401,30404,30407,30410,30417,30423,30429,30435,30441,30447,30453,30462,30474,30483,30489,30495,30516,30534,30540,30546,30552,30558,30564,30570,30576,30582,30588,30594,30600,30606,30642,30654,30663,30669,30675,30681,30687,30693,30699,30705,30711,30717,30723,30729,30735,30795,30831,30840,30846,30852,30858,30864,30870,30876,30888,30900,30906,30912,30918,30924,30933,30942,30951,30957,30966,30972,30978,30984,30990,31002,31014,31023,31029,31041,31050,31059,31068,31083,31092,31101,31110,31119,31128,31134,31140,31146,31152,31158,31164,31170,31176,31182,31191,31197,31203,31221,31254,31263,31269,31275,31284,31308,31317,31323,31329,31335,31341,31347,31353,31365,31374,31380,31386]],"type":"access_route","source":"recorded_gps_prefix"},"geometry":{"type":"MultiLineString","coordinates":[[[51.55288,35.72896],[51.55282,35.72914],[51.55278,35.72919],[51.55275,35.7292],[51.55292,35.72865],[51.55316,35.72824],[51.55348,35.72785],[51.55379,35.72743],[51.5542,35.72698],[51.55463,35.72648],[51.55508,35.72601],[51.55534,35.7256],[51.55495,35.72533],[51.55453,35.72515],[51.55399,35.72511],[51.55345,35.72509],[51.55276,35.72503],[51.55228,35.72502],[51.55179,35.72498],[51.55117,35.72493],[51.5505,35.72486],[51.54963,35.72481],[51.54915,35.7248],[51.54864,35.72478],[51.54812,35.72473],[51.54759,35.72469],[51.54704,35.72466],[51.54649,35.72462],[51.54594,35.72458],[51.54537,35.72456],[51.54479,35.72458],[51.54419,35.7246],[51.54358,35.7246],[51.54299,35.72461],[51.54242,35.72462],[51.54186,35.72461],[51.54133,35.72457],[51.54082,35.72454],[51.54032,35.72451],[51.53982,35.72449],[51.53931,35.72446],[51.53879,35.72443],[51.53826,35.72439],[51.53773,35.72435],[51.53718,35.72433],[51.53663,35.72432],[51.5361,35.72431],[51.53558,35.7243],[51.53507,35.72428],[51.53459,35.72424],[51.53412,35.72418],[51.53367,35.72413],[51.53319,35.7241],[51.53269,35.72407],[51.53216,35.72404],[51.53162,35.724],[51.53105,35.72397],[51.53045,35.72392],[51.52988,35.7239],[51.52934,35.72387],[51.52883,35.72387],[51.52829,35.72385],[51.52772,35.72381],[51.52712,35.72377],[51.52653,35.72373],[51.52594,35.7237],[51.52539,35.72366],[51.52491,35.7236],[51.52446,35.72357],[51.52366,35.7235],[51.52308,35.72345],[51.52277,35.72372],[51.52224,35.72361],[51.5218,35.7235],[51.52134,35.72358],[51.52089,35.72347],[51.52041,35.72341],[51.51971,35.72333],[51.5189,35.72326],[51.51821,35.72316],[51.51772,35.72303],[51.51709,35.72284],[51.51652,35.72274],[51.51578,35.7225],[51.51504,35.72239],[51.51416,35.72219],[51.51368,35.72201],[51.51322,35.72187],[51.51278,35.72174],[51.51233,35.72163],[51.51155,35.72146],[51.51073,35.72118],[51.51029,35.72103],[51.50968,35.72084],[51.50917,35.72057],[51.50848,35.72034],[51.50774,35.72012],[51.50716,35.71997],[51.50651,35.71984],[51.50577,35.71965],[51.50427,35.71951],[51.50376,35.71905],[51.50319,35.71886],[51.50255,35.71863],[51.50179,35.71838],[51.50109,35.71817],[51.50059,35.71802],[51.50008,35.71786],[51.49943,35.71763],[51.49879,35.71745],[51.49836,35.7173],[51.49782,35.71716],[51.49742,35.7173],[51.49706,35.71695],[51.4966,35.7168],[51.49599,35.71655],[51.49547,35.71639],[51.49484,35.71617],[51.49416,35.71595],[51.49351,35.7158],[51.49298,35.71568],[51.4924,35.71552],[51.49188,35.71533],[51.49136,35.71514],[51.49068,35.71505],[51.49024,35.71487],[51.48988,35.71482],[51.4893,35.71466],[51.48884,35.71448],[51.48828,35.71429],[51.48764,35.71408],[51.48709,35.71388],[51.48659,35.71373],[51.48603,35.71351],[51.48542,35.7133],[51.48496,35.71314],[51.48453,35.71303],[51.48405,35.71288],[51.4836,35.71272],[51.48296,35.71251],[51.48223,35.71225],[51.48154,35.71203],[51.48093,35.71183],[51.48033,35.71164],[51.47984,35.71149],[51.47936,35.71135],[51.47892,35.71124],[51.47844,35.71109],[51.47793,35.71091],[51.47748,35.71077],[51.47699,35.71061],[51.47641,35.71044],[51.47582,35.71025],[51.4752,35.71006],[51.47454,35.70984],[51.47389,35.70963],[51.47325,35.70945],[51.47273,35.7093],[51.47232,35.70916],[51.4719,35.70904],[51.47142,35.70889],[51.47089,35.70871],[51.47029,35.70853],[51.46973,35.70835],[51.46929,35.70822],[51.46887,35.70808],[51.46838,35.70795],[51.46787,35.70779],[51.46725,35.70761],[51.46652,35.70739],[51.46588,35.70721],[51.46529,35.70702],[51.46457,35.70681],[51.46388,35.70659],[51.46316,35.70638],[51.46252,35.7062],[51.46206,35.70606],[51.46155,35.70591],[51.461,35.70575],[51.46055,35.70563],[51.46013,35.70551],[51.45965,35.70537],[51.45919,35.70525],[51.45862,35.70507],[51.45798,35.7049],[51.45731,35.70471],[51.45657,35.70451],[51.45586,35.70431],[51.45527,35.70414],[51.45455,35.70393],[51.45378,35.70371],[51.45335,35.70358],[51.45281,35.70342],[51.45222,35.70326],[51.45147,35.70303],[51.4507,35.7028],[51.44993,35.70258],[51.44929,35.70239],[51.44878,35.70226],[51.44818,35.70243],[51.44766,35.70229],[51.44717,35.7021],[51.4467,35.70208],[51.44617,35.70208],[51.44568,35.70209],[51.44512,35.70209],[51.44466,35.70206],[51.44415,35.70206],[51.4436,35.70204],[51.44295,35.70204],[51.44231,35.70202],[51.44177,35.70202],[51.44119,35.70201],[51.44066,35.70199],[51.44015,35.70194],[51.43962,35.70195],[51.43905,35.70197],[51.4385,35.70195],[51.43795,35.70194],[51.43724,35.70199],[51.4367,35.70198],[51.43614,35.70195],[51.43549,35.70194],[51.43497,35.70191],[51.43443,35.7019],[51.4338,35.70189],[51.43308,35.7019],[51.43226,35.70189],[51.43135,35.7019],[51.43088,35.70191],[51.43042,35.70193],[51.42997,35.70192],[51.42951,35.7019],[51.42906,35.70185],[51.42822,35.70182],[51.42746,35.7018],[51.42687,35.70179],[51.42633,35.70177],[51.42573,35.70174],[51.42518,35.70174],[51.42462,35.70173],[51.42417,35.70173],[51.42361,35.70171],[51.42293,35.70169],[51.4222,35.70168],[51.42157,35.70168],[51.42087,35.70166],[51.42025,35.70166],[51.42008,35.70169],[51.41959,35.7017],[51.41911,35.70176],[51.41859,35.70171],[51.41796,35.70165],[51.41741,35.70158],[51.41696,35.70158],[51.41649,35.70158],[51.41605,35.70159],[51.41557,35.70155],[51.41509,35.70153],[51.41452,35.70152],[51.41403,35.7015],[51.4135,35.70146],[51.41342,35.70159],[51.41298,35.70151],[51.41284,35.7011],[51.41283,35.70061],[51.41281,35.70019],[51.41272,35.69971],[51.4126,35.69914],[51.41246,35.6985],[51.41236,35.69781],[51.41221,35.69709],[51.41213,35.69668],[51.41206,35.69626],[51.41198,35.69584],[51.4119,35.6954],[51.41181,35.69495],[51.41173,35.6945],[51.41165,35.69404],[51.41158,35.69361],[51.4115,35.69324],[51.41138,35.69261],[51.41126,35.69207],[51.41116,35.69161],[51.41108,35.69118],[51.41094,35.6908],[51.41083,35.69039],[51.41072,35.68993],[51.41064,35.68955],[51.41056,35.68898],[51.41045,35.68854],[51.41041,35.68816],[51.41031,35.68751],[51.41028,35.68713],[51.41025,35.68673],[51.41016,35.68633],[51.4101,35.68541],[51.40994,35.68507],[51.40979,35.68468],[51.40968,35.68423],[51.40958,35.68376],[51.40947,35.68331],[51.4094,35.68291],[51.40931,35.68247],[51.40924,35.68202],[51.40915,35.68151],[51.40905,35.68101],[51.40893,35.68051],[51.4089,35.68014],[51.40859,35.67982],[51.40811,35.67986],[51.40759,35.67992],[51.40698,35.68004],[51.40642,35.68012],[51.40587,35.6802],[51.40531,35.68029],[51.40467,35.6804],[51.40409,35.68049],[51.40358,35.68054],[51.40313,35.6806],[51.4025,35.68074],[51.402,35.68089],[51.40187,35.6813],[51.40143,35.68146],[51.40075,35.68158],[51.40018,35.68168],[51.39955,35.68177],[51.39897,35.68184],[51.39852,35.68184],[51.39791,35.68192],[51.39744,35.68201],[51.39686,35.68209],[51.39622,35.68216],[51.39574,35.6822],[51.39524,35.68224],[51.3946,35.68233],[51.39416,35.68237],[51.3941,35.6824],[51.39366,35.68215],[51.39372,35.68154],[51.39381,35.68101],[51.39386,35.68059],[51.39392,35.68014],[51.39397,35.67967],[51.39405,35.67925],[51.3941,35.67888],[51.39413,35.67845],[51.39418,35.67806],[51.39424,35.67765],[51.39433,35.67713],[51.39443,35.67666],[51.39446,35.67626],[51.39449,35.67575],[51.39424,35.6754],[51.39373,35.67522],[51.39315,35.6752],[51.39253,35.67514],[51.39186,35.6751],[51.39119,35.67493],[51.39063,35.67469],[51.3902,35.67452],[51.3898,35.67433],[51.38929,35.67415],[51.3888,35.67399],[51.3884,35.6738],[51.38791,35.67362],[51.38743,35.67345],[51.38697,35.6733],[51.38653,35.67309],[51.38606,35.6728],[51.38558,35.67257],[51.38505,35.67235],[51.38448,35.67211],[51.38396,35.67189],[51.38345,35.67172],[51.38289,35.67155],[51.38226,35.67131],[51.38165,35.671],[51.38099,35.67069],[51.38031,35.67039],[51.37966,35.67015],[51.37914,35.66996],[51.37869,35.66979],[51.37819,35.66957],[51.37761,35.6694],[51.37712,35.66919],[51.37673,35.66901],[51.37625,35.66878],[51.37586,35.66856],[51.37534,35.66839],[51.37488,35.66828],[51.37443,35.66819],[51.37396,35.66808],[51.37467,35.66813],[51.37521,35.66801],[51.37545,35.6677],[51.37575,35.66725],[51.37604,35.66685],[51.37631,35.66643],[51.3766,35.66608],[51.37683,35.66574],[51.37708,35.6654],[51.37739,35.66494],[51.37766,35.66454],[51.37792,35.66412]]]}},{"type":"Feature","properties":{"route":10,"color":"#0284c7","times":[[25818,25827,25887,25947,26007,26067,26127,26187,26247,26307,26367,26583,26643,26703,26763,26784,26790,26796,26808,26814,26820,26826,26832,26838,26853,26868,26874,26883,26889,26895,26901,26907,26913,26919,26928,26937,26946,26955,26961,26970,26976,26982,26988,26994,27000,27006,27015,27024,27033,27039,27045,27051,27057,27063,27069,27078,27087,27093,27099,27105,27111,27117,27123,27132,27141,27150,27162,27171,27180,27186,27192,27198,27204,27216,27225,27231,27240,27249,27255,27261,27270,27276,27282,27291,27297,27303,27309,27315,27330,27336,27348,27354,27360,27372,27381,27387,27393,27399,27405,27408,27411,27414,27417,27423,27438,27450,27456,27462,27468,27474,27480,27486,27489,27492,27495,27498,27501,27504,27507,27510,27513,27516,27519,27522,27525,27528,27531,27534,27537,27540,27543,27546,27549,27552,27555,27558,27564,27570,27576,27579,27582,27585,27588,27591,27594,27597,27600,27603,27606,27609,27612,27615,27618,27621,27624,27627,27630,27633,27636,27639,27642,27645,27648,27651,27654,27657,27660,27663,27666,27669,27672,27675,27678,27681,27684,27687,27690,27693,27696,27699,27702,27705,27708,27711,27714,27717,27720,27723,27726,27729,27732,27735,27738,27741,27744,27750,27756,27759,27762,27765,27768,27774,27780,27783,27786,27789,27792,27795,27798,27801,27804,27807,27810,27813,27816,27819,27822,27825,27828,27831,27834,27840,27846,27852,27858,27864,27870,27876,27882,27888,27891,27894,27900,27906,27912,27915,27918,27921,27924,27927,27930,27933,27936,27939,27942,27945,27948,27951,27954,27957,27960,27963,27966,27969,27972,27975,27978,27981,27984,27987,27990,27993,27996,27999,28002,28005,28008,28011,28014,28017,28020,28023,28026,28029,28032,28035,28038,28041,28044,28047,28050,28053,28056,28059,28062,28065,28068,28071,28074,28077,28080,28083,28086,28089,28092,28095,28098,28101,28104,28107,28110,28116,28119,28122,28125,28128,28131,28134,28137,28140,28143,28146,28149,28152,28155,28158,28161,28167,28173,28179,28182,28188,28194,28197,28200,28203,28206,28209,28212,28215,28218,28221,28224,28227,28230,28233,28236,28239,28242,28245,28248,28251,28254,28257,28260,28263,28266,28269,28272,28275,28278,28281,28284,28287,28290,28293,28296,28299,28305,28314,28317,28320,28323,28326,28335,28341,28344,28347,28350,28353,28356,28359,28362,28365,28368,28371,28374,28377,28380,28383,28386,28389,28392,28395,28398,28401,28404,28407,28410,28413,28416,28419,28422,28425,28428,28431,28434,28437,28440,28443,28446,28449,28452,28455,28458,28461,28464,28467,28470,28473,28476,28479,28482,28485,28488,28491,28494,28497,28500,28503,28506,28509,28512,28515,28518,28521,28524,28527,28530,28533,28536,28539,28542,28545,28548,28551,28554,28557,28560,28563,28566,28569,28572,28575,28578,28581,28584,28587,28590,28593,28596,28599,28602,28605,28608,28611,28614,28617,28620,28623,28626,28629,28632,28638,28647,28656,28659,28662,28665,28668,28671,28674,28677,28683,28686,28689,28692,28695,28698,28701,28704,28707,28713,28725,28734,28740,28746,28752,28758,28764,28773,28779,28788,28794,28800,28806,28812,28872,28932,28977,29001,29061,29121,29175,29235,29244,29253,29265,29277,29286,29295,29304,29316,29325,29337,29346,29355,29364,29373,29391,29397,29406,29412,29418,29424,29430,29433,29436,29439,29442,29448,29454,29460,29466,29475,29514,29574,29634,29694,29754,29814,29874,29919,29925,29934,29943,29949,29958,29964,29976,29985,29994,30003,30063,30123,30183,30243,30303,30363,30423,30465,30480,30501,30561,30621,30681,30741,30801,30861,30923,30983,31043,31055,31061,31070,31091,31100,31103,31106,31109,31112,31115,31118,31124,31133,31142,31148,31151,31154,31157,31160,31163,31166,31169,31172,31175,31178,31181,31187,31190,31193,31196,31199,31205,31211,31217,31220,31223,31226,31232,31238,31244,31304,31364,31424,31484,31544,31604,31664,31724,31784,31844,31904,31964,32024,32084,32144,32204,32264,32324,32378,32438,32498,32558,32618,32678,32738,32798,32858,32918,32978,33038,33098,33158,33218,33278,33296,33308,33317,33335,33356,33374,33380,33386,33392,33395,33398,33401,33404,33407,33410,33413,33416,33419,33422,33425,33428,33434,33440,33446,33455,33467,33473,33479,33485,33491,33497,33503,33509,33515,33521,33533,33542,33551,33611,33671,33731,33791,33851,33911,33971,34031,34091,34151,34211,34271,34331,34391,34451,34511,34571,34631,34691,34751,34772,34784,34790,34796,34802,34808,34814,34823,34829,34835,34844,34850,34856,34862,34865,34871,34874,34877,34880,34883,34886,34889,34892,34898,34907,34913,34919,34922,34925,34928,34931,34934,34937,34943,34952,34958,34961,34964,34967,34970,34973,34976,34979,34982,34985,34988,34991,34994,34997,35000,35003,35006,35009,35012,35015,35018,35021,35024,35027,35030,35033,35036,35039,35042,35045,35048,35051,35054,35057,35060,35063,35066,35069,35072,35075,35078,35081,35084,35087,35090,35093,35096,35099,35102,35105,35108,35111,35114,35117,35120,35123,35126,35129,35132,35135,35138,35141,35144,35147,35150,35153,35156,35159,35162,35165,35168,35171,35174,35177,35180,35183,35186,35189,35192,35195,35198,35201,35204,35207,35210,35213,35216,35219,35222,35225,35228,35231,35234,35237,35246,35252,35255,35258,35261,35270,35276,35282,35294,35300,35309,35321,35324,35327,35330,35333,35336,35339,35342,35345,35348,35351,35354,35357,35360,35363,35366,35369,35372,35375,35378,35381,35384,35387,35390,35393,35396,35399,35402,35405,35408,35411,35414,35417,35420,35423,35426,35429,35432,35435,35438,35441,35444,35447,35450,35453,35456,35459,35462,35465,35468,35471,35474,35477,35480,35483,35486,35489,35492,35495,35498,35501,35504,35507,35510,35513,35516,35519,35522,35525,35528,35531,35534,35537,35540,35543,35546,35549,35552,35555,35558,35561,35564,35567,35570,35573,35576,35579,35582,35585,35588,35591,35594,35597,35600,35603,35606,35609,35612,35615,35618,35621,35624,35627,35630,35633,35636,35642,35648,35654,35660,35666,35672,35678,35684,35690,35693,35696,35699,35702,35705,35708,35711,35714,35720,35726,35729,35732,35735,35738,35741,35744,35747,35750,35753,35756,35759,35762,35765,35768,35771,35774,35777,35780,35783,35789,35795,35801,35804,35807,35810,35816,35822,35828,35834,35840,35843,35846,35849,35852,35855,35858,35861,35864,35867,35870,35873,35876,35879,35882,35885,35888,35891,35894,35897,35900,35903,35906,35909,35912,35915,35918,35921,35924,35927,35930,35933,35936,35939,35942,35945,35948,35951,35954,35957,35960,35963,35966,35969,35972,35975,35978,35981,35984,35987,35990,35993,35996,35999,36002,36005,36008,36011,36014,36017,36020,36023,36026,36029,36032,36035,36038,36041,36044,36047,36050,36053,36056,36059,36062,36065,36068,36071,36074,36077,36080,36083,36086,36089,36095,36101,36107,36113,36119,36125,36131,36137,36146,36149,36155,36164,36170,36176,36182,36188,36194,36200,36209,36218,36230,36236,36242,36248,36254,36260,36266,36272,36281,36287,36293,36353,36413,36422,36431,36440,36464,36470,36476,36482,36488,36497,36506,36566,36611,36620,36632,36641,36653,36665,36680,36704,36710,36713,36719,36725,36731,36740,36743,36746,36752,36773,36779,36797,36803,36812,36818,36824,36833,36842,36851,36857,36866,36878,36890,36899,36908,36917,36923,36929,36935,36947,36953,36959,36962,36968,37028,37088,37148,37208,37268,37289,37295,37301,37307,37325,37331,37337,37397,37457,37511,37526,37586,37646,37706,37712,37718,37778,37838,37898,37958,38018,38078,38138,38198,38258,38318,38378,38438,38498,38558,38618,38678,38738,38798,38858,38918,38978,39038,39098,39158,39218,39278,39338,39398,39458,39518,39578,39638,39698,39758,39818,39878,39929,39956,39971,39986,39992,39998,40004,40064,40124,40181,40208,40268,40328,40388,40448,40508,40568,40628,40688,40748,40808,40868,40928,40988,41048,41108,41168,41228,41288,41348,41408,41468,41528,41552,41579,41603,41648,41669,41696,41756,41816,41876,41936,41996,42056,42116,42176,42236,42296,42356,42416,42476,42536,42596,42656,42716,42725,42731,42737,42746,42752,42758,42764,42773,42779,42797,42803,42806,42812,42821,42827,42830,42833,42836,42839,42845,42848,42851,42854,42857,42860,42863,42866,42869,42872,42875,42881,42890,42896,42902,42905,42908,42911,42914,42917,42920,42923,42926,42929,42932,42935,42944,42953,42959,42965,42971,42977,42980,42983,42989,42995,43001,43010,43022,43031,43040,43046,43052,43055,43058,43061,43064,43067,43070,43073,43076,43079,43082,43085,43088,43091,43094,43097,43100,43103,43106,43109,43112,43115,43118,43121,43124,43127,43133,43139,43145,43148,43151,43154,43157,43160,43163,43166,43169,43172,43175,43178,43181,43184,43187,43190,43193,43196,43199,43202,43205,43208,43211,43214,43217,43220,43223,43226,43229,43232,43235,43241,43247,43253,43262,43268,43271,43274,43277,43280,43283,43286,43289,43292,43295,43298,43301,43304,43307,43310,43313,43316,43319,43322,43325,43328,43331,43334,43337,43340,43343,43346,43349,43352,43355,43358,43361,43364,43367,43370,43373,43376,43379,43382,43385,43388,43391,43394,43397,43400,43403,43406,43409,43412,43415,43418,43421,43424,43427,43430,43433,43436,43439,43442,43445,43448,43451,43454,43457,43460,43463,43466,43469,43472,43475,43478,43481,43484,43487,43490,43493,43496,43502,43517,43520,43523,43526,43532,43541,43547,43550,43553,43556,43559,43562,43565,43568,43571,43574,43580,43589,43595,43598,43601,43607,43613,43619,43622,43625,43628,43631,43634,43637,43640,43643,43646,43649,43652,43655,43658,43661,43664,43667,43670,43673,43676,43679,43682,43685,43688,43691,43694,43697,43700,43703,43706,43709,43712,43715,43718,43721,43724,43727,43730,43733,43736,43760,43766,43772,43784,43790,43796,43802,43811,43817,43826,43832,43844]],"type":"operational_gps","source":"recorded_gps"},"geometry":{"type":"MultiLineString","coordinates":[[[51.49382,35.64767],[51.49335,35.64777],[51.49341,35.64784],[51.49342,35.64765],[51.4934,35.64765],[51.49336,35.64767],[51.49338,35.64762],[51.49334,35.64758],[51.49334,35.6476],[51.49334,35.6476],[51.49336,35.64764],[51.49339,35.6477],[51.49338,35.64768],[51.49335,35.64774],[51.49328,35.64767],[51.49286,35.64788],[51.49244,35.64804],[51.49198,35.64817],[51.49141,35.64823],[51.49097,35.64832],[51.49053,35.64846],[51.49002,35.64859],[51.48953,35.64869],[51.48905,35.64882],[51.48868,35.64853],[51.48856,35.64803],[51.48842,35.64762],[51.48835,35.64715],[51.48832,35.64673],[51.48826,35.64632],[51.4882,35.64596],[51.48813,35.6455],[51.48808,35.64502],[51.48802,35.64461],[51.48794,35.64407],[51.48786,35.64364],[51.48781,35.64316],[51.48775,35.64274],[51.48771,35.64237],[51.48761,35.64184],[51.48757,35.64139],[51.48751,35.64101],[51.48744,35.64058],[51.48735,35.64007],[51.4873,35.63958],[51.48723,35.63918],[51.48716,35.63874],[51.48681,35.63839],[51.48639,35.63806],[51.48598,35.63778],[51.48557,35.63747],[51.48516,35.63715],[51.48479,35.63685],[51.48445,35.63649],[51.48439,35.63609],[51.48438,35.63559],[51.48431,35.63499],[51.48445,35.63443],[51.4849,35.63394],[51.48539,35.63343],[51.4858,35.63301],[51.48622,35.63256],[51.48655,35.63222],[51.48681,35.63193],[51.48717,35.63149],[51.48748,35.63119],[51.48781,35.63088],[51.48816,35.63049],[51.48854,35.63005],[51.48897,35.62959],[51.48931,35.62921],[51.48963,35.62888],[51.48997,35.62854],[51.49034,35.62819],[51.4909,35.62848],[51.49132,35.62864],[51.49166,35.62839],[51.492,35.62802],[51.49246,35.62756],[51.49286,35.62714],[51.49328,35.62674],[51.49374,35.62627],[51.49414,35.62584],[51.49445,35.6255],[51.49475,35.62519],[51.49523,35.62472],[51.49562,35.62434],[51.49594,35.624],[51.49566,35.62358],[51.49519,35.6233],[51.49504,35.62293],[51.49543,35.62254],[51.49573,35.62222],[51.49573,35.62184],[51.49521,35.62227],[51.49473,35.62271],[51.49441,35.62303],[51.49399,35.62339],[51.49342,35.62398],[51.49313,35.62427],[51.4928,35.62458],[51.49243,35.62499],[51.49212,35.62533],[51.49175,35.62572],[51.49144,35.62611],[51.49164,35.62566],[51.49209,35.62517],[51.49255,35.62468],[51.49299,35.62422],[51.49339,35.6238],[51.49374,35.62341],[51.49423,35.62292],[51.4945,35.62262],[51.49482,35.62227],[51.49519,35.62185],[51.49561,35.62136],[51.49605,35.62086],[51.49649,35.62039],[51.49689,35.61992],[51.49729,35.61949],[51.4977,35.61907],[51.49809,35.61867],[51.49858,35.61822],[51.49911,35.61774],[51.49967,35.61725],[51.50024,35.61673],[51.50083,35.61619],[51.50139,35.61564],[51.5019,35.61513],[51.50238,35.61462],[51.50289,35.6141],[51.50333,35.61357],[51.50367,35.61302],[51.50399,35.61241],[51.5043,35.61187],[51.50452,35.61152],[51.50495,35.61095],[51.5053,35.61049],[51.50576,35.60994],[51.50605,35.60955],[51.50633,35.60914],[51.50661,35.60873],[51.5069,35.60831],[51.5072,35.60788],[51.50753,35.60744],[51.50787,35.60698],[51.5082,35.60652],[51.50852,35.60606],[51.50887,35.60563],[51.5093,35.60519],[51.50976,35.60472],[51.51027,35.60422],[51.51085,35.60372],[51.51139,35.60322],[51.51189,35.60269],[51.51239,35.60215],[51.51293,35.60157],[51.51347,35.60095],[51.51398,35.60032],[51.51445,35.59969],[51.51488,35.59907],[51.51527,35.59854],[51.51564,35.59802],[51.51601,35.59753],[51.51643,35.59705],[51.51687,35.59656],[51.51733,35.59605],[51.51781,35.59554],[51.51826,35.59504],[51.5187,35.59455],[51.51917,35.59405],[51.51964,35.59354],[51.52009,35.5931],[51.5206,35.5927],[51.52114,35.59229],[51.52169,35.59189],[51.52226,35.59147],[51.52283,35.59106],[51.52339,35.59065],[51.52392,35.59026],[51.52443,35.58987],[51.52498,35.58947],[51.52555,35.58906],[51.52613,35.58863],[51.52675,35.58817],[51.52737,35.58769],[51.52797,35.58724],[51.52847,35.58688],[51.52892,35.58655],[51.52939,35.58619],[51.52989,35.58581],[51.53044,35.58539],[51.53099,35.58501],[51.53146,35.58467],[51.53185,35.58439],[51.5324,35.58394],[51.53242,35.58333],[51.53214,35.58302],[51.53183,35.58266],[51.53157,35.58223],[51.53132,35.58185],[51.53099,35.58135],[51.53065,35.58094],[51.53033,35.58059],[51.52994,35.58017],[51.5295,35.57969],[51.52901,35.57916],[51.52848,35.57862],[51.52795,35.57805],[51.52743,35.57747],[51.5269,35.57689],[51.52642,35.57635],[51.526,35.57588],[51.52564,35.57546],[51.52531,35.57508],[51.52503,35.57471],[51.52476,35.57436],[51.52444,35.57401],[51.52409,35.57361],[51.52369,35.57319],[51.52331,35.57279],[51.52287,35.5723],[51.5225,35.57188],[51.52214,35.57147],[51.52173,35.57104],[51.52132,35.57058],[51.52089,35.5701],[51.52036,35.5696],[51.51973,35.56912],[51.51907,35.5687],[51.51867,35.56849],[51.51831,35.56827],[51.51815,35.56791],[51.51812,35.56742],[51.5176,35.56681],[51.51725,35.56645],[51.5169,35.56605],[51.51654,35.56562],[51.5162,35.56518],[51.51586,35.56476],[51.51555,35.56436],[51.51522,35.56396],[51.5149,35.56357],[51.51456,35.56317],[51.51424,35.56277],[51.51392,35.56238],[51.5136,35.56199],[51.51329,35.5616],[51.51297,35.5612],[51.51264,35.56079],[51.51232,35.56039],[51.512,35.55998],[51.51167,35.55957],[51.51134,35.55916],[51.51102,35.55877],[51.51069,35.55838],[51.51036,35.55797],[51.51004,35.55757],[51.5097,35.55716],[51.50937,35.55673],[51.50902,35.5563],[51.50867,35.55586],[51.50831,35.55542],[51.50797,35.555],[51.50763,35.55456],[51.50728,35.55414],[51.50695,35.55371],[51.5066,35.55329],[51.50624,35.55286],[51.50588,35.55243],[51.50553,35.55199],[51.50517,35.55155],[51.50481,35.55111],[51.50446,35.55067],[51.50411,35.55023],[51.50375,35.5498],[51.50342,35.54939],[51.50309,35.54898],[51.50276,35.54856],[51.50243,35.54814],[51.50209,35.54772],[51.50177,35.54732],[51.50144,35.54692],[51.5011,35.54651],[51.50078,35.5461],[51.50046,35.54571],[51.50017,35.54535],[51.4999,35.54501],[51.49962,35.54468],[51.49936,35.54436],[51.49907,35.54401],[51.49878,35.54363],[51.49848,35.54325],[51.49817,35.54287],[51.49785,35.54248],[51.49753,35.54209],[51.4972,35.54169],[51.49688,35.54128],[51.49656,35.54088],[51.49626,35.54052],[51.49601,35.54021],[51.49553,35.53961],[51.49527,35.53928],[51.495,35.53894],[51.49472,35.53858],[51.49444,35.53824],[51.49418,35.53791],[51.49392,35.5376],[51.49365,35.53727],[51.49336,35.53692],[51.49308,35.53656],[51.49277,35.53619],[51.49245,35.53579],[51.49213,35.53541],[51.49183,35.53504],[51.49155,35.53469],[51.4913,35.53437],[51.49087,35.53385],[51.49025,35.53351],[51.48982,35.53399],[51.48981,35.53436],[51.49041,35.53476],[51.4911,35.53428],[51.49146,35.53397],[51.49184,35.53361],[51.49221,35.53326],[51.4926,35.53287],[51.49305,35.53241],[51.49355,35.53192],[51.49411,35.5314],[51.49471,35.53081],[51.49536,35.53018],[51.49604,35.52951],[51.49677,35.52879],[51.4975,35.52806],[51.49823,35.52735],[51.49896,35.52664],[51.49965,35.52596],[51.50031,35.52531],[51.50095,35.52469],[51.50156,35.52408],[51.50217,35.52349],[51.50277,35.52289],[51.50338,35.52229],[51.50399,35.5217],[51.5046,35.52109],[51.50522,35.52048],[51.50584,35.51987],[51.50647,35.51924],[51.5071,35.51863],[51.50774,35.51798],[51.50841,35.51732],[51.50906,35.51668],[51.50964,35.5161],[51.51021,35.51553],[51.51076,35.51497],[51.51123,35.5145],[51.51163,35.5141],[51.51202,35.51371],[51.51246,35.51325],[51.51276,35.51292],[51.51309,35.51251],[51.51347,35.51205],[51.51383,35.5116],[51.51417,35.51119],[51.51461,35.51064],[51.51498,35.51022],[51.51539,35.50972],[51.51584,35.5092],[51.51632,35.50862],[51.51681,35.50803],[51.51727,35.50746],[51.51771,35.50691],[51.51813,35.50639],[51.51855,35.50587],[51.51895,35.50538],[51.51937,35.50486],[51.51984,35.50429],[51.52034,35.50368],[51.52087,35.50304],[51.52141,35.50236],[51.52197,35.50166],[51.52253,35.50097],[51.5231,35.50028],[51.52367,35.49958],[51.52418,35.49896],[51.52465,35.49839],[51.52504,35.49791],[51.52539,35.49749],[51.52573,35.49708],[51.52611,35.49662],[51.5265,35.49614],[51.52689,35.49565],[51.52731,35.49514],[51.52775,35.49459],[51.52822,35.49403],[51.52866,35.4935],[51.5291,35.49298],[51.5295,35.4925],[51.52988,35.49204],[51.53028,35.49154],[51.53072,35.49102],[51.53116,35.49046],[51.53161,35.4899],[51.5321,35.4893],[51.5326,35.48869],[51.53311,35.48807],[51.53362,35.48744],[51.53416,35.48677],[51.5347,35.48611],[51.53522,35.48547],[51.53571,35.48488],[51.53616,35.48431],[51.53659,35.48378],[51.537,35.48328],[51.53744,35.48275],[51.5379,35.4822],[51.53839,35.4816],[51.5389,35.48097],[51.53945,35.48031],[51.53999,35.47964],[51.54052,35.47898],[51.54108,35.47836],[51.54165,35.47775],[51.54227,35.47712],[51.54289,35.47648],[51.54351,35.47584],[51.54414,35.4752],[51.54472,35.47459],[51.5453,35.474],[51.54587,35.47342],[51.54645,35.47281],[51.54704,35.4722],[51.54764,35.4716],[51.54822,35.471],[51.5488,35.47041],[51.54936,35.46983],[51.54992,35.46927],[51.55047,35.46869],[51.55105,35.4681],[51.55164,35.46749],[51.55224,35.46687],[51.55285,35.46623],[51.55345,35.46561],[51.55405,35.465],[51.55462,35.4644],[51.5552,35.46379],[51.5558,35.46316],[51.55643,35.46252],[51.55708,35.46184],[51.55776,35.46113],[51.55844,35.46043],[51.55907,35.45976],[51.55961,35.45906],[51.56006,35.45833],[51.5605,35.45757],[51.56094,35.45685],[51.56143,35.45618],[51.56197,35.45555],[51.56251,35.45498],[51.56295,35.45453],[51.56332,35.45416],[51.56361,35.45385],[51.56394,35.45352],[51.56433,35.45309],[51.56472,35.45259],[51.56496,35.45226],[51.56523,35.45184],[51.56548,35.45139],[51.56572,35.4509],[51.56598,35.45041],[51.56616,35.44993],[51.56621,35.44952],[51.56639,35.4488],[51.56666,35.44844],[51.56704,35.44811],[51.56737,35.44774],[51.56762,35.44729],[51.56784,35.44684],[51.56804,35.44644],[51.56822,35.4461],[51.5684,35.44576],[51.56865,35.44528],[51.56888,35.44485],[51.56918,35.44432],[51.56946,35.44383],[51.56966,35.44345],[51.56989,35.44296],[51.5701,35.44251],[51.57031,35.44206],[51.57006,35.44168],[51.56963,35.44148],[51.56908,35.44122],[51.56862,35.44103],[51.5681,35.44079],[51.56758,35.44053],[51.56714,35.4403],[51.56684,35.44016],[51.56688,35.44015],[51.56699,35.43979],[51.56694,35.44017],[51.56674,35.44033],[51.56665,35.4402],[51.56682,35.43982],[51.56685,35.43984],[51.56706,35.43944],[51.56727,35.43912],[51.56752,35.43873],[51.56782,35.4383],[51.56806,35.43796],[51.56827,35.43758],[51.56854,35.43722],[51.56904,35.4374],[51.56944,35.43787],[51.56982,35.43818],[51.57023,35.43838],[51.57068,35.43862],[51.57121,35.43882],[51.57158,35.43906],[51.57201,35.43882],[51.57226,35.43839],[51.57249,35.43802],[51.57271,35.43765],[51.57292,35.43728],[51.57314,35.4369],[51.57341,35.4364],[51.5736,35.43605],[51.57379,35.4357],[51.57398,35.43532],[51.57415,35.43496],[51.57441,35.43445],[51.57468,35.434],[51.5749,35.43356],[51.57505,35.43318],[51.57451,35.43294],[51.57413,35.43275],[51.5741,35.43272],[51.57408,35.43279],[51.57407,35.43267],[51.574,35.43256],[51.57399,35.43277],[51.574,35.43266],[51.57335,35.43245],[51.57282,35.43226],[51.57234,35.43211],[51.57184,35.43194],[51.57136,35.43179],[51.57095,35.43164],[51.57041,35.43147],[51.57052,35.431],[51.5707,35.43062],[51.57094,35.43019],[51.57116,35.42987],[51.57125,35.42981],[51.57126,35.42974],[51.57127,35.42977],[51.57133,35.42975],[51.57145,35.42979],[51.5714,35.42971],[51.57138,35.42985],[51.57137,35.4294],[51.57196,35.42949],[51.57218,35.42986],[51.5722,35.42975],[51.57225,35.42986],[51.57226,35.42986],[51.57223,35.42974],[51.57224,35.42975],[51.57222,35.42971],[51.57221,35.4297],[51.57219,35.42968],[51.57238,35.42938],[51.57258,35.42899],[51.57278,35.42863],[51.57297,35.4283],[51.57298,35.42779],[51.57349,35.42818],[51.57376,35.42848],[51.57409,35.42885],[51.57445,35.42926],[51.57484,35.42971],[51.57526,35.43015],[51.57559,35.43051],[51.57607,35.43081],[51.57647,35.43051],[51.57679,35.4299],[51.57715,35.42921],[51.57734,35.42884],[51.57755,35.42847],[51.57773,35.42811],[51.57795,35.42772],[51.57819,35.42727],[51.57843,35.4268],[51.57866,35.42635],[51.5789,35.42591],[51.57913,35.42549],[51.57936,35.42509],[51.57955,35.42475],[51.57988,35.4241],[51.58006,35.42375],[51.58026,35.42334],[51.58049,35.42289],[51.58071,35.42249],[51.58094,35.42208],[51.58109,35.42172],[51.58116,35.42099],[51.58116,35.42043],[51.58115,35.41983],[51.58116,35.41943],[51.58164,35.41948],[51.58218,35.41962],[51.58261,35.41978],[51.58285,35.41995],[51.5829,35.41991],[51.58295,35.41996],[51.58292,35.41998],[51.58275,35.4199],[51.58304,35.41997],[51.58282,35.4198],[51.58277,35.4198],[51.58276,35.41981],[51.58268,35.4198],[51.58263,35.41989],[51.5827,35.42022],[51.58263,35.42017],[51.5825,35.42019],[51.58234,35.42013],[51.58259,35.42017],[51.58282,35.42026],[51.58299,35.42022],[51.58255,35.42014],[51.58271,35.42019],[51.58264,35.42017],[51.58272,35.4202],[51.58247,35.42012],[51.58273,35.42018],[51.58251,35.42017],[51.58252,35.42018],[51.58264,35.42017],[51.5826,35.42017],[51.5825,35.42016],[51.5825,35.42018],[51.58279,35.42025],[51.58262,35.42019],[51.58268,35.4202],[51.58259,35.42039],[51.58247,35.42081],[51.58228,35.42121],[51.58213,35.42158],[51.58196,35.42194],[51.58141,35.42205],[51.58095,35.42245],[51.58074,35.42285],[51.58049,35.42331],[51.58017,35.42391],[51.57995,35.42431],[51.57973,35.42472],[51.5795,35.42515],[51.57926,35.42559],[51.57902,35.42603],[51.57877,35.42649],[51.57853,35.42697],[51.5783,35.42742],[51.57808,35.42784],[51.57784,35.42827],[51.57762,35.42867],[51.57744,35.42901],[51.57717,35.42955],[51.5769,35.43006],[51.57668,35.43048],[51.57653,35.43097],[51.5764,35.43142],[51.5761,35.43175],[51.57576,35.43212],[51.57543,35.43272],[51.57515,35.43327],[51.57485,35.43383],[51.57452,35.43446],[51.57426,35.43498],[51.57402,35.43544],[51.57384,35.43578],[51.57366,35.43624],[51.57344,35.43663],[51.57321,35.43705],[51.57306,35.43728],[51.57321,35.4374],[51.57317,35.43745],[51.57297,35.43744],[51.5729,35.43742],[51.57301,35.43738],[51.57313,35.43739],[51.57319,35.4374],[51.57321,35.43747],[51.57312,35.43739],[51.57318,35.43744],[51.57304,35.43744],[51.57298,35.43736],[51.57301,35.43738],[51.57312,35.43736],[51.5732,35.43742],[51.57312,35.43735],[51.57312,35.43737],[51.57305,35.43731],[51.57303,35.43732],[51.57285,35.4377],[51.5726,35.43812],[51.57241,35.43852],[51.57211,35.43905],[51.57181,35.43955],[51.57156,35.43999],[51.57137,35.44036],[51.57116,35.44077],[51.57096,35.44114],[51.57077,35.44149],[51.57047,35.442],[51.57024,35.44247],[51.56994,35.44308],[51.56963,35.44369],[51.56945,35.44403],[51.5691,35.44468],[51.56889,35.44507],[51.56866,35.44551],[51.5684,35.446],[51.56813,35.44655],[51.56786,35.44709],[51.56762,35.44762],[51.5674,35.44806],[51.56735,35.44847],[51.56741,35.44898],[51.56704,35.4496],[51.56638,35.45003],[51.56618,35.45035],[51.56598,35.45073],[51.56578,35.45111],[51.56558,35.45149],[51.56535,35.45191],[51.56518,35.45224],[51.56496,35.45258],[51.56469,35.45295],[51.56425,35.45344],[51.56391,35.45378],[51.56355,35.4541],[51.56316,35.45448],[51.56272,35.45492],[51.56228,35.45538],[51.56183,35.45586],[51.56137,35.45636],[51.56099,35.45689],[51.56066,35.45747],[51.56035,35.45809],[51.56001,35.45875],[51.55957,35.4594],[51.55904,35.46001],[51.55846,35.46059],[51.55785,35.46122],[51.5572,35.46189],[51.55647,35.4626],[51.55577,35.4633],[51.55516,35.46391],[51.55459,35.4645],[51.55404,35.46507],[51.5535,35.46564],[51.55296,35.46619],[51.55244,35.46672],[51.55191,35.46726],[51.55136,35.46782],[51.55085,35.46834],[51.55041,35.4688],[51.54998,35.46925],[51.54955,35.4697],[51.54907,35.47018],[51.54857,35.4707],[51.54802,35.47126],[51.54742,35.47187],[51.54678,35.47252],[51.5461,35.47322],[51.54543,35.47392],[51.54473,35.47465],[51.54401,35.47538],[51.54331,35.47609],[51.54261,35.47681],[51.54189,35.47755],[51.54118,35.47832],[51.54049,35.4791],[51.53982,35.47992],[51.53917,35.4807],[51.53856,35.48146],[51.53797,35.48217],[51.53741,35.48286],[51.53688,35.48351],[51.53633,35.48419],[51.53579,35.48488],[51.53522,35.4856],[51.53463,35.48631],[51.53409,35.48697],[51.53364,35.48752],[51.53324,35.48802],[51.5328,35.48854],[51.53232,35.48909],[51.53187,35.48965],[51.53143,35.49019],[51.53097,35.49074],[51.5305,35.49132],[51.53003,35.49189],[51.52954,35.49248],[51.52905,35.49308],[51.52856,35.49369],[51.52807,35.49428],[51.52761,35.49484],[51.52716,35.49541],[51.52668,35.49599],[51.52622,35.49656],[51.52578,35.4971],[51.52536,35.49761],[51.52494,35.49813],[51.52452,35.49866],[51.52407,35.49921],[51.5236,35.49978],[51.52309,35.50039],[51.52261,35.50098],[51.52215,35.50154],[51.52169,35.50211],[51.52123,35.50268],[51.52074,35.50328],[51.52022,35.50393],[51.51967,35.50458],[51.51915,35.50523],[51.51861,35.50591],[51.51805,35.50661],[51.51749,35.5073],[51.51698,35.50793],[51.51657,35.50844],[51.51627,35.50883],[51.51595,35.50923],[51.51546,35.50977],[51.51519,35.51009],[51.51491,35.51043],[51.51468,35.51075],[51.51431,35.51116],[51.51387,35.51168],[51.51348,35.51217],[51.51313,35.5126],[51.51275,35.51306],[51.51245,35.51336],[51.51195,35.51387],[51.5116,35.51421],[51.51125,35.51455],[51.51088,35.51493],[51.51048,35.51534],[51.51003,35.51579],[51.50953,35.51628],[51.509,35.51681],[51.50841,35.51738],[51.50777,35.51801],[51.5071,35.51869],[51.50644,35.51934],[51.50578,35.52],[51.50514,35.52061],[51.50454,35.52118],[51.50408,35.52163],[51.50362,35.52206],[51.50315,35.52254],[51.50262,35.52305],[51.50206,35.52361],[51.50145,35.52421],[51.50082,35.52485],[51.50015,35.52553],[51.49944,35.52623],[51.49871,35.52694],[51.49799,35.52763],[51.49729,35.5283],[51.49658,35.529],[51.49589,35.52971],[51.49524,35.53037],[51.49465,35.53095],[51.49412,35.53149],[51.49368,35.53202],[51.49327,35.53253],[51.49302,35.53307],[51.49295,35.53365],[51.49291,35.53431],[51.49289,35.53499],[51.49289,35.53562],[51.49299,35.53614],[51.49323,35.53658],[51.49355,35.53705],[51.49391,35.53753],[51.49431,35.53802],[51.49473,35.53855],[51.49513,35.53905],[51.49548,35.53947],[51.49578,35.53984],[51.49607,35.54021],[51.49637,35.54057],[51.49667,35.54091],[51.49695,35.54125],[51.49722,35.54159],[51.49751,35.54195],[51.4978,35.54231],[51.49808,35.54266],[51.49837,35.54302],[51.49867,35.54339],[51.49897,35.54377],[51.49929,35.54414],[51.49958,35.54451],[51.49989,35.54488],[51.5002,35.54527],[51.50052,35.54567],[51.50084,35.54607],[51.50115,35.54646],[51.50144,35.54681],[51.50173,35.54717],[51.50202,35.54753],[51.50231,35.54789],[51.50257,35.54822],[51.50285,35.54857],[51.50315,35.54892],[51.50343,35.54928],[51.5037,35.54962],[51.50398,35.54996],[51.50426,35.55031],[51.50454,35.55065],[51.5048,35.55098],[51.50508,35.55131],[51.50536,35.55167],[51.50565,35.55203],[51.50597,35.5524],[51.50634,35.55282],[51.50673,35.55332],[51.50715,35.5539],[51.50764,35.55451],[51.50816,35.55515],[51.5087,35.55581],[51.50925,35.5565],[51.50982,35.5572],[51.51038,35.55789],[51.51094,35.55858],[51.5115,35.55927],[51.51207,35.55995],[51.51259,35.56059],[51.51304,35.56116],[51.51344,35.56165],[51.51379,35.56211],[51.51414,35.56253],[51.51447,35.56292],[51.51477,35.56329],[51.51505,35.56362],[51.51532,35.56397],[51.51558,35.56431],[51.51585,35.56464],[51.51629,35.56519],[51.51667,35.56566],[51.51708,35.56616],[51.51752,35.56665],[51.51796,35.5671],[51.51833,35.56751],[51.51865,35.56786],[51.51905,35.56828],[51.51957,35.56879],[51.51994,35.5691],[51.52035,35.56948],[51.52078,35.5699],[51.52118,35.57036],[51.52157,35.57078],[51.52196,35.57122],[51.52233,35.57162],[51.52262,35.57194],[51.52304,35.57241],[51.52363,35.57306],[51.52401,35.57348],[51.52442,35.57393],[51.52488,35.57444],[51.52535,35.57497],[51.52585,35.57552],[51.52636,35.57608],[51.52686,35.57665],[51.52734,35.57718],[51.52778,35.57767],[51.5282,35.57813],[51.52861,35.57858],[51.529,35.57903],[51.52936,35.57942],[51.52969,35.57979],[51.53002,35.58016],[51.53034,35.58051],[51.53065,35.58086],[51.53095,35.58119],[51.53123,35.5815],[51.53165,35.58197],[51.53212,35.58247],[51.53269,35.58306],[51.53301,35.58339],[51.53335,35.58373],[51.53371,35.584],[51.53446,35.58387],[51.53437,35.58324],[51.5338,35.5831],[51.5334,35.58334],[51.53287,35.58375],[51.53253,35.584],[51.53217,35.58427],[51.53175,35.58458],[51.53124,35.58495],[51.5307,35.58535],[51.53015,35.58574],[51.52965,35.58609],[51.52925,35.58638],[51.52888,35.58665],[51.5285,35.58692],[51.52812,35.58722],[51.52771,35.58753],[51.52728,35.58785],[51.52681,35.58819],[51.52634,35.58855],[51.52584,35.58889],[51.52535,35.58927],[51.5248,35.58967],[51.5242,35.59012],[51.5236,35.59056],[51.52298,35.59101],[51.52232,35.59151],[51.52164,35.59202],[51.52099,35.5925],[51.52039,35.59295],[51.51983,35.59343],[51.51934,35.59395],[51.51886,35.59451],[51.51834,35.59509],[51.51781,35.59564],[51.51729,35.59619],[51.5168,35.59673],[51.51632,35.59726],[51.51588,35.59779],[51.51546,35.59836],[51.51505,35.59895],[51.51461,35.59956],[51.51416,35.60017],[51.51372,35.60075],[51.51326,35.60133],[51.51275,35.6019],[51.51225,35.60248],[51.51174,35.60301],[51.51126,35.60355],[51.51078,35.60409],[51.51027,35.60461],[51.50979,35.6051],[51.50935,35.6056],[51.50897,35.60607],[51.50857,35.60656],[51.50815,35.60704],[51.50772,35.60755],[51.50729,35.60811],[51.50686,35.6087],[51.50638,35.60932],[51.50588,35.60991],[51.50536,35.61054],[51.50485,35.61124],[51.50438,35.61194],[51.50397,35.61265],[51.50361,35.61337],[51.50324,35.61404],[51.50283,35.6147],[51.50226,35.61526],[51.50165,35.61576],[51.501,35.61624],[51.50038,35.61677],[51.49979,35.61733],[51.49919,35.61787],[51.49866,35.61835],[51.49822,35.61875],[51.49785,35.61911],[51.4975,35.61946],[51.49717,35.61983],[51.49678,35.62024],[51.49638,35.62068],[51.49601,35.6211],[51.49564,35.62156],[51.49516,35.62207],[51.49466,35.62263],[51.49422,35.62312],[51.49386,35.62351],[51.49354,35.62385],[51.49305,35.62438],[51.49265,35.62481],[51.49217,35.62536],[51.49171,35.62588],[51.49148,35.62629],[51.49102,35.6268],[51.49059,35.6273],[51.49018,35.62777],[51.49051,35.62821],[51.49087,35.62844],[51.49125,35.62869],[51.49095,35.6291],[51.49056,35.62953],[51.49018,35.62991],[51.48972,35.63031],[51.48935,35.63067],[51.48906,35.63096],[51.48875,35.63132],[51.48838,35.63171],[51.48806,35.63203],[51.48774,35.63238],[51.48743,35.63266],[51.48686,35.63322],[51.48643,35.63369],[51.48605,35.63409],[51.48565,35.63458],[51.48525,35.63508],[51.48487,35.63551],[51.48454,35.63597],[51.48459,35.63653],[51.48511,35.63701],[51.48543,35.63712],[51.4855,35.6372],[51.48593,35.63754],[51.48643,35.63789],[51.48683,35.63818],[51.48739,35.63826],[51.48785,35.63821],[51.4883,35.63818],[51.48888,35.63813],[51.48942,35.63809],[51.48995,35.63806],[51.49001,35.63762],[51.49025,35.63759],[51.48976,35.6376],[51.48921,35.63767],[51.48865,35.63776],[51.48819,35.63778],[51.48772,35.63785],[51.48725,35.63787],[51.48715,35.63824],[51.48743,35.63858],[51.48806,35.63906],[51.48845,35.63932],[51.48906,35.63975],[51.48966,35.64017],[51.49011,35.64049],[51.49076,35.64086],[51.49111,35.64108],[51.49148,35.64134],[51.49198,35.64164],[51.49147,35.64153],[51.49088,35.64117],[51.49052,35.64149],[51.4906,35.64202],[51.49066,35.64248],[51.49071,35.64302],[51.49078,35.64338],[51.49081,35.64375],[51.49088,35.64422],[51.49095,35.6447],[51.49101,35.64514],[51.4911,35.64558],[51.49116,35.64601],[51.49119,35.64642],[51.49132,35.64683],[51.49187,35.64678],[51.49248,35.64675],[51.49302,35.64672],[51.49363,35.64666],[51.49416,35.64662],[51.49413,35.64621],[51.49358,35.64625],[51.49279,35.64631],[51.49235,35.64635],[51.49164,35.64641],[51.49168,35.64642],[51.49168,35.64642],[51.49167,35.64642],[51.49167,35.64642],[51.49157,35.64644],[51.4913,35.64675],[51.49134,35.64723],[51.49141,35.64759],[51.49159,35.64805],[51.49216,35.64799],[51.4927,35.64789],[51.49327,35.64779],[51.49337,35.6477],[51.49338,35.64766],[51.49385,35.64759],[51.49435,35.64752],[51.4944,35.6474],[51.49438,35.64738],[51.49426,35.64726],[51.49379,35.64729],[51.49289,35.64736],[51.49247,35.64735],[51.49244,35.6474],[51.49261,35.64736],[51.49259,35.64739],[51.49254,35.64729],[51.49255,35.64742],[51.49252,35.64742],[51.49243,35.64737],[51.49243,35.64743],[51.49251,35.64743],[51.49254,35.64738],[51.49249,35.64748],[51.49265,35.64728],[51.49259,35.64727],[51.49254,35.64739],[51.49251,35.64736],[51.49248,35.64734],[51.49246,35.64738],[51.49245,35.64738],[51.49245,35.64738],[51.49252,35.64729],[51.49258,35.64727],[51.49254,35.64713],[51.49258,35.64726],[51.49258,35.64729],[51.49258,35.64727],[51.49262,35.64725],[51.49258,35.64724],[51.49259,35.64728],[51.49258,35.64731],[51.49253,35.64718],[51.49256,35.6473],[51.49259,35.64737],[51.49244,35.64745],[51.49249,35.64719],[51.49258,35.6474],[51.4919,35.64738],[51.49146,35.64744],[51.49157,35.6479],[51.4921,35.64778],[51.4927,35.64757],[51.49342,35.64742],[51.49415,35.64731],[51.4944,35.64723],[51.49433,35.6473],[51.49407,35.6476],[51.4936,35.64773],[51.49336,35.64769],[51.49342,35.64759],[51.49337,35.64758],[51.49337,35.64752],[51.49336,35.64753],[51.49336,35.64753],[51.49336,35.64753],[51.49336,35.64753],[51.49336,35.64754],[51.49338,35.64755],[51.49329,35.64762],[51.49331,35.64772],[51.49332,35.64772],[51.49333,35.64772],[51.49333,35.64772],[51.49333,35.64771],[51.49333,35.64771],[51.49336,35.64778],[51.49336,35.64764],[51.49334,35.64771],[51.49338,35.64773],[51.493,35.64766],[51.49253,35.64759],[51.49209,35.6477],[51.49157,35.64777],[51.49129,35.64748],[51.49125,35.64711],[51.49121,35.64675],[51.49106,35.64659],[51.491,35.64659],[51.49115,35.64658],[51.49113,35.64657],[51.49112,35.64657],[51.49107,35.64661],[51.49109,35.64656],[51.4911,35.64659],[51.49105,35.64655],[51.49105,35.64655],[51.49105,35.64655],[51.49105,35.64655],[51.49105,35.64655],[51.49106,35.64655],[51.49113,35.64654],[51.49137,35.64653],[51.49174,35.64646],[51.49234,35.64634],[51.49285,35.6463],[51.49343,35.64623],[51.49389,35.64619],[51.49433,35.64622],[51.49491,35.64621],[51.49556,35.64618],[51.49612,35.64614],[51.49656,35.64606],[51.4968,35.64565],[51.49668,35.64498],[51.49659,35.64461],[51.49649,35.64418],[51.49676,35.64455],[51.49692,35.64528],[51.497,35.64573],[51.49709,35.64621],[51.49717,35.6467],[51.49724,35.64713],[51.49737,35.64779],[51.4975,35.64818],[51.49765,35.64863],[51.49781,35.64909],[51.49798,35.64958],[51.49815,35.65006],[51.4983,35.65054],[51.49846,35.651],[51.49862,35.65149],[51.49876,35.65194],[51.49887,35.65232],[51.49904,35.65279],[51.4992,35.65324],[51.49943,35.65385],[51.4997,35.6546],[51.49984,35.65505],[51.49999,35.6555],[51.50012,35.65594],[51.50028,35.65642],[51.50045,35.65691],[51.50062,35.6574],[51.5008,35.65792],[51.501,35.65839],[51.50119,35.6589],[51.50136,35.6594],[51.50149,35.65981],[51.50168,35.66017],[51.50214,35.66024],[51.50258,35.66013],[51.50319,35.66],[51.50389,35.65981],[51.50473,35.65961],[51.50517,35.65951],[51.50562,35.65942],[51.50643,35.65924],[51.50716,35.65907],[51.50771,35.65894],[51.50806,35.65935],[51.50805,35.65975],[51.50807,35.66013],[51.50824,35.6605],[51.50841,35.66098],[51.50843,35.66172],[51.50844,35.66214],[51.50845,35.66258],[51.50846,35.66305],[51.50847,35.66351],[51.50849,35.66396],[51.50848,35.66439],[51.50842,35.66479],[51.5084,35.66521],[51.50841,35.66566],[51.50842,35.66614],[51.50844,35.66665],[51.50845,35.66719],[51.50846,35.66774],[51.50847,35.66831],[51.50847,35.66889],[51.50849,35.66949],[51.5085,35.6701],[51.5085,35.67072],[51.50851,35.67133],[51.50851,35.67194],[51.50853,35.67258],[51.50856,35.67322],[51.50858,35.67378],[51.5086,35.67426],[51.50861,35.67466],[51.50846,35.67525],[51.508,35.67555],[51.50731,35.67567],[51.50695,35.67589],[51.50658,35.67616],[51.50618,35.67644],[51.50578,35.6767],[51.50539,35.67696],[51.50501,35.67722],[51.5046,35.67751],[51.50418,35.6778],[51.50371,35.67812],[51.50322,35.67847],[51.50268,35.67884],[51.50212,35.67924],[51.50156,35.67965],[51.50097,35.68006],[51.50036,35.68048],[51.49976,35.6809],[51.4992,35.68129],[51.49867,35.68165],[51.49816,35.68198],[51.49766,35.68233],[51.49717,35.68267],[51.49672,35.68298],[51.49628,35.68329],[51.49582,35.68361],[51.49534,35.68395],[51.49486,35.68432],[51.49436,35.68472],[51.49387,35.6851],[51.4935,35.68538],[51.49324,35.68568],[51.49317,35.68636],[51.49318,35.68696],[51.49318,35.68742],[51.49315,35.688],[51.49312,35.68872],[51.4931,35.68913],[51.49311,35.68953],[51.49318,35.69],[51.4933,35.69048],[51.49345,35.691],[51.49364,35.69155],[51.49388,35.69215],[51.49423,35.69275],[51.49464,35.69329],[51.49509,35.69381],[51.49551,35.69432],[51.49592,35.69483],[51.49633,35.69534],[51.49677,35.69584],[51.49721,35.69634],[51.49757,35.69677],[51.49793,35.69717],[51.49831,35.6976],[51.49869,35.69805],[51.49909,35.69852],[51.49949,35.69898],[51.49987,35.69946],[51.5002,35.69997],[51.50044,35.70049],[51.50063,35.70099],[51.50084,35.70148],[51.50104,35.70196],[51.50124,35.70246],[51.50142,35.70295],[51.50158,35.70342],[51.50174,35.70389],[51.50191,35.70434],[51.50208,35.70481],[51.50228,35.70528],[51.5025,35.70576],[51.50273,35.70621],[51.50291,35.70664],[51.5031,35.70708],[51.50328,35.70752],[51.50346,35.70796],[51.50364,35.70837],[51.50381,35.70877],[51.50396,35.7092],[51.50413,35.70963],[51.50431,35.7101],[51.50453,35.71057],[51.5048,35.71103],[51.5051,35.71149],[51.50543,35.71197],[51.5058,35.71242],[51.50619,35.71289],[51.50659,35.71337],[51.50699,35.71386],[51.5074,35.71436],[51.50783,35.71488],[51.50827,35.71541],[51.50874,35.71595],[51.50924,35.71646],[51.50976,35.71698],[51.51029,35.71749],[51.51083,35.71802],[51.51137,35.71855],[51.51192,35.71907],[51.51246,35.71959],[51.51302,35.72009],[51.51364,35.72057],[51.51433,35.72095],[51.51506,35.72124],[51.5158,35.72149],[51.51655,35.72166],[51.51728,35.7218],[51.51802,35.72189],[51.51866,35.7219],[51.51921,35.72192],[51.51971,35.72194],[51.5202,35.72196],[51.52099,35.72201],[51.52047,35.72167],[51.52,35.72166],[51.51949,35.72167],[51.51901,35.72169],[51.51838,35.72166],[51.5189,35.72148],[51.51971,35.72149],[51.52023,35.7215],[51.52077,35.72152],[51.52132,35.72158],[51.52188,35.72171],[51.52236,35.72194],[51.52277,35.72224],[51.52307,35.72263],[51.52329,35.72304],[51.52345,35.72339],[51.52372,35.7238],[51.52435,35.72398],[51.52513,35.72402],[51.52559,35.72405],[51.52604,35.72408],[51.52679,35.72414],[51.52742,35.72416],[51.52824,35.72419],[51.52877,35.72422],[51.52935,35.72428],[51.52995,35.72432],[51.53052,35.72437],[51.53107,35.72441],[51.53162,35.72449],[51.53222,35.72456],[51.53284,35.72461],[51.5335,35.72464],[51.53415,35.72468],[51.53482,35.72471],[51.53551,35.72474],[51.5362,35.72475],[51.53686,35.72479],[51.5375,35.72483],[51.53811,35.72489],[51.53874,35.72495],[51.53939,35.72498],[51.54004,35.72501],[51.54068,35.72504],[51.54131,35.72507],[51.54193,35.72508],[51.54254,35.72512],[51.54318,35.72516],[51.54384,35.72521],[51.54451,35.72528],[51.54517,35.72535],[51.54583,35.7254],[51.54653,35.72543],[51.54724,35.72547],[51.54796,35.72551],[51.54866,35.72558],[51.54935,35.72563],[51.55003,35.72569],[51.5507,35.72575],[51.55134,35.7258],[51.55195,35.72581],[51.55248,35.72583],[51.55296,35.72588],[51.55268,35.72619],[51.55235,35.72656],[51.55196,35.72703],[51.55231,35.7274],[51.55283,35.72773],[51.55333,35.72804],[51.55389,35.72831],[51.55442,35.72863],[51.55477,35.72894],[51.55462,35.7293],[51.55427,35.72963],[51.55413,35.73]]]}},{"type":"Feature","properties":{"route":10,"color":"#0284c7","times":[[21507,21524,21527,21587,21647,21707,21767,21827,21887,21947,22007,22058,22112,22186,22247,22274,22295,22355,22373,22385,22406,22415,22424,22679,22739,22799,22859,22919,22979,23039,23099,23159,23219,23283,23343],[23960,24020,24081,24141,24201,24261,24323,24347,24371,24431,24491,24530,24591,24651,24690,24705,24711,24717,24723,24729,24732,24738,24756,24771,24777,24783,24786,24789,24795,24801,24804,24807,24810,24813,24816,24819,24822,24825,24828,24831,24834,24837,24840,24843,24846,24849,24852,24855,24858,24861,24864,24867,24870,24873,24876,24879,24882,24885,24888,24891,24894,24897,24900,24903,24906,24912,24918,24924,24933,24945,24954,24963,24975,25008,25026,25035,25044,25050,25056,25062,25065,25068,25071,25074,25077,25080,25083,25086,25089,25092,25095,25098,25101,25104,25107,25110,25113,25116,25119,25122,25125,25128,25131,25134,25137,25140,25143,25146,25149,25152,25155,25158,25161,25164,25167,25170,25173,25176,25179,25182,25185,25188,25191,25194,25197,25200,25203,25206,25209,25212,25215,25218,25221,25224,25227,25230,25236,25239,25242,25245,25248,25251,25254,25257,25260,25263,25266,25269,25272,25275,25278,25281,25284,25287,25290,25293,25296,25299,25302,25305,25308,25311,25314,25317,25320,25323,25326,25329,25332,25335,25338,25341,25344,25347,25350,25353,25356,25359,25362,25368,25374,25380,25383,25386,25389,25392,25395,25398,25401,25404,25407,25410,25413,25416,25419,25422,25425,25428,25434,25440,25443,25446,25449,25452,25455,25458,25464,25470,25479,25488,25494,25497,25500,25503,25509,25515,25521,25527,25539,25548,25551,25554,25557,25560,25563,25566,25569,25572,25575,25578,25584,25593,25599,25602,25605,25608,25611,25614,25617,25620,25626,25632,25641,25647,25653,25659,25665,25677,25683,25743,25803,25818]],"type":"access_route","source":"recorded_gps_prefix"},"geometry":{"type":"MultiLineString","coordinates":[[[51.55101,35.72532],[51.55229,35.72975],[51.55331,35.72969],[51.55352,35.72971],[51.5536,35.72977],[51.55361,35.72979],[51.55371,35.7298],[51.55372,35.7298],[51.55373,35.7298],[51.55375,35.72981],[51.5538,35.72982],[51.55418,35.73013],[51.5545,35.73043],[51.55468,35.72981],[51.55427,35.72983],[51.55437,35.73032],[51.55449,35.72996],[51.55462,35.73009],[51.55483,35.73045],[51.55478,35.72986],[51.55439,35.73004],[51.55394,35.72962],[51.55368,35.72923],[51.55395,35.73002],[51.55394,35.72993],[51.55395,35.72986],[51.55397,35.72982],[51.55385,35.72988],[51.55384,35.72991],[51.55404,35.72995],[51.55387,35.72995],[51.55402,35.72992],[51.55397,35.72991],[51.55389,35.72984],[51.55414,35.73003]],[[51.55402,35.72989],[51.554,35.72979],[51.55388,35.72982],[51.55392,35.72989],[51.55387,35.73002],[51.55412,35.72998],[51.55409,35.72976],[51.55437,35.73006],[51.55454,35.73045],[51.5546,35.73038],[51.55443,35.73033],[51.55383,35.72974],[51.5536,35.72979],[51.55381,35.72997],[51.55367,35.73035],[51.55393,35.72991],[51.55434,35.72945],[51.55476,35.72898],[51.55519,35.72852],[51.55573,35.72795],[51.556,35.72765],[51.55651,35.72709],[51.55676,35.72676],[51.5563,35.72642],[51.55558,35.72631],[51.55478,35.72614],[51.55432,35.7261],[51.55387,35.72608],[51.55329,35.72604],[51.55249,35.72595],[51.55202,35.72592],[51.55154,35.72586],[51.55098,35.72581],[51.55036,35.72576],[51.54968,35.7257],[51.54896,35.72564],[51.54818,35.72557],[51.5474,35.72552],[51.54661,35.72547],[51.54582,35.72543],[51.54505,35.7254],[51.54434,35.72537],[51.54363,35.72534],[51.54292,35.72529],[51.54218,35.72519],[51.5414,35.72512],[51.54059,35.72505],[51.53977,35.725],[51.53893,35.72493],[51.53807,35.72489],[51.53721,35.72486],[51.53643,35.72483],[51.53572,35.72476],[51.53496,35.72467],[51.53415,35.72462],[51.53333,35.72458],[51.53255,35.72453],[51.5319,35.72449],[51.53138,35.72447],[51.53092,35.72444],[51.53045,35.72438],[51.52995,35.72434],[51.52939,35.72431],[51.52882,35.7243],[51.52834,35.72428],[51.52753,35.72423],[51.52679,35.72417],[51.52627,35.72413],[51.52582,35.72409],[51.52536,35.72405],[51.52486,35.72402],[51.52439,35.724],[51.52391,35.72406],[51.52357,35.72382],[51.52339,35.72341],[51.52312,35.72295],[51.52262,35.72264],[51.52203,35.72258],[51.52128,35.72245],[51.52041,35.72227],[51.51988,35.72217],[51.51924,35.72209],[51.51846,35.72201],[51.5176,35.72195],[51.51669,35.72182],[51.51577,35.7216],[51.51488,35.72129],[51.51404,35.72091],[51.51324,35.72041],[51.51252,35.71981],[51.51186,35.71918],[51.51121,35.71852],[51.51058,35.71789],[51.50996,35.71725],[51.50933,35.71663],[51.50873,35.71599],[51.50815,35.71535],[51.5076,35.71469],[51.50703,35.71401],[51.50647,35.71333],[51.50591,35.71266],[51.50536,35.71198],[51.50486,35.71127],[51.50444,35.71052],[51.5041,35.70975],[51.50378,35.70898],[51.5035,35.70827],[51.50321,35.70754],[51.50288,35.70676],[51.50251,35.70598],[51.50216,35.70522],[51.50183,35.70452],[51.50156,35.70388],[51.50129,35.70322],[51.50102,35.70256],[51.50076,35.70186],[51.50047,35.70117],[51.50012,35.70049],[51.4997,35.69983],[51.49928,35.6992],[51.49884,35.69857],[51.49836,35.69795],[51.49785,35.69733],[51.49733,35.69673],[51.49683,35.69612],[51.49632,35.69549],[51.49584,35.69488],[51.49535,35.69428],[51.49485,35.69365],[51.49435,35.69299],[51.49389,35.69233],[51.49352,35.69161],[51.49326,35.69089],[51.49304,35.69024],[51.49286,35.68966],[51.4927,35.68917],[51.49256,35.68844],[51.49253,35.688],[51.49248,35.68755],[51.49243,35.68707],[51.49241,35.6866],[51.49241,35.68616],[51.49255,35.68581],[51.49287,35.6855],[51.4933,35.68526],[51.49374,35.68499],[51.49422,35.68469],[51.49468,35.68435],[51.49513,35.68401],[51.49558,35.68369],[51.49605,35.68337],[51.49642,35.68312],[51.49679,35.68286],[51.49716,35.68259],[51.49755,35.68232],[51.49799,35.68202],[51.49841,35.68173],[51.49883,35.68144],[51.49925,35.68114],[51.49967,35.68086],[51.50008,35.68057],[51.50049,35.68029],[51.50091,35.68001],[51.50133,35.67972],[51.50173,35.67944],[51.50214,35.67916],[51.50256,35.67887],[51.503,35.67857],[51.50347,35.67824],[51.50396,35.6779],[51.50447,35.67755],[51.50493,35.67723],[51.50535,35.67695],[51.50574,35.67668],[51.50616,35.67638],[51.5066,35.67606],[51.50703,35.67577],[51.50742,35.67549],[51.50778,35.67525],[51.50832,35.6749],[51.50856,35.67444],[51.50854,35.67364],[51.50852,35.67314],[51.5085,35.67259],[51.50849,35.67201],[51.50848,35.67141],[51.50846,35.67076],[51.50844,35.67008],[51.5084,35.6694],[51.50838,35.66876],[51.50836,35.66817],[51.50836,35.66763],[51.50834,35.66714],[51.50832,35.6666],[51.50831,35.66607],[51.50829,35.66555],[51.50829,35.66511],[51.50828,35.66474],[51.50831,35.6641],[51.50837,35.66342],[51.50836,35.66299],[51.5083,35.66247],[51.50824,35.66193],[51.50821,35.66142],[51.50819,35.66098],[51.50814,35.66061],[51.50801,35.66],[51.508,35.65949],[51.50787,35.65905],[51.50709,35.65908],[51.50626,35.65928],[51.50581,35.65937],[51.50536,35.65947],[51.50493,35.65957],[51.50411,35.65975],[51.50333,35.65992],[51.50254,35.66011],[51.50191,35.66023],[51.50151,35.65987],[51.50134,35.65933],[51.50121,35.65897],[51.50104,35.65852],[51.50086,35.65802],[51.50068,35.65746],[51.50047,35.65684],[51.50023,35.65617],[51.5,35.65553],[51.4998,35.65491],[51.49961,35.65433],[51.49945,35.65388],[51.49924,35.65332],[51.49906,35.65286],[51.49882,35.65217],[51.49867,35.65169],[51.49849,35.6512],[51.49835,35.65079],[51.49823,35.65042],[51.49811,35.65006],[51.498,35.64969],[51.49788,35.64929],[51.49763,35.64862],[51.4974,35.64803],[51.49697,35.64789],[51.49648,35.648],[51.49599,35.64809],[51.49554,35.64818],[51.49506,35.64826],[51.49455,35.64808],[51.49439,35.64768],[51.49432,35.64745],[51.49421,35.64749],[51.49382,35.64767]]]}},{"type":"Feature","properties":{"route":11,"color":"#9333ea","times":[[26835,26850,26910,26970,27030,27042,27051,27060,27066,27072,27075,27078,27081,27084,27087,27090,27093,27096,27099,27102,27105,27108,27111,27114,27117,27120,27126,27132,27144,27150,27156,27162,27168,27174,27180,27186,27192,27198,27204,27210,27213,27216,27219,27222,27225,27228,27231,27234,27237,27240,27243,27246,27249,27252,27255,27258,27261,27264,27267,27270,27273,27276,27279,27285,27291,27297,27303,27309,27315,27318,27321,27324,27327,27330,27333,27336,27339,27342,27345,27348,27351,27354,27357,27360,27363,27366,27369,27372,27375,27378,27381,27384,27387,27390,27393,27396,27399,27402,27405,27408,27411,27414,27417,27420,27423,27426,27429,27432,27435,27438,27441,27444,27447,27450,27453,27456,27459,27462,27465,27471,27501,27510,27537,27552,27573,27594,27606,27654,27666,27696,27723,27750,27792,27816,27837,27855,27879,27897,27909,27933,27954,27975,27981,27987,27993,27996,27999,28002,28005,28008,28011,28014,28017,28020,28023,28026,28029,28032,28035,28038,28041,28044,28047,28050,28053,28056,28059,28062,28068,28074,28083,28104,28113,28125,28131,28134,28137,28140,28143,28146,28149,28152,28155,28158,28161,28164,28167,28170,28173,28176,28179,28182,28185,28188,28191,28194,28197,28200,28203,28206,28209,28212,28215,28218,28221,28224,28227,28230,28233,28236,28239,28245,28251,28257,28263,28269,28275,28281,28284,28287,28290,28293,28296,28299,28302,28305,28308,28311,28314,28317,28320,28323,28326,28329,28332,28335,28338,28341,28344,28347,28350,28353,28356,28359,28362,28365,28368,28371,28374,28377,28380,28383,28386,28389,28392,28395,28398,28401,28404,28407,28410,28413,28416,28419,28422,28425,28428,28431,28434,28437,28440,28443,28446,28449,28452,28455,28458,28461,28464,28467,28470,28473,28476,28479,28482,28485,28488,28491,28494,28497,28500,28503,28506,28566,28605,28611,28614,28617,28620,28623,28626,28629,28632,28635,28638,28641,28644,28647,28650,28653,28656,28659,28662,28665,28668,28671,28674,28677,28680,28683,28686,28689,28692,28695,28698,28701,28704,28707,28710,28713,28716,28719,28722,28725,28728,28731,28734,28737,28740,28743,28746,28749,28752,28755,28758,28761,28764,28767,28770,28773,28776,28779,28782,28785,28788,28791,28794,28797,28800,28803,28806,28809,28812,28815,28818,28821,28824,28827,28830,28833,28836,28839,28842,28845,28848,28854,28869,28878,28896,28908,28917,28926,28932,28938,28944,28959,28971,28980,28986,28992,29001,29013,29019,29025,29031,29037,29049,29055,29061,29067,29073,29079,29088,29094,29103,29112,29118,29124,29130,29136,29142,29151,29157,29166,29223,29265,29325,29385,29445,29505,29565,29574,29586,29592,29601,29610,29622,29631,29637,29643,29652,29661,29670,29679,29688,29697,29706,29715,29724,29733,29742,29751,29766,29775,29781,29790,29799,29805,29811,29817,29823,29829,29835,29841,29847,29856,29865,29925,29985,30045,30105,30165,30225,30285,30345,30378,30390,30399,30408,30414,30420,30426,30432,30441,30447,30453,30459,30465,30477,30486,30492,30498,30504,30510,30516,30522,30528,30534,30540,30546,30552,30558,30564,30570,30576,30582,30588,30603,30612,30621,30627,30639,30648,30660,30669,30678,30690,30702,30714,30732,30741,30747,30753,30759,30768,30777,30786,30792,30852,30912,30972,31032,31092,31152,31212,31272,31332,31359,31371,31380,31392,31401,31410,31446,31464,31473,31482,31488,31494,31509,31557,31617,31656,31680,31716,31725,31737,31746,31755,31764,31773,31779,31785,31845,31905,31965,32025,32085,32145,32205,32265,32325,32385,32430,32439,32445,32454,32463,32469,32475,32481,32490,32496,32520,32529,32589,32649,32709,32736,32742,32751,32763,32772,32778,32784,32790,32796,32805,32811,32835,32844,32850,32856,32865,32880,32889,32898,32904,32913,32922,32931,32937,32943,32961,32967,32973,32979,32985,32994,33000,33006,33012,33018,33024,33033,33039,33045,33051,33057,33063,33078,33138,33198,33234,33240,33246,33252,33258,33270,33276,33282,33288,33294,33300,33306,33315,33321,33330,33336,33342,33351,33366,33375,33381,33387,33393,33399,33405,33441,33447,33453,33459,33465,33474,33480,33486,33492,33504,33510,33516,33522,33531,33540,33549,33555,33564,33585,33603,33615,33621,33630,33636,33642,33648,33654,33663,33669,33675,33681,33687,33690,33693,33696,33699,33702,33708,33711,33720,33726,33732,33738,33744,33750,33756,33759,33762,33765,33768,33774,33780,33786,33792,33798,33804,33810,33819,33828,33834,33840,33846,33849,33852,33855,33858,33861,33867,33873,33879,33882,33888,33897,33903,33909,33912,33915,33918,33921,33924,33927,33930,33933,33936,33939,33942,33945,33948,33951,33954,33957,33960,33963,33966,33969,33972,33975,33978,33981,33984,33987,33990,33993,33996,33999,34002,34005,34008,34011,34014,34017,34020,34023,34026,34029,34032,34035,34038,34041,34044,34047,34050,34053,34056,34059,34062,34065,34068,34071,34074,34077,34080,34086,34089,34092,34095,34098,34101,34104,34107,34110,34113,34116,34119,34122,34125,34128,34131,34134,34137,34140,34143,34146,34149,34152,34155,34158,34161,34164,34167,34170,34173,34176,34179,34182,34185,34188,34194,34221,34227,34233,34239,34245,34251,34257,34263,34269,34272,34275,34278,34281,34284,34287,34290,34293,34296,34299,34302,34305,34308,34311,34317,34323,34326,34332,34338,34347,34353,34359,34365,34371,34374,34377,34380,34383,34386,34389,34392,34395,34398,34401,34404,34410,34416,34422,34431,34437,34443,34449,34455,34461,34473,34482,34488,34503,34563,34623,34683,34743,34803,34863,34902,34962,35022,35046,35106,35148,35208,35268,35328,35388,35448,35508,35568,35598,35607,35625,35637,35652,35658,35673,35679,35685,35691,35697,35703,35709,35718,35727,35903,35918,35978,36038,36098,36134,36146,36152,36158,36164,36170,36176,36182,36191,36251,36320,36323,36341,36401,36410,36443,36452,36458,36464,36473,36479,36485,36491,36497,36503,36512,36518,36524,36530,36539,36548,36554,36560,36566,36575,36581,36587,36599,36611,36617,36623,36629,36635,36644,36650,36656,36668,36713,36773,36833,36869,36884,36902,36908,36920,36926,36932,36938,36944,36950,36956,36962,36968,36974,36980,36986,36995,37001,37010,37019,37025,37031,37037,37049,37055,37064,37073,37085,37094,37103,37109,37118,37133,37148,37208,37268,37328,37410,37470,37530,37590,37611,37620,37632,37653,37662,37668,37674,37683,37689,37698,37707,37716,37722,37728,37734,37740,37746,37752,37758,37764,37770,37776,37782,37788,37794,37800,37806,37812,37818,37821,37824,37830,37842,37851,37857,37863,37872,37881,37887,37893,37899,37908,37914,37920,37926,37932,37938,37941,37947,37956,37962,37968,37974,37983,37995,38001,38007,38013,38019,38025,38040,38055,38064,38124,38184,38196,38256,38316,38376,38436,38496,38556,38616,38670,38679,38685,38691,38700,38712,38721,38727,38733,38739,38745,38751,38757,38763,38781,38790,38796,38802,38811,38817,38823,38829,38841,38850,38856,38868,38874,38880,38886,38892,38898,38907,38916,38922,38928,38934,38940,38946,38952,38958,38967,38976,38982,38988,38994,39000,39009,39018,39024,39030,39036,39096,39156,39216,39276,39336,39396,39456,39516,39576,39636,39657,39663,39669,39675,39684,39693,39699,39705,39711,39717,39723,39729,39735,39741,39744,39750,39756,39759,39762,39771,39780,39786,39792,39795,39798,39801,39807,39816,39822,39831,39843,39849,39855,39861,39867,39873,39882,39888,39894,39900,39909,39915,39918,39921,39924,39930,39939,39945,39951,39957,39963,39969,39975,39981,39987,39993,40002,40008,40011,40014,40017,40020,40023,40026,40029,40032,40035,40038,40041,40044,40047,40050,40053,40080,40140,40143,40149,40152,40155,40161,40167,40176,40182,40188,40194,40200,40209,40215,40224,40230,40236,40242,40248,40254,40263,40269,40275,40281,40287,40293,40299,40305,40311,40317,40323,40329,40335,40341,40347,40356,40365,40374,40380,40386,40392,40395,40398,40401,40404,40410,40422,40482,40542,40560,40620,40629,40671,40683,40689,40695,40701,40707,40710,40713,40716,40722,40728,40734,40737,40740,40743,40746,40749,40752,40755,40758,40764,40767,40770,40773,40776,40779,40785,40791,40803,40809,40815,40833,40836,40842,40845,40848,40851,40854,40857,40860,40863,40866,40869,40872,40878,40884,40893,40899,40905,40908,40911,40914,40917,40923,40929,40968,40980,40995,41004,41010,41016,41022,41025,41028,41031,41034,41037,41040,41043,41046,41049,41055,41064,41070,41076,41082,41085,41088,41091,41094,41097,41103,41112,41118,41124,41130,41136,41151,41172,41187,41196,41202,41208,41214,41223,41232,41238,41247,41253,41268,41274,41283,41301,41310,41319,41379,41434,41443,41452,41458,41489,41519,41543,41552,41561,41570,41579,41585,41591,41597,41606,41621,41627,41636,41645,41651,41657,41663,41669,41675,41684,41693,41699,41702,41708,41717,41726,41732,41735,41738,41741,41744,41747,41750,41753,41756,41759,41765,41771,41780,41786,41795,41801,41807,41813,41819,41822,41825,41828,41831,41834,41837,41840,41843,41846,41852,41858,41861,41864,41870,41876,41882,41885,41888,41891,41894,41897,41900,41903,41906,41909,41912,41915,41918,41921,41924,41927,41933,41936,41939,41942,41945,41948,41951,41954,41957,41960,41963,41966,41969,41972,41975,41978,41981,41984,41987,41990,41993,41996,41999,42002,42005,42008,42011,42014,42017,42020,42023,42026,42029,42032,42035,42038,42041,42044,42047,42050,42053,42056,42059,42062,42065,42068,42074,42080,42083,42086,42089,42092,42095,42098,42104,42113,42119,42125,42131,42140,42146,42149,42152,42155,42161,42167,42173,42179,42182,42185,42188,42194,42200,42206,42212,42215,42218,42221,42227,42236,42242,42248,42254,42257,42260,42263,42266,42269,42272,42275,42278,42281,42284,42287,42290,42293,42296,42299,42302,42305,42308,42311,42314,42317,42320,42323,42326,42329,42332,42335,42338,42341,42344,42347,42350,42353,42356,42359,42362,42365,42368,42371,42374,42377,42380,42383,42386,42389,42392,42395,42398,42401,42404,42407,42410,42413,42416,42419,42422,42425,42428,42431,42434,42437,42443,42449,42452,42455,42458,42461,42464,42467,42470,42473,42476,42479,42482,42485,42488,42491,42494,42497,42500,42503,42506,42509,42515,42527,42533,42542,42548,42554,42560,42566,42581,42587,42596,42602,42611,42617,42623,42626,42629,42632,42635,42638,42641,42644,42647,42650,42653,42656,42659,42662,42665,42668,42671,42674,42677,42680,42683,42686,42689,42692,42695,42698,42701,42704,42707,42710,42713,42716,42719,42722,42725,42728,42731,42734,42737,42740,42743,42746,42749,42755,42761,42764,42767,42770,42773,42776,42782,42788,42794,42800,42803,42806,42809,42812,42815,42818,42821,42824,42827,42830,42836,42842,42848,42854,42857,42860,42863,42866,42869,42872,42875,42881,42896,42902,42908,42914,42920,42923,42926,42929,42932,42935,42938,42941,42944,42947,42950,42953,42956,42959,42962,42965,42968,42971,42974,42977,42980,42983,42986,42989,42992,42995,42998,43001,43004,43007,43010,43013,43016,43019,43022,43025,43028,43031,43034,43037,43040,43043,43046,43049,43052,43055,43058,43061,43064,43067,43070,43073,43076,43079,43082,43085,43088,43091,43094,43097,43100,43103,43106,43109,43112,43115,43118,43121,43127,43130,43133,43136,43139,43142,43145,43148,43151,43154,43157,43160,43163,43166,43169,43172,43175,43178,43181,43184,43187,43190,43193,43196,43199,43202,43205,43208,43211,43214,43217,43220,43223,43226,43229,43232,43235,43238,43241,43244,43247,43250,43253,43256,43259,43262,43265,43268,43271,43274,43277,43280,43283,43286,43289,43292,43295,43298,43301,43304,43307,43310,43313,43316,43319,43322,43325,43328,43331,43334,43337,43340,43343,43346,43349,43352,43355,43358,43361,43364,43367,43370,43373,43376,43379,43382,43385,43388,43391,43394,43397,43400,43403,43406,43409,43412,43415,43418,43421,43424,43427,43430,43433,43436,43439,43442,43445,43448,43451,43454,43457,43460,43463,43466,43469,43472,43475,43478,43481,43484,43487,43493,43517,43523,43529,43535,43547,43559,43568,43574,43580,43589,43619,43625,43631,43637,43643,43649,43652,43655,43658,43661,43664,43667,43670,43676,43682,43688,43694,43700,43715,43724,43730,43736,43742,43748,43754,43760,43766,43778,43784,43790,43796,43802,43808,43814,43817,43820,43823,43826,43829,43832,43838,43844,43847,43850,43853,43856,43859,43862,43868,43874,43880,43883,43886,43892,43898,43901,43904,43907,43910,43913,43916,43919,43922,43925,43928,43931,43934,43937,43940,43943,43946,43949,43952,43955,43958,43961,43964,43967,43970,43973,43976,43979,43982,43985,43988,43991,43994,43997,44000,44003,44006,44009,44012,44015,44018,44021,44024,44027,44030,44033,44036,44039,44042,44045,44048,44051,44054,44057,44063,44069,44075,44081,44084,44087,44090,44093,44096,44099,44102,44105,44108,44111,44114,44117,44120,44123,44126,44129,44132,44135,44138,44141,44144,44147,44150,44153,44156,44159,44162,44165,44168,44171,44174,44177,44180,44183,44186,44189,44192,44195,44198,44201,44204,44207,44210,44213,44216,44219,44222,44225,44228,44231,44234,44237,44240,44243,44246,44249,44252,44255,44258,44261,44264,44267,44270,44273,44276,44279,44282,44285,44288,44291,44294,44297,44300,44303,44306,44309,44312,44315,44318,44321,44324,44327,44330,44333,44336,44339,44342,44345,44348,44351,44354,44357,44360,44363,44366,44369,44372,44375,44378,44381,44384,44387,44390,44393,44396,44399,44402,44405,44408,44411,44414,44417,44420,44423,44426,44429,44432,44435,44438,44441,44444,44447,44450,44453,44456,44459,44462,44465,44468,44471,44477,44483,44492,44498,44504,44510,44516,44522,44528,44534,44540,44543,44546,44552,44555,44558,44561,44564,44567,44570,44573,44576,44579,44582,44588,44594,44600,44606,44612,44618,44624,44627,44633,44639,44642,44645,44648,44651,44654,44657,44663,44672,44678,44684,44690,44693,44699,44705,44711,44720,44726,44732,44738,44741,44744,44747,44750,44753,44759,44762,44765,44768,44771,44774,44777,44780,44866,44872,44878,44884,44890,44896,44902,44905,44908,44911,44917,44920,44923,44926,44929,44935,44941,44944,44950,44956,44962,44968,44974,44980,44983,44986,44989,44992,44995,44998,45001,45004,45007,45010,45013,45016,45019,45022,45025,45028,45031,45034,45037,45040,45182,45185,45188,45194,45200,45212,45215,45218,45224,45230,45242,45248,45254,45257,45260,45263,45269,45272,45275,45281,45287,45296,45302,45308,45314,45320,45323,45326,45329,45332,45335,45338,45341,45344,45347,45350,45353,45356,45359,45362,45365,45368,45371,45374,45377,45380,45383,45386,45389,45392,45395,45401,45404,45407,45410,45413,45416,45419,45422,45425,45428,45431,45434,45437,45440,45443,45446,45449,45452,45455,45461,45476,45488,45494,45503,45512,45518,45524,45533,45545,45551,45563,45569,45629,45689,45754,45814,45874,45934,45994,46054,46114,46174,46234,46294,46355]],"type":"operational_gps","source":"recorded_gps"},"geometry":{"type":"MultiLineString","coordinates":[[[51.34992,35.67179],[51.34944,35.67197],[51.34931,35.67205],[51.3493,35.67206],[51.34928,35.67207],[51.34875,35.6722],[51.34827,35.67244],[51.34785,35.67275],[51.34748,35.6731],[51.34708,35.67363],[51.34683,35.67397],[51.3466,35.6743],[51.34634,35.67465],[51.34605,35.67502],[51.34575,35.67542],[51.34544,35.67585],[51.34511,35.67628],[51.3448,35.67669],[51.34451,35.67708],[51.34424,35.67745],[51.34398,35.67782],[51.34372,35.67817],[51.34348,35.67851],[51.34324,35.67886],[51.343,35.67922],[51.34279,35.67957],[51.34248,35.68022],[51.34241,35.68078],[51.34255,35.68123],[51.34278,35.68166],[51.34311,35.68224],[51.34328,35.68277],[51.34295,35.68302],[51.34275,35.68258],[51.34264,35.68191],[51.34234,35.68132],[51.34183,35.68081],[51.3412,35.68064],[51.34063,35.6806],[51.33986,35.68053],[51.33942,35.68047],[51.33894,35.6804],[51.33846,35.68031],[51.338,35.68023],[51.33754,35.68016],[51.33708,35.68008],[51.3366,35.68001],[51.33609,35.67994],[51.33555,35.67986],[51.335,35.67977],[51.33445,35.67968],[51.33391,35.6796],[51.33337,35.67952],[51.33284,35.67943],[51.33233,35.67932],[51.33187,35.67915],[51.33145,35.67889],[51.33101,35.67861],[51.33056,35.67833],[51.33013,35.67805],[51.32971,35.67777],[51.3293,35.67751],[51.32894,35.67728],[51.32834,35.67687],[51.32783,35.6765],[51.32726,35.67616],[51.32675,35.67578],[51.32608,35.67542],[51.3252,35.67518],[51.32468,35.67508],[51.3241,35.67503],[51.32349,35.67502],[51.32287,35.67504],[51.32224,35.67506],[51.32159,35.67509],[51.32091,35.67512],[51.32021,35.67515],[51.3195,35.6752],[51.31878,35.67523],[51.31805,35.67527],[51.31732,35.67532],[51.31658,35.67537],[51.31584,35.67541],[51.31509,35.67545],[51.31436,35.67549],[51.31364,35.67552],[51.31292,35.67555],[51.31221,35.67558],[51.3115,35.67561],[51.31081,35.67566],[51.31014,35.67571],[51.30949,35.67574],[51.30885,35.67578],[51.3082,35.67581],[51.30754,35.67585],[51.30687,35.67593],[51.30618,35.67597],[51.30545,35.676],[51.30468,35.67603],[51.30392,35.67605],[51.30316,35.67607],[51.3024,35.67608],[51.30167,35.67609],[51.30094,35.67611],[51.3002,35.67612],[51.29945,35.67614],[51.2987,35.67615],[51.29796,35.67618],[51.29721,35.6762],[51.29644,35.67623],[51.2957,35.67625],[51.29501,35.67627],[51.29431,35.67628],[51.29357,35.6763],[51.29284,35.67632],[51.2921,35.67635],[51.29136,35.67638],[51.29071,35.67643],[51.29021,35.67644],[51.2896,35.67644],[51.28913,35.67644],[51.2886,35.67645],[51.28807,35.67649],[51.28761,35.67648],[51.2871,35.67651],[51.28659,35.6765],[51.28615,35.67646],[51.28568,35.67649],[51.28515,35.67644],[51.28462,35.67652],[51.2841,35.67659],[51.28364,35.67659],[51.28314,35.67657],[51.28263,35.67663],[51.28219,35.67665],[51.28174,35.67668],[51.28127,35.67668],[51.2808,35.67669],[51.28035,35.67672],[51.27986,35.67674],[51.27939,35.67674],[51.2789,35.67675],[51.27836,35.67679],[51.27777,35.67681],[51.27694,35.67687],[51.27642,35.6769],[51.27587,35.67694],[51.2753,35.67698],[51.27473,35.67701],[51.27413,35.67704],[51.2735,35.67707],[51.27286,35.67711],[51.27224,35.67715],[51.27158,35.67718],[51.27092,35.67723],[51.27026,35.6773],[51.26959,35.67737],[51.26893,35.67746],[51.26832,35.67755],[51.26775,35.67763],[51.2672,35.67771],[51.26667,35.67779],[51.26615,35.67787],[51.26562,35.67795],[51.26508,35.67803],[51.26458,35.67811],[51.2641,35.67818],[51.26363,35.67826],[51.26284,35.6784],[51.26219,35.67849],[51.26174,35.67854],[51.26123,35.6786],[51.26078,35.67867],[51.26026,35.67875],[51.25962,35.67884],[51.25918,35.67892],[51.25869,35.679],[51.25816,35.67907],[51.25757,35.67915],[51.25695,35.67925],[51.2563,35.67934],[51.25568,35.67943],[51.25506,35.67952],[51.25441,35.67962],[51.25376,35.67971],[51.2531,35.67981],[51.25246,35.67991],[51.25181,35.68001],[51.25116,35.68011],[51.25052,35.68021],[51.24987,35.68032],[51.24922,35.68042],[51.24856,35.68052],[51.24793,35.68062],[51.24727,35.68072],[51.24662,35.68082],[51.24598,35.68092],[51.24534,35.68102],[51.2447,35.68111],[51.24407,35.6812],[51.2434,35.6813],[51.24272,35.6814],[51.24201,35.68151],[51.24128,35.68162],[51.24052,35.68174],[51.23975,35.68185],[51.23898,35.68197],[51.2382,35.68212],[51.23747,35.68231],[51.23683,35.6825],[51.23638,35.68266],[51.2358,35.68284],[51.23537,35.68296],[51.23493,35.68311],[51.23427,35.68334],[51.23354,35.68359],[51.23278,35.68385],[51.23192,35.68413],[51.23142,35.6843],[51.23087,35.68449],[51.23031,35.6847],[51.22973,35.68492],[51.22913,35.68515],[51.22851,35.68539],[51.22787,35.68565],[51.22722,35.68592],[51.22653,35.68619],[51.22585,35.68646],[51.22517,35.68672],[51.2245,35.68698],[51.22383,35.68724],[51.22317,35.6875],[51.2225,35.68777],[51.22183,35.68805],[51.22116,35.68832],[51.22049,35.68858],[51.21985,35.68885],[51.2192,35.68911],[51.21853,35.68938],[51.21786,35.68965],[51.21722,35.68992],[51.21657,35.69018],[51.21594,35.69045],[51.21532,35.6907],[51.21472,35.69095],[51.21413,35.6912],[51.21354,35.69144],[51.21293,35.69168],[51.21228,35.69195],[51.21164,35.69223],[51.211,35.69249],[51.21037,35.69274],[51.2098,35.69295],[51.20927,35.69317],[51.20873,35.69339],[51.20816,35.69363],[51.20757,35.69387],[51.20695,35.69412],[51.20636,35.69437],[51.20576,35.69462],[51.20512,35.69486],[51.20445,35.69512],[51.20376,35.6954],[51.20305,35.69569],[51.20231,35.69598],[51.20159,35.69628],[51.20087,35.69659],[51.20016,35.69689],[51.19946,35.69718],[51.19876,35.69744],[51.19806,35.69771],[51.19734,35.69799],[51.1966,35.69827],[51.19587,35.69856],[51.19515,35.69886],[51.19444,35.69916],[51.19374,35.69945],[51.19307,35.69972],[51.19247,35.69996],[51.1919,35.70019],[51.19136,35.70043],[51.19077,35.70067],[51.19015,35.70092],[51.18952,35.70118],[51.18887,35.70143],[51.18822,35.7017],[51.18758,35.70196],[51.18699,35.70221],[51.18641,35.70244],[51.18581,35.70268],[51.18519,35.70293],[51.18461,35.70317],[51.18413,35.70336],[51.1839,35.70345],[51.18337,35.70365],[51.18262,35.70391],[51.18217,35.70405],[51.18167,35.70421],[51.18113,35.70437],[51.18054,35.70453],[51.17994,35.70468],[51.17932,35.70483],[51.17867,35.70498],[51.178,35.70515],[51.17731,35.70531],[51.1766,35.70548],[51.17587,35.70566],[51.17514,35.70584],[51.17441,35.70602],[51.17368,35.70621],[51.17294,35.7064],[51.17218,35.70658],[51.17141,35.70676],[51.17063,35.70696],[51.16984,35.70714],[51.16904,35.70734],[51.16824,35.70754],[51.16748,35.70772],[51.1668,35.70787],[51.16617,35.70799],[51.16555,35.7081],[51.16492,35.70823],[51.16431,35.70842],[51.16369,35.70862],[51.16307,35.70881],[51.16246,35.709],[51.16186,35.7092],[51.16124,35.70942],[51.16059,35.70963],[51.15992,35.70985],[51.15923,35.71008],[51.15854,35.71032],[51.15785,35.71056],[51.15716,35.7108],[51.15651,35.71102],[51.15585,35.71123],[51.15518,35.71144],[51.15451,35.71166],[51.15382,35.71188],[51.15314,35.7121],[51.15246,35.71233],[51.15176,35.71256],[51.15105,35.71279],[51.15034,35.71303],[51.14961,35.71326],[51.14889,35.7135],[51.14817,35.71374],[51.14745,35.71399],[51.14672,35.71425],[51.14598,35.71451],[51.14526,35.71477],[51.14456,35.71503],[51.14386,35.71529],[51.14315,35.71557],[51.14244,35.71587],[51.14173,35.7162],[51.14102,35.71657],[51.14032,35.71696],[51.13965,35.71736],[51.13899,35.71782],[51.13835,35.71828],[51.13773,35.71874],[51.13714,35.71919],[51.13654,35.71965],[51.13596,35.7201],[51.13539,35.72055],[51.13484,35.72098],[51.13426,35.72143],[51.1337,35.72187],[51.13312,35.72233],[51.13257,35.72276],[51.13206,35.72321],[51.13161,35.72363],[51.13121,35.724],[51.13084,35.72434],[51.13034,35.72474],[51.12991,35.72462],[51.12958,35.72423],[51.12925,35.72393],[51.12884,35.72356],[51.12853,35.72323],[51.12813,35.72282],[51.12772,35.7224],[51.12724,35.72191],[51.1268,35.72147],[51.1265,35.72117],[51.12615,35.72082],[51.1257,35.72035],[51.12531,35.71996],[51.12496,35.71962],[51.12458,35.71933],[51.12414,35.71958],[51.12374,35.71984],[51.12329,35.72015],[51.12284,35.72048],[51.12236,35.72077],[51.12184,35.72108],[51.12141,35.72136],[51.12096,35.72168],[51.1205,35.72198],[51.12002,35.7223],[51.11963,35.72255],[51.11923,35.7229],[51.11888,35.72316],[51.11849,35.72341],[51.1181,35.72364],[51.11767,35.72393],[51.11725,35.72425],[51.11677,35.72456],[51.11632,35.7249],[51.1159,35.72519],[51.11524,35.72522],[51.11474,35.72507],[51.11427,35.72494],[51.11384,35.72482],[51.11357,35.72451],[51.11373,35.72442],[51.11371,35.72474],[51.11369,35.72466],[51.11369,35.72449],[51.11346,35.72467],[51.11296,35.72448],[51.11234,35.72426],[51.11193,35.72412],[51.11149,35.72402],[51.111,35.724],[51.11058,35.72365],[51.11027,35.7233],[51.10997,35.72303],[51.1096,35.72274],[51.10906,35.7225],[51.1086,35.72244],[51.10799,35.72228],[51.1075,35.72217],[51.10688,35.72201],[51.10629,35.72193],[51.10575,35.72187],[51.10524,35.72186],[51.10477,35.72201],[51.1043,35.72229],[51.10364,35.7224],[51.10311,35.72243],[51.10253,35.72249],[51.1018,35.7225],[51.10135,35.72253],[51.1007,35.7226],[51.10017,35.72251],[51.09966,35.72236],[51.09915,35.72223],[51.09866,35.722],[51.09815,35.72173],[51.09777,35.72153],[51.09743,35.72129],[51.09708,35.72104],[51.09671,35.72077],[51.09617,35.72057],[51.09567,35.72026],[51.09567,35.71998],[51.09559,35.72008],[51.0956,35.7202],[51.09544,35.72035],[51.09537,35.72033],[51.09538,35.72058],[51.09535,35.72054],[51.09562,35.72023],[51.09597,35.71992],[51.09616,35.71949],[51.09624,35.71905],[51.09636,35.7185],[51.09647,35.71803],[51.09655,35.7176],[51.09667,35.71715],[51.09677,35.71672],[51.0969,35.7162],[51.09702,35.71579],[51.09714,35.71536],[51.09728,35.71489],[51.09741,35.71446],[51.09751,35.71403],[51.09769,35.71348],[51.09786,35.71298],[51.09799,35.71252],[51.09815,35.71204],[51.09834,35.71156],[51.09857,35.71108],[51.09878,35.71069],[51.09907,35.71029],[51.09935,35.70985],[51.09964,35.70941],[51.1,35.70895],[51.10041,35.70852],[51.10083,35.70814],[51.1013,35.70779],[51.10184,35.70741],[51.10236,35.70706],[51.10282,35.70677],[51.10321,35.70656],[51.10366,35.70656],[51.10374,35.707],[51.10372,35.70754],[51.10375,35.7079],[51.10395,35.70837],[51.10443,35.70855],[51.10497,35.70883],[51.10548,35.709],[51.10602,35.70913],[51.10657,35.70906],[51.10695,35.70882],[51.10748,35.70883],[51.1078,35.70911],[51.1084,35.70935],[51.10884,35.7095],[51.10926,35.7096],[51.10972,35.70969],[51.11029,35.70986],[51.11077,35.71],[51.11142,35.71013],[51.11198,35.71008],[51.11222,35.71013],[51.11202,35.71006],[51.11199,35.70978],[51.11197,35.70988],[51.11198,35.70992],[51.11196,35.70998],[51.11199,35.70986],[51.11232,35.71],[51.11228,35.70987],[51.11266,35.71008],[51.11309,35.71031],[51.11336,35.71059],[51.11366,35.71098],[51.11403,35.71153],[51.11417,35.71188],[51.11436,35.71221],[51.1149,35.71204],[51.11527,35.71182],[51.11568,35.7116],[51.11616,35.71138],[51.11659,35.71119],[51.11704,35.71106],[51.11695,35.71069],[51.11689,35.71057],[51.11737,35.7106],[51.11773,35.71084],[51.11823,35.71081],[51.11864,35.71063],[51.11905,35.71042],[51.11944,35.71021],[51.11982,35.70993],[51.12019,35.70972],[51.12069,35.70928],[51.12115,35.70896],[51.12163,35.70872],[51.1218,35.70878],[51.12161,35.70864],[51.12172,35.70857],[51.12181,35.70883],[51.12174,35.7088],[51.12169,35.70849],[51.12174,35.70868],[51.12176,35.70864],[51.1218,35.70875],[51.12153,35.70892],[51.12179,35.70859],[51.12224,35.70824],[51.12256,35.70798],[51.12287,35.70769],[51.12314,35.70739],[51.12351,35.70706],[51.12392,35.70674],[51.12432,35.70652],[51.12497,35.7063],[51.12542,35.70608],[51.12497,35.70644],[51.1245,35.70661],[51.12439,35.70655],[51.12439,35.70649],[51.12438,35.70647],[51.12395,35.70682],[51.12358,35.70716],[51.12318,35.70751],[51.12272,35.70789],[51.12225,35.70831],[51.12191,35.70861],[51.12152,35.70885],[51.12111,35.70911],[51.12068,35.70942],[51.12037,35.70971],[51.12003,35.70996],[51.11961,35.71021],[51.11921,35.71044],[51.11883,35.71065],[51.11839,35.71087],[51.11791,35.71112],[51.11799,35.71159],[51.11831,35.71198],[51.11873,35.71252],[51.11901,35.71289],[51.1193,35.71329],[51.1196,35.71364],[51.11991,35.71394],[51.12018,35.71431],[51.12049,35.71465],[51.12095,35.71439],[51.12129,35.71397],[51.12169,35.71356],[51.12192,35.71322],[51.12216,35.71279],[51.12239,35.71232],[51.12268,35.71186],[51.123,35.71139],[51.12333,35.71099],[51.12384,35.71073],[51.12431,35.71036],[51.12463,35.71005],[51.12494,35.70975],[51.12529,35.70935],[51.12567,35.70885],[51.12597,35.70824],[51.12615,35.70766],[51.12629,35.70729],[51.12634,35.70713],[51.12615,35.70713],[51.12636,35.70755],[51.12614,35.70804],[51.12598,35.70848],[51.12578,35.70888],[51.1255,35.7093],[51.12509,35.70976],[51.12469,35.71016],[51.12427,35.71055],[51.12378,35.71089],[51.12326,35.71123],[51.12292,35.71175],[51.12265,35.71226],[51.12237,35.71272],[51.12205,35.71317],[51.12169,35.71364],[51.12134,35.714],[51.12104,35.71434],[51.12082,35.71478],[51.12078,35.71515],[51.12106,35.71546],[51.12139,35.71572],[51.12184,35.71612],[51.12233,35.71667],[51.12278,35.71715],[51.12307,35.71744],[51.12266,35.71718],[51.12224,35.71677],[51.12176,35.71629],[51.12131,35.71582],[51.12096,35.71546],[51.1206,35.71506],[51.12025,35.71471],[51.11984,35.71426],[51.11952,35.71393],[51.11925,35.71352],[51.11897,35.71313],[51.11862,35.71266],[51.11836,35.71234],[51.11803,35.71195],[51.11778,35.71157],[51.11741,35.71115],[51.11716,35.71077],[51.11687,35.71037],[51.11673,35.70998],[51.1166,35.7096],[51.11639,35.70904],[51.11617,35.70848],[51.11602,35.70805],[51.11587,35.70761],[51.11575,35.70709],[51.11563,35.70643],[51.11554,35.70578],[51.11548,35.70525],[51.11544,35.7047],[51.11536,35.70403],[51.11527,35.70336],[51.11516,35.70264],[51.11505,35.70227],[51.11491,35.70188],[51.11474,35.70148],[51.11456,35.70108],[51.11442,35.70074],[51.11415,35.70011],[51.114,35.69976],[51.11379,35.69935],[51.1136,35.69894],[51.11337,35.69837],[51.11313,35.69778],[51.11293,35.69726],[51.11271,35.69669],[51.11249,35.696],[51.1124,35.69562],[51.11232,35.69525],[51.11225,35.69487],[51.11218,35.69451],[51.11201,35.69382],[51.11185,35.69336],[51.11174,35.69294],[51.11163,35.6925],[51.11145,35.6919],[51.11124,35.69125],[51.11108,35.69088],[51.11092,35.69047],[51.11075,35.69002],[51.11055,35.68964],[51.11028,35.68912],[51.10991,35.6884],[51.1097,35.68799],[51.10952,35.6876],[51.10934,35.68724],[51.10917,35.68688],[51.10897,35.6865],[51.10877,35.68608],[51.10853,35.68562],[51.10817,35.68495],[51.10796,35.68461],[51.10759,35.68417],[51.10719,35.6839],[51.1066,35.68397],[51.10575,35.68416],[51.10527,35.68431],[51.10477,35.68452],[51.10428,35.68479],[51.10376,35.68509],[51.10325,35.68538],[51.10272,35.68568],[51.10218,35.68599],[51.10164,35.6863],[51.1011,35.68661],[51.10054,35.68693],[51.09999,35.68725],[51.09943,35.68757],[51.09887,35.68788],[51.09832,35.68821],[51.09776,35.68853],[51.0972,35.68885],[51.09663,35.68918],[51.09606,35.6895],[51.09549,35.68983],[51.09491,35.69016],[51.09434,35.69049],[51.09376,35.69081],[51.0932,35.69114],[51.09265,35.69144],[51.0921,35.69173],[51.09154,35.69205],[51.09097,35.69237],[51.09039,35.69265],[51.08978,35.69287],[51.08917,35.69305],[51.08854,35.69318],[51.08794,35.69327],[51.08735,35.69331],[51.08675,35.69331],[51.08614,35.69327],[51.0855,35.69322],[51.08484,35.69318],[51.08416,35.69314],[51.08349,35.69309],[51.08284,35.69306],[51.08218,35.69301],[51.08152,35.69297],[51.08085,35.69293],[51.08015,35.69289],[51.07944,35.69285],[51.07871,35.69281],[51.07799,35.69277],[51.07727,35.69272],[51.07653,35.69268],[51.07579,35.69263],[51.07507,35.69259],[51.07439,35.69255],[51.07372,35.69252],[51.0731,35.69256],[51.07251,35.69262],[51.07196,35.69261],[51.07151,35.69252],[51.07069,35.69221],[51.07019,35.69206],[51.06966,35.69189],[51.06909,35.69168],[51.06851,35.69147],[51.06796,35.69126],[51.06737,35.69104],[51.06677,35.69081],[51.06615,35.69057],[51.06551,35.69033],[51.06484,35.6901],[51.06417,35.68985],[51.06348,35.6896],[51.06281,35.68935],[51.06211,35.68908],[51.0614,35.68881],[51.06068,35.68855],[51.05998,35.68829],[51.05928,35.68803],[51.05862,35.68775],[51.05797,35.6875],[51.05729,35.68725],[51.05659,35.68699],[51.05587,35.68672],[51.05515,35.68645],[51.05443,35.68619],[51.05367,35.68596],[51.05291,35.68578],[51.05215,35.68566],[51.0514,35.6856],[51.05072,35.68561],[51.05008,35.68566],[51.04947,35.68575],[51.04894,35.68585],[51.04847,35.68595],[51.04787,35.68619],[51.0474,35.68652],[51.04693,35.68673],[51.04629,35.68675],[51.04582,35.68653],[51.04529,35.68631],[51.04469,35.68627],[51.04412,35.68625],[51.04335,35.6862],[51.04249,35.68603],[51.04201,35.6859],[51.04155,35.68574],[51.04111,35.68556],[51.04069,35.68537],[51.04027,35.68518],[51.03982,35.68499],[51.03936,35.6848],[51.03889,35.68459],[51.03846,35.68438],[51.03805,35.68419],[51.03761,35.68399],[51.03716,35.6838],[51.03674,35.68362],[51.03634,35.68344],[51.0356,35.68314],[51.03482,35.68296],[51.03436,35.68291],[51.03358,35.68284],[51.03306,35.68287],[51.03247,35.68304],[51.03189,35.68335],[51.03119,35.68372],[51.03046,35.68412],[51.02969,35.68451],[51.02928,35.68473],[51.02887,35.68498],[51.02848,35.68526],[51.02808,35.68554],[51.0277,35.68583],[51.02732,35.68612],[51.02694,35.6864],[51.02656,35.68669],[51.02618,35.68697],[51.02584,35.68727],[51.02555,35.68756],[51.02517,35.68802],[51.02497,35.68855],[51.02485,35.6891],[51.02484,35.68955],[51.02498,35.69006],[51.02531,35.69062],[51.02564,35.69115],[51.02598,35.6917],[51.02626,35.69209],[51.02666,35.6923],[51.02715,35.6922],[51.02763,35.69201],[51.02805,35.69226],[51.02822,35.69255],[51.02804,35.69223],[51.02797,35.6923],[51.02796,35.69223],[51.02792,35.69225],[51.02793,35.69226],[51.02818,35.69259],[51.02817,35.6926],[51.02818,35.69258],[51.02805,35.69223],[51.02797,35.69225],[51.02819,35.69258],[51.02799,35.69227],[51.02791,35.69216],[51.02785,35.69215],[51.02779,35.69216],[51.02793,35.69226],[51.028,35.69218],[51.02816,35.69249],[51.02814,35.69288],[51.02803,35.69323],[51.0279,35.69363],[51.02767,35.69394],[51.02793,35.69444],[51.02816,35.6948],[51.02868,35.69474],[51.02917,35.69456],[51.02969,35.69436],[51.03021,35.69412],[51.03067,35.69391],[51.03113,35.6937],[51.03157,35.69349],[51.03208,35.69341],[51.03236,35.69384],[51.03227,35.69456],[51.0325,35.69422],[51.03261,35.69395],[51.03274,35.69397],[51.03259,35.69402],[51.03267,35.6944],[51.03296,35.69484],[51.03322,35.69522],[51.03343,35.69556],[51.03366,35.69592],[51.0339,35.69644],[51.03417,35.69689],[51.03448,35.6973],[51.03473,35.69765],[51.0351,35.69776],[51.03518,35.69785],[51.03508,35.69822],[51.035,35.69859],[51.03535,35.69758],[51.035,35.69784],[51.03509,35.69825],[51.03551,35.69874],[51.036,35.69906],[51.03648,35.69922],[51.03693,35.69934],[51.03747,35.69948],[51.03818,35.69964],[51.03881,35.69981],[51.03937,35.69997],[51.03991,35.69999],[51.04031,35.70019],[51.04014,35.7007],[51.03992,35.70128],[51.0397,35.70184],[51.03953,35.70227],[51.03935,35.7027],[51.03918,35.70312],[51.03899,35.70363],[51.03886,35.70398],[51.0387,35.70439],[51.03852,35.70483],[51.03834,35.70527],[51.03823,35.7057],[51.03802,35.70617],[51.03781,35.70666],[51.03758,35.70724],[51.03735,35.70784],[51.03714,35.70825],[51.0366,35.70818],[51.03614,35.70831],[51.03577,35.70855],[51.03572,35.70819],[51.03573,35.7078],[51.03569,35.70763],[51.03581,35.70796],[51.0363,35.70796],[51.0359,35.7083],[51.03636,35.7082],[51.03685,35.70819],[51.037,35.70865],[51.03681,35.70911],[51.03657,35.70963],[51.03635,35.71013],[51.0361,35.71069],[51.03584,35.71128],[51.03556,35.7119],[51.03527,35.71256],[51.03498,35.7132],[51.03474,35.71372],[51.03453,35.71418],[51.03431,35.71468],[51.0341,35.71511],[51.03395,35.7155],[51.03378,35.7159],[51.0336,35.71627],[51.03345,35.71662],[51.03321,35.71713],[51.03303,35.71755],[51.03234,35.71745],[51.03175,35.71726],[51.03125,35.71709],[51.03082,35.71691],[51.0311,35.7165],[51.03136,35.71613],[51.03189,35.71612],[51.03238,35.71624],[51.03291,35.71641],[51.03299,35.71683],[51.03247,35.71681],[51.03241,35.7168],[51.03234,35.71686],[51.03229,35.71683],[51.03231,35.71699],[51.0323,35.7169],[51.0322,35.71675],[51.0323,35.71679],[51.03183,35.71665],[51.03136,35.71651],[51.03097,35.71668],[51.0313,35.71707],[51.03172,35.71725],[51.03219,35.71742],[51.03267,35.71755],[51.03306,35.71736],[51.03325,35.7169],[51.03341,35.71652],[51.03362,35.71615],[51.03382,35.71574],[51.03397,35.71537],[51.03413,35.715],[51.03429,35.71466],[51.0345,35.71421],[51.03467,35.71382],[51.03483,35.71346],[51.03499,35.7131],[51.03523,35.71254],[51.03553,35.71188],[51.03578,35.71129],[51.03602,35.71077],[51.03626,35.71025],[51.0365,35.7097],[51.03675,35.70911],[51.03701,35.70856],[51.03723,35.70803],[51.03748,35.70737],[51.03762,35.70699],[51.03775,35.70664],[51.03798,35.70603],[51.0381,35.7056],[51.03827,35.70524],[51.03844,35.70489],[51.03859,35.70454],[51.03878,35.70406],[51.03899,35.70348],[51.03922,35.70289],[51.03941,35.7024],[51.03957,35.70199],[51.03979,35.70144],[51.03997,35.70092],[51.03988,35.70042],[51.03952,35.70009],[51.03889,35.69992],[51.03812,35.69972],[51.03768,35.69961],[51.03692,35.69941],[51.03638,35.69926],[51.03574,35.69902],[51.03526,35.69862],[51.03494,35.69821],[51.03467,35.6979],[51.03408,35.69809],[51.03355,35.69832],[51.03293,35.69859],[51.03236,35.69885],[51.03183,35.69907],[51.0314,35.69925],[51.03095,35.69946],[51.03048,35.69916],[51.03023,35.69877],[51.03007,35.69866],[51.03019,35.69862],[51.02993,35.69823],[51.02961,35.69815],[51.02992,35.69795],[51.02984,35.69802],[51.02973,35.69811],[51.0298,35.69792],[51.02958,35.6981],[51.02964,35.69813],[51.02959,35.69774],[51.02933,35.69735],[51.02912,35.697],[51.02888,35.69666],[51.02861,35.69636],[51.02815,35.69634],[51.02752,35.6966],[51.02712,35.69675],[51.02667,35.69679],[51.02617,35.6967],[51.02562,35.69656],[51.02502,35.69641],[51.02438,35.69642],[51.02384,35.69664],[51.02335,35.69667],[51.02308,35.69626],[51.02278,35.69577],[51.02253,35.69541],[51.0222,35.69493],[51.02187,35.6944],[51.0215,35.69384],[51.02121,35.69343],[51.02098,35.69299],[51.02055,35.6926],[51.01999,35.69243],[51.01938,35.69249],[51.01888,35.69268],[51.01841,35.69288],[51.01789,35.69305],[51.0173,35.69329],[51.01687,35.69346],[51.01633,35.69371],[51.01577,35.69399],[51.0153,35.6942],[51.01485,35.69451],[51.01456,35.69497],[51.01449,35.69557],[51.0145,35.69621],[51.01455,35.69675],[51.0148,35.69706],[51.01499,35.69752],[51.01536,35.69806],[51.0157,35.69857],[51.01607,35.69914],[51.01644,35.69971],[51.01679,35.70026],[51.01705,35.70065],[51.01734,35.70112],[51.01759,35.7015],[51.01784,35.7019],[51.01806,35.70226],[51.01812,35.70215],[51.01802,35.70205],[51.01779,35.70212],[51.0179,35.70217],[51.0182,35.7024],[51.0183,35.70252],[51.01835,35.7024],[51.01848,35.70242],[51.01843,35.70229],[51.01816,35.70241],[51.01787,35.70202],[51.01764,35.70163],[51.01739,35.70119],[51.01714,35.7008],[51.0169,35.70038],[51.0166,35.69989],[51.01628,35.69936],[51.01593,35.69878],[51.01552,35.69817],[51.01516,35.69763],[51.01494,35.6973],[51.01465,35.69697],[51.01454,35.69649],[51.01449,35.69587],[51.0145,35.6955],[51.01463,35.6948],[51.0151,35.69414],[51.01552,35.69396],[51.01592,35.69378],[51.0164,35.69353],[51.01684,35.69339],[51.01743,35.69317],[51.01818,35.69286],[51.01861,35.69267],[51.01905,35.69247],[51.0195,35.69229],[51.01999,35.69223],[51.02061,35.69235],[51.02106,35.6927],[51.02124,35.69304],[51.02168,35.69297],[51.0221,35.69279],[51.02252,35.69261],[51.02294,35.69243],[51.02357,35.69233],[51.02418,35.69248],[51.02463,35.69258],[51.02511,35.6927],[51.02573,35.69267],[51.02607,35.69238],[51.02596,35.69195],[51.02559,35.69129],[51.02537,35.69089],[51.02515,35.69051],[51.02495,35.69017],[51.02473,35.68977],[51.02443,35.68926],[51.02395,35.68895],[51.0235,35.6887],[51.02294,35.68842],[51.02287,35.68794],[51.02344,35.68763],[51.02422,35.68761],[51.02488,35.68767],[51.02515,35.68738],[51.02489,35.68693],[51.02528,35.68656],[51.02595,35.68622],[51.02636,35.68599],[51.02681,35.68572],[51.02731,35.68541],[51.02784,35.68512],[51.02837,35.68483],[51.02893,35.68451],[51.02951,35.68422],[51.0301,35.68392],[51.03067,35.68364],[51.03119,35.68341],[51.03166,35.68314],[51.03212,35.68289],[51.0326,35.68268],[51.03308,35.68249],[51.0335,35.68229],[51.03377,35.68201],[51.0341,35.6819],[51.0345,35.68171],[51.03539,35.68161],[51.03581,35.68149],[51.03623,35.68135],[51.03704,35.68109],[51.03778,35.68081],[51.03834,35.68059],[51.03902,35.68034],[51.0398,35.68],[51.04055,35.67974],[51.04125,35.67951],[51.04168,35.6793],[51.04172,35.67893],[51.04176,35.67842],[51.04176,35.67802],[51.0417,35.67761],[51.04172,35.67704],[51.04172,35.67656],[51.04173,35.67617],[51.04174,35.67561],[51.04172,35.67516],[51.04172,35.67475],[51.04161,35.67436],[51.04167,35.67386],[51.04171,35.67322],[51.0418,35.67271],[51.04179,35.67216],[51.04177,35.67159],[51.04165,35.67111],[51.04138,35.67081],[51.04085,35.67069],[51.04012,35.67068],[51.03958,35.67068],[51.03908,35.67068],[51.03846,35.67091],[51.03789,35.67085],[51.03798,35.67035],[51.03816,35.67002],[51.03818,35.6694],[51.03822,35.66872],[51.03822,35.66834],[51.03822,35.66795],[51.03821,35.66754],[51.03821,35.66713],[51.03812,35.66676],[51.03746,35.66676],[51.03738,35.66663],[51.03739,35.66654],[51.0376,35.66622],[51.03763,35.66632],[51.03732,35.66658],[51.03781,35.66681],[51.03816,35.6665],[51.03818,35.66607],[51.0382,35.66566],[51.03827,35.6651],[51.03826,35.6644],[51.03826,35.66401],[51.03826,35.66363],[51.03829,35.66326],[51.0383,35.66266],[51.03832,35.66204],[51.0383,35.66134],[51.03828,35.66096],[51.03827,35.66058],[51.03829,35.6602],[51.03826,35.65978],[51.03827,35.65937],[51.03827,35.65896],[51.03828,35.65857],[51.03828,35.6582],[51.03826,35.65743],[51.03827,35.65697],[51.03829,35.65653],[51.03829,35.65609],[51.0383,35.65568],[51.03831,35.6553],[51.03831,35.65462],[51.03831,35.65416],[51.0377,35.65398],[51.03692,35.65397],[51.03623,35.65397],[51.037,35.65387],[51.03746,35.65387],[51.03834,35.65385],[51.03882,35.65384],[51.03932,35.65382],[51.03982,35.65381],[51.04031,35.65382],[51.04086,35.65382],[51.04143,35.65381],[51.04201,35.65378],[51.04258,35.65378],[51.04307,35.6538],[51.04354,35.6538],[51.04428,35.65386],[51.04474,35.65389],[51.04535,35.65396],[51.04595,35.65401],[51.04676,35.65404],[51.04723,35.65407],[51.04772,35.65411],[51.04821,35.65417],[51.04862,35.65433],[51.04934,35.65465],[51.04988,35.65491],[51.05033,35.65508],[51.0508,35.65533],[51.05051,35.65572],[51.05017,35.65614],[51.04987,35.65665],[51.04951,35.65718],[51.04917,35.6578],[51.049,35.65814],[51.04885,35.65861],[51.0487,35.65908],[51.04857,35.65958],[51.04839,35.66003],[51.0482,35.66043],[51.04807,35.66087],[51.04797,35.66126],[51.04782,35.66164],[51.0476,35.6622],[51.04787,35.66258],[51.04856,35.66278],[51.04939,35.66291],[51.05027,35.66305],[51.05073,35.66319],[51.05121,35.66332],[51.05168,35.66347],[51.05213,35.66361],[51.05253,35.66379],[51.05298,35.66402],[51.05348,35.66424],[51.05409,35.66446],[51.05474,35.66472],[51.05536,35.66492],[51.05574,35.66514],[51.05615,35.66533],[51.0566,35.66551],[51.05695,35.66576],[51.05757,35.66601],[51.05816,35.66631],[51.05886,35.6665],[51.05948,35.66664],[51.05995,35.66674],[51.06034,35.66657],[51.06064,35.66626],[51.06099,35.66577],[51.06122,35.66537],[51.06159,35.66489],[51.06178,35.66446],[51.06196,35.6641],[51.06216,35.66371],[51.06239,35.66324],[51.06263,35.66283],[51.06248,35.66275],[51.06238,35.66395],[51.06236,35.66354],[51.06263,35.66326],[51.0626,35.66285],[51.06332,35.66205],[51.06315,35.66171],[51.06348,35.6613],[51.06365,35.66093],[51.06386,35.66043],[51.06408,35.66002],[51.06427,35.65965],[51.06451,35.65929],[51.06482,35.65887],[51.0651,35.65823],[51.06536,35.65782],[51.06596,35.65796],[51.06628,35.65822],[51.06675,35.65851],[51.06726,35.65873],[51.06762,35.65903],[51.06804,35.65923],[51.06848,35.65948],[51.06894,35.65975],[51.06938,35.66003],[51.06989,35.66013],[51.07037,35.65969],[51.07093,35.65916],[51.07123,35.65886],[51.0715,35.65856],[51.07179,35.65817],[51.07198,35.65773],[51.07203,35.65709],[51.07201,35.65671],[51.07202,35.65628],[51.0721,35.65585],[51.07226,35.65541],[51.07246,35.65498],[51.07265,35.65456],[51.0728,35.65413],[51.07292,35.65372],[51.07298,35.65335],[51.07291,35.65288],[51.07287,35.6525],[51.07329,35.65217],[51.07374,35.65227],[51.07438,35.65237],[51.07502,35.65228],[51.07579,35.65217],[51.07664,35.65204],[51.07749,35.65192],[51.07793,35.65185],[51.07837,35.65178],[51.07881,35.6517],[51.07926,35.65163],[51.07972,35.65154],[51.08025,35.65147],[51.08076,35.6514],[51.08122,35.65134],[51.08166,35.65128],[51.0825,35.65117],[51.08337,35.65105],[51.08385,35.65098],[51.08433,35.6509],[51.08508,35.65077],[51.08567,35.6507],[51.08641,35.65061],[51.08686,35.65053],[51.08734,35.65046],[51.08785,35.6504],[51.08838,35.65033],[51.08892,35.65025],[51.08947,35.65016],[51.08999,35.65008],[51.09054,35.65],[51.09109,35.64994],[51.0916,35.64988],[51.09211,35.64984],[51.09262,35.64981],[51.09315,35.64979],[51.09364,35.64977],[51.09409,35.64975],[51.09497,35.64971],[51.09542,35.64967],[51.0959,35.64964],[51.09642,35.64961],[51.09698,35.64958],[51.09755,35.64954],[51.09815,35.64951],[51.09871,35.64949],[51.09928,35.64949],[51.09982,35.6495],[51.10037,35.64949],[51.10094,35.64947],[51.10151,35.64945],[51.10209,35.64942],[51.10266,35.64941],[51.10325,35.64939],[51.10386,35.64937],[51.10449,35.64936],[51.10511,35.64934],[51.10571,35.64932],[51.1063,35.6493],[51.10688,35.64929],[51.10746,35.64928],[51.10807,35.64927],[51.10872,35.64925],[51.10938,35.64922],[51.11002,35.64918],[51.11066,35.64917],[51.11129,35.64915],[51.11192,35.64914],[51.11254,35.64911],[51.11314,35.6491],[51.11374,35.64907],[51.11434,35.64905],[51.11495,35.64902],[51.11555,35.64901],[51.11616,35.649],[51.11679,35.64899],[51.11741,35.64896],[51.118,35.64891],[51.11858,35.64888],[51.11918,35.64886],[51.1198,35.64884],[51.12038,35.64883],[51.12087,35.64881],[51.12132,35.64881],[51.12218,35.64878],[51.123,35.64874],[51.12344,35.64872],[51.12393,35.64871],[51.12446,35.64871],[51.12505,35.64869],[51.12564,35.64866],[51.12621,35.64863],[51.12685,35.64859],[51.12749,35.64859],[51.12833,35.64848],[51.12909,35.64829],[51.12985,35.64809],[51.1305,35.64791],[51.13135,35.64769],[51.13184,35.64757],[51.13232,35.64745],[51.13276,35.64735],[51.13352,35.64719],[51.13425,35.64699],[51.13502,35.64681],[51.13593,35.64663],[51.13641,35.64653],[51.1369,35.64643],[51.13738,35.64631],[51.13805,35.64614],[51.13865,35.6459],[51.13909,35.64581],[51.1399,35.64563],[51.14038,35.64553],[51.14089,35.64541],[51.1414,35.64529],[51.14192,35.64516],[51.14267,35.64504],[51.1433,35.64496],[51.14402,35.64488],[51.14494,35.64481],[51.14549,35.64476],[51.14605,35.6447],[51.14663,35.64465],[51.14718,35.64461],[51.14775,35.64456],[51.14836,35.64451],[51.14898,35.64446],[51.1496,35.64441],[51.15021,35.64436],[51.15082,35.64431],[51.15143,35.64426],[51.15205,35.64422],[51.15267,35.64416],[51.1533,35.6441],[51.15393,35.64401],[51.15457,35.64392],[51.15521,35.64379],[51.15586,35.64365],[51.15652,35.6435],[51.15722,35.64334],[51.15791,35.64318],[51.15861,35.64305],[51.15929,35.64298],[51.15998,35.64301],[51.16066,35.64307],[51.16133,35.64313],[51.16199,35.64321],[51.16261,35.64332],[51.16317,35.64353],[51.16365,35.64385],[51.16405,35.64425],[51.16443,35.64467],[51.16481,35.6451],[51.1652,35.64552],[51.16559,35.64595],[51.16595,35.64635],[51.1663,35.64671],[51.16663,35.64708],[51.167,35.64747],[51.16737,35.64788],[51.16776,35.64831],[51.16815,35.64871],[51.16852,35.6491],[51.16888,35.6495],[51.16924,35.64989],[51.16961,35.65029],[51.17001,35.65069],[51.17042,35.65107],[51.17079,35.65143],[51.17116,35.65178],[51.17154,35.65213],[51.17193,35.6525],[51.17229,35.65287],[51.17267,35.65321],[51.17303,35.65356],[51.1734,35.65392],[51.17377,35.65428],[51.17415,35.65465],[51.1745,35.65499],[51.17483,35.6553],[51.17516,35.65557],[51.17571,35.65606],[51.1762,35.65663],[51.17656,35.65696],[51.17695,35.6573],[51.17735,35.65768],[51.17773,35.65805],[51.1781,35.6584],[51.17847,35.65873],[51.1788,35.65905],[51.17914,35.6594],[51.17951,35.65976],[51.17992,35.66014],[51.18036,35.66054],[51.1808,35.66096],[51.1812,35.66138],[51.18161,35.66177],[51.18205,35.66217],[51.1825,35.66258],[51.18293,35.66297],[51.18333,35.66333],[51.18368,35.6637],[51.18401,35.66406],[51.18448,35.66449],[51.18492,35.66487],[51.18529,35.66515],[51.18566,35.66545],[51.18608,35.66577],[51.18658,35.66618],[51.18715,35.66661],[51.18753,35.66686],[51.18814,35.66727],[51.18865,35.66768],[51.18913,35.66801],[51.18966,35.66841],[51.19017,35.66869],[51.19071,35.66908],[51.19141,35.66952],[51.19179,35.66979],[51.19221,35.67008],[51.19268,35.67041],[51.19318,35.67075],[51.19371,35.67109],[51.19425,35.67146],[51.19479,35.67183],[51.19537,35.67226],[51.19596,35.67265],[51.19655,35.67305],[51.19714,35.67346],[51.19771,35.67386],[51.1983,35.67425],[51.1989,35.67467],[51.19949,35.67509],[51.20009,35.6755],[51.20072,35.67591],[51.20138,35.67635],[51.20199,35.67677],[51.20263,35.6772],[51.20325,35.67763],[51.20388,35.67804],[51.20447,35.67841],[51.20507,35.67881],[51.20568,35.67922],[51.20632,35.67961],[51.20694,35.67999],[51.20757,35.6804],[51.20818,35.6808],[51.20872,35.68116],[51.20926,35.68154],[51.20982,35.68192],[51.21042,35.68231],[51.21103,35.68272],[51.21163,35.68315],[51.21226,35.68358],[51.21289,35.68402],[51.21349,35.68441],[51.21409,35.6848],[51.21464,35.68517],[51.21514,35.68549],[51.21554,35.68576],[51.21605,35.68606],[51.2167,35.68639],[51.21714,35.68664],[51.2176,35.68689],[51.21803,35.68715],[51.21843,35.68741],[51.21876,35.68768],[51.21946,35.6881],[51.22015,35.68831],[51.22084,35.68818],[51.22163,35.68782],[51.2221,35.68759],[51.22259,35.68738],[51.22308,35.68719],[51.22355,35.687],[51.22403,35.68679],[51.22449,35.68661],[51.22492,35.68644],[51.22534,35.68627],[51.22578,35.68609],[51.2262,35.68593],[51.22696,35.68563],[51.22779,35.68532],[51.22831,35.68492],[51.22869,35.68427],[51.2289,35.68389],[51.22916,35.68356],[51.22951,35.6833],[51.22993,35.68312],[51.2304,35.68295],[51.23089,35.68278],[51.23134,35.68261],[51.23179,35.68231],[51.23174,35.68173],[51.23149,35.68112],[51.2313,35.68059],[51.23111,35.68003],[51.23093,35.67933],[51.23084,35.67894],[51.23075,35.67851],[51.2307,35.67806],[51.23066,35.67764],[51.23061,35.67721],[51.23059,35.67674],[51.23058,35.67626],[51.2306,35.6758],[51.23062,35.67534],[51.23065,35.6749],[51.2307,35.67446],[51.23077,35.67399],[51.23085,35.67352],[51.23096,35.67303],[51.2311,35.67253],[51.23126,35.67206],[51.23144,35.67159],[51.23164,35.67109],[51.23187,35.67059],[51.23214,35.67006],[51.23245,35.66949],[51.23278,35.66892],[51.23315,35.66835],[51.23357,35.66777],[51.23403,35.66719],[51.23452,35.66662],[51.23504,35.66607],[51.23559,35.66553],[51.23618,35.66502],[51.23679,35.6645],[51.23743,35.66402],[51.23808,35.66358],[51.23872,35.66318],[51.23935,35.66281],[51.23997,35.66246],[51.24062,35.66217],[51.24129,35.66188],[51.24197,35.66159],[51.24266,35.66132],[51.24338,35.66105],[51.24409,35.66081],[51.2448,35.66055],[51.24551,35.66027],[51.24623,35.66],[51.24698,35.65973],[51.24771,35.65946],[51.24842,35.65921],[51.24911,35.65895],[51.24978,35.65871],[51.25043,35.65847],[51.25105,35.65823],[51.25165,35.658],[51.25221,35.65779],[51.25275,35.6576],[51.25333,35.65742],[51.25393,35.65721],[51.25453,35.65699],[51.25514,35.65676],[51.25572,35.65655],[51.25631,35.65634],[51.25689,35.65614],[51.25746,35.65593],[51.25804,35.65571],[51.25863,35.6555],[51.25923,35.65529],[51.25982,35.65507],[51.26029,35.6549],[51.26107,35.6546],[51.26153,35.65442],[51.26202,35.65424],[51.26253,35.65406],[51.26306,35.65386],[51.26359,35.65366],[51.26413,35.65346],[51.2647,35.65326],[51.26524,35.65305],[51.2658,35.65284],[51.26635,35.65263],[51.26692,35.65241],[51.26751,35.65219],[51.26807,35.65198],[51.26864,35.65175],[51.2692,35.65153],[51.26975,35.65131],[51.27033,35.6511],[51.27092,35.65087],[51.27152,35.65064],[51.27211,35.65039],[51.27272,35.65015],[51.27333,35.6499],[51.27395,35.64965],[51.27458,35.64939],[51.27519,35.64915],[51.27579,35.6489],[51.27639,35.64867],[51.277,35.64841],[51.27759,35.64816],[51.27818,35.64791],[51.27872,35.64768],[51.27923,35.64746],[51.27976,35.64726],[51.28033,35.64703],[51.28093,35.64677],[51.28157,35.64649],[51.28225,35.6462],[51.28294,35.6459],[51.28361,35.6456],[51.28424,35.64531],[51.28484,35.64504],[51.28543,35.64478],[51.28602,35.64453],[51.28662,35.64427],[51.28722,35.644],[51.28783,35.64371],[51.28847,35.64341],[51.28912,35.64311],[51.28977,35.64281],[51.29039,35.64252],[51.29102,35.64222],[51.29162,35.64194],[51.29219,35.64166],[51.29279,35.64138],[51.2934,35.64109],[51.29405,35.64077],[51.29472,35.64045],[51.29541,35.64011],[51.29608,35.63975],[51.29672,35.63943],[51.29734,35.63914],[51.29798,35.63884],[51.2986,35.63853],[51.29919,35.63823],[51.29974,35.63794],[51.30025,35.63766],[51.30077,35.63739],[51.30127,35.63714],[51.30171,35.63692],[51.30217,35.6367],[51.30265,35.63647],[51.30316,35.63621],[51.3037,35.63595],[51.30427,35.63566],[51.30485,35.63537],[51.30545,35.63506],[51.30609,35.63474],[51.30675,35.63441],[51.30743,35.63407],[51.3081,35.63372],[51.30873,35.6334],[51.30935,35.63308],[51.30999,35.63276],[51.31062,35.63244],[51.31125,35.63213],[51.31186,35.63181],[51.31249,35.63148],[51.31313,35.63114],[51.31378,35.63079],[51.31442,35.63044],[51.31504,35.63006],[51.31562,35.62968],[51.3161,35.62935],[51.31652,35.62904],[51.31696,35.62871],[51.31744,35.62834],[51.31794,35.62794],[51.31847,35.62751],[51.31901,35.62704],[51.31955,35.62653],[51.32008,35.62599],[51.32058,35.62545],[51.32107,35.62495],[51.32155,35.62443],[51.322,35.62389],[51.32243,35.62334],[51.32286,35.6228],[51.32328,35.6223],[51.32372,35.62179],[51.32415,35.62127],[51.32458,35.62074],[51.32498,35.62023],[51.32538,35.61974],[51.32581,35.61927],[51.32622,35.61876],[51.32664,35.61825],[51.32704,35.61776],[51.32741,35.61731],[51.32773,35.61691],[51.32801,35.61656],[51.32836,35.61617],[51.32869,35.61582],[51.32899,35.61552],[51.32933,35.61516],[51.32963,35.61486],[51.32994,35.61455],[51.33035,35.61416],[51.3308,35.61376],[51.33111,35.61346],[51.33145,35.61315],[51.33183,35.61282],[51.33226,35.61247],[51.33275,35.61213],[51.33324,35.61179],[51.3338,35.61142],[51.33432,35.61111],[51.3349,35.61077],[51.33528,35.61056],[51.33569,35.61036],[51.33611,35.61018],[51.33658,35.60997],[51.33711,35.60974],[51.33763,35.6095],[51.33807,35.60934],[51.33875,35.60909],[51.33918,35.60895],[51.33966,35.6088],[51.34028,35.60862],[51.34073,35.60851],[51.34122,35.60839],[51.34185,35.60824],[51.34251,35.60811],[51.34294,35.60803],[51.34343,35.60793],[51.34396,35.60787],[51.34446,35.60782],[51.34493,35.60778],[51.34549,35.60773],[51.3461,35.60768],[51.34676,35.60767],[51.34754,35.60767],[51.34834,35.60768],[51.34904,35.6077],[51.34979,35.60775],[51.35066,35.60784],[51.35111,35.60789],[51.35159,35.60796],[51.35209,35.60804],[51.35255,35.60812],[51.35301,35.60821],[51.35346,35.6083],[51.35427,35.60849],[51.35507,35.60871],[51.35552,35.60883],[51.35602,35.60898],[51.35657,35.60913],[51.35713,35.60929],[51.35762,35.60942],[51.35804,35.60955],[51.35875,35.60978],[51.35942,35.61002],[51.36017,35.61033],[51.36065,35.61049],[51.36112,35.61064],[51.36169,35.61088],[51.36235,35.61111],[51.36277,35.61122],[51.36325,35.61136],[51.36379,35.61151],[51.36433,35.61166],[51.36486,35.61182],[51.36539,35.61198],[51.36593,35.61214],[51.36647,35.6123],[51.36705,35.61246],[51.36765,35.61263],[51.36826,35.6128],[51.36891,35.61297],[51.36957,35.61314],[51.37024,35.6133],[51.37088,35.61343],[51.37154,35.61356],[51.37221,35.61369],[51.37287,35.61379],[51.37349,35.61389],[51.37412,35.61397],[51.37479,35.61402],[51.3755,35.61409],[51.37617,35.61418],[51.37687,35.61424],[51.37766,35.61431],[51.37844,35.61434],[51.37923,35.61436],[51.38009,35.61438],[51.38099,35.61438],[51.38189,35.61439],[51.38273,35.61437],[51.38363,35.61438],[51.38454,35.61438],[51.38551,35.61438],[51.38645,35.61436],[51.38739,35.61435],[51.38832,35.61436],[51.38921,35.61434],[51.39011,35.61433],[51.39107,35.61433],[51.39196,35.61432],[51.39285,35.61431],[51.39372,35.6143],[51.39458,35.61428],[51.39545,35.6143],[51.39632,35.61433],[51.39722,35.61436],[51.3981,35.61437],[51.3989,35.61438],[51.39972,35.61438],[51.40056,35.6144],[51.40136,35.61439],[51.40195,35.6144],[51.40276,35.61443],[51.40344,35.61444],[51.40409,35.6144],[51.40498,35.61439],[51.4055,35.61437],[51.40605,35.61436],[51.40664,35.61436],[51.40724,35.6144],[51.40785,35.61441],[51.40843,35.61444],[51.409,35.61445],[51.40961,35.61449],[51.41025,35.61455],[51.41088,35.61463],[51.41156,35.61472],[51.41225,35.61478],[51.41293,35.61485],[51.41361,35.61497],[51.41427,35.6151],[51.41486,35.61526],[51.41546,35.61541],[51.41605,35.61559],[51.41663,35.61579],[51.41726,35.61602],[51.41785,35.61628],[51.41841,35.61653],[51.41895,35.61677],[51.41949,35.61705],[51.42,35.61737],[51.42049,35.61768],[51.42095,35.61801],[51.4214,35.6183],[51.42182,35.61865],[51.42229,35.619],[51.42276,35.61938],[51.42323,35.61976],[51.42365,35.62014],[51.424,35.62044],[51.42434,35.62073],[51.42465,35.62101],[51.425,35.62129],[51.42539,35.62159],[51.42582,35.62194],[51.42628,35.62231],[51.42679,35.62268],[51.42733,35.62306],[51.42791,35.62344],[51.42853,35.62383],[51.42918,35.62423],[51.42987,35.62462],[51.43058,35.62501],[51.43129,35.62537],[51.43202,35.62572],[51.43274,35.62606],[51.43348,35.62637],[51.43424,35.62666],[51.435,35.62695],[51.43577,35.62723],[51.43653,35.62751],[51.43727,35.62775],[51.43803,35.62797],[51.43883,35.62817],[51.43966,35.62839],[51.44048,35.62858],[51.44128,35.62875],[51.44209,35.62893],[51.44289,35.62908],[51.4437,35.62921],[51.44452,35.62933],[51.44534,35.62941],[51.44611,35.62946],[51.44682,35.62954],[51.44759,35.6296],[51.44837,35.62962],[51.44916,35.62961],[51.44991,35.62959],[51.45068,35.62957],[51.45146,35.62957],[51.45222,35.62961],[51.45308,35.62968],[51.45392,35.62974],[51.45475,35.62982],[51.45558,35.62983],[51.45638,35.62982],[51.45712,35.62985],[51.45781,35.62992],[51.45851,35.63001],[51.45923,35.63016],[51.45993,35.63038],[51.46069,35.63058],[51.4614,35.63075],[51.46211,35.63093],[51.46278,35.63112],[51.4635,35.63133],[51.46411,35.63154],[51.46473,35.63175],[51.46535,35.63199],[51.46592,35.63224],[51.46647,35.63249],[51.46705,35.63274],[51.46758,35.633],[51.46815,35.63326],[51.4687,35.63355],[51.46921,35.63383],[51.4697,35.63409],[51.47017,35.63437],[51.47059,35.63468],[51.47103,35.63502],[51.47153,35.63534],[51.47205,35.63565],[51.47254,35.63596],[51.473,35.63623],[51.47348,35.63653],[51.474,35.63673],[51.47456,35.63688],[51.47514,35.637],[51.4757,35.63705],[51.47631,35.63711],[51.47693,35.63714],[51.47753,35.63711],[51.47812,35.63702],[51.47868,35.6369],[51.47924,35.63673],[51.47979,35.63657],[51.48035,35.63643],[51.48091,35.63637],[51.48148,35.63641],[51.48205,35.63651],[51.48249,35.63674],[51.48294,35.63704],[51.4833,35.63739],[51.48361,35.63774],[51.48372,35.63812],[51.48384,35.63851],[51.48409,35.63914],[51.48424,35.63965],[51.48426,35.64016],[51.48428,35.64073],[51.48434,35.64125],[51.48446,35.64195],[51.4845,35.64249],[51.48461,35.64308],[51.48468,35.64355],[51.48479,35.64406],[51.48491,35.64473],[51.48498,35.6451],[51.48507,35.64545],[51.48518,35.64614],[51.48522,35.64653],[51.48528,35.64694],[51.48537,35.64737],[51.48546,35.64783],[51.48556,35.64827],[51.48569,35.6487],[51.48584,35.64909],[51.486,35.64946],[51.48615,35.64984],[51.48631,35.65022],[51.48654,35.65085],[51.48674,35.65135],[51.48689,35.65185],[51.4871,35.65242],[51.48736,35.65294],[51.48759,35.65358],[51.48784,35.65428],[51.48797,35.65463],[51.4882,35.65528],[51.48842,35.65602],[51.48856,35.65637],[51.48869,35.65674],[51.48881,35.65712],[51.48895,35.65751],[51.48908,35.6579],[51.48921,35.65827],[51.48937,35.65877],[51.48952,35.65916],[51.48975,35.6596],[51.48996,35.66019],[51.49011,35.66088],[51.49019,35.66124],[51.49046,35.66177],[51.49071,35.66218],[51.49087,35.66278],[51.49105,35.66329],[51.49122,35.66382],[51.49144,35.66445],[51.49167,35.66513],[51.49178,35.66551],[51.49193,35.66585],[51.49205,35.66625],[51.49216,35.66668],[51.49226,35.6671],[51.49243,35.66783],[51.49246,35.66824],[51.49247,35.66865],[51.49247,35.66908],[51.49252,35.66953],[51.49254,35.66996],[51.49262,35.67038],[51.49257,35.67085],[51.49302,35.67848],[51.49276,35.67884],[51.49278,35.67924],[51.49283,35.67963],[51.49284,35.68019],[51.49291,35.68076],[51.49296,35.68147],[51.49298,35.68189],[51.493,35.68229],[51.49305,35.68266],[51.49313,35.68331],[51.49311,35.68368],[51.4931,35.68408],[51.49311,35.68446],[51.49312,35.68484],[51.49316,35.68553],[51.49314,35.68623],[51.49315,35.68659],[51.49313,35.68721],[51.49312,35.68765],[51.49313,35.68815],[51.49309,35.68877],[51.49303,35.68944],[51.49315,35.69016],[51.49327,35.69066],[51.49347,35.69111],[51.49367,35.69156],[51.49383,35.69206],[51.49413,35.69258],[51.49447,35.69313],[51.49481,35.69369],[51.49513,35.69419],[51.49546,35.69469],[51.4959,35.69514],[51.49637,35.69558],[51.49681,35.69606],[51.49721,35.69656],[51.4976,35.69702],[51.49796,35.69747],[51.49832,35.69792],[51.4987,35.69835],[51.49904,35.69883],[51.49939,35.69929],[51.49974,35.69972],[51.51863,35.72193],[51.51927,35.72196],[51.51979,35.72196],[51.52059,35.72196],[51.52128,35.72201],[51.52074,35.72172],[51.52029,35.72172],[51.51981,35.72173],[51.51892,35.72173],[51.51833,35.72167],[51.51877,35.7215],[51.51946,35.72151],[51.52038,35.72152],[51.52088,35.72154],[51.52139,35.72158],[51.52182,35.72168],[51.52254,35.72209],[51.52283,35.72237],[51.52309,35.72269],[51.52344,35.72329],[51.52368,35.72368],[51.52413,35.72391],[51.52471,35.72394],[51.5255,35.72401],[51.52636,35.72406],[51.52724,35.72414],[51.52775,35.72417],[51.52826,35.7242],[51.52879,35.72421],[51.52932,35.72424],[51.52987,35.72427],[51.53044,35.72431],[51.53099,35.72435],[51.53147,35.72439],[51.53198,35.72442],[51.53247,35.72444],[51.53294,35.72445],[51.53346,35.72447],[51.53403,35.72451],[51.53463,35.72456],[51.53523,35.72459],[51.53583,35.72462],[51.53648,35.72465],[51.53713,35.72471],[51.53773,35.72478],[51.53829,35.72483],[51.53885,35.72486],[51.53941,35.72491],[51.53999,35.72492],[51.5406,35.72493],[51.54116,35.72495],[51.54196,35.725],[51.54241,35.72504],[51.54291,35.72509],[51.54346,35.72513],[51.544,35.72518],[51.54458,35.72523],[51.54518,35.72528],[51.5458,35.72533],[51.54644,35.72539],[51.5471,35.72543],[51.54779,35.72548],[51.54847,35.72553],[51.54914,35.7256],[51.5498,35.72566],[51.55049,35.7257],[51.55115,35.72575],[51.55173,35.72578],[51.55226,35.72581],[51.55276,35.72584],[51.55337,35.72592],[51.55292,35.72599],[51.55245,35.72642],[51.5521,35.72684],[51.55195,35.72719],[51.55256,35.72754],[51.55302,35.72784],[51.55343,35.72808],[51.55384,35.7283],[51.55437,35.72859],[51.5548,35.72885],[51.55452,35.72937],[51.5542,35.72974],[51.55422,35.72986],[51.55413,35.72988],[51.55452,35.73004],[51.55457,35.73024],[51.55449,35.73026],[51.55458,35.73029],[51.55454,35.73024],[51.5546,35.73018],[51.55462,35.7302],[51.55467,35.73024],[51.55461,35.7302],[51.55455,35.73028],[51.5545,35.73027]]]}},{"type":"Feature","properties":{"route":11,"color":"#9333ea","times":[[22081,22141,22160,22184,22220,22269,22329,22389,22449,22509,22569,22629,22689,22749,22809,22840,22922,22982,23042,23075,23135,23144,23204,23219,23228,23237,23243,23249,23255,23261,23267,23276,23288,23294,23300,23306,23315,23324,23330,23336,23354,23360,23366,23372,23378,23384,23393,23405,23411,23417,23423,23429,23438,23447,23456,23468,23474,23480,23486,23495,23507,23513,23519,23525,23537,23543,23549,23555,23561,23570,23576,23582,23594,23603,23609,23618,23678,23726,23735,23741,23750,23756,23762,23768,23774,23780,23789,23801,23807,23813,23819,23825,23831,23837,23846,23852,23861,23867,23882,23897,23909,23918,23939,23954,23960,23966,23969,23972,23975,23978,23981,23987,23993,24002,24008,24014,24020,24026,24032,24038,24044,24047,24050,24053,24059,24065,24071,24077,24080,24083,24086,24089,24095,24101,24104,24107,24110,24113,24116,24119,24122,24204,24207,24210,24213,24216,24219,24222,24228,24237,24249,24255,24261,24267,24270,24273,24276,24279,24282,24285,24288,24291,24294,24297,24300,24303,24306,24309,24312,24315,24318,24321,24324,24327,24330,24333,24336,24339,24342,24345,24348,24351,24354,24357,24360,24363,24366,24369,24372,24375,24378,24381,24384,24387,24390,24393,24396,24399,24402,24405,24408,24411,24414,24417,24420,24423,24426,24429,24432,24435,24441,24450,24462,24471,24480,24492,24510,24519,24543,24558,24573,24585,24603,24615,24627,24633,24639,24645,24651,24657,24663,24672,24678,24684,24690,24696,24702,24711,24717,24723,24729,24732,24735,24738,24741,24744,24750,24759,24768,24774,24780,24786,24792,24798,24801,24804,24807,24810,24813,24816,24819,24822,24825,24828,24831,24834,24837,24840,24843,24846,24852,24912,24921,24927,24933,24939,24948,24954,24960,24966,24972,24978,24984,24990,24996,25005,25011,25017,25023,25029,25035,25041,25044,25047,25050,25053,25059,25062,25068,25128,25188,25239,25257,25269,25275,25281,25287,25293,25299,25305,25311,25317,25323,25329,25338,25344,25350,25356,25362,25368,25380,25389,25395,25404,25419,25428,25434,25440,25446,25452,25458,25464,25470,25473,25476,25479,25482,25485,25488,25491,25494,25497,25500,25503,25506,25509,25512,25515,25518,25521,25524,25527,25530,25533,25536,25539,25542,25545,25548,25551,25554,25557,25560,25563,25566,25569,25572,25575,25578,25581,25584,25587,25590,25593,25596,25602,25605,25608,25611,25614,25617,25620,25623,25626,25629,25632,25635,25638,25644,25704,25716,25722,25728,25734,25740,25746,25752,25758,25764,25770,25773,25776,25779,25782,25785,25788,25791,25794,25797,25800,25803,25806,25809,25812,25815,25818,25821,25824,25827,25830,25833,25836,25839,25842,25845,25848,25851,25854,25857,25860,25863,25869,25875,25881,25887,25890,25896,25902,25908,25914,25920,25929,25935,25941,25944,25947,25950,25953,25956,25959,25962,25965,25968,25971,25974,25977,25980,25983,25986,25989,25992,25995,25998,26001,26004,26007,26010,26016,26022,26031,26043,26061,26070,26085,26103,26118,26136,26148,26157,26172,26187,26202,26220,26235,26253,26268,26283,26292,26298,26304,26310,26319,26328,26334,26340,26346,26358,26364,26370,26376,26382,26388,26394,26403,26409,26415,26427,26436,26445,26451,26457,26466,26475,26481,26487,26493,26499,26505,26511,26517,26523,26529,26535,26541,26547,26553,26559,26565,26571,26577,26583,26592,26601,26610,26619,26625,26634,26640,26649,26655,26661,26667,26676,26682,26688,26700,26709,26769,26802,26817,26826,26835]],"type":"access_route","source":"recorded_gps_prefix"},"geometry":{"type":"MultiLineString","coordinates":[[[51.55116,35.73694],[51.55073,35.73682],[51.55374,35.72977],[51.55416,35.72996],[51.55455,35.72971],[51.55415,35.72994],[51.55389,35.73011],[51.55418,35.73],[51.55412,35.73001],[51.55407,35.72999],[51.55402,35.72994],[51.55405,35.73001],[51.55405,35.73001],[51.554,35.72991],[51.55409,35.73],[51.55454,35.73011],[51.55486,35.73018],[51.55481,35.73013],[51.5547,35.73011],[51.55422,35.73006],[51.55373,35.73022],[51.55347,35.73052],[51.55345,35.73058],[51.55315,35.73086],[51.55275,35.73129],[51.55237,35.73166],[51.55201,35.73207],[51.55165,35.73251],[51.5513,35.7329],[51.55095,35.73332],[51.55068,35.73363],[51.55034,35.73401],[51.54998,35.73438],[51.54966,35.73476],[51.54926,35.73521],[51.54891,35.73563],[51.54867,35.73593],[51.54832,35.7363],[51.54806,35.73662],[51.54797,35.73698],[51.54749,35.73708],[51.54702,35.7371],[51.54636,35.73718],[51.54569,35.73726],[51.54501,35.73734],[51.54435,35.73744],[51.54387,35.73752],[51.54322,35.73758],[51.5426,35.73767],[51.54194,35.73775],[51.54123,35.73784],[51.5407,35.73793],[51.54021,35.738],[51.53959,35.73805],[51.53905,35.73813],[51.53849,35.73821],[51.53786,35.7383],[51.53707,35.73839],[51.53637,35.73849],[51.53585,35.73858],[51.53528,35.73872],[51.5347,35.73877],[51.53402,35.73885],[51.5335,35.73889],[51.53321,35.73841],[51.53313,35.73782],[51.53303,35.73724],[51.53296,35.73669],[51.53286,35.73633],[51.53275,35.73594],[51.53271,35.73549],[51.53263,35.73501],[51.5325,35.73466],[51.53172,35.73476],[51.53104,35.73484],[51.53047,35.73491],[51.53033,35.73497],[51.52985,35.73503],[51.5294,35.73507],[51.52895,35.73514],[51.52823,35.73528],[51.52753,35.73536],[51.52703,35.73539],[51.52644,35.73547],[51.52583,35.73555],[51.5252,35.73563],[51.52473,35.73569],[51.52415,35.73575],[51.52365,35.73584],[51.52303,35.73593],[51.52255,35.73597],[51.52198,35.73604],[51.52154,35.73609],[51.52097,35.73616],[51.52055,35.7365],[51.52054,35.73687],[51.5208,35.73737],[51.52104,35.73771],[51.52126,35.73804],[51.52149,35.73837],[51.52177,35.73869],[51.52199,35.73901],[51.52224,35.73936],[51.52179,35.739],[51.52144,35.73851],[51.52108,35.73797],[51.52085,35.73765],[51.52063,35.73732],[51.52041,35.73699],[51.52023,35.73666],[51.51998,35.73633],[51.5196,35.73578],[51.51926,35.73529],[51.51904,35.73488],[51.51883,35.73446],[51.5184,35.73389],[51.51799,35.73336],[51.51772,35.733],[51.51731,35.73249],[51.51696,35.73197],[51.51651,35.73148],[51.51626,35.73118],[51.516,35.73086],[51.51575,35.73053],[51.5153,35.72993],[51.51483,35.72936],[51.5144,35.72886],[51.51396,35.72838],[51.51368,35.72809],[51.51334,35.72781],[51.51299,35.72757],[51.51259,35.72738],[51.51176,35.72716],[51.51086,35.72703],[51.51038,35.72699],[51.50994,35.727],[51.50947,35.72692],[51.50897,35.72676],[51.50843,35.72664],[51.50786,35.72653],[51.50738,35.72643],[51.50275,35.71611],[51.50315,35.71563],[51.50338,35.71521],[51.50356,35.7148],[51.50376,35.7144],[51.50394,35.71403],[51.50412,35.71368],[51.50437,35.71312],[51.50449,35.71278],[51.50464,35.71234],[51.5047,35.71195],[51.50462,35.71137],[51.50437,35.71077],[51.50421,35.71041],[51.50406,35.71001],[51.50389,35.70958],[51.50371,35.70913],[51.50352,35.70866],[51.50332,35.70818],[51.50313,35.7077],[51.50293,35.70723],[51.50274,35.70676],[51.50255,35.70629],[51.50233,35.70581],[51.50208,35.7053],[51.50184,35.70478],[51.5016,35.70427],[51.50136,35.70374],[51.50114,35.70317],[51.50091,35.7026],[51.5007,35.70203],[51.50046,35.70146],[51.50021,35.70091],[51.49992,35.70037],[51.49961,35.69986],[51.4993,35.69937],[51.49898,35.69889],[51.49863,35.6984],[51.49827,35.69794],[51.49791,35.6975],[51.49756,35.69709],[51.49721,35.69669],[51.49687,35.69629],[51.49652,35.69585],[51.49616,35.69539],[51.49576,35.69491],[51.49537,35.69443],[51.49498,35.69394],[51.49457,35.69344],[51.49423,35.69293],[51.49386,35.69243],[51.49356,35.69192],[51.49332,35.6914],[51.49313,35.69088],[51.49298,35.69038],[51.49285,35.6899],[51.49274,35.68944],[51.49268,35.68899],[51.49266,35.68852],[51.49265,35.688],[51.49265,35.68746],[51.49263,35.68691],[51.49262,35.68637],[51.49262,35.68583],[51.49261,35.68529],[51.49259,35.6848],[51.49259,35.68435],[51.49258,35.68392],[51.49257,35.68353],[51.49256,35.68296],[51.49257,35.68254],[51.49259,35.68208],[51.49261,35.68163],[51.49259,35.68115],[51.49257,35.68073],[51.49235,35.6803],[51.49191,35.68022],[51.49134,35.68024],[51.49086,35.68015],[51.49082,35.67972],[51.49084,35.67934],[51.49084,35.67888],[51.49088,35.67841],[51.49091,35.67791],[51.49088,35.67753],[51.49084,35.67715],[51.49079,35.6767],[51.49063,35.67622],[51.49041,35.67579],[51.49009,35.6754],[51.48965,35.67498],[51.48914,35.6745],[51.48862,35.67399],[51.48817,35.67351],[51.48786,35.67297],[51.48773,35.67247],[51.48774,35.67209],[51.48763,35.67151],[51.48753,35.67094],[51.48736,35.67025],[51.48729,35.6699],[51.48719,35.6695],[51.4871,35.66911],[51.48699,35.66871],[51.48686,35.66833],[51.48673,35.66775],[51.48632,35.66741],[51.48568,35.66744],[51.48508,35.66755],[51.48434,35.66766],[51.48356,35.66773],[51.48285,35.6678],[51.48198,35.66788],[51.48146,35.66794],[51.48093,35.66801],[51.48037,35.6681],[51.47977,35.66819],[51.47922,35.66828],[51.47872,35.66837],[51.47825,35.66845],[51.47775,35.66854],[51.47723,35.66862],[51.47667,35.66869],[51.47607,35.66874],[51.47546,35.66882],[51.4749,35.66889],[51.47434,35.66897],[51.47381,35.66904],[51.47334,35.66911],[51.47275,35.6692],[51.47217,35.66921],[51.47192,35.66877],[51.47183,35.66832],[51.47183,35.66781],[51.47186,35.66735],[51.47172,35.66685],[51.47131,35.66642],[51.47088,35.66599],[51.47044,35.66557],[51.46993,35.66511],[51.4694,35.66461],[51.4689,35.66411],[51.46844,35.66368],[51.46806,35.66332],[51.46767,35.66295],[51.4672,35.66252],[51.46676,35.66212],[51.46635,35.66174],[51.46598,35.66146],[51.46538,35.66107],[51.46471,35.66067],[51.46433,35.66044],[51.46395,35.6602],[51.46356,35.65996],[51.46318,35.65975],[51.46242,35.65934],[51.46206,35.65913],[51.46163,35.65886],[51.46151,35.65889],[51.46149,35.65886],[51.46167,35.65841],[51.46194,35.65809],[51.46183,35.65766],[51.46168,35.65722],[51.46148,35.65671],[51.46134,35.65635],[51.46115,35.65584],[51.46092,35.65525],[51.46071,35.65469],[51.46056,35.65432],[51.46044,35.65393],[51.46029,35.65347],[51.4601,35.65305],[51.45994,35.65251],[51.45974,35.65205],[51.45958,35.65169],[51.45943,35.65128],[51.4593,35.65091],[51.45919,35.65051],[51.45908,35.65003],[51.4589,35.64947],[51.45875,35.64905],[51.4586,35.64865],[51.45839,35.64825],[51.45817,35.6477],[51.45796,35.64717],[51.45772,35.64663],[51.45749,35.64607],[51.45728,35.64552],[51.45701,35.64521],[51.45649,35.64528],[51.45561,35.64542],[51.4551,35.64548],[51.45457,35.64556],[51.45402,35.6456],[51.45345,35.64563],[51.45285,35.64565],[51.45226,35.64567],[51.45164,35.64567],[51.45102,35.64568],[51.4504,35.64566],[51.4498,35.64563],[51.44919,35.64558],[51.44859,35.64553],[51.44797,35.64546],[51.44738,35.64539],[51.44678,35.64533],[51.44614,35.64525],[51.44547,35.64519],[51.44478,35.64514],[51.4441,35.64511],[51.44347,35.64508],[51.44287,35.64507],[51.44228,35.64505],[51.44171,35.64503],[51.44109,35.64503],[51.44047,35.64505],[51.43984,35.64507],[51.43923,35.6451],[51.43863,35.64515],[51.43803,35.6452],[51.43743,35.64526],[51.43681,35.64532],[51.43617,35.64539],[51.43553,35.64546],[51.4349,35.64553],[51.43428,35.6456],[51.43368,35.64567],[51.43308,35.64575],[51.43252,35.64582],[51.43201,35.64588],[51.43149,35.64594],[51.43097,35.646],[51.43053,35.64605],[51.42975,35.64613],[51.42929,35.64619],[51.42877,35.64624],[51.42819,35.64631],[51.42757,35.64638],[51.42692,35.64645],[51.42624,35.64653],[51.42554,35.6466],[51.42486,35.64667],[51.42418,35.64674],[51.42352,35.64682],[51.42292,35.64689],[51.42245,35.64696],[51.4219,35.64705],[51.42177,35.64713],[51.42115,35.64698],[51.42057,35.64698],[51.41981,35.64708],[51.41908,35.64718],[51.41835,35.64733],[51.41769,35.64741],[51.41708,35.64747],[51.41638,35.64758],[51.41564,35.64761],[51.41477,35.64767],[51.41432,35.64765],[51.41379,35.64767],[51.41328,35.64771],[51.41275,35.64777],[51.41223,35.64785],[51.41168,35.64794],[51.41114,35.64805],[51.41061,35.64812],[51.41009,35.64817],[51.40954,35.64825],[51.40901,35.64833],[51.40853,35.64843],[51.4081,35.64851],[51.40762,35.64863],[51.40707,35.64871],[51.4065,35.64879],[51.40595,35.64885],[51.40541,35.64889],[51.40486,35.64894],[51.40434,35.64898],[51.40384,35.649],[51.40335,35.64904],[51.40285,35.64907],[51.40234,35.6491],[51.40183,35.64915],[51.40132,35.6492],[51.40081,35.64926],[51.40034,35.64931],[51.39985,35.64939],[51.39938,35.64944],[51.39894,35.64948],[51.39818,35.64963],[51.39757,35.6497],[51.39706,35.64953],[51.39664,35.6492],[51.39645,35.64887],[51.39605,35.64831],[51.39541,35.64783],[51.3949,35.64732],[51.39443,35.64676],[51.39417,35.6463],[51.39369,35.64592],[51.39293,35.64599],[51.39234,35.64644],[51.39205,35.64673],[51.39178,35.64703],[51.39149,35.64737],[51.39117,35.64771],[51.3909,35.64808],[51.39058,35.64846],[51.39024,35.64879],[51.38992,35.64908],[51.38956,35.6494],[51.38915,35.64975],[51.38871,35.65016],[51.38826,35.65054],[51.3878,35.65088],[51.38733,35.6512],[51.38688,35.65144],[51.38643,35.65168],[51.38599,35.65189],[51.38555,35.65211],[51.3851,35.65233],[51.38468,35.65251],[51.38426,35.65273],[51.38387,35.65293],[51.38354,35.65317],[51.38305,35.65369],[51.38272,35.65413],[51.38254,35.65467],[51.3824,35.65508],[51.38236,35.6556],[51.3824,35.65601],[51.38242,35.65641],[51.38245,35.6568],[51.38243,35.65716],[51.38238,35.65753],[51.38236,35.65795],[51.38237,35.65832],[51.38235,35.65879],[51.38236,35.65918],[51.38232,35.65955],[51.38232,35.65992],[51.38229,35.66033],[51.3823,35.66071],[51.38232,35.66112],[51.38229,35.6615],[51.38228,35.66199],[51.38226,35.6625],[51.38222,35.66304],[51.38219,35.66351],[51.3824,35.66399],[51.38254,35.66451],[51.38225,35.66486],[51.38172,35.66493],[51.3813,35.66466],[51.38073,35.66443],[51.38014,35.66479],[51.37957,35.66526],[51.37895,35.66561],[51.37832,35.66591],[51.37775,35.66622],[51.37741,35.66646],[51.37698,35.66693],[51.3766,35.66741],[51.37629,35.66782],[51.376,35.66816],[51.37563,35.66851],[51.37504,35.66849],[51.37462,35.66837],[51.37416,35.66825],[51.37364,35.66812],[51.37302,35.66794],[51.37244,35.66778],[51.37178,35.66761],[51.37103,35.66745],[51.37024,35.66732],[51.36946,35.66722],[51.36877,35.66718],[51.36815,35.66722],[51.3674,35.6673],[51.36668,35.6674],[51.36588,35.66748],[51.36514,35.66756],[51.36431,35.66767],[51.36354,35.66779],[51.36299,35.66795],[51.36239,35.66805],[51.36172,35.66821],[51.36105,35.66842],[51.36052,35.66857],[51.36008,35.66868],[51.35953,35.66872],[51.35897,35.66882],[51.35851,35.66891],[51.35807,35.66903],[51.35757,35.66923],[51.35713,35.66938],[51.35647,35.6696],[51.35579,35.66984],[51.35504,35.67006],[51.35445,35.67021],[51.35385,35.67039],[51.35333,35.67055],[51.35288,35.67076],[51.35232,35.67093],[51.35182,35.67105],[51.35163,35.67115],[51.35121,35.67131],[51.35076,35.6715],[51.35034,35.67163],[51.34992,35.67179]]]}},{"type":"Feature","properties":{"route":12,"color":"#059669","times":[[30543,30588,30648,30708,30768,30828,30888,30948,30981,30996,31008,31020,31026,31032,31038,31044,31050,31056,31062,31068,31074,31080,31086,31092,31131,31140,31146,31152,31158,31164,31170,31176,31197,31206,31236,31296,31356,31416,31455,31476,31482,31488,31506,31515,31521,31527,31533,31539,31545,31557,31569,31587,31593,31605,31614,31629,31689,31749,31809,31869,31970,32030,32090,32150,32210,32246,32270,32276,32282,32288,32297,32303,32309,32318,32324,32330,32336,32342,32348,32354,32360,32369,32429,32489,32549,32609,32669,32699,32720,32738,32798,32858,32918,32951,32969,33029,33047,33074,33107,33167,33242,33302,33362,33422,33482,33542,33572,33596,33626,33632,33638,33656,33665,33671,33677,33686,33692,33698,33701,33704,33707,33710,33713,33719,33725,33734,33788,33803,33818,33824,33830,33836,33842,33848,33854,33869,33881,33887,33902,33911,33920,33926,33974,34022,34082,34130,34190,34250,34310,34322,34328,34334,34343,34355,34364,34376,34385,34391,34403,34415,34475,34517,34577,34637,34697,34703,34709,34730,34736,34751,34757,34763,34769,34778,34784,34790,34796,34811,34871,34931,34991,35051,35111,35165,35174,35186,35192,35198,35204,35210,35216,35225,35237,35243,35249,35258,35267,35273,35279,35285,35297,35303,35309,35315,35321,35327,35333,35339,35345,35354,35414,35474,35534,35594,35654,35705,35714,35720,35726,35732,35738,35744,35750,35756,35762,35771,35780,35789,35795,35801,35807,35813,35825,35873,35903,35933,35993,36053,36101,36131,36191,36251,36311,36371,36431,36491,36527,36566,36599,36659,36719,36764,36770,36773,36776,36779,36785,36791,36797,36803,36809,36818,36830,36839,36845,36905,36965,37025,37073,37133,37193,37253,37277,37283,37289,37322,37328,37334,37340,37346,37352,37358,37364,37370,37382,37394,37406,37421,37433,37445,37451,37457,37463,37472,37481,37487,37493,37502,37508,37517,37526,37532,37538,37550,37556,37562,37568,37580,37595,37619,37628,37637,37646,37688,37748,37808,37865,37874,37883,37898,37910,37922,37937,37949,37958,37970,37979,38039,38051,38060,38120,38180,38240,38300,38360,38402,38423,38441,38468,38480,38495,38507,38519,38531,38543,38555,38615,38675,38736,38800,38860,38884,38917,38950,39010,39070,39130,39190,39220,39238,39247,39256,39265,39271,39280,39325,39385,39445,39505,39565,39625,39685,39745,39805,39865,39925,39955,40006,40012,40018,40027,40039,40051,40111,40126,40140,40146,40152,40164,40173,40182,40188,40203,40212,40272,40323,40347,40407,40443,40473,40533,40593,40623,40677,40737,40776,40782,40788,40797,40806,40812,40818,40827,40887,40947,40962,40974,40983,40992,40998,41007,41013,41019,41028,41037,41097,41157,41217,41277,41307,41322,41331,41349,41489,41537,41543,41549,41555,41564,41573,41585,41597,41606,41618,41636,41645,41657,41669,41675,41681,41687,41693,41699,41705,41711,41717,41723,41729,41735,41741,41747,41753,41762,41768,41774,41792,41804,41834,41843,41852,41861,41867,41873,41879,41888,41894,41903,41918,41930,41939,41948,41981,41996,42008,42020,42080,42140,42200,42260,42320,42371,42395,42422,42431,42452,42461,42467,42473,42479,42488,42500,42506,42515,42524,42530,42539,42554,42563,42572,42578,42584,42593,42602,42611,42623,42632,42641,42650,42659,42665,42671,42680,42686,42692,42698,42704,42713,42725,42731,42737,42743,42749,42755,42761,42773,42779,42785,42791,42797,42803,42809,42815,42821,42827,42833,42839,42845,42851,42857,42863,42869,42875,42881,42887,42893,42899,42905,42911,42917,42977,43037,43097,43151,43196,43256,43316,43376,43436,43496,43526,43586,43622,43631,43637,43643,43649,43655,43661,43667,43673,43682,43688,43694,43700,43706,43712,43718,43727,43739,43745,43751,43757,43763,43769,43775,43778,43781,43784,43787,43793,43799,43805,43811,43826,43832,43835,43838,43841,43847,43853,43859,43865,43871,43880,43922,43931,43940,43958,43973,43979,43985,43991,44003,44015,44024,44033,44042,44063,44075,44090,44105,44123,44135,44189,44198,44207,44222,44234,44255,44267,44276,44282,44294,44309,44327,44387,44447,44507,44567,44627,44666,44675,44687,44699,44708,44717,44729,44738,44747,44756,44765,44774,44786,44798,44807,44813,44819,44825,44831,44837,44846,44855,44861,44867,44873,44879,44885,44891,44897,44903,44909,44918,44924,44930,44936,44939,44942,44945,44948,44954,44960,44963,44969,44975,44981,44987,44993,45002,45011,45017,45032,45041,45047,45056,45062,45071,45083,45143,45203,45263,45299,45329,45389,45449,45509,45569,45629,45671,45683,45689,45695,45701,45707,45713,45719,45779,45830,45836,45842,45857,45863,45869,45884,45893,45899,45908,45917,45926,45935,45941,45953,45965,45980,45989,45998,46007,46013,46019,46025,46031,46037,46040,46046,46049,46052,46055,46058,46061,46064,46067,46070,46073,46076,46079,46082,46085,46088,46091,46094,46097,46100,46103,46106,46109,46112,46115,46118,46121,46124,46127,46130,46133,46136,46139,46142,46145,46148,46151,46154,46157,46160,46163,46166,46169,46172,46175,46178,46181,46184,46187,46193,46205,46214,46220,46226,46232,46238,46241,46244,46247,46250,46256,46262,46265,46271,46277,46283,46289,46295,46301,46307,46313,46319,46343,46349,46352,46355,46358,46364,46370,46376,46382,46388,46394,46403,46412,46421,46430,46436,46442,46448,46454,46460,46466,46472,46478,46484,46490,46496,46502,46508,46514,46520,46526,46532,46547,46556,46562,46571,46577,46583,46589,46595,46601,46607,46613,46637,46643,46649,46655,46661,46664,46667,46673,46679,46685,46691,46751,46811,46871,46931,46991,47051,47111,47171,47231,47291,47351,47411,47471,47531,47591,47651,47678,47739,47793,47799,47805,47811,47817,47823,47832,47841,47850,47859,47868,47874,47880,47889,47898,47904,47916,47976,48000,48006,48012,48018,48024,48030,48033,48036,48042,48048,48051,48057,48063,48078,48084,48090,48096,48102,48108,48114,48120,48126,48132,48135,48138,48144,48153,48159,48162,48165,48168,48171,48177,48186,48192,48198,48204,48210,48216,48222,48226,48232,48244,48250,48262,48268,48274,48283,48289,48295,48307,48313,48319,48325,48331,48337,48343,48349,48355,48361,48367,48370,48376,48382,48388,48394,48406,48415,48430,48439,48448,48469,48478,48484,48544,48604,48631,48640,48646,48664,48670,48679,48688,48700,48712,48718,48733,48793,48853,48913,48949,49009,49045,49105,49165,49198,49225,49234,49240,49249,49258,49264,49273,49282,49342,49402,49462,49471,49480,49489,49501,49507,49513,49519,49525,49531,49537,49543,49549,49555,49558,49561,49567,49618,49633,49639,49645,49651,49657,49663,49669,49675,49681,49690,49750,49759,49765,49768,49771,49777,49780,49783,49789,49795,49801,49807,49813,49822,49882,49891,49900,49909,49918,49924,49930,49936,49942,49948,49954,49960,49963,49966,49969,49972,49975,49978,49981,49984,49987,49990,49993,49996,49999,50002,50005,50008,50011,50014,50017,50020,50023,50026,50029,50035,50041,50047,50053,50059,50071,50083,50089,50095,50101,50107,50113,50119,50143,50203,50209,50215,50221,50227,50233,50236,50239,50242,50245,50248,50251,50254,50257,50260,50263,50266,50269,50272,50275,50278,50281,50284,50287,50290,50293,50296,50299,50302,50305,50308,50311,50314,50317,50320,50323,50326,50329,50332,50335,50338,50341,50344,50347,50350,50353,50356,50359,50365,50380,50386,50392,50398,50407,50413,50419,50425,50431,50437,50443,50452,50458,50470,50479,50485,50545,50605,50665,50725,50785,50845,50905,50965]],"type":"operational_gps","source":"recorded_gps"},"geometry":{"type":"MultiLineString","coordinates":[[[51.42699,35.69962],[51.42744,35.69962],[51.42761,35.69964],[51.4276,35.69966],[51.42764,35.69981],[51.42769,35.69965],[51.42775,35.69966],[51.42768,35.6997],[51.42724,35.69993],[51.42668,35.70002],[51.42623,35.69994],[51.42602,35.69953],[51.42586,35.69918],[51.42568,35.69864],[51.42553,35.69812],[51.42545,35.69765],[51.42535,35.69713],[51.42524,35.69671],[51.42509,35.69624],[51.425,35.69564],[51.42487,35.69505],[51.42474,35.69452],[51.42465,35.69399],[51.42459,35.6936],[51.42452,35.6932],[51.42446,35.6926],[51.42438,35.69192],[51.42429,35.69129],[51.42426,35.69065],[51.42419,35.69004],[51.4241,35.68953],[51.42394,35.68905],[51.42347,35.68909],[51.42296,35.68914],[51.42275,35.6895],[51.42271,35.68959],[51.42265,35.68968],[51.42258,35.68959],[51.42281,35.68991],[51.42328,35.68996],[51.42337,35.69031],[51.42339,35.69071],[51.4237,35.69103],[51.42359,35.69141],[51.42305,35.69299],[51.42306,35.69338],[51.42324,35.69373],[51.42333,35.69411],[51.42333,35.69451],[51.42337,35.69497],[51.42357,35.69531],[51.42376,35.69567],[51.42362,35.69619],[51.42352,35.6967],[51.42293,35.69685],[51.42256,35.69711],[51.42266,35.69714],[51.4227,35.69702],[51.42251,35.6973],[51.42216,35.69738],[51.42232,35.69762],[51.4225,35.69736],[51.42247,35.69723],[51.42255,35.69712],[51.42251,35.6973],[51.42229,35.69698],[51.42167,35.69694],[51.42123,35.69685],[51.42071,35.69672],[51.42027,35.69653],[51.41978,35.69664],[51.4196,35.69708],[51.41948,35.69759],[51.41902,35.69767],[51.41844,35.69764],[51.41769,35.6976],[51.41693,35.69754],[51.41622,35.69751],[51.41545,35.69746],[51.4149,35.69741],[51.41429,35.69734],[51.4137,35.69738],[51.41403,35.69743],[51.41407,35.69757],[51.41407,35.69761],[51.41407,35.69761],[51.41433,35.69749],[51.41425,35.69706],[51.41425,35.69669],[51.41442,35.69635],[51.41443,35.6963],[51.41456,35.69641],[51.41444,35.69675],[51.41453,35.69712],[51.41424,35.69739],[51.41428,35.69751],[51.41438,35.69712],[51.41449,35.69674],[51.4145,35.69635],[51.41439,35.69633],[51.41432,35.69623],[51.41445,35.6963],[51.41448,35.69622],[51.41457,35.69631],[51.41446,35.69626],[51.41445,35.69658],[51.41447,35.69695],[51.41434,35.6973],[51.41394,35.69748],[51.41342,35.6975],[51.4128,35.69749],[51.41231,35.69758],[51.41226,35.69804],[51.41245,35.69865],[51.41264,35.69927],[51.41304,35.69957],[51.41372,35.69951],[51.41456,35.69945],[51.415,35.69939],[51.41546,35.69933],[51.41593,35.69929],[51.41641,35.69925],[51.41687,35.69923],[51.41767,35.69919],[51.41813,35.69925],[51.41858,35.69944],[51.41903,35.69964],[51.41949,35.69957],[51.41997,35.6996],[51.42054,35.69957],[51.42116,35.69939],[51.4217,35.69934],[51.42227,35.69929],[51.42289,35.69931],[51.42335,35.69937],[51.42376,35.69971],[51.42407,35.70019],[51.42425,35.70059],[51.42477,35.70076],[51.42537,35.70081],[51.42597,35.70089],[51.42648,35.701],[51.42683,35.70123],[51.42695,35.70189],[51.42689,35.70157],[51.42683,35.70193],[51.42695,35.70202],[51.42676,35.70182],[51.42706,35.70163],[51.42773,35.70165],[51.42833,35.7017],[51.4289,35.70174],[51.42947,35.7017],[51.42991,35.70162],[51.43059,35.70152],[51.43108,35.70166],[51.4316,35.70174],[51.43206,35.70176],[51.43229,35.70132],[51.43244,35.70088],[51.43275,35.70088],[51.43315,35.70072],[51.43326,35.70074],[51.43323,35.70077],[51.4332,35.70049],[51.43306,35.70009],[51.43292,35.69967],[51.43337,35.69938],[51.43396,35.69932],[51.4341,35.69888],[51.43395,35.69852],[51.43378,35.69801],[51.43362,35.69763],[51.43348,35.69729],[51.43339,35.69689],[51.4332,35.69635],[51.43301,35.69586],[51.4329,35.69549],[51.43298,35.6955],[51.43295,35.69557],[51.43274,35.69533],[51.4327,35.69531],[51.43292,35.6954],[51.43247,35.69545],[51.43189,35.69554],[51.43179,35.696],[51.4319,35.69645],[51.43201,35.69691],[51.43218,35.69745],[51.43234,35.69796],[51.43248,35.69836],[51.43255,35.69877],[51.43271,35.69912],[51.43319,35.69917],[51.43374,35.6992],[51.43424,35.6992],[51.43481,35.69918],[51.43535,35.69899],[51.43579,35.69863],[51.43625,35.69839],[51.43649,35.69805],[51.43625,35.6976],[51.43586,35.697],[51.4355,35.69639],[51.43527,35.69593],[51.43507,35.69557],[51.43481,35.69515],[51.43454,35.69469],[51.43431,35.69427],[51.43409,35.6939],[51.4339,35.69364],[51.43393,35.69345],[51.434,35.69354],[51.43398,35.69351],[51.43373,35.69355],[51.43359,35.6932],[51.43343,35.69286],[51.4333,35.69249],[51.43318,35.69209],[51.43308,35.69164],[51.43295,35.69116],[51.43283,35.69054],[51.43273,35.6901],[51.43266,35.68969],[51.43263,35.68926],[51.43256,35.68882],[51.43249,35.68839],[51.43289,35.68818],[51.43348,35.68818],[51.43408,35.68816],[51.43473,35.68815],[51.43532,35.68814],[51.4358,35.68815],[51.43581,35.68772],[51.43586,35.68736],[51.4358,35.68694],[51.43571,35.68706],[51.4355,35.68695],[51.43573,35.68663],[51.43578,35.68624],[51.43572,35.68597],[51.43584,35.68581],[51.43591,35.68583],[51.43587,35.68601],[51.43569,35.6858],[51.43581,35.68566],[51.43587,35.68603],[51.43579,35.68639],[51.43596,35.68675],[51.43578,35.6869],[51.43579,35.68695],[51.43569,35.68732],[51.43576,35.68782],[51.43579,35.68819],[51.4358,35.68861],[51.43589,35.68911],[51.43604,35.68966],[51.43628,35.69021],[51.43655,35.69083],[51.43681,35.69133],[51.43702,35.69175],[51.43721,35.69213],[51.43761,35.69236],[51.43823,35.69228],[51.4388,35.69219],[51.43914,35.69228],[51.43895,35.69241],[51.43903,35.69246],[51.43932,35.69274],[51.43918,35.69249],[51.43922,35.69249],[51.43919,35.69236],[51.43958,35.69204],[51.44028,35.6919],[51.44085,35.69188],[51.44147,35.69192],[51.44219,35.69176],[51.44287,35.69156],[51.44346,35.69129],[51.44393,35.69094],[51.44433,35.69062],[51.44471,35.69037],[51.4451,35.6901],[51.44554,35.68982],[51.44615,35.68964],[51.44671,35.68962],[51.44716,35.68937],[51.4472,35.68901],[51.44719,35.6884],[51.44716,35.68802],[51.44718,35.68755],[51.44713,35.68709],[51.44711,35.68661],[51.44709,35.68621],[51.44706,35.68578],[51.447,35.68525],[51.44698,35.68486],[51.44696,35.68429],[51.44692,35.68382],[51.44689,35.68339],[51.44688,35.68294],[51.44685,35.68242],[51.4468,35.68201],[51.44677,35.68151],[51.4467,35.68095],[51.44667,35.68047],[51.44664,35.6801],[51.44658,35.6797],[51.44654,35.67933],[51.44633,35.679],[51.44586,35.67895],[51.44537,35.67907],[51.44495,35.67926],[51.44458,35.67947],[51.44438,35.67965],[51.44448,35.67957],[51.44395,35.67983],[51.44337,35.68008],[51.44294,35.68031],[51.44241,35.68052],[51.44192,35.68072],[51.44135,35.68079],[51.44089,35.68078],[51.44035,35.68081],[51.43989,35.68089],[51.43942,35.68096],[51.43894,35.68102],[51.43874,35.68128],[51.43885,35.68172],[51.43894,35.68211],[51.43895,35.68218],[51.43885,35.68228],[51.43899,35.68227],[51.43907,35.68231],[51.43898,35.68225],[51.43844,35.68221],[51.43825,35.68257],[51.43826,35.68295],[51.43824,35.68337],[51.43829,35.68378],[51.43851,35.6842],[51.43866,35.68465],[51.43873,35.68503],[51.43876,35.6854],[51.43878,35.68576],[51.43885,35.68619],[51.43893,35.6863],[51.43891,35.68626],[51.43879,35.68611],[51.43892,35.68653],[51.43897,35.6865],[51.43899,35.68689],[51.4391,35.68726],[51.43923,35.68761],[51.43932,35.68786],[51.43915,35.68761],[51.43936,35.68788],[51.4393,35.68796],[51.43952,35.68832],[51.43974,35.68867],[51.43984,35.68903],[51.43998,35.68939],[51.44014,35.68978],[51.44034,35.69014],[51.44057,35.69062],[51.44075,35.69098],[51.44087,35.69125],[51.44106,35.69105],[51.44099,35.6912],[51.44092,35.69118],[51.44103,35.69106],[51.44096,35.69117],[51.44095,35.69128],[51.44096,35.69111],[51.44106,35.69115],[51.4409,35.69128],[51.44104,35.69169],[51.44135,35.69213],[51.44156,35.69251],[51.44173,35.69287],[51.44189,35.69326],[51.44217,35.69374],[51.44241,35.69415],[51.44255,35.69435],[51.44267,35.69473],[51.4432,35.69443],[51.44345,35.69385],[51.44377,35.69339],[51.44413,35.6931],[51.44444,35.69272],[51.44468,35.69226],[51.44474,35.69174],[51.44531,35.6924],[51.44556,35.69282],[51.44577,35.69285],[51.44607,35.69314],[51.44603,35.69351],[51.44616,35.69329],[51.44626,35.6929],[51.44614,35.69327],[51.44632,35.69298],[51.44634,35.69289],[51.44621,35.6933],[51.446,35.69378],[51.44594,35.69373],[51.44564,35.69419],[51.44548,35.69455],[51.44537,35.69495],[51.44507,35.69522],[51.44458,35.69552],[51.44406,35.69555],[51.44362,35.69566],[51.44316,35.69566],[51.44298,35.69599],[51.44296,35.69588],[51.4425,35.69584],[51.44192,35.69607],[51.44138,35.69625],[51.44087,35.69642],[51.44038,35.69654],[51.43993,35.69672],[51.43959,35.69704],[51.43921,35.69737],[51.43883,35.6978],[51.43856,35.6981],[51.43847,35.69811],[51.43846,35.69815],[51.43853,35.69805],[51.43869,35.6978],[51.43848,35.69813],[51.438,35.69831],[51.43759,35.69809],[51.43718,35.69784],[51.43715,35.69782],[51.43743,35.69746],[51.43787,35.69711],[51.43845,35.69669],[51.43894,35.69629],[51.43908,35.69592],[51.43894,35.69548],[51.43875,35.69507],[51.43858,35.69473],[51.43842,35.69436],[51.43809,35.69408],[51.43782,35.69368],[51.43766,35.69323],[51.43751,35.69281],[51.43715,35.69252],[51.43652,35.69254],[51.43569,35.69261],[51.43495,35.6927],[51.43439,35.69276],[51.43382,35.69283],[51.4334,35.69264],[51.43317,35.69213],[51.43299,35.69155],[51.43291,35.691],[51.43279,35.69035],[51.43268,35.6898],[51.4325,35.68928],[51.43238,35.68872],[51.43228,35.68837],[51.43218,35.68776],[51.4321,35.68731],[51.43204,35.68689],[51.43178,35.68657],[51.43155,35.68619],[51.43124,35.68589],[51.4307,35.68598],[51.4301,35.68614],[51.42962,35.68627],[51.42918,35.68636],[51.42873,35.68639],[51.42827,35.68633],[51.42769,35.68628],[51.42719,35.68621],[51.42673,35.68611],[51.42625,35.68601],[51.4257,35.68593],[51.42515,35.68588],[51.42454,35.68579],[51.42425,35.6855],[51.42432,35.68509],[51.42432,35.68458],[51.42429,35.68413],[51.42427,35.68413],[51.42437,35.68423],[51.42441,35.68425],[51.42443,35.68431],[51.42446,35.68425],[51.42431,35.6839],[51.42408,35.68358],[51.42396,35.68317],[51.42362,35.68289],[51.42332,35.68324],[51.42365,35.68371],[51.42381,35.68413],[51.42384,35.68467],[51.42383,35.68514],[51.42384,35.68563],[51.42325,35.68561],[51.4227,35.68562],[51.42232,35.6859],[51.42187,35.68603],[51.42138,35.68601],[51.42086,35.68597],[51.42038,35.68592],[51.41993,35.68585],[51.41938,35.68586],[51.41893,35.68585],[51.41843,35.68589],[51.41774,35.68587],[51.41717,35.68584],[51.41664,35.68579],[51.41648,35.68537],[51.41653,35.68495],[51.41635,35.68452],[51.41571,35.68454],[51.41501,35.6846],[51.41445,35.68464],[51.41392,35.68469],[51.41346,35.68471],[51.4128,35.68467],[51.41208,35.68481],[51.4113,35.68494],[51.41062,35.68502],[51.41012,35.68507],[51.40988,35.68453],[51.40973,35.6839],[51.40957,35.68323],[51.40942,35.68255],[51.40928,35.682],[51.40919,35.68144],[51.40905,35.68089],[51.40895,35.68044],[51.40887,35.68007],[51.40881,35.67965],[51.40872,35.67919],[51.40861,35.6786],[51.40852,35.67798],[51.40843,35.67731],[51.40834,35.67665],[51.40818,35.67596],[51.40798,35.67528],[51.40783,35.67466],[51.40772,35.67413],[51.40762,35.67367],[51.40752,35.67325],[51.40747,35.67286],[51.40739,35.67239],[51.40732,35.67192],[51.40721,35.67133],[51.40711,35.67071],[51.40699,35.67015],[51.40688,35.66959],[51.40678,35.66917],[51.4067,35.66881],[51.40662,35.66836],[51.40653,35.66796],[51.4065,35.6679],[51.4065,35.6679],[51.40646,35.6679],[51.40673,35.66761],[51.40719,35.66754],[51.40734,35.66756],[51.40716,35.66759],[51.40716,35.6676],[51.40712,35.66763],[51.40682,35.66741],[51.40662,35.66774],[51.40647,35.66777],[51.4064,35.66741],[51.40628,35.66686],[51.40619,35.66631],[51.40607,35.6657],[51.40599,35.6651],[51.40593,35.6645],[51.40582,35.66386],[51.40567,35.66318],[51.40557,35.66259],[51.40545,35.66208],[51.40537,35.66167],[51.4052,35.66117],[51.40511,35.6605],[51.40506,35.65991],[51.40499,35.65952],[51.4049,35.65902],[51.40484,35.65865],[51.40554,35.6585],[51.40627,35.65842],[51.40682,35.65839],[51.40753,35.65839],[51.40817,35.65831],[51.40878,35.65828],[51.40961,35.65826],[51.41007,35.65829],[51.41054,35.65834],[51.41099,35.65842],[51.41144,35.65852],[51.41211,35.65865],[51.41274,35.65873],[51.4134,35.65877],[51.41386,35.65875],[51.41446,35.65886],[51.41521,35.65891],[51.41568,35.65893],[51.41615,35.65895],[51.41661,35.65896],[51.41738,35.65897],[51.41823,35.65903],[51.41897,35.65909],[51.41968,35.65912],[51.42025,35.65912],[51.4208,35.65919],[51.42127,35.65935],[51.42132,35.65974],[51.42127,35.66013],[51.42133,35.66055],[51.4216,35.66099],[51.42194,35.66143],[51.42232,35.66184],[51.42258,35.66217],[51.42285,35.66256],[51.42253,35.66291],[51.42203,35.66304],[51.4216,35.66322],[51.42113,35.66334],[51.42083,35.66361],[51.4211,35.66396],[51.42148,35.6642],[51.42185,35.66456],[51.42208,35.6649],[51.42246,35.66518],[51.42286,35.66494],[51.42318,35.66462],[51.42349,35.66435],[51.4239,35.66408],[51.42428,35.66378],[51.42475,35.66386],[51.42513,35.66409],[51.42545,35.66441],[51.42567,35.66479],[51.42598,35.66506],[51.42634,35.66532],[51.4264,35.66569],[51.42634,35.66586],[51.4264,35.66597],[51.42647,35.66604],[51.42648,35.6658],[51.42651,35.66581],[51.42643,35.66618],[51.42631,35.66667],[51.42648,35.66704],[51.42693,35.66719],[51.42753,35.66731],[51.42814,35.66739],[51.42859,35.66729],[51.42861,35.66678],[51.42867,35.66632],[51.42876,35.66597],[51.42906,35.66562],[51.42932,35.66528],[51.42943,35.6649],[51.42979,35.66464],[51.43042,35.66462],[51.43092,35.66463],[51.43138,35.66462],[51.43189,35.66463],[51.43244,35.66462],[51.43292,35.66461],[51.43338,35.66464],[51.43371,35.665],[51.43402,35.66549],[51.43427,35.666],[51.43456,35.66658],[51.43485,35.66705],[51.43504,35.66741],[51.43533,35.66792],[51.43558,35.66845],[51.43589,35.66892],[51.43608,35.66929],[51.43649,35.66965],[51.4369,35.66981],[51.43741,35.66985],[51.43816,35.66974],[51.43868,35.66964],[51.43923,35.66954],[51.43969,35.66946],[51.44015,35.66937],[51.44095,35.6692],[51.44173,35.66902],[51.44218,35.66893],[51.44296,35.66876],[51.44372,35.66864],[51.44454,35.66857],[51.44524,35.66852],[51.44568,35.66832],[51.4458,35.66781],[51.44577,35.66732],[51.4457,35.66692],[51.44572,35.66643],[51.44554,35.6659],[51.44527,35.66556],[51.44473,35.6656],[51.4443,35.66576],[51.44379,35.66593],[51.44337,35.66604],[51.44312,35.66615],[51.44306,35.6661],[51.44306,35.66604],[51.44272,35.66629],[51.44229,35.66648],[51.44188,35.66654],[51.44199,35.66655],[51.44204,35.66651],[51.44203,35.66655],[51.4417,35.66644],[51.44125,35.66653],[51.44058,35.66669],[51.43997,35.66678],[51.43934,35.66692],[51.43879,35.66706],[51.43834,35.66714],[51.43793,35.6673],[51.43753,35.66748],[51.43721,35.66754],[51.43667,35.66775],[51.43608,35.66794],[51.43565,35.66812],[51.43579,35.66868],[51.436,35.66909],[51.43618,35.66943],[51.43651,35.66981],[51.4367,35.67032],[51.43692,35.67078],[51.4371,35.67116],[51.43723,35.67161],[51.4375,35.672],[51.4377,35.67243],[51.43785,35.67285],[51.43807,35.67319],[51.43856,35.67332],[51.43906,35.67329],[51.43962,35.67337],[51.44019,35.67364],[51.44069,35.67383],[51.44111,35.67392],[51.44163,35.67401],[51.44224,35.67405],[51.443,35.67398],[51.44384,35.67388],[51.44429,35.67382],[51.44519,35.67365],[51.44564,35.67357],[51.44608,35.67347],[51.44658,35.67337],[51.44711,35.67329],[51.44766,35.67321],[51.4482,35.67312],[51.44874,35.67303],[51.44926,35.67294],[51.44977,35.67284],[51.45032,35.67274],[51.4509,35.67265],[51.45145,35.67255],[51.45198,35.67242],[51.4525,35.67236],[51.453,35.67223],[51.45349,35.67209],[51.45396,35.672],[51.45446,35.67193],[51.455,35.67187],[51.45557,35.67184],[51.45616,35.6718],[51.45674,35.67175],[51.45731,35.67168],[51.45793,35.67162],[51.45858,35.67153],[51.45922,35.67141],[51.45988,35.67131],[51.46054,35.6712],[51.46119,35.67113],[51.46182,35.67105],[51.46245,35.67095],[51.46299,35.67083],[51.46348,35.67061],[51.46395,35.67033],[51.4644,35.6701],[51.46487,35.66996],[51.46533,35.66993],[51.46581,35.66998],[51.46625,35.67005],[51.4667,35.67005],[51.46722,35.66998],[51.46779,35.66987],[51.46834,35.66979],[51.46892,35.66969],[51.46947,35.66961],[51.47003,35.66952],[51.47054,35.66944],[51.47126,35.66933],[51.4717,35.66927],[51.47215,35.66933],[51.47241,35.66976],[51.4726,35.67043],[51.47275,35.67096],[51.47287,35.67156],[51.47298,35.67193],[51.47311,35.67234],[51.47324,35.67269],[51.47341,35.67302],[51.4739,35.67338],[51.47464,35.67317],[51.47511,35.67306],[51.47575,35.6729],[51.47625,35.67272],[51.47696,35.67251],[51.47748,35.67235],[51.47816,35.67227],[51.47857,35.67214],[51.47909,35.67208],[51.47988,35.67195],[51.48045,35.67187],[51.48094,35.67214],[51.48092,35.67268],[51.48087,35.67311],[51.48083,35.67354],[51.48076,35.6739],[51.48069,35.67459],[51.4806,35.67516],[51.48052,35.67571],[51.48038,35.67625],[51.48029,35.67678],[51.48027,35.6773],[51.48024,35.67776],[51.48018,35.67812],[51.4801,35.67849],[51.48002,35.67892],[51.47997,35.67933],[51.47991,35.67983],[51.47989,35.68032],[51.47987,35.68084],[51.47982,35.68132],[51.47975,35.68183],[51.47972,35.68243],[51.47967,35.68296],[51.47957,35.68337],[51.47954,35.68377],[51.4795,35.68422],[51.47944,35.68472],[51.47939,35.68511],[51.47934,35.68551],[51.47928,35.68589],[51.47923,35.68644],[51.47917,35.68701],[51.47959,35.68722],[51.48026,35.68716],[51.48071,35.68712],[51.48092,35.68755],[51.48079,35.68817],[51.48057,35.68887],[51.48021,35.68947],[51.4799,35.69007],[51.4797,35.69063],[51.47941,35.69107],[51.47919,35.69158],[51.47885,35.69188],[51.47868,35.69225],[51.47847,35.69286],[51.47825,35.69354],[51.478,35.69414],[51.47791,35.6945],[51.4778,35.69485],[51.47753,35.69546],[51.47729,35.69604],[51.47708,35.69651],[51.4769,35.69687],[51.47682,35.69698],[51.47682,35.69693],[51.47682,35.69692],[51.47681,35.69685],[51.47679,35.69685],[51.4768,35.69697],[51.47685,35.69697],[51.47675,35.69697],[51.47666,35.69696],[51.47682,35.69698],[51.47665,35.69692],[51.47677,35.69699],[51.47678,35.69689],[51.47675,35.69697],[51.47679,35.69701],[51.47684,35.69727],[51.47668,35.69694],[51.47676,35.69702],[51.47619,35.69702],[51.47574,35.69696],[51.47548,35.69665],[51.47542,35.69622],[51.47542,35.69579],[51.47539,35.69542],[51.4754,35.69487],[51.47546,35.6944],[51.4755,35.69385],[51.47553,35.69339],[51.47555,35.69288],[51.47559,35.6925],[51.47576,35.69211],[51.47568,35.69173],[51.47511,35.69172],[51.47449,35.69172],[51.47403,35.69174],[51.47368,35.69167],[51.47322,35.69173],[51.47277,35.69185],[51.47193,35.69182],[51.47118,35.6917],[51.47046,35.69151],[51.46964,35.69136],[51.46918,35.69129],[51.46872,35.69122],[51.46792,35.69112],[51.46715,35.69107],[51.46668,35.69103],[51.46589,35.69102],[51.46533,35.69102],[51.4649,35.69112],[51.46443,35.69114],[51.46375,35.69107],[51.46297,35.69097],[51.46226,35.69081],[51.4618,35.6908],[51.46114,35.69078],[51.46045,35.69073],[51.45971,35.69056],[51.45894,35.69046],[51.45845,35.69044],[51.45796,35.69042],[51.4573,35.69042],[51.45711,35.69096],[51.45707,35.69158],[51.45705,35.69196],[51.45701,35.69238],[51.45699,35.69281],[51.45696,35.6932],[51.45701,35.69369],[51.45692,35.69412],[51.45681,35.69473],[51.45677,35.69533],[51.45698,35.69598],[51.45713,35.69651],[51.45722,35.69696],[51.45716,35.69733],[51.45719,35.69778],[51.45728,35.6982],[51.45743,35.69876],[51.45743,35.69934],[51.45743,35.69982],[51.45745,35.70032],[51.4575,35.7007],[51.45753,35.70109],[51.45759,35.70158],[51.45768,35.702],[51.4577,35.70249],[51.45783,35.70308],[51.45792,35.70364],[51.45803,35.70418],[51.4582,35.70463],[51.45851,35.70493],[51.45909,35.7051],[51.45982,35.70529],[51.46058,35.70553],[51.46132,35.70574],[51.46212,35.70597],[51.46254,35.70611],[51.46334,35.70634],[51.46404,35.70652],[51.46463,35.70668],[51.4651,35.70682],[51.46544,35.70643],[51.46562,35.70596],[51.46606,35.70583],[51.46661,35.70608],[51.4672,35.70629],[51.46763,35.70617],[51.46787,35.70568],[51.46812,35.70528],[51.46814,35.70516],[51.4683,35.7053],[51.46883,35.70512],[51.46932,35.70504],[51.46985,35.70523],[51.47026,35.70552],[51.47077,35.70582],[51.47125,35.70599],[51.47165,35.70617],[51.47193,35.70651],[51.47237,35.70675],[51.47276,35.70694],[51.47301,35.70651],[51.47297,35.70662],[51.4729,35.70655],[51.47306,35.70672],[51.47288,35.70638],[51.47277,35.70611],[51.473,35.70643],[51.47314,35.70679],[51.47309,35.7068],[51.47329,35.70644],[51.47369,35.70625],[51.4742,35.70655],[51.47457,35.70682],[51.47486,35.70716],[51.47528,35.70735],[51.47574,35.70753],[51.47628,35.70771],[51.4765,35.70806],[51.47644,35.70827],[51.47649,35.70842],[51.4763,35.70853],[51.4761,35.70905],[51.47597,35.70944],[51.47578,35.70988],[51.47617,35.71018],[51.47681,35.71038],[51.47745,35.71058],[51.4781,35.7108],[51.47868,35.71097],[51.47913,35.71115],[51.47972,35.71134],[51.48046,35.71155],[51.48125,35.7118],[51.48203,35.71201],[51.48246,35.71214],[51.48287,35.71227],[51.48356,35.71243],[51.48404,35.71258],[51.48458,35.71276],[51.48505,35.71292],[51.48554,35.71309],[51.4862,35.7133],[51.48694,35.71352],[51.48753,35.71369],[51.48817,35.71388],[51.48893,35.71408],[51.48953,35.71425],[51.48994,35.71438],[51.49048,35.71457],[51.49095,35.71479],[51.49158,35.715],[51.492,35.71515],[51.49244,35.71528],[51.49319,35.71552],[51.49363,35.71564],[51.49408,35.71577],[51.4948,35.71595],[51.4954,35.71612],[51.49614,35.7164],[51.49669,35.71657],[51.4973,35.71674],[51.49779,35.7169],[51.49794,35.71692],[51.49841,35.71707],[51.49898,35.71726],[51.49948,35.71743],[51.50008,35.71758],[51.50076,35.71775],[51.50143,35.71796],[51.50193,35.71813],[51.50238,35.71834],[51.503,35.71851],[51.50358,35.71871],[51.50441,35.71891],[51.50485,35.71905],[51.50529,35.71919],[51.50576,35.71932],[51.50624,35.71947],[51.50675,35.71963],[51.50727,35.71979],[51.50781,35.71994],[51.50832,35.72008],[51.5088,35.72023],[51.50927,35.72037],[51.50971,35.72049],[51.51013,35.72064],[51.51058,35.72078],[51.51105,35.72092],[51.51154,35.72109],[51.51206,35.72126],[51.51259,35.72143],[51.51314,35.72161],[51.51371,35.72178],[51.51428,35.72196],[51.51483,35.72216],[51.51536,35.72232],[51.51584,35.72248],[51.51654,35.72273],[51.51707,35.72289],[51.51767,35.72304],[51.51825,35.72323],[51.51868,35.72335],[51.51913,35.72345],[51.51976,35.72352],[51.52023,35.72328],[51.52064,35.72285],[51.52128,35.72281],[51.52193,35.723],[51.52243,35.72352],[51.52287,35.7238],[51.52331,35.72384],[51.52372,35.72387],[51.52417,35.72394],[51.52483,35.72399],[51.52558,35.72403],[51.52645,35.72406],[51.52731,35.7241],[51.52777,35.72412],[51.52827,35.72415],[51.52876,35.72416],[51.52926,35.72418],[51.52979,35.72421],[51.53034,35.72424],[51.5309,35.72429],[51.53148,35.72432],[51.53209,35.72435],[51.53272,35.72438],[51.53332,35.7244],[51.53392,35.72444],[51.53449,35.72449],[51.53504,35.72452],[51.53553,35.72454],[51.53607,35.72458],[51.53663,35.72462],[51.5372,35.72467],[51.53781,35.72471],[51.53845,35.72476],[51.5391,35.72481],[51.53978,35.72485],[51.54047,35.72489],[51.54116,35.72492],[51.54183,35.72494],[51.54249,35.72498],[51.54315,35.72502],[51.54378,35.72507],[51.54444,35.72514],[51.5451,35.72521],[51.54576,35.72526],[51.54641,35.7253],[51.54704,35.72534],[51.5477,35.72541],[51.54837,35.72548],[51.54904,35.72552],[51.54971,35.72557],[51.5504,35.72561],[51.55109,35.72566],[51.55173,35.72569],[51.55226,35.72572],[51.55271,35.72575],[51.55329,35.72585],[51.55277,35.72596],[51.552,35.72592],[51.55125,35.72596],[51.55077,35.72612],[51.55069,35.7265],[51.55113,35.72675],[51.55179,35.72707],[51.5523,35.72737],[51.55276,35.72766],[51.5532,35.72796],[51.55372,35.72822],[51.55421,35.72849],[51.55456,35.72877],[51.55476,35.72911],[51.55442,35.72956],[51.5541,35.72985],[51.55415,35.72994],[51.55425,35.72991],[51.55409,35.72993],[51.55411,35.72993],[51.55405,35.72989],[51.55403,35.73],[51.55402,35.73001],[51.55406,35.73002]]]}},{"type":"Feature","properties":{"route":12,"color":"#059669","times":[[23827,23831,23840,23852,23912,23972,23996,24056,24086,24092,24098,24104,24110,24121,24127,24142,24186,24225,24285,24336,24396,24456,24516,24576,24636,24696,24756,24816,24917,24978,25038,25098,25158,25218,25278,25338,25398,25458,25518,25578,25638,25698,25758,25818,25878,25938,25998,26058,26118,26178,26238,26298,26358,26418,26478,26538,26598,26658,26718,26778,26838,26898,26958,27018,27078,27138,27198,27258,27318,27378,27438,27498,27558,27618,27678,27738,27798,27858,27918,27978,28032,28092,28152,28212,28272,28332,28392,28452,28512,28572,28632,28692,28752,28812,28872,28932,28950,28956,28980,28986,28992,28995,29001,29007,29019,29022,29028,29034,29040,29046,29052,29058,29061,29064,29067,29070,29073,29076,29079,29082,29085,29088,29091,29094,29097,29100,29103,29106,29109,29112,29115,29118,29121,29124,29127,29130,29133,29136,29139,29142,29145,29148,29151,29154,29157,29160,29163,29166,29169,29172,29175,29178,29181,29184,29187,29193,29199,29208,29220,29226,29232,29238,29241,29244,29247,29250,29256,29262,29268,29271,29274,29277,29280,29283,29286,29289,29292,29295,29298,29301,29304,29307,29313,29316,29319,29322,29325,29328,29331,29334,29337,29340,29343,29346,29349,29352,29355,29361,29367,29373,29379,29385,29391,29418,29430,29445,29451,29454,29457,29460,29463,29466,29469,29472,29475,29478,29481,29484,29487,29493,29502,29511,29517,29523,29526,29532,29538,29544,29550,29610,29628,29643,29649,29655,29658,29661,29664,29667,29670,29676,29682,29694,29700,29706,29712,29715,29718,29721,29724,29727,29730,29733,29739,29745,29751,29760,29769,29775,29781,29787,29796,29802,29805,29808,29811,29817,29826,29832,29838,29844,29853,29859,29865,29874,29880,29886,29895,29904,29910,29916,29922,29928,29934,29940,29943,29949,29955,29964,29970,29976,29982,29988,29994,30000,30006,30012,30021,30069,30075,30081,30087,30096,30105,30114,30123,30129,30135,30162,30171,30180,30189,30195,30204,30222,30231,30237,30243,30249,30255,30261,30267,30273,30279,30285,30306,30318,30327,30333,30339,30351,30360,30369,30375,30381,30384,30432,30444,30450,30456,30462,30471,30480,30486,30492,30498,30501,30507,30513,30519,30537,30543]],"type":"access_route","source":"recorded_gps_prefix"},"geometry":{"type":"MultiLineString","coordinates":[[[51.55311,35.73181],[51.55396,35.73038],[51.55448,35.73019],[51.55493,35.73009],[51.55484,35.73012],[51.55476,35.73023],[51.55492,35.72987],[51.55454,35.72993],[51.55484,35.72961],[51.55542,35.7296],[51.55602,35.72961],[51.55653,35.72949],[51.55682,35.72917],[51.55658,35.72995],[51.55633,35.73033],[51.55585,35.7305],[51.55536,35.73022],[51.55492,35.7301],[51.55482,35.73005],[51.55436,35.73004],[51.55409,35.72994],[51.5541,35.72992],[51.55411,35.72993],[51.55411,35.72993],[51.55411,35.72993],[51.55412,35.72994],[51.55409,35.72982],[51.5541,35.72987],[51.55399,35.72983],[51.55398,35.72993],[51.55396,35.72992],[51.5539,35.73002],[51.55393,35.7302],[51.55401,35.73014],[51.554,35.73014],[51.55399,35.73008],[51.55406,35.72998],[51.55416,35.72997],[51.55414,35.73003],[51.55412,35.73004],[51.55407,35.72995],[51.55403,35.72991],[51.55407,35.72995],[51.55405,35.72993],[51.55405,35.72992],[51.55415,35.72995],[51.55415,35.72996],[51.55404,35.72996],[51.55401,35.72994],[51.55401,35.72993],[51.55393,35.7299],[51.55407,35.72985],[51.55406,35.72987],[51.55403,35.73005],[51.55408,35.73006],[51.55398,35.73006],[51.55401,35.73007],[51.554,35.73013],[51.55407,35.73016],[51.55419,35.73002],[51.55416,35.72991],[51.55415,35.72987],[51.55423,35.72998],[51.55418,35.73004],[51.55416,35.73001],[51.55401,35.72983],[51.55408,35.7301],[51.55403,35.72993],[51.55405,35.72978],[51.55397,35.72969],[51.55391,35.72981],[51.554,35.72991],[51.554,35.72988],[51.55404,35.72976],[51.5542,35.72954],[51.55422,35.72953],[51.55428,35.72949],[51.55408,35.72972],[51.55399,35.72989],[51.55387,35.73012],[51.55418,35.72985],[51.55422,35.72981],[51.55404,35.72984],[51.55402,35.72987],[51.55402,35.72989],[51.55407,35.72994],[51.55407,35.72994],[51.55399,35.72991],[51.55407,35.72976],[51.55402,35.72983],[51.55403,35.72977],[51.554,35.72983],[51.55396,35.72982],[51.55397,35.72985],[51.55405,35.72978],[51.55415,35.72975],[51.5544,35.72945],[51.55466,35.72916],[51.55493,35.72883],[51.55528,35.72845],[51.55578,35.72792],[51.55605,35.72762],[51.55655,35.72706],[51.55687,35.72669],[51.55621,35.7264],[51.55577,35.72637],[51.55493,35.72621],[51.55412,35.72615],[51.55351,35.72609],[51.55296,35.72601],[51.55219,35.72592],[51.55138,35.72585],[51.55094,35.72583],[51.55046,35.7258],[51.54994,35.72575],[51.5494,35.7257],[51.54884,35.72565],[51.54827,35.7256],[51.54765,35.72555],[51.54701,35.72554],[51.54635,35.7255],[51.54568,35.72547],[51.54503,35.72541],[51.54438,35.72538],[51.54376,35.72536],[51.54317,35.7253],[51.54258,35.7252],[51.542,35.72515],[51.54136,35.72511],[51.54072,35.72506],[51.54008,35.72502],[51.5395,35.72498],[51.53892,35.72495],[51.53832,35.72492],[51.53773,35.72489],[51.53715,35.72484],[51.53661,35.72483],[51.53611,35.72481],[51.53564,35.72476],[51.53511,35.72468],[51.53451,35.72463],[51.53392,35.72458],[51.53333,35.72456],[51.53274,35.72452],[51.53216,35.72448],[51.53155,35.72446],[51.53098,35.72442],[51.53042,35.72438],[51.5299,35.72435],[51.5294,35.72431],[51.52889,35.72427],[51.52838,35.72423],[51.52787,35.72421],[51.5274,35.72418],[51.52695,35.72414],[51.52613,35.72408],[51.52533,35.72402],[51.52485,35.72396],[51.52423,35.72402],[51.52371,35.72402],[51.52305,35.72391],[51.52224,35.72386],[51.52175,35.72382],[51.52124,35.72378],[51.5207,35.72374],[51.52021,35.72369],[51.51944,35.7236],[51.51891,35.72351],[51.51813,35.72335],[51.51765,35.72321],[51.51719,35.72307],[51.51671,35.72292],[51.51621,35.72276],[51.51569,35.72257],[51.51515,35.7224],[51.51459,35.72221],[51.51402,35.72203],[51.51344,35.72186],[51.51286,35.72166],[51.51227,35.72147],[51.51172,35.72129],[51.5113,35.72116],[51.51058,35.72092],[51.51016,35.72078],[51.50969,35.72065],[51.50924,35.72052],[51.50877,35.72038],[51.50826,35.72021],[51.50772,35.72004],[51.50714,35.71986],[51.50658,35.71967],[51.50605,35.71948],[51.50549,35.71933],[51.50493,35.71917],[51.50445,35.71904],[51.50399,35.7189],[51.50351,35.71877],[51.5029,35.71862],[51.50233,35.7185],[51.50173,35.71831],[51.50108,35.71803],[51.50034,35.71778],[51.49987,35.71764],[51.49946,35.71749],[51.49904,35.7173],[51.49846,35.71717],[51.49775,35.71698],[51.49728,35.71686],[51.4968,35.71672],[51.49629,35.71653],[51.49576,35.71637],[51.49524,35.71621],[51.49475,35.71604],[51.4942,35.71587],[51.49365,35.7157],[51.4931,35.71555],[51.4926,35.7154],[51.49209,35.71525],[51.49165,35.71511],[51.49103,35.71493],[51.49047,35.71472],[51.48984,35.71453],[51.48905,35.71428],[51.48825,35.71403],[51.48782,35.71391],[51.48727,35.71374],[51.48662,35.71351],[51.48584,35.71328],[51.48519,35.71309],[51.48494,35.71304],[51.4845,35.71286],[51.48395,35.71277],[51.48327,35.71256],[51.48244,35.71229],[51.48199,35.71216],[51.48155,35.71202],[51.48109,35.71187],[51.48062,35.71173],[51.48019,35.71158],[51.4795,35.71134],[51.47892,35.71118],[51.47847,35.71102],[51.47796,35.71091],[51.47722,35.71067],[51.47643,35.71041],[51.47601,35.71028],[51.47559,35.71016],[51.47514,35.71001],[51.47468,35.70986],[51.4742,35.70972],[51.47375,35.70955],[51.47331,35.70941],[51.47266,35.70923],[51.47225,35.70907],[51.47176,35.7089],[51.47127,35.70873],[51.47068,35.7086],[51.47017,35.70841],[51.46975,35.70827],[51.46929,35.70813],[51.46882,35.70796],[51.46819,35.70778],[51.46776,35.70766],[51.46733,35.70754],[51.46691,35.70743],[51.46627,35.70725],[51.46562,35.70708],[51.46506,35.70691],[51.46441,35.70671],[51.46387,35.70654],[51.46335,35.70639],[51.46284,35.70623],[51.46236,35.70607],[51.46187,35.70593],[51.4613,35.70578],[51.46071,35.70563],[51.46021,35.70552],[51.45979,35.70538],[51.45937,35.70526],[51.4586,35.70505],[51.45783,35.70481],[51.45703,35.70458],[51.45624,35.70437],[51.45541,35.70411],[51.45498,35.704],[51.45421,35.7038],[51.45363,35.70365],[51.45319,35.7035],[51.4527,35.70335],[51.45207,35.70319],[51.45134,35.70297],[51.45061,35.70276],[51.44987,35.70255],[51.44919,35.70237],[51.44867,35.70228],[51.44821,35.70245],[51.44766,35.70235],[51.44729,35.70213],[51.44684,35.7021],[51.44626,35.70208],[51.44565,35.70207],[51.44504,35.70202],[51.44449,35.70201],[51.44403,35.702],[51.44341,35.70202],[51.44271,35.70199],[51.44211,35.70197],[51.44157,35.70194],[51.44108,35.70192],[51.44057,35.70191],[51.43995,35.7019],[51.43946,35.70192],[51.43898,35.70193],[51.43849,35.70188],[51.438,35.70204],[51.43743,35.70215],[51.4367,35.7025],[51.43597,35.70282],[51.43538,35.70314],[51.4349,35.70338],[51.4343,35.7037],[51.43388,35.70389],[51.43335,35.7042],[51.4329,35.70445],[51.43254,35.70468],[51.43206,35.70482],[51.43133,35.7049],[51.43056,35.70506],[51.43001,35.70525],[51.42938,35.70531],[51.42885,35.70534],[51.42836,35.70519],[51.42765,35.70531],[51.42692,35.70561],[51.42648,35.70577],[51.42609,35.70595],[51.4259,35.70549],[51.42596,35.70502],[51.42599,35.70456],[51.42599,35.70415],[51.42599,35.70377],[51.426,35.70328],[51.42605,35.70268],[51.42609,35.70201],[51.42604,35.7015],[51.42603,35.70111],[51.426,35.70049],[51.42593,35.70005],[51.42585,35.69966],[51.4264,35.69967],[51.42699,35.69962]]]}},{"type":"Feature","properties":{"route":13,"color":"#db2777","times":[[24020,24080,24140,24200,24260,24320,24380,24440,24500,24560,24620,24680,24740,24794,24848,24854,24860,24866,24872,24878,24884,24890,24896,24902,24908,24914,24932,24953,24959,24968,24974,24980,24986,24995,25001,25007,25016,25022,25028,25034,25040,25046,25103,25112,25121,25136,25151,25157,25163,25169,25178,25184,25244,25304,25364,25391,25400,25406,25424,25430,25436,25442,25502,25529,25535,25541,25550,25559,25565,25571,25577,25586,25607,25616,25625,25640,25646,25652,25661,25721,25748,25760,25769,25775,25781,25787,25796,25805,25820,25838,25862,25880,25886,25892,25898,25904,25910,25916,25925,25931,25937,25943,25949,25955,25961,25967,25973,25979,25985,25991,25997,26003,26009,26015,26018,26021,26024,26027,26030,26033,26036,26039,26042,26045,26051,26063,26069,26075,26081,26087,26093,26099,26105,26111,26123,26183,26243,26303,26333,26351,26363,26375,26381,26387,26393,26402,26408,26420,26426,26438,26444,26450,26456,26462,26468,26477,26483,26489,26498,26507,26513,26519,26525,26531,26537,26543,26552,26558,26564,26570,26576,26582,26591,26597,26603,26609,26621,26627,26633,26639,26645,26651,26657,26663,26669,26675,26681,26687,26699,26708,26717,26777,26837,26897,26957,27017,27077,27137,27197,27257,27317,27377,27437,27497,27557,27617,27677,27737,27749,27758,27773,27779,27785,27797,27803,27809,27815,27827,27833,27845,27851,27863,27869,27881,27887,27893,27899,27911,27920,27929,27938,27998,28058,28118,28178,28238,28298,28358,28418,28478,28493,28502,28508,28514,28520,28526,28532,28538,28544,28550,28556,28562,28568,28574,28583,28589,28595,28601,28607,28616,28625,28631,28637,28646,28655,28661,28667,28673,28682,28694,28703,28709,28715,28721,28727,28730,28733,28736,28739,28745,28751,28760,28769,28784,28799,28814,28820,28826,28832,28838,28844,28850,28856,28862,28868,28874,28880,28886,28892,28898,28904,28910,28916,28922,28928,28937,28949,28955,28961,28967,28973,28982,28991,28994,28997,29000,29006,29012,29018,29024,29030,29039,29045,29051,29057,29117,29177,29237,29297,29357,29417,29477,29537,29597,29657,29717,29726,29741,29747,29753,29759,29765,29774,29783,29789,29849,29909,29969,30029,30089,30119,30125,30131,30140,30149,30155,30161,30167,30173,30182,30191,30200,30206,30212,30218,30224,30230,30242,30302,30362,30422,30482,30503,30509,30515,30521,30527,30539,30569,30581,30587,30593,30599,30605,30611,30617,30620,30623,30626,30629,30632,30635,30638,30641,30644,30647,30650,30653,30656,30659,30662,30665,30668,30671,30674,30677,30680,30683,30689,30710,30716,30722,30728,30734,30794,30854,30914,30974,31034,31094,31154,31214,31274,31334,31394,31454,31514,31574,31634,31694,31754,31814,31826,31832,31838,31844,31850,31868,31874,31877,31880,31883,31886,31889,31892,31895,31898,31901,31907,31913,31919,31925,31931,31937,31943,31949,31955,31961,31967,31973,31979,31985,31991,31997,32003,32018,32027,32033,32039,32045,32051,32060,32066,32072,32081,32087,32093,32099,32105,32111,32120,32129,32138,32156,32216,32276,32336,32396,32456,32516,32576,32621,32681,32741,32801,32861,32921,32981,33041,33050,33059,33068,33128,33188,33248,33308,33359,33368,33377,33386,33407,33416,33422,33431,33437,33443,33449,33455,33461,33467,33473,33482,33542,33602,33662,33722,33782,33842,33902,33920,33929,33941,33950,33956,33965,34019,34025,34034,34094,34154,34214,34274,34331,34340,34346,34370,34376,34388,34403,34412,34418,34430,34436,34442,34448,34454,34463,34469,34475,34481,34487,34493,34499,34505,34508,34511,34514,34517,34520,34523,34526,34532,34541,34547,34553,34556,34559,34565,34571,34577,34583,34589,34595,34601,34607,34616,34622,34628,34634,34640,34646,34652,34658,34664,34667,34673,34679,34685,34691,34703,34712,34721,34727,34733,34739,34745,34751,34757,34763,34772,34778,34784,34790,34799,34811,34820,34832,34838,34844,34850,34859,34865,34871,34877,34883,34889,34895,34901,34910,34916,34922,34928,34934,34940,34952,34961,34967,34970,34973,34976,34982,34991,34997,35003,35012,35018,35024,35030,35036,35042,35048,35057,35063,35069,35075,35081,35087,35093,35102,35108,35114,35120,35126,35132,35141,35150,35156,35162,35168,35174,35198,35258,35297,35306,35357,35417,35477,35516,35525,35534,35546,35561,35582,35591,35600,35606,35612,35618,35624,35630,35636,35645,35657,35690,35708,35720,35732,35741,35750,35762,35774,35783,35795,35804,35816,35861,35921,35981,36041,36071,36083,36092,36104,36116,36125,36137,36149,36167,36176,36185,36191,36197,36203,36212,36221,36233,36242,36254,36314,36374,36434,36494,36554,36614,36674,36734,36761,36773,36782,36791,36800,36809,36821,36833,36842,36851,36860,36869,36878,36887,36947,37007,37067,37127,37139,37148,37157,37166,37172,37181,37190,37196,37205,37265,37325,37385,37445,37505,37565,37625,37685,37712,37721,37730,37739,37748,37760,37766,37772,37778,37784,37793,37805,37811,37817,37823,37829,37835,37841,37850,37910,37970,38030,38090,38126,38132,38138,38144,38150,38156,38162,38168,38177,38186,38195,38204,38213,38222,38237,38243,38249,38255,38261,38270,38276,38282,38288,38294,38300,38318,38330,38339,38399,38459,38519,38579,38639,38699,38759,38798,38810,38822,38831,38840,38846,38855,38864,38882,38891,38897,38903,38909,38915,38921,38930,38936,38945,38960,38972,38981,38993,39005,39065,39125,39185,39245,39305,39365,39425,39473,39482,39500,39506,39512,39518,39524,39530,39539,39545,39551,39557,39563,39569,39575,39599,39611,39623,39638,39671,39686,39746,39806,39821,39881,39941,40001,40013,40025,40040,40046,40052,40058,40064,40070,40076,40082,40100,40112,40139,40154,40172,40199,40259,40319,40379,40400,40415,40430,40445,40469,40487,40505,40523,40574,40586,40589,40595,40604,40610,40613,40616,40622,40628,40634,40640,40646,40652,40658,40664,40670,40676,40682,40688,40694,40703,40712,40718,40724,40727,40730,40733,40736,40739,40745,40751,40760,40766,40772,40778,40781,40784,40787,40793,40799,40805,40811,40817,40829,40889,40949,41009,41021,41027,41033,41039,41045,41051,41057,41069,41075,41081,41087,41093,41096,41099,41102,41105,41108,41114,41120,41177,41183,41189,41195,41201,41207,41213,41219,41225,41231,41237,41243,41249,41255,41261,41267,41273,41279,41285,41291,41300,41309,41315,41321,41327,41333,41339,41345,41351,41360,41363,41369,41378,41384,41390,41399,41405,41411,41426,41444,41459,41492,41552,41612,41666,41672,41681,41687,41696,41702,41708,41714,41720,41726,41732,41738,41744,41750,41756,41759,41762,41768,41774,41780,41786,41792,41798,41807,41813,41816,41822,41828,41834,41843,41849,41855,41861,41864,41870,41876,41885,41891,41897,41903,41915,41921,41927,41933,41939,41948,41957,41963,41969,41972,41978,41984,41990,41999,42005,42011,42017,42020,42023,42026,42029,42032,42035,42038,42041,42044,42047,42050,42053,42056,42059,42062,42065,42068,42071,42074,42077,42080,42083,42086,42089,42092,42098,42104,42110,42116,42119,42122,42125,42128,42131,42134,42137,42140,42143,42146,42149,42152,42155,42158,42161,42164,42167,42170,42173,42176,42179,42182,42185,42188,42191,42194,42197,42200,42203,42206,42209,42212,42215,42218,42221,42224,42227,42230,42233,42236,42239,42242,42245,42248,42251,42254,42257,42260,42263,42266,42269,42272,42275,42278,42281,42284,42287,42290,42293,42296,42299,42302,42305,42308,42311,42314,42317,42320,42323,42326,42329,42332,42335,42338,42341,42344,42347,42350,42353,42356,42359,42362,42365,42368,42371,42374,42377,42380,42383,42389,42398,42404,42410,42416,42428,42434,42437,42440,42443,42446,42449,42452,42455,42458,42461,42464,42470,42479,42485,42488,42491,42494,42497,42500,42503,42506,42509,42512,42515,42518,42521,42524,42527,42530,42533,42536,42539,42542,42545,42548,42551,42554,42557,42560,42563,42566,42569,42572,42575,42578,42581,42584,42587,42590,42593,42596,42599,42602,42605,42608,42611,42614,42617,42620,42623,42626,42629,42650,42656,42662,42674,42680,42695,42701,42707,42716,42725,42731,42737,42773,42833,42893]],"type":"operational_gps","source":"recorded_gps"},"geometry":{"type":"MultiLineString","coordinates":[[[51.47538,35.65807],[51.47527,35.65794],[51.47516,35.65763],[51.47522,35.65795],[51.47521,35.65773],[51.47514,35.65768],[51.47507,35.65764],[51.47521,35.65794],[51.47514,35.65763],[51.47505,35.65771],[51.47506,35.65768],[51.47484,35.65765],[51.47501,35.65768],[51.47528,35.65796],[51.47577,35.65792],[51.47634,35.65784],[51.47703,35.65774],[51.4778,35.65763],[51.47857,35.65751],[51.47928,35.65741],[51.47991,35.65734],[51.48065,35.65723],[51.4815,35.65711],[51.48233,35.65699],[51.48312,35.65688],[51.48381,35.65678],[51.48426,35.65672],[51.48433,35.65622],[51.48423,35.65575],[51.48411,35.65528],[51.48399,35.65482],[51.48388,35.65432],[51.48378,35.65385],[51.48369,35.65341],[51.48362,35.65294],[51.4835,35.65243],[51.48339,35.65193],[51.48325,35.65141],[51.48314,35.65091],[51.48303,35.65038],[51.48289,35.64979],[51.48272,35.64931],[51.4827,35.64893],[51.4831,35.64866],[51.48362,35.64854],[51.48381,35.6482],[51.48428,35.64798],[51.48423,35.6476],[51.48412,35.64712],[51.48401,35.64663],[51.48392,35.6462],[51.48383,35.64581],[51.48388,35.64573],[51.48365,35.64568],[51.48362,35.64562],[51.48381,35.6461],[51.48331,35.64632],[51.48282,35.64641],[51.48255,35.64681],[51.48265,35.64727],[51.48276,35.64773],[51.48285,35.64814],[51.4829,35.64842],[51.48257,35.64804],[51.48245,35.64748],[51.48232,35.64695],[51.48218,35.64655],[51.48174,35.64663],[51.48116,35.64673],[51.48053,35.64682],[51.47992,35.64691],[51.47941,35.64696],[51.4792,35.64654],[51.47914,35.6461],[51.47908,35.64569],[51.47892,35.64522],[51.47884,35.64481],[51.47878,35.64445],[51.47868,35.64405],[51.47865,35.64397],[51.47861,35.64355],[51.4785,35.64313],[51.47805,35.64331],[51.47759,35.64356],[51.47707,35.64386],[51.47671,35.64413],[51.47634,35.64444],[51.47604,35.64472],[51.47558,35.64487],[51.47527,35.64457],[51.4752,35.6442],[51.47543,35.64372],[51.47583,35.64325],[51.4763,35.64272],[51.47677,35.64219],[51.47721,35.64171],[51.47768,35.64118],[51.47802,35.64079],[51.47834,35.64041],[51.47863,35.64007],[51.47891,35.6397],[51.47918,35.63933],[51.47953,35.63887],[51.47974,35.6384],[51.47951,35.63784],[51.47893,35.63745],[51.47841,35.63743],[51.47783,35.63763],[51.47717,35.63789],[51.47651,35.63815],[51.47592,35.6383],[51.47525,35.63833],[51.47449,35.6382],[51.47375,35.63786],[51.47339,35.63762],[51.47305,35.63732],[51.47275,35.63696],[51.47247,35.63662],[51.47216,35.63628],[51.47182,35.63593],[51.47144,35.63562],[51.47103,35.63535],[51.47061,35.6351],[51.47023,35.6349],[51.4697,35.63468],[51.47013,35.63515],[51.47061,35.63549],[51.47098,35.63586],[51.47138,35.63624],[51.47183,35.63658],[51.47229,35.63682],[51.4725,35.63714],[51.47251,35.63759],[51.47257,35.63796],[51.47217,35.63812],[51.47201,35.63815],[51.47203,35.63811],[51.47189,35.63811],[51.47134,35.63813],[51.47075,35.63821],[51.47042,35.63858],[51.46997,35.63829],[51.46981,35.63783],[51.46973,35.63743],[51.46969,35.63704],[51.46964,35.63656],[51.46945,35.63614],[51.46892,35.63624],[51.46852,35.63644],[51.46796,35.63669],[51.46753,35.63688],[51.46714,35.63709],[51.46666,35.63735],[51.46613,35.63763],[51.4659,35.63796],[51.46548,35.63826],[51.46493,35.63823],[51.46437,35.63808],[51.4639,35.63781],[51.46338,35.6382],[51.46281,35.63853],[51.46221,35.63886],[51.46162,35.63921],[51.46098,35.63958],[51.46032,35.63997],[51.45968,35.64035],[51.45918,35.64064],[51.4586,35.64095],[51.458,35.64128],[51.45742,35.6416],[51.45683,35.64186],[51.45628,35.64187],[51.45571,35.6418],[51.45514,35.64168],[51.45455,35.64139],[51.45401,35.64114],[51.45346,35.64088],[51.45295,35.64063],[51.45238,35.64036],[51.4518,35.6401],[51.45126,35.63985],[51.45067,35.63958],[51.45014,35.63936],[51.44969,35.63938],[51.44922,35.63916],[51.44894,35.63882],[51.44844,35.63855],[51.44797,35.63835],[51.44765,35.63874],[51.4475,35.6392],[51.44739,35.63965],[51.44732,35.63992],[51.44737,35.6397],[51.44736,35.63969],[51.44735,35.63969],[51.44734,35.63967],[51.44733,35.63966],[51.44731,35.63967],[51.44753,35.63938],[51.44752,35.63936],[51.44752,35.63936],[51.44748,35.63939],[51.44747,35.63938],[51.44745,35.63941],[51.44743,35.63941],[51.44743,35.63941],[51.44743,35.63941],[51.44743,35.63934],[51.44771,35.63895],[51.44781,35.63856],[51.44763,35.63822],[51.44713,35.638],[51.44672,35.63786],[51.4464,35.63836],[51.44624,35.63885],[51.44608,35.63941],[51.44594,35.63988],[51.44526,35.63984],[51.44477,35.63976],[51.44428,35.63969],[51.44386,35.63957],[51.44346,35.63995],[51.44333,35.64036],[51.44283,35.64054],[51.4423,35.64046],[51.44178,35.64037],[51.44125,35.64029],[51.44096,35.64076],[51.44063,35.64114],[51.44009,35.64111],[51.43961,35.64107],[51.43933,35.64103],[51.43933,35.64103],[51.43933,35.64102],[51.43933,35.64102],[51.43932,35.64102],[51.43932,35.64101],[51.43932,35.64101],[51.43932,35.64101],[51.43927,35.64103],[51.43911,35.64141],[51.43895,35.64186],[51.43878,35.64233],[51.43864,35.64281],[51.43852,35.64326],[51.43838,35.64374],[51.4382,35.64425],[51.438,35.64483],[51.4378,35.64538],[51.43762,35.64598],[51.43744,35.6466],[51.43728,35.64711],[51.43713,35.64761],[51.43701,35.64805],[51.43673,35.64838],[51.43625,35.64833],[51.4357,35.64826],[51.43506,35.64818],[51.43442,35.64808],[51.43398,35.64794],[51.43396,35.6474],[51.43397,35.6469],[51.43397,35.64643],[51.4338,35.64597],[51.43321,35.64585],[51.43272,35.64587],[51.43225,35.64594],[51.4318,35.646],[51.4313,35.64606],[51.43077,35.64608],[51.43011,35.64612],[51.42948,35.64617],[51.42877,35.64624],[51.42805,35.64631],[51.4272,35.64641],[51.42676,35.64646],[51.42631,35.64651],[51.42587,35.64656],[51.42542,35.64662],[51.42467,35.64669],[51.42393,35.64678],[51.42345,35.64685],[51.42294,35.6469],[51.42246,35.64697],[51.42199,35.64702],[51.42141,35.64708],[51.42091,35.64711],[51.4203,35.64718],[51.4196,35.64725],[51.41892,35.64735],[51.41839,35.64741],[51.41789,35.64746],[51.41733,35.64748],[51.41655,35.64755],[51.41579,35.64763],[51.41506,35.64771],[51.41424,35.64781],[51.4135,35.6479],[51.41272,35.648],[51.41189,35.6481],[51.41118,35.64818],[51.41057,35.64825],[51.40991,35.6483],[51.40926,35.64837],[51.40875,35.64844],[51.40829,35.64847],[51.40881,35.64832],[51.40957,35.6482],[51.41041,35.6481],[51.41121,35.64802],[51.41187,35.64796],[51.41245,35.64781],[51.41239,35.64721],[51.41232,35.64685],[51.41226,35.64645],[51.41221,35.64605],[51.41206,35.64544],[51.41199,35.64488],[51.41191,35.64438],[51.41182,35.64386],[51.41175,35.64347],[51.41164,35.64291],[51.41158,35.64244],[51.4115,35.64206],[51.41142,35.64167],[51.41138,35.64148],[51.41139,35.64147],[51.41138,35.64147],[51.41138,35.64146],[51.41138,35.64146],[51.41138,35.64146],[51.41138,35.64145],[51.41141,35.64139],[51.41141,35.64138],[51.41141,35.64137],[51.41131,35.64102],[51.4112,35.64066],[51.41112,35.6403],[51.41106,35.6397],[51.41097,35.63906],[51.41088,35.63842],[51.41082,35.63789],[51.41056,35.63757],[51.40996,35.63759],[51.4094,35.63763],[51.40904,35.63769],[51.40903,35.6377],[51.40902,35.63769],[51.40901,35.63768],[51.40899,35.6377],[51.40844,35.63768],[51.40781,35.63772],[51.40715,35.63783],[51.40657,35.63788],[51.40592,35.63796],[51.40548,35.63805],[51.40494,35.63817],[51.4043,35.63831],[51.40374,35.6384],[51.4032,35.63849],[51.40276,35.63854],[51.40213,35.6386],[51.4016,35.63866],[51.40097,35.63873],[51.40035,35.63876],[51.3997,35.63884],[51.39922,35.63887],[51.39869,35.63894],[51.39846,35.63894],[51.39837,35.6389],[51.39831,35.63887],[51.39824,35.63893],[51.39758,35.6387],[51.39672,35.63889],[51.39629,35.63901],[51.39575,35.63912],[51.39528,35.63915],[51.39473,35.63917],[51.39431,35.63897],[51.39418,35.63855],[51.39367,35.63832],[51.39319,35.63811],[51.39263,35.63795],[51.3919,35.63809],[51.39152,35.63854],[51.39125,35.63917],[51.39131,35.63964],[51.3914,35.64012],[51.39157,35.64063],[51.39183,35.64113],[51.39211,35.6416],[51.3924,35.64209],[51.39265,35.64257],[51.39286,35.64305],[51.39307,35.64356],[51.39332,35.64412],[51.39357,35.64467],[51.3938,35.6452],[51.39404,35.64569],[51.39433,35.64608],[51.39466,35.64644],[51.39505,35.64682],[51.39546,35.64721],[51.39587,35.64757],[51.39626,35.64787],[51.39668,35.64818],[51.39711,35.64848],[51.39748,35.64872],[51.3979,35.64899],[51.39741,35.64871],[51.39696,35.64843],[51.39649,35.64814],[51.39599,35.64783],[51.39557,35.64755],[51.39524,35.64733],[51.39525,35.64733],[51.39525,35.64733],[51.39524,35.64733],[51.39524,35.64733],[51.39524,35.64734],[51.39525,35.64734],[51.39525,35.64734],[51.39525,35.64734],[51.39525,35.64733],[51.39525,35.64733],[51.39525,35.64733],[51.39525,35.64733],[51.39525,35.64733],[51.39525,35.64733],[51.39525,35.64733],[51.39525,35.64733],[51.39525,35.64733],[51.39495,35.64702],[51.39464,35.64665],[51.39425,35.64617],[51.39387,35.64561],[51.39354,35.64506],[51.39392,35.64556],[51.39434,35.64616],[51.39459,35.64647],[51.39487,35.64676],[51.39519,35.64705],[51.39552,35.64732],[51.39589,35.6476],[51.3963,35.64786],[51.3967,35.64812],[51.39709,35.64835],[51.39745,35.64857],[51.39809,35.6489],[51.39849,35.6487],[51.39879,35.64822],[51.39912,35.64773],[51.39948,35.64722],[51.39975,35.64685],[51.40005,35.64639],[51.40017,35.64583],[51.40016,35.64543],[51.40011,35.64489],[51.40004,35.64433],[51.4,35.64393],[51.39993,35.64333],[51.3999,35.64281],[51.39983,35.64232],[51.39977,35.64179],[51.39971,35.64135],[51.39929,35.64119],[51.39911,35.64086],[51.39898,35.64045],[51.39889,35.63999],[51.39884,35.63954],[51.39876,35.63911],[51.39865,35.63859],[51.39854,35.63815],[51.39851,35.63776],[51.39844,35.63733],[51.39852,35.63694],[51.39878,35.63659],[51.3992,35.63638],[51.39975,35.63629],[51.40022,35.63625],[51.40072,35.63624],[51.40125,35.6362],[51.40179,35.63609],[51.40224,35.636],[51.40225,35.63601],[51.40225,35.63601],[51.40226,35.63601],[51.40227,35.63601],[51.40227,35.63601],[51.40228,35.63601],[51.40228,35.63601],[51.4021,35.63558],[51.40194,35.63526],[51.40193,35.6352],[51.40192,35.63519],[51.40193,35.6352],[51.40193,35.6352],[51.40194,35.63518],[51.40194,35.63506],[51.40189,35.63461],[51.40157,35.63414],[51.4012,35.63377],[51.40118,35.63372],[51.40119,35.63372],[51.40118,35.63372],[51.40118,35.63373],[51.40156,35.63405],[51.4017,35.63456],[51.40178,35.63495],[51.40189,35.6354],[51.4023,35.63571],[51.40272,35.6353],[51.40297,35.63498],[51.40364,35.63484],[51.40426,35.63477],[51.40474,35.63475],[51.40521,35.6347],[51.40574,35.63461],[51.40644,35.63455],[51.40714,35.63446],[51.40777,35.63439],[51.40825,35.63435],[51.40837,35.63435],[51.40839,35.63435],[51.4084,35.63433],[51.40842,35.63432],[51.40845,35.63421],[51.40849,35.63423],[51.40862,35.63431],[51.40872,35.63471],[51.40884,35.63511],[51.40828,35.63521],[51.40766,35.6353],[51.40717,35.63537],[51.40668,35.63548],[51.40729,35.63582],[51.40781,35.63579],[51.40829,35.63578],[51.40841,35.63581],[51.4084,35.63582],[51.4084,35.63582],[51.4084,35.63585],[51.40879,35.63615],[51.40925,35.63623],[51.40973,35.63623],[51.41017,35.63631],[51.4106,35.63638],[51.41075,35.63682],[51.41084,35.63727],[51.41093,35.63783],[51.41101,35.63824],[51.41107,35.63874],[51.41113,35.63909],[51.41121,35.63951],[51.4113,35.63997],[51.4114,35.64046],[51.41146,35.64098],[51.41152,35.64135],[51.4116,35.64179],[51.41168,35.64225],[51.41177,35.6427],[51.41184,35.64314],[51.41192,35.64369],[51.41204,35.64437],[51.4121,35.64475],[51.41216,35.64513],[51.41222,35.64552],[51.41228,35.64592],[51.41234,35.64633],[51.41242,35.64672],[51.41248,35.6471],[51.41257,35.64768],[51.41302,35.64782],[51.41356,35.64779],[51.4143,35.64771],[51.41476,35.64766],[51.41522,35.64761],[51.41606,35.64751],[51.41683,35.64744],[51.4175,35.6474],[51.41816,35.64736],[51.41894,35.64724],[51.41954,35.64713],[51.42007,35.64706],[51.42054,35.64702],[51.42117,35.64697],[51.42171,35.64692],[51.42241,35.64685],[51.42318,35.64676],[51.42376,35.64669],[51.42438,35.64662],[51.42514,35.64655],[51.42594,35.64646],[51.42682,35.64636],[51.42728,35.64631],[51.42813,35.64621],[51.42883,35.64613],[51.42953,35.64603],[51.42996,35.64594],[51.43054,35.64585],[51.43111,35.64578],[51.4318,35.6457],[51.43235,35.64563],[51.43297,35.64555],[51.43347,35.64548],[51.43388,35.64528],[51.43419,35.64484],[51.43436,35.6443],[51.43448,35.64385],[51.43478,35.64348],[51.43529,35.64352],[51.43596,35.64357],[51.43644,35.64362],[51.43691,35.64367],[51.43738,35.64373],[51.43789,35.64381],[51.4382,35.64412],[51.43809,35.64456],[51.43804,35.64495],[51.43798,35.64534],[51.43785,35.64589],[51.43773,35.64638],[51.43756,35.64697],[51.43739,35.64759],[51.43722,35.64823],[51.43706,35.6488],[51.43697,35.64932],[51.4371,35.64977],[51.43761,35.65004],[51.43812,35.64999],[51.43866,35.64993],[51.43925,35.64986],[51.43988,35.6498],[51.44041,35.64975],[51.44092,35.6497],[51.44158,35.64967],[51.44241,35.64959],[51.44291,35.64953],[51.44343,35.64947],[51.44389,35.64943],[51.44433,35.64945],[51.44446,35.64995],[51.44452,35.65042],[51.44455,35.65086],[51.44459,35.6514],[51.44463,35.65186],[51.44467,35.65244],[51.4447,35.65291],[51.44472,35.65336],[51.44475,35.65384],[51.4448,35.65428],[51.44483,35.65469],[51.44486,35.6551],[51.44491,35.6556],[51.44494,35.65616],[51.44498,35.65673],[51.44501,35.65727],[51.44505,35.6577],[51.44509,35.65833],[51.44512,35.65877],[51.44512,35.65917],[51.44516,35.65967],[51.4452,35.66007],[51.44525,35.66049],[51.4453,35.66093],[51.44535,35.6615],[51.4454,35.662],[51.44543,35.66257],[51.44545,35.66298],[51.44551,35.66342],[51.44594,35.66327],[51.44606,35.6632],[51.44628,35.66279],[51.44651,35.66246],[51.44628,35.66284],[51.44607,35.66311],[51.44607,35.66311],[51.44578,35.66356],[51.44558,35.66394],[51.44557,35.66442],[51.44561,35.66479],[51.44581,35.6652],[51.44628,35.66529],[51.44678,35.66523],[51.44729,35.66517],[51.44787,35.66512],[51.44853,35.66506],[51.44921,35.66497],[51.44995,35.66485],[51.45054,35.66459],[51.45098,35.66434],[51.45141,35.66404],[51.45179,35.6638],[51.45213,35.66356],[51.45253,35.6633],[51.45296,35.66304],[51.45321,35.6627],[51.45312,35.66233],[51.453,35.66192],[51.45291,35.66152],[51.45275,35.66108],[51.45266,35.66069],[51.45251,35.66033],[51.45244,35.65989],[51.45232,35.65951],[51.45224,35.65915],[51.45226,35.65917],[51.45234,35.65948],[51.45233,35.65948],[51.45244,35.65987],[51.45257,35.66025],[51.45263,35.66062],[51.45281,35.66098],[51.45288,35.66135],[51.45298,35.66175],[51.45311,35.66215],[51.45324,35.66254],[51.45375,35.66238],[51.45426,35.66208],[51.45476,35.66172],[51.45515,35.66143],[51.4556,35.6611],[51.45596,35.66086],[51.4563,35.66062],[51.45666,35.66034],[51.45655,35.65986],[51.45637,35.65934],[51.4562,35.659],[51.45629,35.65896],[51.45633,35.65892],[51.45634,35.65887],[51.45633,35.65887],[51.45639,35.65887],[51.4563,35.65881],[51.45639,35.65905],[51.45644,35.65899],[51.45628,35.65857],[51.45621,35.6582],[51.45609,35.65785],[51.45592,35.65743],[51.45573,35.65701],[51.45562,35.65663],[51.45549,35.65627],[51.45549,35.65581],[51.45546,35.65538],[51.45549,35.65499],[51.45541,35.65459],[51.45541,35.6542],[51.45538,35.65381],[51.45537,35.65339],[51.45533,35.65314],[51.45533,35.65313],[51.45532,35.65313],[51.4553,35.65299],[51.45512,35.65248],[51.45502,35.65203],[51.45486,35.65162],[51.45455,35.65111],[51.45438,35.65077],[51.45413,35.65038],[51.45432,35.65001],[51.45468,35.64973],[51.45513,35.64948],[51.45553,35.64931],[51.45559,35.64934],[51.45559,35.64934],[51.4556,35.64935],[51.4556,35.64935],[51.4556,35.64936],[51.4556,35.64936],[51.45561,35.64936],[51.45607,35.64914],[51.45654,35.64891],[51.45698,35.6487],[51.45748,35.64837],[51.45791,35.64821],[51.45831,35.64855],[51.45856,35.64894],[51.45872,35.64931],[51.45888,35.64966],[51.45905,35.65009],[51.45921,35.65055],[51.45945,35.65105],[51.45961,35.65145],[51.45977,35.65191],[51.45991,35.65236],[51.46007,35.65276],[51.46025,35.65318],[51.4604,35.65359],[51.46055,35.65405],[51.46048,35.65417],[51.46048,35.65418],[51.46048,35.65418],[51.46048,35.65418],[51.46035,35.65379],[51.46023,35.65343],[51.46007,35.65306],[51.45995,35.65268],[51.45981,35.65231],[51.45965,35.65186],[51.4595,35.65142],[51.45934,35.65101],[51.45919,35.65046],[51.45901,35.65005],[51.45882,35.64954],[51.45867,35.64906],[51.45851,35.64865],[51.45841,35.64829],[51.45883,35.6479],[51.45929,35.64763],[51.45974,35.64733],[51.46023,35.64704],[51.46067,35.64675],[51.46112,35.64646],[51.4616,35.64617],[51.46217,35.64587],[51.46268,35.64561],[51.46314,35.64543],[51.46354,35.6451],[51.46381,35.64541],[51.46385,35.64581],[51.46376,35.64629],[51.46383,35.64654],[51.4638,35.64656],[51.4638,35.64656],[51.46389,35.64649],[51.46396,35.64648],[51.46396,35.64648],[51.46395,35.64648],[51.46438,35.64625],[51.46484,35.64596],[51.46526,35.64562],[51.46571,35.64531],[51.46603,35.64503],[51.466,35.64467],[51.46597,35.64419],[51.46593,35.64375],[51.46614,35.64409],[51.46619,35.64446],[51.46624,35.6449],[51.46627,35.64534],[51.46632,35.64583],[51.46633,35.64623],[51.4663,35.64662],[51.46633,35.64712],[51.46639,35.6475],[51.46647,35.64792],[51.46653,35.64831],[51.46655,35.64881],[51.46666,35.64928],[51.46699,35.64954],[51.4675,35.64966],[51.46755,35.64969],[51.46756,35.64977],[51.46758,35.64986],[51.46761,35.64992],[51.4676,35.65008],[51.4676,35.65014],[51.4676,35.65018],[51.46804,35.65032],[51.46843,35.65059],[51.46887,35.65064],[51.46923,35.65026],[51.46961,35.64983],[51.46999,35.64938],[51.47041,35.64895],[51.47081,35.64852],[51.47119,35.64808],[51.4716,35.64766],[51.47205,35.64709],[51.47249,35.64663],[51.47291,35.64619],[51.4733,35.6457],[51.47359,35.64542],[51.47328,35.64516],[51.47301,35.64485],[51.47269,35.64458],[51.4723,35.64432],[51.47192,35.64406],[51.47144,35.64388],[51.47133,35.64385],[51.47158,35.64398],[51.47192,35.64427],[51.47203,35.64419],[51.47207,35.64429],[51.47241,35.6446],[51.47289,35.64487],[51.4733,35.64509],[51.47376,35.64511],[51.47413,35.64477],[51.47444,35.64446],[51.47483,35.64407],[51.47527,35.64359],[51.47575,35.64308],[51.47622,35.64256],[51.47653,35.64215],[51.47613,35.6419],[51.47577,35.64165],[51.47538,35.64144],[51.47492,35.64113],[51.47453,35.64088],[51.47437,35.64052],[51.47441,35.64046],[51.47435,35.64049],[51.47453,35.64043],[51.47483,35.64011],[51.47508,35.63971],[51.47539,35.63941],[51.47569,35.63914],[51.47616,35.63923],[51.47663,35.6394],[51.47706,35.63961],[51.47746,35.63975],[51.47792,35.63964],[51.47827,35.63941],[51.47902,35.63889],[51.47937,35.63862],[51.4798,35.63822],[51.48016,35.6379],[51.4804,35.63757],[51.48069,35.63728],[51.48114,35.63679],[51.48161,35.63623],[51.48202,35.63584],[51.48246,35.6354],[51.4829,35.63494],[51.48337,35.63443],[51.4838,35.63405],[51.48424,35.63362],[51.48463,35.63323],[51.48503,35.6328],[51.48544,35.63231],[51.48578,35.63181],[51.48603,35.63147],[51.48614,35.63111],[51.48568,35.6309],[51.48514,35.63057],[51.48448,35.63019],[51.48412,35.62997],[51.48374,35.62975],[51.48336,35.62952],[51.48298,35.62929],[51.4826,35.62908],[51.48192,35.62866],[51.48151,35.62845],[51.48115,35.62866],[51.48073,35.62913],[51.48036,35.6296],[51.47995,35.6301],[51.47967,35.63041],[51.4794,35.63072],[51.4791,35.63102],[51.47848,35.63142],[51.47779,35.63171],[51.47717,35.63203],[51.47651,35.63236],[51.47597,35.63263],[51.47559,35.63286],[51.47554,35.63289],[51.47554,35.63289],[51.47554,35.63289],[51.47509,35.63316],[51.47465,35.63344],[51.47407,35.63382],[51.4734,35.63426],[51.47282,35.63464],[51.47248,35.63504],[51.47255,35.63545],[51.4729,35.6359],[51.47342,35.63627],[51.47404,35.63663],[51.47481,35.63689],[51.47569,35.63705],[51.47616,35.6371],[51.47664,35.6371],[51.47712,35.63709],[51.47761,35.63705],[51.47806,35.63698],[51.47883,35.63681],[51.47951,35.63658],[51.48014,35.63624],[51.48075,35.63611],[51.48139,35.63616],[51.48198,35.63631],[51.48257,35.63647],[51.48321,35.63652],[51.48383,35.63635],[51.48411,35.63597],[51.48392,35.63555],[51.48335,35.6354],[51.48282,35.63565],[51.48238,35.63613],[51.48191,35.63662],[51.48146,35.63708],[51.48095,35.63759],[51.48044,35.63813],[51.47997,35.63867],[51.47951,35.63918],[51.47909,35.63964],[51.47886,35.64002],[51.47884,35.64041],[51.4792,35.64088],[51.47964,35.64109],[51.48001,35.64135],[51.48047,35.64169],[51.481,35.64209],[51.48157,35.64241],[51.48181,35.64281],[51.48183,35.64328],[51.48196,35.6439],[51.48203,35.64428],[51.48213,35.64483],[51.48223,35.64524],[51.48233,35.64592],[51.48247,35.6464],[51.48261,35.64697],[51.48274,35.64763],[51.48284,35.64803],[51.48298,35.64848],[51.483,35.64888],[51.48309,35.64928],[51.48308,35.64964],[51.48306,35.64967],[51.48306,35.64967],[51.48317,35.65016],[51.48325,35.65064],[51.48334,35.65107],[51.48349,35.65157],[51.48361,35.65212],[51.48377,35.65263],[51.48389,35.65302],[51.48398,35.6535],[51.48411,35.65416],[51.48426,35.65477],[51.48431,35.65514],[51.48439,35.65559],[51.48458,35.65615],[51.48465,35.65658],[51.48472,35.65701],[51.48479,35.65739],[51.48487,35.65775],[51.48496,35.65819],[51.48504,35.65865],[51.48519,35.65928],[51.48532,35.65994],[51.48547,35.66059],[51.48558,35.661],[51.48623,35.66105],[51.48712,35.66091],[51.48755,35.66083],[51.48822,35.66071],[51.48892,35.66071],[51.48949,35.66052],[51.48951,35.66004],[51.48934,35.65947],[51.48916,35.65882],[51.48894,35.65818],[51.48877,35.65784],[51.48841,35.6572],[51.48818,35.65674],[51.48866,35.657],[51.48893,35.65761],[51.4892,35.65819],[51.48938,35.65858],[51.48958,35.65901],[51.4897,35.65939],[51.48982,35.65978],[51.48994,35.66014],[51.49009,35.66058],[51.49023,35.66097],[51.49039,35.66138],[51.49058,35.66186],[51.49079,35.66251],[51.49089,35.66287],[51.49106,35.66337],[51.49123,35.66391],[51.4914,35.6644],[51.49156,35.66485],[51.49167,35.66521],[51.49182,35.66562],[51.49202,35.66623],[51.49212,35.6666],[51.49222,35.66701],[51.49232,35.66738],[51.49239,35.6678],[51.49241,35.66824],[51.49243,35.66871],[51.49243,35.66919],[51.49244,35.66967],[51.49245,35.6702],[51.49246,35.67073],[51.49248,35.67123],[51.4925,35.67169],[51.49251,35.67218],[51.49254,35.67268],[51.49255,35.67318],[51.49255,35.67367],[51.49256,35.67413],[51.49255,35.67461],[51.49255,35.67508],[51.49256,35.67554],[51.49258,35.67602],[51.4926,35.67647],[51.49262,35.67689],[51.49263,35.67732],[51.49264,35.67773],[51.49269,35.67843],[51.49274,35.6791],[51.49278,35.67952],[51.49285,35.68022],[51.49288,35.68061],[51.49289,35.68104],[51.49291,35.68151],[51.49293,35.68199],[51.49294,35.68249],[51.49294,35.68302],[51.49296,35.68355],[51.49296,35.68406],[51.49295,35.68454],[51.49296,35.68502],[51.49296,35.68547],[51.49298,35.68595],[51.49298,35.68645],[51.49299,35.68697],[51.49301,35.68744],[51.49302,35.68795],[51.49304,35.68842],[51.49306,35.68888],[51.49306,35.6893],[51.49309,35.68969],[51.49315,35.69011],[51.49326,35.69055],[51.49341,35.69102],[51.49358,35.69153],[51.49379,35.69212],[51.49409,35.69274],[51.49447,35.69328],[51.49486,35.69381],[51.49528,35.69429],[51.4957,35.69476],[51.49613,35.69525],[51.49657,35.69575],[51.49702,35.69624],[51.49746,35.69672],[51.49784,35.69719],[51.49825,35.69764],[51.49867,35.69809],[51.4991,35.69856],[51.49954,35.69904],[51.49994,35.69959],[51.50028,35.70015],[51.50055,35.70075],[51.5008,35.70133],[51.50105,35.70194],[51.50129,35.70255],[51.50151,35.70317],[51.50173,35.7038],[51.50196,35.70443],[51.50221,35.70506],[51.5025,35.70567],[51.50278,35.70628],[51.50305,35.70688],[51.50332,35.70747],[51.50355,35.70802],[51.50377,35.70857],[51.504,35.70912],[51.50422,35.70969],[51.50447,35.71026],[51.50474,35.71085],[51.50505,35.71143],[51.50548,35.71195],[51.50589,35.7125],[51.50632,35.71303],[51.50677,35.71355],[51.50721,35.71408],[51.50767,35.71461],[51.50813,35.71516],[51.5086,35.71571],[51.5091,35.71624],[51.5096,35.71675],[51.51011,35.71728],[51.51063,35.7178],[51.51115,35.7183],[51.51167,35.7188],[51.51217,35.71927],[51.51265,35.71971],[51.51315,35.72013],[51.5137,35.72051],[51.51428,35.72085],[51.5149,35.72114],[51.51555,35.7214],[51.51624,35.72161],[51.51695,35.72176],[51.51766,35.72186],[51.51837,35.72194],[51.51906,35.72198],[51.51971,35.72194],[51.52028,35.72195],[51.5208,35.722],[51.52135,35.72192],[51.52062,35.72167],[51.51979,35.72166],[51.51902,35.7217],[51.51847,35.72167],[51.51903,35.72154],[51.51989,35.72158],[51.52038,35.72158],[51.52087,35.72157],[51.52133,35.72159],[51.52179,35.72171],[51.52224,35.72189],[51.52264,35.72214],[51.52297,35.72246],[51.5232,35.72286],[51.52339,35.72324],[51.52356,35.72358],[51.52392,35.72389],[51.52442,35.72405],[51.52515,35.72412],[51.5256,35.72416],[51.52605,35.72419],[51.52654,35.7242],[51.52703,35.7242],[51.52748,35.72424],[51.52794,35.72428],[51.52844,35.72429],[51.52898,35.72432],[51.52951,35.72438],[51.53007,35.72443],[51.53067,35.72442],[51.53128,35.72444],[51.5319,35.72447],[51.53254,35.7245],[51.53315,35.72453],[51.53377,35.72454],[51.53439,35.72457],[51.53501,35.72459],[51.5356,35.72462],[51.53615,35.72466],[51.53672,35.72472],[51.5373,35.72481],[51.53793,35.72485],[51.53857,35.7249],[51.53923,35.72493],[51.53991,35.72498],[51.54054,35.72501],[51.54111,35.72503],[51.54168,35.72505],[51.54223,35.72508],[51.54281,35.72512],[51.54336,35.72516],[51.54393,35.72524],[51.54453,35.7253],[51.54515,35.72534],[51.5458,35.72537],[51.54646,35.72542],[51.54715,35.72544],[51.54781,35.72549],[51.54845,35.72555],[51.54907,35.72558],[51.54968,35.72561],[51.55029,35.72566],[51.55088,35.7257],[51.55146,35.72574],[51.55199,35.72575],[51.5525,35.72578],[51.553,35.72582],[51.55262,35.72619],[51.55226,35.7266],[51.55195,35.72693],[51.55232,35.7274],[51.5528,35.72774],[51.55307,35.72802],[51.55344,35.72823],[51.55385,35.72839],[51.5544,35.72871],[51.5547,35.7291],[51.55444,35.72942],[51.55418,35.72976],[51.55392,35.73007],[51.55408,35.73001],[51.5542,35.73007]]]}},{"type":"Feature","properties":{"route":13,"color":"#db2777","times":[[21306,21366,21426,21486,21546,21606,21666,21726,21786,21846,21906,21966,22011,22038,22098,22158,22218,22278,22340,22400,22460,22469,22478,22484,22490,22496,22502,22508,22520,22526,22532,22538,22544,22550,22556,22562,22568,22574,22580,22586,22592,22595,22598,22601,22604,22607,22610,22613,22616,22619,22622,22625,22628,22631,22634,22637,22640,22643,22646,22649,22652,22655,22658,22661,22664,22667,22673,22679,22685,22691,22694,22697,22700,22703,22706,22712,22718,22739,22760,22787,22805,22844,22865,22877,22895,22916,22937,22949,22964,22979,22985,22991,22997,23003,23009,23015,23021,23027,23030,23033,23036,23039,23042,23045,23048,23051,23054,23057,23060,23063,23066,23069,23072,23075,23078,23081,23084,23087,23090,23093,23096,23099,23102,23105,23108,23111,23114,23117,23120,23123,23126,23129,23132,23135,23138,23141,23144,23147,23150,23153,23156,23159,23162,23165,23168,23171,23174,23177,23180,23183,23186,23189,23192,23195,23198,23201,23204,23207,23210,23213,23216,23219,23222,23225,23228,23231,23234,23237,23240,23243,23246,23249,23252,23255,23258,23261,23264,23267,23270,23273,23276,23282,23294,23306,23321,23333,23351,23369,23384,23396,23414,23429,23441,23450,23510,23525,23531,23540,23549,23561,23570,23579,23585,23591,23597,23603,23612,23618,23624,23630,23636,23642,23648,23654,23657,23660,23663,23669,23675,23681,23687,23693,23702,23717,23723,23729,23747,23753,23762,23768,23774,23780,23786,23789,23795,23801,23807,23810,23816,23822,23828,23834,23840,23846,23852,23858,23867,23873,23879,23891,23903,23912,23918,23921,23924,23927,23930,23936,23984,23990,23996,24002,24008,24014,24020]],"type":"access_route","source":"recorded_gps_prefix"},"geometry":{"type":"MultiLineString","coordinates":[[[51.55438,35.72982],[51.55422,35.73007],[51.55422,35.73006],[51.55422,35.73007],[51.55422,35.73007],[51.55413,35.72998],[51.55416,35.73002],[51.55418,35.73003],[51.55417,35.72988],[51.55423,35.72978],[51.55429,35.72987],[51.55412,35.72999],[51.55441,35.73028],[51.55416,35.72998],[51.55405,35.72998],[51.554,35.73],[51.55417,35.72998],[51.55441,35.72992],[51.55403,35.7299],[51.55394,35.72991],[51.55426,35.72957],[51.55463,35.72917],[51.55497,35.72874],[51.55529,35.72839],[51.55568,35.72799],[51.55607,35.72757],[51.55648,35.72713],[51.55681,35.72676],[51.55642,35.72644],[51.55593,35.72635],[51.55536,35.72626],[51.55479,35.72615],[51.55409,35.72608],[51.55347,35.72604],[51.5529,35.72601],[51.55232,35.72593],[51.55157,35.72586],[51.55074,35.72579],[51.54986,35.72572],[51.54902,35.72566],[51.54814,35.7256],[51.5477,35.72557],[51.54726,35.72554],[51.54681,35.72552],[51.54637,35.7255],[51.54589,35.72548],[51.54542,35.72548],[51.54491,35.72546],[51.54441,35.72543],[51.54389,35.72539],[51.5434,35.72538],[51.54293,35.72533],[51.54243,35.72528],[51.54194,35.72524],[51.54145,35.7252],[51.54097,35.72517],[51.54049,35.72513],[51.53999,35.72508],[51.53951,35.72505],[51.53903,35.72501],[51.53854,35.72496],[51.53805,35.72494],[51.53758,35.72493],[51.53712,35.7249],[51.53665,35.72486],[51.53618,35.72483],[51.53549,35.72474],[51.53485,35.72468],[51.53405,35.72466],[51.53317,35.72462],[51.53271,35.72458],[51.53225,35.72456],[51.53178,35.72453],[51.53131,35.7245],[51.53085,35.72446],[51.53007,35.72441],[51.52955,35.7244],[51.52908,35.72436],[51.52854,35.72432],[51.52807,35.72425],[51.52761,35.72422],[51.52714,35.72418],[51.52669,35.72422],[51.52622,35.7242],[51.52576,35.72421],[51.52534,35.72407],[51.52486,35.72406],[51.52435,35.72403],[51.52386,35.72402],[51.52351,35.72356],[51.52327,35.72314],[51.52294,35.72277],[51.52242,35.72267],[51.52178,35.72256],[51.5212,35.72245],[51.52068,35.72234],[51.52022,35.72225],[51.51949,35.72216],[51.519,35.7221],[51.51845,35.72205],[51.51785,35.72201],[51.51722,35.72192],[51.5166,35.72179],[51.51597,35.72163],[51.51537,35.72146],[51.51479,35.72123],[51.51423,35.72096],[51.51368,35.72066],[51.51315,35.72031],[51.51263,35.71993],[51.5122,35.7195],[51.51174,35.71907],[51.5113,35.71864],[51.51085,35.71821],[51.51042,35.71778],[51.50997,35.71735],[51.50952,35.71691],[51.5091,35.71648],[51.50868,35.716],[51.50822,35.71548],[51.50773,35.71495],[51.50728,35.71443],[51.50684,35.71391],[51.50639,35.71337],[51.50594,35.71281],[51.50549,35.71225],[51.50507,35.7117],[51.50473,35.71117],[51.50447,35.71068],[51.50423,35.71015],[51.504,35.70962],[51.50379,35.70908],[51.50357,35.70853],[51.50336,35.70799],[51.50316,35.70748],[51.50295,35.70696],[51.50272,35.70645],[51.50249,35.70595],[51.50225,35.70546],[51.50202,35.70497],[51.50179,35.70447],[51.50155,35.70396],[51.50133,35.70344],[51.50113,35.70293],[51.50094,35.70243],[51.50074,35.70191],[51.50053,35.70139],[51.50028,35.70088],[51.49999,35.70038],[51.49967,35.6999],[51.49935,35.69942],[51.49903,35.69895],[51.4987,35.69849],[51.49834,35.69804],[51.49798,35.6976],[51.49762,35.69716],[51.49725,35.69673],[51.49689,35.69632],[51.49657,35.69591],[51.49625,35.69551],[51.49592,35.69509],[51.49556,35.69465],[51.49521,35.69418],[51.49483,35.69374],[51.49446,35.69327],[51.4941,35.69279],[51.49379,35.69227],[51.49352,35.69174],[51.49332,35.69121],[51.49315,35.69064],[51.49299,35.69013],[51.49287,35.68964],[51.49279,35.68914],[51.49276,35.68865],[51.49275,35.68815],[51.49274,35.68764],[51.49273,35.68715],[51.49272,35.68666],[51.49271,35.68618],[51.4927,35.68571],[51.49268,35.68529],[51.49264,35.68476],[51.49261,35.68428],[51.49259,35.68385],[51.49256,35.68344],[51.49256,35.68302],[51.49254,35.68263],[51.49254,35.68223],[51.49252,35.68184],[51.49251,35.68147],[51.49249,35.68109],[51.49247,35.68068],[51.49234,35.68032],[51.49179,35.68024],[51.49133,35.68026],[51.49085,35.6801],[51.49079,35.67964],[51.49075,35.67924],[51.49076,35.67875],[51.49074,35.67829],[51.4907,35.67788],[51.49072,35.67732],[51.49071,35.67685],[51.49054,35.67638],[51.49022,35.67588],[51.48991,35.67546],[51.48949,35.67504],[51.48915,35.67466],[51.4888,35.67425],[51.48842,35.67381],[51.48802,35.67332],[51.4878,35.67269],[51.48772,35.67224],[51.48763,35.6717],[51.48757,35.67133],[51.4875,35.67094],[51.48741,35.67055],[51.48724,35.66997],[51.48711,35.66953],[51.48698,35.66897],[51.48686,35.66843],[51.48676,35.66794],[51.48647,35.66752],[51.48599,35.6674],[51.4854,35.66746],[51.48477,35.66752],[51.48535,35.6673],[51.48596,35.66721],[51.48649,35.66697],[51.48648,35.66655],[51.48638,35.66602],[51.48629,35.66556],[51.48613,35.66489],[51.48605,35.66453],[51.4859,35.66388],[51.48582,35.66348],[51.48568,35.66284],[51.4856,35.66248],[51.48546,35.66189],[51.48538,35.66144],[51.48531,35.66108],[51.48527,35.66072],[51.48518,35.66029],[51.48509,35.65981],[51.48498,35.65924],[51.48485,35.65867],[51.48476,35.65826],[51.4847,35.65787],[51.48459,35.65743],[51.48451,35.65701],[51.48407,35.65696],[51.48345,35.65701],[51.48265,35.65715],[51.48221,35.65722],[51.48177,35.65728],[51.48132,35.65734],[51.48087,35.65741],[51.48012,35.65748],[51.47957,35.65757],[51.47903,35.65763],[51.47828,35.65774],[51.47748,35.65784],[51.47668,35.65793],[51.47588,35.65802],[51.47538,35.65807]]]}},{"type":"Feature","properties":{"route":14,"color":"#475569","times":[[31328,31388,31448,31508,31568,31628,31688,31748,31808,31868,31928,31988,32045,32105,32165,32225,32285,32345,32405,32465,32519,32579,32639,32699,32759,32819,32837,32846,32852,32858,32864,32870,32876,32882,32888,32894,32900,32906,32915,32939,32945,32951,32957,32969,32990,33017,33032,33062,33101,33140,33161,33209,33227,33236,33254,33269,33284,33293,33299,33305,33311,33317,33323,33329,33335,33341,33347,33353,33359,33365,33371,33377,33380,33383,33386,33389,33395,33398,33401,33404,33407,33410,33413,33416,33419,33422,33425,33428,33431,33434,33437,33440,33443,33446,33449,33452,33455,33458,33461,33464,33467,33470,33473,33476,33479,33482,33485,33488,33491,33494,33497,33500,33503,33506,33509,33512,33515,33518,33521,33524,33527,33530,33533,33536,33539,33542,33545,33548,33551,33554,33560,33563,33569,33572,33575,33578,33581,33584,33587,33590,33593,33596,33599,33602,33605,33608,33611,33614,33617,33620,33623,33626,33629,33632,33635,33638,33641,33644,33647,33650,33653,33656,33659,33662,33665,33668,33671,33674,33677,33680,33683,33686,33689,33692,33695,33698,33701,33704,33707,33710,33713,33716,33719,33722,33725,33728,33731,33734,33737,33740,33746,33749,33752,33755,33758,33761,33764,33767,33770,33773,33776,33779,33782,33785,33788,33791,33794,33797,33800,33803,33806,33809,33812,33815,33818,33821,33824,33827,33833,33839,33899,33959,34019,34049,34109,34169,34181,34190,34196,34202,34208,34214,34220,34226,34232,34238,34244,34250,34256,34262,34268,34271,34274,34277,34280,34283,34286,34289,34292,34295,34298,34301,34304,34307,34310,34313,34316,34319,34322,34325,34328,34331,34334,34337,34340,34343,34346,34349,34352,34355,34358,34361,34364,34367,34370,34373,34376,34379,34382,34385,34388,34391,34394,34397,34400,34403,34406,34409,34412,34415,34418,34421,34424,34427,34430,34433,34436,34439,34442,34445,34448,34451,34454,34457,34460,34463,34469,34475,34481,34487,34493,34499,34505,34511,34517,34523,34529,34535,34541,34544,34547,34550,34553,34559,34565,34571,34577,34637,34697,34757,34817,34877,34892,34901,34907,34913,34919,34925,34931,34934,34937,34940,34943,34946,34949,34952,34955,34958,34961,34964,34967,34970,34973,34976,34979,34982,34985,34988,34991,34994,34997,35000,35003,35006,35009,35015,35018,35021,35024,35027,35030,35033,35036,35039,35042,35045,35048,35051,35054,35057,35060,35063,35066,35069,35072,35075,35078,35081,35084,35087,35090,35093,35096,35099,35102,35105,35108,35111,35114,35117,35120,35123,35126,35129,35132,35135,35138,35141,35144,35150,35156,35162,35168,35174,35180,35186,35192,35198,35204,35210,35213,35216,35219,35222,35225,35228,35231,35234,35237,35243,35249,35255,35264,35276,35285,35294,35303,35312,35318,35324,35330,35357,35366,35381,35393,35405,35414,35420,35426,35435,35444,35450,35456,35462,35468,35498,35558,35618,35678,35850,35895,35904,35916,35925,35934,35943,35952,35961,35967,35976,35985,35991,36003,36009,36015,36024,36036,36042,36048,36054,36060,36066,36126,36223,36250,36259,36265,36271,36280,36286,36292,36298,36304,36310,36316,36322,36328,36340,36349,36358,36370,36379,36394,36409,36457,36517,36577,36637,36697,36757,36817,36877,36937,36997,37057,37087,37120,37180,37240,37300,37360,37420,37480,37540,37600,37627,37639,37657,37669,37678,37690,37696,37702,37708,37714,37723,37735,37747,37756,37768,37777,37792,37798,37804,37810,37816,37831,37840,37852,37867,37873,37879,37891,37906,37966,38038,38098,38158,38167,38173,38179,38188,38206,38212,38218,38224,38230,38236,38245,38254,38260,38269,38278,38338,38398,38458,38494,38554,38618,38639,38657,38678,38696,38708,38717,38723,38729,38741,38747,38753,38759,38765,38780,38789,38798,38804,38810,38816,38822,38828,38834,38846,38855,38864,38870,38876,38882,38891,38909,38918,38927,38936,38945,38951,38957,38969,38981,39041,39101,39161,39422,39425,39485,39521,39551,39563,39572,39581,39590,39599,39608,39614,39674,39683,39689,39695,39701,39707,39713,39719,39725,39731,39737,39743,39749,39755,39764,39773,39779,39785,39788,39791,39794,39800,39803,39806,39809,39815,39821,39827,39833,39839,39845,39851,39860,39869,39878,39887,39893,39899,39908,39917,39926,39935,39944,39953,39962,39974,39983,39992,39998,40004,40013,40022,40037,40058,40064,40070,40079,40085,40091,40097,40106,40115,40121,40127,40133,40139]],"type":"operational_gps","source":"recorded_gps"},"geometry":{"type":"MultiLineString","coordinates":[[[51.62573,35.72987],[51.62603,35.72983],[51.62597,35.72989],[51.62634,35.72989],[51.62655,35.72991],[51.62656,35.72991],[51.62688,35.72996],[51.62704,35.72998],[51.62714,35.73],[51.62717,35.73],[51.62717,35.73002],[51.6273,35.72999],[51.62776,35.73002],[51.62782,35.73001],[51.6282,35.73001],[51.62836,35.73001],[51.62839,35.73],[51.62858,35.73001],[51.62878,35.73],[51.62884,35.72997],[51.62927,35.73003],[51.62963,35.72996],[51.62999,35.72987],[51.63011,35.72993],[51.63011,35.72996],[51.63015,35.72995],[51.63071,35.72978],[51.6313,35.72971],[51.63177,35.72962],[51.6323,35.72948],[51.63282,35.72927],[51.63336,35.72906],[51.63393,35.72883],[51.63448,35.72861],[51.63505,35.72837],[51.6356,35.72809],[51.63606,35.72774],[51.63641,35.72734],[51.63667,35.72701],[51.63676,35.72743],[51.63677,35.7278],[51.63683,35.72835],[51.63702,35.72883],[51.63723,35.72915],[51.6374,35.7295],[51.63762,35.72984],[51.63799,35.73016],[51.63829,35.73044],[51.63869,35.73063],[51.63914,35.73077],[51.63962,35.73086],[51.64006,35.73097],[51.64051,35.73106],[51.64108,35.7311],[51.64153,35.73107],[51.64202,35.73111],[51.64259,35.73112],[51.64319,35.73113],[51.64375,35.73114],[51.64437,35.73118],[51.64497,35.73124],[51.64554,35.7313],[51.6461,35.73137],[51.6467,35.73146],[51.64735,35.73177],[51.64805,35.73197],[51.64879,35.73215],[51.64957,35.73234],[51.65037,35.73249],[51.65121,35.73259],[51.65208,35.73269],[51.65293,35.73278],[51.65337,35.73282],[51.65382,35.73286],[51.65427,35.73289],[51.65472,35.73293],[51.65559,35.73302],[51.65605,35.73306],[51.65652,35.73309],[51.657,35.7331],[51.65751,35.73308],[51.658,35.73308],[51.65848,35.73309],[51.65896,35.7331],[51.65947,35.73309],[51.65996,35.7331],[51.66047,35.7331],[51.66095,35.73311],[51.66146,35.73312],[51.66199,35.73311],[51.66252,35.73312],[51.66305,35.73312],[51.66355,35.73314],[51.66409,35.73318],[51.66465,35.73322],[51.66517,35.73329],[51.66566,35.73339],[51.66612,35.73352],[51.6666,35.73365],[51.66707,35.73378],[51.66753,35.73393],[51.66798,35.73409],[51.66839,35.73426],[51.6688,35.73441],[51.66928,35.73454],[51.66974,35.73461],[51.6702,35.73462],[51.67068,35.73466],[51.67119,35.7347],[51.67174,35.73478],[51.67226,35.73491],[51.67277,35.73511],[51.67323,35.73535],[51.67369,35.73558],[51.67418,35.73571],[51.6747,35.73566],[51.67515,35.73548],[51.67558,35.73531],[51.67604,35.73518],[51.67654,35.73514],[51.67702,35.73524],[51.67741,35.73547],[51.6777,35.73579],[51.67785,35.73618],[51.67789,35.73659],[51.6779,35.73699],[51.67791,35.7374],[51.67795,35.73778],[51.67802,35.73814],[51.6782,35.73848],[51.679,35.7388],[51.67945,35.73875],[51.68005,35.7382],[51.6802,35.73776],[51.68019,35.73734],[51.68003,35.73695],[51.67977,35.73662],[51.67946,35.73629],[51.6792,35.73595],[51.67895,35.73556],[51.67874,35.73516],[51.67856,35.73474],[51.67839,35.73435],[51.67824,35.73397],[51.67804,35.73357],[51.67789,35.73318],[51.67773,35.73275],[51.67759,35.73229],[51.67755,35.7318],[51.67759,35.73133],[51.67778,35.73088],[51.6782,35.73052],[51.67883,35.73027],[51.67939,35.7301],[51.67999,35.73004],[51.68057,35.73007],[51.68116,35.73015],[51.68172,35.73024],[51.68226,35.73038],[51.6828,35.73053],[51.68334,35.73067],[51.68389,35.73083],[51.68442,35.73101],[51.68494,35.73121],[51.68547,35.73141],[51.68596,35.73161],[51.68648,35.73182],[51.68701,35.732],[51.68752,35.7321],[51.68801,35.73204],[51.68847,35.73183],[51.68885,35.7315],[51.68919,35.73113],[51.68955,35.73079],[51.69001,35.73052],[51.69055,35.73045],[51.69111,35.73052],[51.69161,35.73074],[51.69198,35.73107],[51.69212,35.73151],[51.69203,35.732],[51.69176,35.73241],[51.69137,35.73277],[51.69089,35.73305],[51.69035,35.7332],[51.6898,35.73331],[51.68926,35.73345],[51.68873,35.73367],[51.68838,35.73398],[51.68827,35.73432],[51.68865,35.73492],[51.68906,35.73508],[51.6895,35.73516],[51.68994,35.73523],[51.69042,35.73531],[51.69089,35.73544],[51.69132,35.73566],[51.69167,35.73595],[51.69191,35.73632],[51.69202,35.73672],[51.69199,35.73717],[51.69188,35.7376],[51.69174,35.73801],[51.69162,35.73846],[51.69158,35.7389],[51.6916,35.73933],[51.69169,35.73975],[51.69186,35.74017],[51.69204,35.74058],[51.69225,35.74098],[51.6926,35.74133],[51.69306,35.74155],[51.69356,35.74165],[51.69408,35.74166],[51.6946,35.74161],[51.69511,35.74157],[51.69563,35.74154],[51.69614,35.74153],[51.69696,35.74155],[51.69759,35.74156],[51.69787,35.74155],[51.69779,35.74147],[51.69786,35.74155],[51.69832,35.7416],[51.69868,35.7417],[51.69839,35.74171],[51.69887,35.74192],[51.6994,35.74221],[51.69984,35.74243],[51.70034,35.7427],[51.70082,35.74298],[51.70136,35.74325],[51.70199,35.74352],[51.70267,35.74376],[51.70334,35.74395],[51.70401,35.74413],[51.70462,35.74428],[51.70526,35.74446],[51.70595,35.74462],[51.70669,35.74475],[51.70751,35.74491],[51.70792,35.74504],[51.70831,35.74523],[51.70867,35.74546],[51.70902,35.74575],[51.70931,35.7461],[51.70958,35.74645],[51.70985,35.74678],[51.71019,35.74711],[51.71061,35.74736],[51.71105,35.74754],[51.71153,35.74768],[51.71202,35.74781],[51.71253,35.74791],[51.71303,35.74797],[51.71357,35.74799],[51.71409,35.748],[51.71462,35.74798],[51.71515,35.74799],[51.71568,35.748],[51.71622,35.74803],[51.71676,35.74803],[51.71729,35.748],[51.71783,35.74797],[51.71839,35.74795],[51.71893,35.74795],[51.71947,35.74796],[51.72005,35.74789],[51.72063,35.74783],[51.7212,35.74776],[51.72176,35.74768],[51.72232,35.74761],[51.72288,35.74756],[51.72341,35.74753],[51.72395,35.7475],[51.72449,35.74747],[51.72502,35.74744],[51.72555,35.74739],[51.72608,35.74734],[51.72661,35.74732],[51.72715,35.74733],[51.72769,35.74737],[51.72824,35.74741],[51.72877,35.74748],[51.72926,35.74762],[51.72976,35.74779],[51.73025,35.74798],[51.73072,35.74817],[51.73119,35.74836],[51.73169,35.74857],[51.73216,35.74876],[51.73264,35.74897],[51.73314,35.74918],[51.73365,35.74938],[51.73415,35.74957],[51.73467,35.74975],[51.73519,35.74993],[51.73573,35.7501],[51.73627,35.75027],[51.73678,35.75044],[51.7373,35.7506],[51.73783,35.75073],[51.73837,35.75081],[51.73891,35.75083],[51.73941,35.75084],[51.73988,35.75084],[51.74064,35.75086],[51.74134,35.75084],[51.74197,35.75069],[51.74263,35.75051],[51.74335,35.75035],[51.74411,35.75021],[51.74486,35.75017],[51.7456,35.7501],[51.74634,35.75003],[51.7472,35.74994],[51.74804,35.74984],[51.74891,35.7498],[51.74979,35.74982],[51.75024,35.74983],[51.75069,35.74983],[51.75113,35.74983],[51.75159,35.74981],[51.75243,35.74968],[51.75323,35.74947],[51.7539,35.74929],[51.75439,35.74912],[51.75421,35.74897],[51.75413,35.74901],[51.75413,35.74899],[51.75413,35.74895],[51.75447,35.74905],[51.75493,35.74898],[51.75559,35.74883],[51.75616,35.74875],[51.75683,35.7486],[51.75755,35.74838],[51.75833,35.74814],[51.75917,35.74788],[51.75958,35.74771],[51.75998,35.74751],[51.76037,35.74728],[51.76074,35.74701],[51.76107,35.7467],[51.76138,35.7464],[51.76168,35.74608],[51.76198,35.74575],[51.76229,35.74541],[51.76257,35.74505],[51.76286,35.74468],[51.76315,35.74431],[51.76344,35.744],[51.76379,35.74375],[51.76418,35.74353],[51.76464,35.74336],[51.76517,35.74323],[51.76572,35.74315],[51.76627,35.74314],[51.76682,35.74319],[51.76738,35.74323],[51.76792,35.74326],[51.76847,35.7433],[51.76899,35.74334],[51.76946,35.74339],[51.76991,35.74341],[51.77078,35.74347],[51.77123,35.7435],[51.77167,35.74352],[51.77211,35.74355],[51.77257,35.74357],[51.77304,35.7436],[51.77352,35.74365],[51.774,35.74373],[51.7745,35.74384],[51.77498,35.74396],[51.77545,35.74412],[51.77592,35.74423],[51.7764,35.74432],[51.77686,35.74437],[51.77736,35.7444],[51.77783,35.74443],[51.77832,35.74444],[51.77883,35.74445],[51.77938,35.74446],[51.77997,35.74447],[51.78058,35.74448],[51.78122,35.74449],[51.78187,35.74451],[51.78251,35.74452],[51.78315,35.74454],[51.78379,35.74454],[51.78441,35.74454],[51.78502,35.74447],[51.78559,35.74433],[51.78612,35.7441],[51.78663,35.74382],[51.78716,35.74352],[51.78771,35.74322],[51.78826,35.74291],[51.78884,35.74263],[51.78942,35.74236],[51.79,35.74208],[51.79055,35.74181],[51.7911,35.74154],[51.7916,35.74127],[51.79205,35.74099],[51.7925,35.74073],[51.79292,35.74051],[51.79332,35.74031],[51.79391,35.74],[51.79398,35.7396],[51.79381,35.73915],[51.79329,35.73882],[51.79283,35.73895],[51.79279,35.73939],[51.79316,35.73979],[51.79373,35.74014],[51.79429,35.74044],[51.7949,35.74079],[51.79565,35.74119],[51.79605,35.74141],[51.79649,35.74162],[51.79693,35.74185],[51.79737,35.74209],[51.79781,35.74231],[51.79823,35.74251],[51.79864,35.74267],[51.79904,35.74286],[51.79942,35.74304],[51.80016,35.7434],[51.80088,35.74362],[51.80152,35.74361],[51.80166,35.74318],[51.80126,35.74291],[51.80073,35.74261],[51.80019,35.74231],[51.79975,35.74204],[51.79923,35.74171],[51.79881,35.74145],[51.79847,35.74101],[51.79834,35.74058],[51.79861,35.7409],[51.79885,35.74135],[51.79932,35.74158],[51.79977,35.7416],[51.80032,35.74146],[51.80078,35.74141],[51.80137,35.74138],[51.80194,35.74133],[51.80244,35.74127],[51.80317,35.7411],[51.80373,35.74103],[51.80433,35.74095],[51.80494,35.74087],[51.80553,35.74087],[51.80606,35.74094],[51.8062,35.74101],[51.80642,35.74111],[51.80603,35.74115],[51.80644,35.74127],[51.8059,35.74153],[51.80535,35.74154],[51.80477,35.7416],[51.80434,35.74169],[51.80382,35.74177],[51.80331,35.74183],[51.80286,35.74191],[51.80222,35.74191],[51.80179,35.74184],[51.80124,35.74199],[51.80075,35.74212],[51.80026,35.74216],[51.80056,35.74248],[51.80104,35.74273],[51.8015,35.74297],[51.80204,35.74327],[51.80174,35.74377],[51.80174,35.74422],[51.80202,35.74457],[51.80236,35.74492],[51.80271,35.74529],[51.8031,35.74563],[51.80323,35.74587],[51.80308,35.74598],[51.8035,35.74587],[51.80406,35.74602],[51.80452,35.74612],[51.80499,35.7462],[51.80564,35.74614],[51.80619,35.74606],[51.80675,35.7459],[51.80737,35.74565],[51.80794,35.7454],[51.80845,35.74512],[51.80892,35.74486],[51.80936,35.74459],[51.80984,35.74435],[51.81032,35.7443],[51.81045,35.74466],[51.81063,35.74506],[51.81119,35.74499],[51.81166,35.74516],[51.81206,35.74492],[51.81242,35.74524],[51.81284,35.74507],[51.81292,35.74519],[51.81283,35.74521],[51.81284,35.74516],[51.81285,35.74521],[51.81282,35.74511],[51.81288,35.74504],[51.81271,35.7451],[51.8128,35.74523],[51.81275,35.74526],[51.81274,35.74525],[51.81318,35.74516],[51.8135,35.74542],[51.81332,35.74547],[51.8131,35.7454],[51.81303,35.74539],[51.8131,35.7454],[51.81297,35.74545],[51.81296,35.74538],[51.81344,35.74533],[51.81348,35.7455],[51.8134,35.74508],[51.81342,35.74468],[51.81386,35.74445],[51.81435,35.74422],[51.81495,35.74415],[51.81531,35.74386],[51.81542,35.74344],[51.81542,35.74304],[51.81537,35.74259],[51.81531,35.74216],[51.81528,35.74174],[51.81479,35.74169],[51.81499,35.7412],[51.8153,35.74088],[51.81526,35.74043],[51.81519,35.73998],[51.81513,35.73952],[51.81507,35.73915],[51.815,35.73863],[51.81495,35.7381],[51.81489,35.73764],[51.81488,35.73716],[51.81483,35.7366],[51.81477,35.73617],[51.81528,35.73588],[51.8158,35.73583],[51.81623,35.73571],[51.81668,35.73557],[51.8172,35.73554],[51.81721,35.73578],[51.81723,35.73598],[51.81725,35.73576],[51.81692,35.73575],[51.81637,35.73584],[51.81587,35.7359],[51.81539,35.73598],[51.81493,35.73613],[51.81491,35.7366],[51.81493,35.73696],[51.81498,35.73741],[51.81502,35.73779],[51.81508,35.73823],[51.81515,35.73867],[51.81521,35.73919],[51.81522,35.7397],[51.81527,35.7401],[51.81547,35.7405],[51.81591,35.74041],[51.81591,35.74049],[51.81591,35.74052],[51.81608,35.74071],[51.81643,35.74095],[51.81647,35.7409],[51.81594,35.74094],[51.81628,35.74119],[51.81614,35.74079],[51.81628,35.74044],[51.81679,35.74041],[51.81737,35.7404],[51.81804,35.7404],[51.81856,35.74036],[51.81909,35.74029],[51.81965,35.74032],[51.82019,35.74026],[51.82079,35.74025],[51.82149,35.7402],[51.822,35.74011],[51.8225,35.74013],[51.82292,35.74025],[51.82356,35.74023],[51.82411,35.74022],[51.82473,35.74015],[51.82529,35.74031],[51.82592,35.74056],[51.82653,35.74081],[51.82693,35.741],[51.8273,35.74121],[51.82769,35.7415],[51.82822,35.74176],[51.82863,35.74192],[51.82912,35.74214],[51.82962,35.74234],[51.8301,35.74254],[51.83029,35.74294],[51.83004,35.74339],[51.82973,35.74382],[51.82927,35.74376],[51.8287,35.7435],[51.82829,35.74329],[51.82782,35.7433],[51.82745,35.74294],[51.82716,35.74258],[51.82713,35.7426],[51.82713,35.74264],[51.82707,35.74251],[51.82731,35.74235],[51.82708,35.74271],[51.82693,35.74265],[51.82713,35.7423],[51.82751,35.74249],[51.82772,35.74289],[51.8282,35.743],[51.82871,35.74313],[51.82912,35.74329],[51.82956,35.74339],[51.82992,35.74308],[51.83017,35.74278],[51.83045,35.74278],[51.83102,35.74288],[51.83156,35.74312],[51.83211,35.74329],[51.83276,35.74343],[51.83346,35.74353],[51.8341,35.74356],[51.83468,35.74358],[51.83537,35.74357],[51.83618,35.74358],[51.83707,35.7436],[51.83794,35.74366],[51.8388,35.74367],[51.83948,35.74366],[51.83993,35.74353],[51.83993,35.74311],[51.83993,35.74248],[51.83979,35.74178],[51.83966,35.74141],[51.83948,35.74104],[51.83928,35.7407],[51.83885,35.74006],[51.83864,35.73973],[51.83844,35.7394],[51.83824,35.73907],[51.83791,35.73851],[51.8376,35.73803],[51.83725,35.73756],[51.83691,35.73709],[51.83661,35.7366],[51.83632,35.73609],[51.83618,35.73564],[51.83646,35.7353],[51.83696,35.73532],[51.83745,35.73521],[51.8381,35.73511],[51.83853,35.73497],[51.83899,35.73498],[51.83949,35.73497],[51.84009,35.73507],[51.84058,35.73511],[51.84109,35.73511],[51.84163,35.73506],[51.84218,35.73509],[51.84277,35.73522],[51.8433,35.7352],[51.84389,35.73522],[51.84446,35.73529],[51.84495,35.73528],[51.84543,35.73528],[51.84601,35.73535],[51.8465,35.73557],[51.84698,35.73572],[51.84741,35.73549],[51.84771,35.73517],[51.84811,35.73488],[51.84771,35.73438],[51.84737,35.73391],[51.84713,35.73345],[51.84696,35.73305],[51.84695,35.73261],[51.84751,35.73253],[51.8481,35.7325],[51.84873,35.7325],[51.8493,35.73249],[51.84988,35.73252]]]}},{"type":"Feature","properties":{"route":14,"color":"#475569","times":[[23770,23799,23859,23919,23979,24039,24099,24159,24219,24279,24339,24399,24459,24519,24579,24639,24699,24759,24819,24879,24939,24999,25059,25119,25179,25239,25299,25359,25419,25479,25539,25599,25659,25719,25779,25839,25899,25959,26019,26079,26139,26200,26260,26320,26380,26425,26485,26545,26581,26614,26674,26734,26794,26854,26914,26974,27034,27094,27154,27214,27274,27334,27394,27454,27514,27574,27634,27694,27754,27814,27874,27934,27994,28054,28114,28174,28234,28294,28354,28415,28475,28535,28595,28655,28715,28775,28835,28895,28955,29015,29075,29135,29195,29255,29315,29375,29435,29495,29555,29615,29675,29735,29795,29855,29915,29975,30035,30095,30155,30215,30275,30335,30395,30455,30515,30527,30536,30545,30551,30557,30563,30569,30575,30584,30602,30608,30614,30620,30626,30650,30656,30662,30668,30674,30680,30686,30692,30698,30701,30704,30707,30710,30713,30716,30719,30722,30725,30728,30731,30734,30737,30740,30743,30746,30749,30752,30755,30758,30761,30764,30767,30770,30773,30776,30779,30782,30785,30788,30791,30794,30797,30800,30803,30806,30809,30812,30815,30818,30821,30824,30827,30830,30833,30839,30845,30851,30857,30863,30866,30869,30872,30875,30878,30881,30884,30887,30890,30893,30896,30899,30902,30905,30908,30914,30920,30926,30932,30935,30938,30941,30944,30947,30950,30953,30956,30959,30962,30965,30968,30971,30974,30977,30980,30983,30986,30989,30992,30995,30998,31001,31004,31007,31010,31013,31016,31019,31022,31025,31028,31031,31034,31037,31040,31043,31046,31049,31052,31055,31058,31061,31064,31067,31070,31073,31076,31079,31082,31085,31088,31091,31094,31100,31106,31109,31115,31121,31133,31175,31235,31280,31289,31328]],"type":"access_route","source":"recorded_gps_prefix"},"geometry":{"type":"MultiLineString","coordinates":[[[51.56665,35.73323],[51.55424,35.72978],[51.55425,35.72976],[51.55432,35.72995],[51.55441,35.73017],[51.55428,35.73005],[51.55415,35.72991],[51.55418,35.73021],[51.55446,35.7302],[51.5542,35.73005],[51.55417,35.72996],[51.55414,35.72992],[51.5541,35.72991],[51.55409,35.7299],[51.55399,35.72983],[51.55395,35.72982],[51.55401,35.72986],[51.55398,35.72986],[51.55398,35.72986],[51.55398,35.72986],[51.55394,35.72986],[51.55405,35.72998],[51.55401,35.72989],[51.554,35.72985],[51.55399,35.72979],[51.55398,35.72982],[51.55401,35.72985],[51.55404,35.72985],[51.55401,35.72986],[51.55405,35.72989],[51.55411,35.72991],[51.55411,35.72989],[51.55415,35.72987],[51.55415,35.7299],[51.55403,35.73005],[51.55396,35.73004],[51.55405,35.73009],[51.55402,35.72999],[51.554,35.72985],[51.55396,35.73],[51.55392,35.72998],[51.55383,35.72978],[51.55389,35.72977],[51.55398,35.73002],[51.55372,35.73032],[51.55333,35.7305],[51.55345,35.73044],[51.55378,35.73023],[51.55401,35.72992],[51.55424,35.72957],[51.55416,35.72969],[51.55414,35.7297],[51.55414,35.72968],[51.55413,35.72969],[51.55413,35.72969],[51.55413,35.7297],[51.55415,35.72971],[51.55421,35.72967],[51.55417,35.7299],[51.55421,35.73005],[51.55421,35.73003],[51.55431,35.72991],[51.5543,35.72996],[51.55428,35.72998],[51.55429,35.72998],[51.55423,35.73006],[51.5542,35.72991],[51.55418,35.7299],[51.5541,35.72986],[51.55408,35.72995],[51.5541,35.72996],[51.55411,35.72987],[51.55406,35.72994],[51.55406,35.72993],[51.55411,35.72985],[51.55414,35.72989],[51.55411,35.72994],[51.55408,35.72991],[51.55421,35.72982],[51.55419,35.72992],[51.55415,35.72998],[51.5541,35.73],[51.55409,35.72996],[51.55409,35.72993],[51.55404,35.7299],[51.55403,35.72988],[51.55407,35.72981],[51.55412,35.72984],[51.55407,35.72986],[51.554,35.72997],[51.55404,35.72988],[51.55408,35.72987],[51.55407,35.72997],[51.55411,35.72984],[51.55396,35.72999],[51.55395,35.72996],[51.55394,35.72995],[51.55394,35.72994],[51.55393,35.72994],[51.55385,35.72989],[51.554,35.72986],[51.55397,35.72988],[51.55392,35.72987],[51.55397,35.72985],[51.55408,35.72979],[51.55394,35.72983],[51.55392,35.72989],[51.55397,35.72985],[51.55399,35.72986],[51.55388,35.72985],[51.55394,35.72985],[51.55397,35.72989],[51.55413,35.72972],[51.55416,35.72981],[51.55409,35.72981],[51.55431,35.72947],[51.55475,35.72905],[51.55507,35.7287],[51.55538,35.72837],[51.55572,35.72802],[51.55609,35.72759],[51.55645,35.7272],[51.55671,35.72685],[51.55689,35.7265],[51.55647,35.72622],[51.55595,35.72615],[51.55527,35.72611],[51.55457,35.72607],[51.55395,35.72601],[51.5546,35.72601],[51.5552,35.72607],[51.55585,35.72611],[51.55649,35.72614],[51.55721,35.72619],[51.55797,35.72626],[51.55879,35.72624],[51.55957,35.72622],[51.56039,35.72617],[51.56084,35.72616],[51.5613,35.72613],[51.56177,35.7261],[51.56226,35.72607],[51.56274,35.72603],[51.56323,35.726],[51.56372,35.72592],[51.56419,35.72578],[51.56464,35.72561],[51.56512,35.72546],[51.56558,35.7253],[51.56606,35.72514],[51.56652,35.72505],[51.56698,35.72495],[51.56746,35.72487],[51.56796,35.7248],[51.56846,35.72471],[51.56896,35.72463],[51.56947,35.72453],[51.56999,35.72445],[51.57049,35.72437],[51.57101,35.72429],[51.57155,35.72424],[51.5721,35.72419],[51.57265,35.72413],[51.5732,35.72409],[51.57375,35.72404],[51.57429,35.72399],[51.57483,35.72394],[51.57538,35.7239],[51.57592,35.72388],[51.57645,35.72384],[51.57699,35.7238],[51.57751,35.72377],[51.57804,35.72376],[51.57858,35.72374],[51.57911,35.72372],[51.57962,35.72372],[51.58012,35.72371],[51.58062,35.72369],[51.58113,35.72368],[51.58164,35.72364],[51.58215,35.72362],[51.58264,35.72359],[51.58308,35.72359],[51.58394,35.7236],[51.58476,35.72372],[51.58559,35.72387],[51.58643,35.72381],[51.5871,35.72349],[51.58747,35.72328],[51.58788,35.72306],[51.58829,35.72285],[51.58875,35.72266],[51.58923,35.72252],[51.58971,35.7224],[51.59023,35.72234],[51.59077,35.72235],[51.59131,35.72247],[51.5918,35.72267],[51.59224,35.7229],[51.5927,35.72308],[51.59319,35.72323],[51.59366,35.72337],[51.59414,35.72349],[51.59498,35.72363],[51.59574,35.72372],[51.59647,35.72377],[51.59726,35.7238],[51.5977,35.72383],[51.59815,35.72385],[51.59861,35.72387],[51.59907,35.7239],[51.59956,35.72392],[51.60005,35.72393],[51.60054,35.72396],[51.60104,35.72398],[51.60152,35.72398],[51.60203,35.72399],[51.60254,35.724],[51.60302,35.72402],[51.60352,35.72401],[51.60401,35.724],[51.6045,35.72395],[51.60499,35.7239],[51.60551,35.7238],[51.60604,35.72366],[51.60654,35.72354],[51.60706,35.7234],[51.60757,35.72326],[51.60808,35.72314],[51.6086,35.72299],[51.60911,35.72286],[51.60965,35.72273],[51.61016,35.72261],[51.61069,35.72248],[51.61121,35.72234],[51.61171,35.72218],[51.61221,35.72204],[51.6127,35.7219],[51.61319,35.72176],[51.61366,35.72164],[51.61416,35.72154],[51.61465,35.7215],[51.61515,35.7215],[51.61567,35.72154],[51.61615,35.72167],[51.61661,35.72187],[51.61698,35.72215],[51.61733,35.72246],[51.61758,35.7228],[51.61779,35.72318],[51.61798,35.72354],[51.61812,35.72394],[51.6183,35.72436],[51.61849,35.72478],[51.6187,35.7252],[51.61895,35.72562],[51.61925,35.726],[51.61957,35.72635],[51.6199,35.72667],[51.62023,35.72695],[51.62058,35.72724],[51.62121,35.72769],[51.62187,35.7281],[51.62223,35.72833],[51.62285,35.7287],[51.62342,35.72898],[51.62382,35.72915],[51.62425,35.72927],[51.62445,35.72937],[51.62486,35.72961],[51.62528,35.72974],[51.62573,35.72987]]]}}]}
